run,step,metric,value
PPO_1,11040,reward,-954081.625
PPO_1,16560,reward,-954081.625
PPO_1,22080,reward,-954185.875
PPO_1,27600,reward,-954185.875
PPO_1,33120,reward,-954490.3125
PPO_1,38640,reward,-954490.3125
PPO_1,44160,reward,-954737.875
PPO_1,52440,reward,-954737.875
PPO_1,57960,reward,-954587.25
PPO_1,63480,reward,-954587.25
PPO_1,69000,reward,-954419.5
PPO_1,74520,reward,-954419.5
PPO_1,80040,reward,-954269.4375
PPO_1,85560,reward,-954269.4375
PPO_1,93840,reward,-954087.1875
PPO_1,99360,reward,-953922.625
PPO_1,104880,reward,-953922.625
PPO_1,110400,reward,-953817.6875
PPO_1,115920,reward,-953817.6875
PPO_1,121440,reward,-953759.9375
PPO_1,129720,reward,-953759.9375
PPO_1,135240,reward,-953649.0
PPO_1,140760,reward,-953649.0
PPO_1,146280,reward,-953561.5
PPO_1,151800,reward,-953561.5
PPO_1,157320,reward,-953475.5
PPO_1,162840,reward,-953475.5
PPO_1,171120,reward,-953352.4375
PPO_1,176640,reward,-953156.5
PPO_1,182160,reward,-953156.5
PPO_1,187680,reward,-952994.4375
PPO_1,193200,reward,-952994.4375
PPO_1,198720,reward,-952854.4375
PPO_1,207000,reward,-952854.4375
PPO_1,212520,reward,-952723.75
PPO_1,218040,reward,-952723.75
PPO_1,223560,reward,-952589.5
PPO_1,229080,reward,-952589.5
PPO_1,234600,reward,-952514.1875
PPO_1,240120,reward,-952514.1875
PPO_1,248400,reward,-952440.375
PPO_1,253920,reward,-952371.875
PPO_1,259440,reward,-952371.875
PPO_1,264960,reward,-952322.0
PPO_1,270480,reward,-952322.0
PPO_1,276000,reward,-952295.8125
PPO_1,284280,reward,-952295.8125
PPO_1,289800,reward,-952284.1875
PPO_1,295320,reward,-952284.1875
PPO_1,300840,reward,-952283.875
PPO_1,306360,reward,-952283.875
PPO_1,311880,reward,-952286.0
PPO_1,317400,reward,-952286.0
PPO_1,325680,reward,-952310.6875
PPO_1,331200,reward,-952328.625
PPO_1,336720,reward,-952328.625
PPO_1,342240,reward,-952340.375
PPO_1,347760,reward,-952340.375
PPO_1,353280,reward,-952356.125
PPO_1,361560,reward,-952356.125
PPO_1,367080,reward,-952402.5625
PPO_1,372600,reward,-952402.5625
PPO_1,378120,reward,-952455.0625
PPO_1,383640,reward,-952455.0625
PPO_1,389160,reward,-952490.375
PPO_1,394680,reward,-952490.375
PPO_1,402960,reward,-952491.5625
PPO_1,408480,reward,-952513.6875
PPO_1,414000,reward,-952513.6875
PPO_1,419520,reward,-952522.75
PPO_1,425040,reward,-952522.75
PPO_1,430560,reward,-952558.3125
PPO_1,438840,reward,-952558.3125
PPO_1,444360,reward,-952606.875
PPO_1,449880,reward,-952606.875
PPO_1,455400,reward,-952673.1875
PPO_1,460920,reward,-952673.1875
PPO_1,466440,reward,-952737.125
PPO_1,471960,reward,-952737.125
PPO_1,480240,reward,-952803.25
PPO_1,485760,reward,-952882.375
PPO_1,491280,reward,-952882.375
PPO_1,496800,reward,-952947.6875
PPO_1,502320,reward,-952947.6875
PPO_1,507840,reward,-952990.9375
PPO_1,513360,reward,-952990.9375
PPO_1,521640,reward,-953040.0625
PPO_1,527160,reward,-953040.0625
PPO_1,532680,reward,-953095.375
PPO_1,538200,reward,-953095.375
PPO_1,543720,reward,-953140.8125
PPO_1,549240,reward,-953140.8125
PPO_1,557520,reward,-953169.6875
PPO_1,563040,reward,-953203.5
PPO_1,568560,reward,-953203.5
PPO_1,574080,reward,-953240.9375
PPO_1,579600,reward,-953240.9375
PPO_1,585120,reward,-953282.8125
PPO_1,590640,reward,-953282.8125
PPO_1,598920,reward,-953310.3125
PPO_1,604440,reward,-953310.3125
PPO_1,609960,reward,-953326.1875
PPO_1,615480,reward,-953326.1875
PPO_1,621000,reward,-953328.0
PPO_1,626520,reward,-953328.0
PPO_1,634800,reward,-953323.1875
PPO_1,640320,reward,-953313.875
PPO_1,645840,reward,-953313.875
PPO_1,651360,reward,-953315.625
PPO_1,656880,reward,-953315.625
PPO_1,662400,reward,-953327.4375
PPO_1,667920,reward,-953327.4375
PPO_1,676200,reward,-953343.5
PPO_1,681720,reward,-953343.5
PPO_1,687240,reward,-953344.5625
PPO_1,692760,reward,-953344.5625
PPO_1,698280,reward,-953351.375
PPO_1,703800,reward,-953351.375
PPO_1,712080,reward,-953369.3125
PPO_1,717600,reward,-953383.75
PPO_1,723120,reward,-953383.75
PPO_1,728640,reward,-953410.625
PPO_1,734160,reward,-953410.625
PPO_1,739680,reward,-953438.5
PPO_1,745200,reward,-953438.5
PPO_1,753480,reward,-953471.6875
PPO_1,759000,reward,-953471.6875
PPO_1,764520,reward,-953511.875
PPO_1,770040,reward,-953511.875
PPO_1,775560,reward,-953560.5
PPO_1,781080,reward,-953560.5
PPO_1,789360,reward,-953611.125
PPO_1,794880,reward,-953651.3125
PPO_1,800400,reward,-953651.3125
PPO_1,805920,reward,-953692.625
PPO_1,811440,reward,-953692.625
PPO_1,816960,reward,-953726.5
PPO_1,822480,reward,-953726.5
PPO_1,830760,reward,-953768.75
PPO_1,836280,reward,-953768.75
PPO_1,841800,reward,-953809.0
PPO_1,847320,reward,-953809.0
PPO_1,852840,reward,-953860.9375
PPO_1,858360,reward,-953860.9375
PPO_1,866640,reward,-953911.5625
PPO_1,872160,reward,-953951.75
PPO_1,877680,reward,-953951.75
PPO_1,883200,reward,-954008.5625
PPO_1,888720,reward,-954008.5625
PPO_1,894240,reward,-954071.0625
PPO_1,899760,reward,-954071.0625
PPO_1,908040,reward,-954114.875
PPO_1,913560,reward,-954114.875
PPO_1,919080,reward,-954162.0
PPO_1,924600,reward,-954162.0
PPO_1,930120,reward,-954209.625
PPO_1,935640,reward,-954209.625
PPO_1,943920,reward,-954261.4375
PPO_1,949440,reward,-954315.0625
PPO_1,954960,reward,-954315.0625
PPO_1,960480,reward,-954369.0
PPO_1,966000,reward,-954369.0
PPO_1,971520,reward,-954423.375
PPO_1,977040,reward,-954423.375
PPO_1,985320,reward,-954471.4375
PPO_1,990840,reward,-954471.4375
PPO_1,996360,reward,-954517.8125
PPO_1,1001880,reward,-954517.8125
PPO_1,1007400,reward,-954568.25
PPO_1,1012920,reward,-954568.25
PPO_1,1018440,reward,-954618.5
PPO_1,1026720,reward,-954673.25
PPO_1,1032240,reward,-954673.25
PPO_1,1037760,reward,-954714.625
PPO_1,1043280,reward,-954714.625
PPO_1,1048800,reward,-954757.3125
PPO_1,1054320,reward,-954757.3125
PPO_1,1062600,reward,-954805.0
PPO_1,1068120,reward,-954805.0
PPO_1,1073640,reward,-954865.0625
PPO_1,1079160,reward,-954865.0625
PPO_1,1084680,reward,-954911.0625
PPO_1,1090200,reward,-954911.0625
PPO_1,1095720,reward,-954957.375
PPO_1,1104000,reward,-955001.8125
PPO_1,1109520,reward,-955001.8125
PPO_1,1115040,reward,-955050.875
PPO_1,1120560,reward,-955050.875
PPO_1,1126080,reward,-955098.25
PPO_1,1131600,reward,-955098.25
PPO_1,1139880,reward,-955134.5
PPO_1,1145400,reward,-955134.5
PPO_1,1150920,reward,-955172.375
PPO_1,1156440,reward,-955172.375
PPO_1,1161960,reward,-955224.9375
PPO_1,1167480,reward,-955224.9375
PPO_1,1173000,reward,-955285.75
PPO_1,1181280,reward,-955340.375
PPO_1,1186800,reward,-955340.375
PPO_1,1192320,reward,-955403.4375
PPO_1,1197840,reward,-955403.4375
PPO_1,1203360,reward,-955463.4375
PPO_1,1208880,reward,-955463.4375
PPO_1,1217160,reward,-955527.5625
PPO_1,1222680,reward,-955527.5625
PPO_1,1228200,reward,-955585.5625
PPO_1,1233720,reward,-955585.5625
PPO_1,1239240,reward,-955646.25
PPO_1,1244760,reward,-955646.25
PPO_1,1250280,reward,-955709.3125
PPO_1,1258560,reward,-955769.125
PPO_1,1264080,reward,-955769.125
PPO_1,1269600,reward,-955836.3125
PPO_1,1275120,reward,-955836.3125
PPO_1,1280640,reward,-955914.0625
PPO_1,1286160,reward,-955914.0625
PPO_1,1294440,reward,-955995.875
PPO_1,1299960,reward,-955995.875
PPO_1,1305480,reward,-956078.9375
PPO_1,1311000,reward,-956078.9375
PPO_1,1316520,reward,-956159.0
PPO_1,1322040,reward,-956159.0
PPO_1,1327560,reward,-956251.25
PPO_1,1335840,reward,-956331.0625
PPO_1,1341360,reward,-956331.0625
PPO_1,1346880,reward,-956414.25
PPO_1,1352400,reward,-956414.25
PPO_1,1357920,reward,-956500.75
PPO_1,1363440,reward,-956500.75
PPO_1,1371720,reward,-956583.125
PPO_1,1377240,reward,-956583.125
PPO_1,1382760,reward,-956658.75
PPO_1,1388280,reward,-956658.75
PPO_1,1393800,reward,-956733.4375
PPO_1,1399320,reward,-956733.4375
PPO_1,1404840,reward,-956798.75
PPO_1,1413120,reward,-956862.9375
PPO_1,1418640,reward,-956862.9375
PPO_1,1424160,reward,-956927.75
PPO_1,1429680,reward,-956927.75
PPO_1,1435200,reward,-956994.75
PPO_1,1440720,reward,-956994.75
PPO_1,1446240,reward,-957064.0
PPO_1,1454520,reward,-957064.0
PPO_1,1460040,reward,-957130.3125
PPO_1,1465560,reward,-957130.3125
PPO_1,1471080,reward,-957182.625
PPO_1,1476600,reward,-957182.625
PPO_1,1482120,reward,-957234.125
PPO_1,1490400,reward,-957290.875
PPO_1,1495920,reward,-957290.875
PPO_1,1501440,reward,-957356.875
PPO_1,1506960,reward,-957356.875
PPO_1,1512480,reward,-957413.0625
PPO_1,1518000,reward,-957413.0625
PPO_1,1523520,reward,-957476.5625
PPO_1,1531800,reward,-957476.5625
PPO_1,1537320,reward,-957534.0
PPO_1,1542840,reward,-957534.0
PPO_1,1548360,reward,-957580.625
PPO_1,1553880,reward,-957580.625
PPO_1,1559400,reward,-957623.0
PPO_1,1567680,reward,-957664.1875
PPO_1,1573200,reward,-957664.1875
PPO_1,1578720,reward,-957701.6875
PPO_1,1584240,reward,-957701.6875
PPO_1,1589760,reward,-957737.5
PPO_1,1595280,reward,-957737.5
PPO_1,1600800,reward,-957772.625
PPO_1,1609080,reward,-957772.625
PPO_1,1614600,reward,-957817.8125
PPO_1,1620120,reward,-957817.8125
PPO_1,1625640,reward,-957861.5625
PPO_1,1631160,reward,-957861.5625
PPO_1,1636680,reward,-957898.25
PPO_1,1644960,reward,-957937.5
PPO_1,1650480,reward,-957937.5
PPO_1,1656000,reward,-957986.3125
PPO_1,1661520,reward,-957986.3125
PPO_1,1667040,reward,-958026.8125
PPO_1,1672560,reward,-958026.8125
PPO_1,1678080,reward,-958074.25
PPO_1,1686360,reward,-958074.25
PPO_1,1691880,reward,-958118.0
PPO_1,1697400,reward,-958118.0
PPO_1,1702920,reward,-958163.3125
PPO_1,1708440,reward,-958163.3125
PPO_1,1713960,reward,-958214.75
PPO_1,1722240,reward,-958278.625
PPO_1,1727760,reward,-958278.625
PPO_1,1733280,reward,-958347.0
PPO_1,1738800,reward,-958347.0
PPO_1,1744320,reward,-958416.6875
PPO_1,1749840,reward,-958416.6875
PPO_1,1755360,reward,-958485.125
PPO_1,1763640,reward,-958485.125
PPO_1,1769160,reward,-958541.9375
PPO_1,1774680,reward,-958541.9375
PPO_1,1780200,reward,-958601.75
PPO_1,1785720,reward,-958601.75
PPO_1,1791240,reward,-958669.3125
PPO_1,1799520,reward,-958733.5
PPO_1,1805040,reward,-958733.5
PPO_1,1810560,reward,-958790.6875
PPO_1,1816080,reward,-958790.6875
PPO_1,1821600,reward,-958847.0
PPO_1,1827120,reward,-958847.0
PPO_1,1832640,reward,-958895.25
PPO_1,1840920,reward,-958895.25
PPO_1,1846440,reward,-958942.9375
PPO_1,1851960,reward,-958942.9375
PPO_1,1857480,reward,-958987.375
PPO_1,1863000,reward,-958987.375
PPO_1,1868520,reward,-959031.5625
PPO_1,1876800,reward,-959071.625
PPO_1,1882320,reward,-959071.625
PPO_1,1887840,reward,-959104.25
PPO_1,1893360,reward,-959104.25
PPO_1,1898880,reward,-959144.4375
PPO_1,1904400,reward,-959144.4375
PPO_1,1909920,reward,-959181.375
PPO_1,1918200,reward,-959181.375
PPO_1,1923720,reward,-959223.4375
PPO_1,1929240,reward,-959223.4375
PPO_1,1934760,reward,-959262.3125
PPO_1,1940280,reward,-959262.3125
PPO_1,1945800,reward,-959295.8125
PPO_1,1951320,reward,-959295.8125
PPO_1,1959600,reward,-959327.125
PPO_1,1965120,reward,-959358.6875
PPO_1,1970640,reward,-959358.6875
PPO_1,1976160,reward,-959395.0
PPO_1,1981680,reward,-959395.0
PPO_1,1987200,reward,-959418.75
PPO_1,1995480,reward,-959418.75
PPO_1,2001000,reward,-959436.8125
PPO_1,2006520,reward,-959436.8125
PPO_1,2012040,reward,-959472.1875
PPO_1,2017560,reward,-959472.1875
PPO_1,2023080,reward,-959501.875
PPO_1,2028600,reward,-959501.875
PPO_1,2036880,reward,-959530.8125
PPO_1,2042400,reward,-959560.25
PPO_1,2047920,reward,-959560.25
PPO_1,2053440,reward,-959584.875
PPO_1,2058960,reward,-959584.875
PPO_1,2064480,reward,-959610.9375
PPO_1,2072760,reward,-959610.9375
PPO_1,2078280,reward,-959636.25
PPO_1,2083800,reward,-959636.25
PPO_1,2089320,reward,-959664.375
PPO_1,2094840,reward,-959664.375
PPO_1,2100360,reward,-959694.8125
PPO_1,2105880,reward,-959694.8125
PPO_1,2114160,reward,-959717.875
PPO_1,2119680,reward,-959740.9375
PPO_1,2125200,reward,-959740.9375
PPO_1,2130720,reward,-959761.0625
PPO_1,2136240,reward,-959761.0625
PPO_1,2141760,reward,-959791.625
PPO_1,2150040,reward,-959791.625
PPO_1,2155560,reward,-959817.125
PPO_1,2161080,reward,-959817.125
PPO_1,2166600,reward,-959842.6875
PPO_1,2172120,reward,-959842.6875
PPO_1,2177640,reward,-959850.1875
PPO_1,2183160,reward,-959850.1875
PPO_1,2191440,reward,-959871.5625
PPO_1,2196960,reward,-959895.3125
PPO_1,2202480,reward,-959895.3125
PPO_1,2208000,reward,-959918.3125
PPO_1,2213520,reward,-959918.3125
PPO_1,2219040,reward,-959947.1875
PPO_1,2227320,reward,-959947.1875
PPO_1,2232840,reward,-959978.1875
PPO_1,2238360,reward,-959978.1875
PPO_1,2243880,reward,-960015.3125
PPO_1,2249400,reward,-960015.3125
PPO_1,2254920,reward,-960044.875
PPO_1,2260440,reward,-960044.875
PPO_1,2268720,reward,-960072.75
PPO_1,2274240,reward,-960098.875
PPO_1,2279760,reward,-960098.875
PPO_1,2285280,reward,-960136.75
PPO_1,2290800,reward,-960136.75
PPO_1,2296320,reward,-960168.6875
PPO_1,2304600,reward,-960168.6875
PPO_1,2310120,reward,-960202.125
PPO_1,2315640,reward,-960202.125
PPO_1,2321160,reward,-960230.0625
PPO_1,2326680,reward,-960230.0625
PPO_1,2332200,reward,-960261.625
PPO_1,2337720,reward,-960261.625
PPO_1,2346000,reward,-960296.375
PPO_1,2351520,reward,-960330.375
PPO_1,2357040,reward,-960330.375
PPO_1,2362560,reward,-960370.75
PPO_1,2368080,reward,-960370.75
PPO_1,2373600,reward,-960405.5625
PPO_1,2381880,reward,-960405.5625
PPO_1,5520,value_loss,1474737.125
PPO_1,11040,value_loss,2226386.5
PPO_1,16560,value_loss,1473692.375
PPO_1,22080,value_loss,2217178.75
PPO_1,27600,value_loss,1466519.625
PPO_1,33120,value_loss,2218239.5
PPO_1,38640,value_loss,1461342.0
PPO_1,46920,value_loss,9320672.0
PPO_1,52440,value_loss,67995.15625
PPO_1,57960,value_loss,9278058.0
PPO_1,63480,value_loss,66836.6328125
PPO_1,69000,value_loss,9258482.0
PPO_1,74520,value_loss,65533.984375
PPO_1,82800,value_loss,1435651.875
PPO_1,88320,value_loss,2169146.25
PPO_1,93840,value_loss,1429091.125
PPO_1,99360,value_loss,2162649.25
PPO_1,104880,value_loss,1424469.75
PPO_1,110400,value_loss,2152928.0
PPO_1,118680,value_loss,61275.78515625
PPO_1,124200,value_loss,9171416.0
PPO_1,129720,value_loss,60332.6484375
PPO_1,135240,value_loss,9140139.0
PPO_1,140760,value_loss,59373.6640625
PPO_1,146280,value_loss,9128275.0
PPO_1,151800,value_loss,57920.06640625
PPO_1,160080,value_loss,1394113.5
PPO_1,165600,value_loss,2114152.5
PPO_1,171120,value_loss,1387548.625
PPO_1,176640,value_loss,2098780.25
PPO_1,182160,value_loss,1382311.625
PPO_1,187680,value_loss,2090487.75
PPO_1,195960,value_loss,53803.94140625
PPO_1,201480,value_loss,9011311.0
PPO_1,207000,value_loss,53537.07421875
PPO_1,212520,value_loss,8985182.0
PPO_1,218040,value_loss,52010.45703125
PPO_1,223560,value_loss,8968522.0
PPO_1,231840,value_loss,2059430.125
PPO_1,237360,value_loss,1354658.375
PPO_1,242880,value_loss,2056123.0
PPO_1,248400,value_loss,1349112.375
PPO_1,253920,value_loss,2047772.25
PPO_1,259440,value_loss,1342503.625
PPO_1,264960,value_loss,2046907.0
PPO_1,273240,value_loss,47743.0078125
PPO_1,278760,value_loss,8920530.0
PPO_1,284280,value_loss,47051.1875
PPO_1,289800,value_loss,8907844.0
PPO_1,295320,value_loss,46242.48828125
PPO_1,300840,value_loss,8892654.0
PPO_1,309120,value_loss,2025387.5
PPO_1,314640,value_loss,1314169.625
PPO_1,320160,value_loss,2025480.75
PPO_1,325680,value_loss,1308696.5
PPO_1,331200,value_loss,2018199.25
PPO_1,336720,value_loss,1302397.0
PPO_1,345000,value_loss,8840674.0
PPO_1,350520,value_loss,42533.484375
PPO_1,356040,value_loss,8822084.0
PPO_1,361560,value_loss,42105.1015625
PPO_1,367080,value_loss,8821473.0
PPO_1,372600,value_loss,41403.484375
PPO_1,378120,value_loss,8807968.0
PPO_1,386400,value_loss,1985666.125
PPO_1,391920,value_loss,1275004.25
PPO_1,397440,value_loss,1974442.0
PPO_1,402960,value_loss,1271600.75
PPO_1,408480,value_loss,1969280.875
PPO_1,414000,value_loss,1265284.25
PPO_1,422280,value_loss,8722332.0
PPO_1,427800,value_loss,37848.46484375
PPO_1,433320,value_loss,8729776.0
PPO_1,438840,value_loss,37169.45703125
PPO_1,444360,value_loss,8721578.0
PPO_1,449880,value_loss,36395.265625
PPO_1,458160,value_loss,1241198.5
PPO_1,463680,value_loss,1957818.375
PPO_1,469200,value_loss,1236524.0
PPO_1,474720,value_loss,1952280.5
PPO_1,480240,value_loss,1230939.625
PPO_1,485760,value_loss,1951028.375
PPO_1,491280,value_loss,1225750.625
PPO_1,499560,value_loss,8666907.0
PPO_1,505080,value_loss,33187.078125
PPO_1,510600,value_loss,8641787.0
PPO_1,516120,value_loss,32830.8984375
PPO_1,521640,value_loss,8632766.0
PPO_1,527160,value_loss,32293.2265625
PPO_1,535440,value_loss,1203606.375
PPO_1,540960,value_loss,1911946.0
PPO_1,546480,value_loss,1196894.5
PPO_1,552000,value_loss,1903898.25
PPO_1,557520,value_loss,1190924.625
PPO_1,563040,value_loss,1901438.25
PPO_1,571320,value_loss,29808.298828125
PPO_1,576840,value_loss,8554361.0
PPO_1,582360,value_loss,29204.9921875
PPO_1,587880,value_loss,8541428.0
PPO_1,593400,value_loss,28740.734375
PPO_1,598920,value_loss,8512753.0
PPO_1,604440,value_loss,28332.341796875
PPO_1,612720,value_loss,1164381.125
PPO_1,618240,value_loss,1859754.75
PPO_1,623760,value_loss,1157961.25
PPO_1,629280,value_loss,1854599.875
PPO_1,634800,value_loss,1152041.25
PPO_1,640320,value_loss,1847703.25
PPO_1,648600,value_loss,26324.521484375
PPO_1,654120,value_loss,8418218.0
PPO_1,659640,value_loss,25915.822265625
PPO_1,665160,value_loss,8414638.0
PPO_1,670680,value_loss,25423.923828125
PPO_1,676200,value_loss,8398687.0
PPO_1,684480,value_loss,1830224.25
PPO_1,690000,value_loss,1124123.5
PPO_1,695520,value_loss,1829055.875
PPO_1,701040,value_loss,1120614.125
PPO_1,706560,value_loss,1823230.375
PPO_1,712080,value_loss,1114988.375
PPO_1,717600,value_loss,1817338.0
PPO_1,725880,value_loss,23786.7734375
PPO_1,731400,value_loss,8337605.0
PPO_1,736920,value_loss,23435.794921875
PPO_1,742440,value_loss,8326926.0
PPO_1,747960,value_loss,23214.908203125
PPO_1,753480,value_loss,8319787.5
PPO_1,761760,value_loss,1803677.375
PPO_1,767280,value_loss,1089440.625
PPO_1,772800,value_loss,1804378.375
PPO_1,778320,value_loss,1084711.25
PPO_1,783840,value_loss,1799257.75
PPO_1,789360,value_loss,1079325.0
PPO_1,797640,value_loss,8269105.0
PPO_1,803160,value_loss,21813.234375
PPO_1,808680,value_loss,8256187.0
PPO_1,814200,value_loss,21586.5078125
PPO_1,819720,value_loss,8234430.5
PPO_1,825240,value_loss,21392.662109375
PPO_1,830760,value_loss,8227946.0
PPO_1,839040,value_loss,1767795.875
PPO_1,844560,value_loss,1053380.875
PPO_1,850080,value_loss,1769376.75
PPO_1,855600,value_loss,1048593.875
PPO_1,861120,value_loss,1761613.875
PPO_1,866640,value_loss,1042866.25
PPO_1,874920,value_loss,8177966.5
PPO_1,880440,value_loss,20596.33203125
PPO_1,885960,value_loss,8183815.5
PPO_1,891480,value_loss,20446.447265625
PPO_1,897000,value_loss,8174148.5
PPO_1,902520,value_loss,20355.197265625
PPO_1,910800,value_loss,1023910.1875
PPO_1,916320,value_loss,1734016.875
PPO_1,921840,value_loss,1019314.6875
PPO_1,927360,value_loss,1727197.75
PPO_1,932880,value_loss,1015523.25
PPO_1,938400,value_loss,1721748.875
PPO_1,943920,value_loss,1010334.0625
PPO_1,952200,value_loss,8096436.0
PPO_1,957720,value_loss,20017.22265625
PPO_1,963240,value_loss,8086991.0
PPO_1,968760,value_loss,20014.583984375
PPO_1,974280,value_loss,8075161.5
PPO_1,979800,value_loss,19953.78125
PPO_1,988080,value_loss,992245.625
PPO_1,993600,value_loss,1694469.125
PPO_1,999120,value_loss,987962.0625
PPO_1,1004640,value_loss,1647701.875
PPO_1,1010160,value_loss,984596.8125
PPO_1,1015680,value_loss,1693729.5
PPO_1,1023960,value_loss,19890.193359375
PPO_1,1029480,value_loss,8025469.0
PPO_1,1035000,value_loss,19960.48828125
PPO_1,1040520,value_loss,8004161.5
PPO_1,1046040,value_loss,19907.169921875
PPO_1,1051560,value_loss,7995294.5
PPO_1,1057080,value_loss,20029.080078125
PPO_1,1065360,value_loss,969195.375
PPO_1,1070880,value_loss,1622074.25
PPO_1,1076400,value_loss,966190.1875
PPO_1,1081920,value_loss,1678904.75
PPO_1,1087440,value_loss,963603.9375
PPO_1,1092960,value_loss,1677483.625
PPO_1,1101240,value_loss,20141.875
PPO_1,1106760,value_loss,7964473.0
PPO_1,1112280,value_loss,20258.9375
PPO_1,1117800,value_loss,7953971.0
PPO_1,1123320,value_loss,20278.369140625
PPO_1,1128840,value_loss,7945249.5
PPO_1,1137120,value_loss,1663003.0
PPO_1,1142640,value_loss,951169.9375
PPO_1,1148160,value_loss,1661472.375
PPO_1,1153680,value_loss,948772.8125
PPO_1,1159200,value_loss,1659030.125
PPO_1,1164720,value_loss,945996.0
PPO_1,1170240,value_loss,1641228.375
PPO_1,1178520,value_loss,20638.580078125
PPO_1,1184040,value_loss,7907716.5
PPO_1,1189560,value_loss,20649.205078125
PPO_1,1195080,value_loss,7904616.5
PPO_1,1200600,value_loss,20557.03515625
PPO_1,1206120,value_loss,7887462.5
PPO_1,1214400,value_loss,1647024.0
PPO_1,1219920,value_loss,933412.0625
PPO_1,1225440,value_loss,1620702.75
PPO_1,1230960,value_loss,931060.9375
PPO_1,1236480,value_loss,1635212.375
PPO_1,1242000,value_loss,928111.75
PPO_1,1250280,value_loss,7858862.0
PPO_1,1255800,value_loss,20981.01953125
PPO_1,1261320,value_loss,7842788.5
PPO_1,1266840,value_loss,20458.36328125
PPO_1,1272360,value_loss,7834125.5
PPO_1,1277880,value_loss,20868.994140625
PPO_1,1283400,value_loss,7821521.0
PPO_1,1291680,value_loss,1602043.25
PPO_1,1297200,value_loss,915422.5
PPO_1,1302720,value_loss,1596098.0
PPO_1,1308240,value_loss,912075.75
PPO_1,1313760,value_loss,1587207.125
PPO_1,1319280,value_loss,909507.75
PPO_1,1327560,value_loss,7802066.0
PPO_1,1333080,value_loss,20268.095703125
PPO_1,1338600,value_loss,7787408.5
PPO_1,1344120,value_loss,20103.810546875
PPO_1,1349640,value_loss,7785354.0
PPO_1,1355160,value_loss,19785.7578125
PPO_1,1363440,value_loss,896165.25
PPO_1,1368960,value_loss,1587604.5
PPO_1,1374480,value_loss,893265.75
PPO_1,1380000,value_loss,1579935.0
PPO_1,1385520,value_loss,890155.5625
PPO_1,1391040,value_loss,1578411.75
PPO_1,1396560,value_loss,886035.1875
PPO_1,1404840,value_loss,7727951.0
PPO_1,1410360,value_loss,19164.197265625
PPO_1,1415880,value_loss,7716609.5
PPO_1,1421400,value_loss,18116.796875
PPO_1,1426920,value_loss,7713831.5
PPO_1,1432440,value_loss,18906.7109375
PPO_1,1440720,value_loss,872475.9375
PPO_1,1446240,value_loss,1565050.875
PPO_1,1451760,value_loss,868527.8125
PPO_1,1457280,value_loss,1563171.5
PPO_1,1462800,value_loss,865065.1875
PPO_1,1468320,value_loss,1557008.625
PPO_1,1476600,value_loss,16320.619140625
PPO_1,1482120,value_loss,7652153.5
PPO_1,1487640,value_loss,16368.95703125
PPO_1,1493160,value_loss,7642899.5
PPO_1,1498680,value_loss,17315.513671875
PPO_1,1504200,value_loss,7626289.5
PPO_1,1509720,value_loss,16212.619140625
PPO_1,1518000,value_loss,846323.6875
PPO_1,1523520,value_loss,1537441.375
PPO_1,1529040,value_loss,842613.1875
PPO_1,1534560,value_loss,1536346.625
PPO_1,1540080,value_loss,838353.125
PPO_1,1545600,value_loss,1531296.25
PPO_1,1553880,value_loss,19183.75390625
PPO_1,1559400,value_loss,7572772.5
PPO_1,1564920,value_loss,18504.736328125
PPO_1,1570440,value_loss,7563632.5
PPO_1,1575960,value_loss,16300.66796875
PPO_1,1581480,value_loss,7544439.0
PPO_1,1589760,value_loss,1517522.125
PPO_1,1595280,value_loss,820079.0625
PPO_1,1600800,value_loss,1508871.375
PPO_1,1606320,value_loss,816148.375
PPO_1,1611840,value_loss,1506400.875
PPO_1,1617360,value_loss,812575.9375
PPO_1,1622880,value_loss,1503060.875
PPO_1,1631160,value_loss,18556.841796875
PPO_1,1636680,value_loss,7484215.0
PPO_1,1642200,value_loss,13987.7548828125
PPO_1,1647720,value_loss,7471286.5
PPO_1,1653240,value_loss,13808.830078125
PPO_1,1658760,value_loss,7460598.5
PPO_1,1667040,value_loss,1481028.125
PPO_1,1672560,value_loss,793789.4375
PPO_1,1678080,value_loss,1481246.625
PPO_1,1683600,value_loss,790293.8125
PPO_1,1689120,value_loss,1476411.5
PPO_1,1694640,value_loss,785779.375
PPO_1,1702920,value_loss,7411960.0
PPO_1,1708440,value_loss,10827.43359375
PPO_1,1713960,value_loss,7400982.5
PPO_1,1719480,value_loss,10775.4375
PPO_1,1725000,value_loss,7394937.5
PPO_1,1730520,value_loss,9118.70703125
PPO_1,1736040,value_loss,7381114.0
PPO_1,1744320,value_loss,1455226.625
PPO_1,1749840,value_loss,768010.625
PPO_1,1755360,value_loss,1454157.125
PPO_1,1760880,value_loss,763685.625
PPO_1,1766400,value_loss,1447061.875
PPO_1,1771920,value_loss,760410.75
PPO_1,1780200,value_loss,7338486.0
PPO_1,1785720,value_loss,5685.9248046875
PPO_1,1791240,value_loss,7324536.0
PPO_1,1796760,value_loss,6372.1240234375
PPO_1,1802280,value_loss,7317500.5
PPO_1,1807800,value_loss,6206.3798828125
PPO_1,1816080,value_loss,745784.9375
PPO_1,1821600,value_loss,1426148.125
PPO_1,1827120,value_loss,742279.6875
PPO_1,1832640,value_loss,1420992.875
PPO_1,1838160,value_loss,738503.3125
PPO_1,1843680,value_loss,1417760.0
PPO_1,1849200,value_loss,734900.5
PPO_1,1857480,value_loss,7254578.5
PPO_1,1863000,value_loss,3918.37939453125
PPO_1,1868520,value_loss,7247603.5
PPO_1,1874040,value_loss,6759.30029296875
PPO_1,1879560,value_loss,7237334.0
PPO_1,1885080,value_loss,4555.03369140625
PPO_1,1893360,value_loss,721525.875
PPO_1,1898880,value_loss,1397344.875
PPO_1,1904400,value_loss,717389.0
PPO_1,1909920,value_loss,1393368.875
PPO_1,1915440,value_loss,714122.5
PPO_1,1920960,value_loss,1388857.5
PPO_1,1929240,value_loss,2961.43896484375
PPO_1,1934760,value_loss,7178154.5
PPO_1,1940280,value_loss,2842.764892578125
PPO_1,1945800,value_loss,7158951.5
PPO_1,1951320,value_loss,5006.2333984375
PPO_1,1956840,value_loss,7154249.5
PPO_1,1962360,value_loss,3197.6103515625
PPO_1,1970640,value_loss,696550.125
PPO_1,1976160,value_loss,1369903.75
PPO_1,1981680,value_loss,693160.125
PPO_1,1987200,value_loss,1367793.125
PPO_1,1992720,value_loss,689880.0
PPO_1,1998240,value_loss,1362846.625
PPO_1,2006520,value_loss,4558.75341796875
PPO_1,2012040,value_loss,7101952.0
PPO_1,2017560,value_loss,4587.55126953125
PPO_1,2023080,value_loss,7086444.0
PPO_1,2028600,value_loss,4541.890625
PPO_1,2034120,value_loss,7076406.5
PPO_1,2042400,value_loss,1348904.875
PPO_1,2047920,value_loss,672956.3125
PPO_1,2053440,value_loss,1344624.875
PPO_1,2058960,value_loss,669850.1875
PPO_1,2064480,value_loss,1340094.375
PPO_1,2070000,value_loss,666466.5
PPO_1,2075520,value_loss,1337628.875
PPO_1,2083800,value_loss,4660.58740234375
PPO_1,2089320,value_loss,7025182.5
PPO_1,2094840,value_loss,4667.40966796875
PPO_1,2100360,value_loss,7012482.5
PPO_1,2105880,value_loss,4665.814453125
PPO_1,2111400,value_loss,6998545.0
PPO_1,2119680,value_loss,1320222.5
PPO_1,2125200,value_loss,649457.25
PPO_1,2130720,value_loss,1319019.75
PPO_1,2136240,value_loss,646825.8125
PPO_1,2141760,value_loss,1313205.875
PPO_1,2147280,value_loss,643283.9375
PPO_1,2155560,value_loss,6950917.5
PPO_1,2161080,value_loss,1668.2783203125
PPO_1,2166600,value_loss,6947451.0
PPO_1,2172120,value_loss,2430.0595703125
PPO_1,2177640,value_loss,6926920.5
PPO_1,2183160,value_loss,1538.51318359375
PPO_1,2188680,value_loss,6919407.5
PPO_1,2196960,value_loss,1294231.875
PPO_1,2202480,value_loss,627397.0625
PPO_1,2208000,value_loss,1290711.875
PPO_1,2213520,value_loss,624759.625
PPO_1,2219040,value_loss,1286325.875
PPO_1,2224560,value_loss,621594.375
PPO_1,2232840,value_loss,6883107.0
PPO_1,2238360,value_loss,1919.782958984375
PPO_1,2243880,value_loss,6875453.0
PPO_1,2249400,value_loss,1889.3111572265625
PPO_1,2254920,value_loss,6863192.0
PPO_1,2260440,value_loss,2667.510009765625
PPO_1,2268720,value_loss,609177.0
PPO_1,2274240,value_loss,1269792.125
PPO_1,2279760,value_loss,606454.125
PPO_1,2285280,value_loss,1267475.375
PPO_1,2290800,value_loss,603364.25
PPO_1,2296320,value_loss,1261252.625
PPO_1,2301840,value_loss,600255.875
PPO_1,2310120,value_loss,6798269.5
PPO_1,2315640,value_loss,2849.266357421875
PPO_1,2321160,value_loss,6797187.0
PPO_1,2326680,value_loss,2858.55224609375
PPO_1,2332200,value_loss,6786429.5
PPO_1,2337720,value_loss,1993.382568359375
PPO_1,2346000,value_loss,588476.1875
PPO_1,2351520,value_loss,1243137.875
PPO_1,2357040,value_loss,585428.25
PPO_1,2362560,value_loss,1240100.625
PPO_1,2368080,value_loss,581982.6875
PPO_1,2373600,value_loss,1233783.25
PPO_1,2381880,value_loss,1040.3502197265625
PPO_1,5520,explained_variance,-6.830692291259766e-05
PPO_1,11040,explained_variance,-1.6450881958007812e-05
PPO_1,16560,explained_variance,-3.5762786865234375e-07
PPO_1,22080,explained_variance,2.3245811462402344e-06
PPO_1,27600,explained_variance,-3.5762786865234375e-07
PPO_1,33120,explained_variance,1.430511474609375e-06
PPO_1,38640,explained_variance,-3.5762786865234375e-07
PPO_1,46920,explained_variance,1.7285346984863281e-06
PPO_1,52440,explained_variance,5.960464477539062e-07
PPO_1,57960,explained_variance,1.3709068298339844e-06
PPO_1,63480,explained_variance,3.5762786865234375e-07
PPO_1,69000,explained_variance,8.940696716308594e-07
PPO_1,74520,explained_variance,3.5762786865234375e-07
PPO_1,82800,explained_variance,0.0
PPO_1,88320,explained_variance,4.172325134277344e-07
PPO_1,93840,explained_variance,-2.384185791015625e-07
PPO_1,99360,explained_variance,1.7881393432617188e-07
PPO_1,104880,explained_variance,-1.1920928955078125e-07
PPO_1,110400,explained_variance,3.5762786865234375e-07
PPO_1,118680,explained_variance,1.1920928955078125e-07
PPO_1,124200,explained_variance,-1.1920928955078125e-07
PPO_1,129720,explained_variance,1.1920928955078125e-07
PPO_1,135240,explained_variance,5.364418029785156e-07
PPO_1,140760,explained_variance,-2.384185791015625e-07
PPO_1,146280,explained_variance,6.556510925292969e-07
PPO_1,151800,explained_variance,0.0
PPO_1,160080,explained_variance,0.0
PPO_1,165600,explained_variance,5.960464477539063e-08
PPO_1,171120,explained_variance,-1.1920928955078125e-07
PPO_1,176640,explained_variance,0.0
PPO_1,182160,explained_variance,0.0
PPO_1,187680,explained_variance,1.1920928955078125e-07
PPO_1,195960,explained_variance,0.0
PPO_1,201480,explained_variance,0.0
PPO_1,207000,explained_variance,-2.384185791015625e-07
PPO_1,212520,explained_variance,-1.1920928955078125e-07
PPO_1,218040,explained_variance,1.1920928955078125e-07
PPO_1,223560,explained_variance,2.980232238769531e-07
PPO_1,231840,explained_variance,0.0
PPO_1,237360,explained_variance,-1.1920928955078125e-07
PPO_1,242880,explained_variance,0.0
PPO_1,248400,explained_variance,0.0
PPO_1,253920,explained_variance,1.1920928955078125e-07
PPO_1,259440,explained_variance,-1.1920928955078125e-07
PPO_1,264960,explained_variance,5.960464477539063e-08
PPO_1,273240,explained_variance,1.1920928955078125e-07
PPO_1,278760,explained_variance,0.0
PPO_1,284280,explained_variance,0.0
PPO_1,289800,explained_variance,-1.1920928955078125e-07
PPO_1,295320,explained_variance,0.0
PPO_1,300840,explained_variance,0.0
PPO_1,309120,explained_variance,1.1920928955078125e-07
PPO_1,314640,explained_variance,0.0
PPO_1,320160,explained_variance,5.960464477539063e-08
PPO_1,325680,explained_variance,0.0
PPO_1,331200,explained_variance,1.1920928955078125e-07
PPO_1,336720,explained_variance,0.0
PPO_1,345000,explained_variance,-1.1920928955078125e-07
PPO_1,350520,explained_variance,0.0
PPO_1,356040,explained_variance,0.0
PPO_1,361560,explained_variance,0.0
PPO_1,367080,explained_variance,0.0
PPO_1,372600,explained_variance,0.0
PPO_1,378120,explained_variance,0.0
PPO_1,386400,explained_variance,0.0
PPO_1,391920,explained_variance,-2.384185791015625e-07
PPO_1,397440,explained_variance,1.7881393432617188e-07
PPO_1,402960,explained_variance,5.960464477539063e-08
PPO_1,408480,explained_variance,0.0
PPO_1,414000,explained_variance,-2.384185791015625e-07
PPO_1,422280,explained_variance,0.0
PPO_1,427800,explained_variance,1.1920928955078125e-07
PPO_1,433320,explained_variance,0.0
PPO_1,438840,explained_variance,0.0
PPO_1,444360,explained_variance,0.0
PPO_1,449880,explained_variance,-1.1920928955078125e-07
PPO_1,458160,explained_variance,-2.384185791015625e-07
PPO_1,463680,explained_variance,0.0
PPO_1,469200,explained_variance,1.7881393432617188e-07
PPO_1,474720,explained_variance,-1.1920928955078125e-07
PPO_1,480240,explained_variance,-3.5762786865234375e-07
PPO_1,485760,explained_variance,1.7881393432617188e-07
PPO_1,491280,explained_variance,5.960464477539063e-08
PPO_1,499560,explained_variance,1.1920928955078125e-07
PPO_1,505080,explained_variance,1.7881393432617188e-07
PPO_1,510600,explained_variance,-1.1920928955078125e-07
PPO_1,516120,explained_variance,0.0
PPO_1,521640,explained_variance,0.0
PPO_1,527160,explained_variance,0.0
PPO_1,535440,explained_variance,1.1920928955078125e-07
PPO_1,540960,explained_variance,0.0
PPO_1,546480,explained_variance,-2.384185791015625e-07
PPO_1,552000,explained_variance,-1.1920928955078125e-07
PPO_1,557520,explained_variance,1.1920928955078125e-07
PPO_1,563040,explained_variance,0.0
PPO_1,571320,explained_variance,0.0
PPO_1,576840,explained_variance,1.1920928955078125e-07
PPO_1,582360,explained_variance,1.1920928955078125e-07
PPO_1,587880,explained_variance,1.7881393432617188e-07
PPO_1,593400,explained_variance,0.0
PPO_1,598920,explained_variance,0.0
PPO_1,604440,explained_variance,0.0
PPO_1,612720,explained_variance,-2.384185791015625e-07
PPO_1,618240,explained_variance,1.1920928955078125e-07
PPO_1,623760,explained_variance,1.7881393432617188e-07
PPO_1,629280,explained_variance,0.0
PPO_1,634800,explained_variance,-2.384185791015625e-07
PPO_1,640320,explained_variance,-1.1920928955078125e-07
PPO_1,648600,explained_variance,0.0
PPO_1,654120,explained_variance,0.0
PPO_1,659640,explained_variance,-1.1920928955078125e-07
PPO_1,665160,explained_variance,0.0
PPO_1,670680,explained_variance,0.0
PPO_1,676200,explained_variance,0.0
PPO_1,684480,explained_variance,-1.1920928955078125e-07
PPO_1,690000,explained_variance,1.7881393432617188e-07
PPO_1,695520,explained_variance,0.0
PPO_1,701040,explained_variance,-1.1920928955078125e-07
PPO_1,706560,explained_variance,1.1920928955078125e-07
PPO_1,712080,explained_variance,1.1920928955078125e-07
PPO_1,717600,explained_variance,0.0
PPO_1,725880,explained_variance,0.0
PPO_1,731400,explained_variance,0.0
PPO_1,736920,explained_variance,0.0
PPO_1,742440,explained_variance,0.0
PPO_1,747960,explained_variance,0.0
PPO_1,753480,explained_variance,0.0
PPO_1,761760,explained_variance,0.0
PPO_1,767280,explained_variance,0.0
PPO_1,772800,explained_variance,-1.1920928955078125e-07
PPO_1,778320,explained_variance,5.960464477539063e-08
PPO_1,783840,explained_variance,1.7881393432617188e-07
PPO_1,789360,explained_variance,0.0
PPO_1,797640,explained_variance,0.0
PPO_1,803160,explained_variance,-1.1920928955078125e-07
PPO_1,808680,explained_variance,0.0
PPO_1,814200,explained_variance,0.0
PPO_1,819720,explained_variance,0.0
PPO_1,825240,explained_variance,0.0
PPO_1,830760,explained_variance,0.0
PPO_1,839040,explained_variance,0.0
PPO_1,844560,explained_variance,1.1920928955078125e-07
PPO_1,850080,explained_variance,-1.1920928955078125e-07
PPO_1,855600,explained_variance,0.0
PPO_1,861120,explained_variance,0.0
PPO_1,866640,explained_variance,0.0
PPO_1,874920,explained_variance,0.0
PPO_1,880440,explained_variance,0.0
PPO_1,885960,explained_variance,0.0
PPO_1,891480,explained_variance,-1.1920928955078125e-07
PPO_1,897000,explained_variance,0.0
PPO_1,902520,explained_variance,-1.1920928955078125e-07
PPO_1,910800,explained_variance,-1.1920928955078125e-07
PPO_1,916320,explained_variance,0.0
PPO_1,921840,explained_variance,-1.1920928955078125e-07
PPO_1,927360,explained_variance,0.0
PPO_1,932880,explained_variance,0.0
PPO_1,938400,explained_variance,-2.384185791015625e-07
PPO_1,943920,explained_variance,0.0
PPO_1,952200,explained_variance,5.960464477539063e-08
PPO_1,957720,explained_variance,5.960464477539062e-07
PPO_1,963240,explained_variance,0.0
PPO_1,968760,explained_variance,0.0
PPO_1,974280,explained_variance,0.0
PPO_1,979800,explained_variance,1.1920928955078125e-07
PPO_1,988080,explained_variance,4.172325134277344e-07
PPO_1,993600,explained_variance,-2.6941299438476562e-05
PPO_1,999120,explained_variance,6.556510925292969e-07
PPO_1,1004640,explained_variance,-0.003557443618774414
PPO_1,1010160,explained_variance,1.6093254089355469e-06
PPO_1,1015680,explained_variance,-9.083747863769531e-05
PPO_1,1023960,explained_variance,1.2755393981933594e-05
PPO_1,1029480,explained_variance,5.662441253662109e-06
PPO_1,1035000,explained_variance,1.8596649169921875e-05
PPO_1,1040520,explained_variance,5.7220458984375e-06
PPO_1,1046040,explained_variance,1.9431114196777344e-05
PPO_1,1051560,explained_variance,5.304813385009766e-06
PPO_1,1057080,explained_variance,2.2232532501220703e-05
PPO_1,1065360,explained_variance,6.973743438720703e-06
PPO_1,1070880,explained_variance,-0.005819916725158691
PPO_1,1076400,explained_variance,3.6954879760742188e-06
PPO_1,1081920,explained_variance,5.960464477539063e-08
PPO_1,1087440,explained_variance,4.589557647705078e-06
PPO_1,1092960,explained_variance,4.887580871582031e-06
PPO_1,1101240,explained_variance,3.5703182220458984e-05
PPO_1,1106760,explained_variance,1.0788440704345703e-05
PPO_1,1112280,explained_variance,3.9458274841308594e-05
PPO_1,1117800,explained_variance,1.0371208190917969e-05
PPO_1,1123320,explained_variance,4.023313522338867e-05
PPO_1,1128840,explained_variance,9.834766387939453e-06
PPO_1,1137120,explained_variance,7.873773574829102e-05
PPO_1,1142640,explained_variance,1.1622905731201172e-05
PPO_1,1148160,explained_variance,0.0002778768539428711
PPO_1,1153680,explained_variance,1.3649463653564453e-05
PPO_1,1159200,explained_variance,0.00017535686492919922
PPO_1,1164720,explained_variance,2.0682811737060547e-05
PPO_1,1170240,explained_variance,0.0262947678565979
PPO_1,1178520,explained_variance,3.439188003540039e-05
PPO_1,1184040,explained_variance,5.304813385009766e-06
PPO_1,1189560,explained_variance,5.2809715270996094e-05
PPO_1,1195080,explained_variance,8.106231689453125e-06
PPO_1,1200600,explained_variance,7.94529914855957e-05
PPO_1,1206120,explained_variance,4.470348358154297e-06
PPO_1,1214400,explained_variance,0.0008902549743652344
PPO_1,1219920,explained_variance,6.830692291259766e-05
PPO_1,1225440,explained_variance,0.02829265594482422
PPO_1,1230960,explained_variance,1.7642974853515625e-05
PPO_1,1236480,explained_variance,0.002124190330505371
PPO_1,1242000,explained_variance,4.7326087951660156e-05
PPO_1,1250280,explained_variance,5.543231964111328e-06
PPO_1,1255800,explained_variance,0.00016808509826660156
PPO_1,1261320,explained_variance,9.000301361083984e-06
PPO_1,1266840,explained_variance,0.0003085136413574219
PPO_1,1272360,explained_variance,6.079673767089844e-06
PPO_1,1277880,explained_variance,0.00027292966842651367
PPO_1,1283400,explained_variance,7.033348083496094e-06
PPO_1,1291680,explained_variance,0.04288142919540405
PPO_1,1297200,explained_variance,7.128715515136719e-05
PPO_1,1302720,explained_variance,0.05794990062713623
PPO_1,1308240,explained_variance,6.61611557006836e-05
PPO_1,1313760,explained_variance,0.0653146505355835
PPO_1,1319280,explained_variance,7.593631744384766e-05
PPO_1,1327560,explained_variance,7.271766662597656e-06
PPO_1,1333080,explained_variance,0.0007148385047912598
PPO_1,1338600,explained_variance,7.152557373046875e-06
PPO_1,1344120,explained_variance,0.0008115768432617188
PPO_1,1349640,explained_variance,6.616115570068359e-06
PPO_1,1355160,explained_variance,0.0009647607803344727
PPO_1,1363440,explained_variance,9.679794311523438e-05
PPO_1,1368960,explained_variance,0.07056373357772827
PPO_1,1374480,explained_variance,0.00011736154556274414
PPO_1,1380000,explained_variance,0.08937698602676392
PPO_1,1385520,explained_variance,0.00010561943054199219
PPO_1,1391040,explained_variance,0.07821279764175415
PPO_1,1396560,explained_variance,7.045269012451172e-05
PPO_1,1404840,explained_variance,2.384185791015625e-06
PPO_1,1410360,explained_variance,0.0019248127937316895
PPO_1,1415880,explained_variance,2.384185791015625e-06
PPO_1,1421400,explained_variance,0.0022536516189575195
PPO_1,1426920,explained_variance,1.7285346984863281e-06
PPO_1,1432440,explained_variance,0.0023296475410461426
PPO_1,1440720,explained_variance,5.2094459533691406e-05
PPO_1,1446240,explained_variance,0.07101762294769287
PPO_1,1451760,explained_variance,5.5789947509765625e-05
PPO_1,1457280,explained_variance,0.06073355674743652
PPO_1,1462800,explained_variance,5.0067901611328125e-05
PPO_1,1468320,explained_variance,0.06813043355941772
PPO_1,1476600,explained_variance,0.003864884376525879
PPO_1,1482120,explained_variance,2.980232238769531e-07
PPO_1,1487640,explained_variance,0.004497885704040527
PPO_1,1493160,explained_variance,0.0
PPO_1,1498680,explained_variance,0.005096733570098877
PPO_1,1504200,explained_variance,5.960464477539063e-08
PPO_1,1509720,explained_variance,0.004530370235443115
PPO_1,1518000,explained_variance,5.239248275756836e-05
PPO_1,1523520,explained_variance,0.06109344959259033
PPO_1,1529040,explained_variance,4.744529724121094e-05
PPO_1,1534560,explained_variance,0.05798804759979248
PPO_1,1540080,explained_variance,4.8279762268066406e-05
PPO_1,1545600,explained_variance,0.05743098258972168
PPO_1,1553880,explained_variance,0.008456766605377197
PPO_1,1559400,explained_variance,1.7881393432617188e-07
PPO_1,1564920,explained_variance,0.008655369281768799
PPO_1,1570440,explained_variance,0.0
PPO_1,1575960,explained_variance,0.007875323295593262
PPO_1,1581480,explained_variance,2.384185791015625e-07
PPO_1,1589760,explained_variance,0.049908339977264404
PPO_1,1595280,explained_variance,2.8848648071289062e-05
PPO_1,1600800,explained_variance,0.04781079292297363
PPO_1,1606320,explained_variance,2.658367156982422e-05
PPO_1,1611840,explained_variance,0.04332548379898071
PPO_1,1617360,explained_variance,3.510713577270508e-05
PPO_1,1622880,explained_variance,0.050300538539886475
PPO_1,1631160,explained_variance,0.01461249589920044
PPO_1,1636680,explained_variance,0.0
PPO_1,1642200,explained_variance,0.016648590564727783
PPO_1,1647720,explained_variance,0.0
PPO_1,1653240,explained_variance,0.015752017498016357
PPO_1,1658760,explained_variance,-1.1920928955078125e-07
PPO_1,1667040,explained_variance,0.040078580379486084
PPO_1,1672560,explained_variance,3.0338764190673828e-05
PPO_1,1678080,explained_variance,0.03563147783279419
PPO_1,1683600,explained_variance,2.7179718017578125e-05
PPO_1,1689120,explained_variance,0.04989522695541382
PPO_1,1694640,explained_variance,5.537271499633789e-05
PPO_1,1702920,explained_variance,0.0
PPO_1,1708440,explained_variance,0.040647029876708984
PPO_1,1713960,explained_variance,0.0
PPO_1,1719480,explained_variance,0.06336277723312378
PPO_1,1725000,explained_variance,1.1920928955078125e-07
PPO_1,1730520,explained_variance,0.09568387269973755
PPO_1,1736040,explained_variance,0.0
PPO_1,1744320,explained_variance,0.052441179752349854
PPO_1,1749840,explained_variance,0.0005706548690795898
PPO_1,1755360,explained_variance,0.061207711696624756
PPO_1,1760880,explained_variance,0.0013183355331420898
PPO_1,1766400,explained_variance,0.04474979639053345
PPO_1,1771920,explained_variance,0.0007905364036560059
PPO_1,1780200,explained_variance,5.960464477539063e-08
PPO_1,1785720,explained_variance,0.6032548546791077
PPO_1,1791240,explained_variance,0.0
PPO_1,1796760,explained_variance,0.6777060031890869
PPO_1,1802280,explained_variance,0.0
PPO_1,1807800,explained_variance,0.7198972702026367
PPO_1,1816080,explained_variance,0.0009053945541381836
PPO_1,1821600,explained_variance,0.026869535446166992
PPO_1,1827120,explained_variance,0.000560462474822998
PPO_1,1832640,explained_variance,0.0513271689414978
PPO_1,1838160,explained_variance,0.0008150935173034668
PPO_1,1843680,explained_variance,0.026168465614318848
PPO_1,1849200,explained_variance,0.0002827644348144531
PPO_1,1857480,explained_variance,0.0
PPO_1,1863000,explained_variance,0.8958108425140381
PPO_1,1868520,explained_variance,1.1920928955078125e-07
PPO_1,1874040,explained_variance,0.9035629034042358
PPO_1,1879560,explained_variance,0.0
PPO_1,1885080,explained_variance,0.9154068827629089
PPO_1,1893360,explained_variance,0.0005962252616882324
PPO_1,1898880,explained_variance,0.05533909797668457
PPO_1,1904400,explained_variance,0.0006101131439208984
PPO_1,1909920,explained_variance,0.02666914463043213
PPO_1,1915440,explained_variance,0.00019443035125732422
PPO_1,1920960,explained_variance,0.03488147258758545
PPO_1,1929240,explained_variance,0.9519693851470947
PPO_1,1934760,explained_variance,0.0
PPO_1,1940280,explained_variance,0.961823046207428
PPO_1,1945800,explained_variance,-1.1920928955078125e-07
PPO_1,1951320,explained_variance,0.9677081108093262
PPO_1,1956840,explained_variance,0.0
PPO_1,1962360,explained_variance,0.965063750743866
PPO_1,1970640,explained_variance,0.00028961896896362305
PPO_1,1976160,explained_variance,0.03292423486709595
PPO_1,1981680,explained_variance,0.00012320280075073242
PPO_1,1987200,explained_variance,0.03850322961807251
PPO_1,1992720,explained_variance,9.191036224365234e-05
PPO_1,1998240,explained_variance,0.060993969440460205
PPO_1,2006520,explained_variance,0.9767144918441772
PPO_1,2012040,explained_variance,0.0
PPO_1,2017560,explained_variance,0.976029098033905
PPO_1,2023080,explained_variance,0.0
PPO_1,2028600,explained_variance,0.9777647256851196
PPO_1,2034120,explained_variance,0.0
PPO_1,2042400,explained_variance,0.04950493574142456
PPO_1,2047920,explained_variance,5.6803226470947266e-05
PPO_1,2053440,explained_variance,0.05591839551925659
PPO_1,2058960,explained_variance,6.866455078125e-05
PPO_1,2064480,explained_variance,0.06957882642745972
PPO_1,2070000,explained_variance,0.00010943412780761719
PPO_1,2075520,explained_variance,0.08281159400939941
PPO_1,2083800,explained_variance,0.9839650988578796
PPO_1,2089320,explained_variance,0.0
PPO_1,2094840,explained_variance,0.9844378232955933
PPO_1,2100360,explained_variance,0.0
PPO_1,2105880,explained_variance,0.9860728979110718
PPO_1,2111400,explained_variance,0.0
PPO_1,2119680,explained_variance,0.12170130014419556
PPO_1,2125200,explained_variance,0.00022286176681518555
PPO_1,2130720,explained_variance,0.10927581787109375
PPO_1,2136240,explained_variance,8.970499038696289e-05
PPO_1,2141760,explained_variance,0.13004595041275024
PPO_1,2147280,explained_variance,0.0001602768898010254
PPO_1,2155560,explained_variance,0.0
PPO_1,2161080,explained_variance,0.9924251437187195
PPO_1,2166600,explained_variance,0.0
PPO_1,2172120,explained_variance,0.9922565221786499
PPO_1,2177640,explained_variance,-1.1920928955078125e-07
PPO_1,2183160,explained_variance,0.9919223189353943
PPO_1,2188680,explained_variance,0.0
PPO_1,2196960,explained_variance,0.1292063593864441
PPO_1,2202480,explained_variance,0.00011014938354492188
PPO_1,2208000,explained_variance,0.11050558090209961
PPO_1,2213520,explained_variance,4.887580871582031e-05
PPO_1,2219040,explained_variance,0.09321093559265137
PPO_1,2224560,explained_variance,3.9577484130859375e-05
PPO_1,2232840,explained_variance,0.0
PPO_1,2238360,explained_variance,0.9921668767929077
PPO_1,2243880,explained_variance,1.1920928955078125e-07
PPO_1,2249400,explained_variance,0.9929882884025574
PPO_1,2254920,explained_variance,5.960464477539063e-08
PPO_1,2260440,explained_variance,0.9946311712265015
PPO_1,2268720,explained_variance,0.0002817511558532715
PPO_1,2274240,explained_variance,0.22309798002243042
PPO_1,2279760,explained_variance,2.9146671295166016e-05
PPO_1,2285280,explained_variance,0.13443094491958618
PPO_1,2290800,explained_variance,3.2961368560791016e-05
PPO_1,2296320,explained_variance,0.1529037356376648
PPO_1,2301840,explained_variance,3.594160079956055e-05
PPO_1,2310120,explained_variance,0.0
PPO_1,2315640,explained_variance,0.996576726436615
PPO_1,2321160,explained_variance,0.0
PPO_1,2326680,explained_variance,0.996974527835846
PPO_1,2332200,explained_variance,0.0
PPO_1,2337720,explained_variance,0.9940070509910583
PPO_1,2346000,explained_variance,5.1975250244140625e-05
PPO_1,2351520,explained_variance,0.08324837684631348
PPO_1,2357040,explained_variance,8.511543273925781e-05
PPO_1,2362560,explained_variance,0.11926120519638062
PPO_1,2368080,explained_variance,8.445978164672852e-05
PPO_1,2373600,explained_variance,0.11313456296920776
PPO_1,2381880,explained_variance,0.9960228204727173
PPO_1,5520,entropy,-4.2681684494018555
PPO_1,11040,entropy,-4.253272533416748
PPO_1,16560,entropy,-4.259826183319092
PPO_1,22080,entropy,-4.238114356994629
PPO_1,27600,entropy,-4.236428737640381
PPO_1,33120,entropy,-4.256857872009277
PPO_1,38640,entropy,-4.266510486602783
PPO_1,46920,entropy,-4.335731029510498
PPO_1,52440,entropy,-4.305886268615723
PPO_1,57960,entropy,-4.2764410972595215
PPO_1,63480,entropy,-4.2658491134643555
PPO_1,69000,entropy,-4.24539041519165
PPO_1,74520,entropy,-4.256361484527588
PPO_1,82800,entropy,-4.2547760009765625
PPO_1,88320,entropy,-4.263600826263428
PPO_1,93840,entropy,-4.282718181610107
PPO_1,99360,entropy,-4.290701389312744
PPO_1,104880,entropy,-4.290861129760742
PPO_1,110400,entropy,-4.322153091430664
PPO_1,118680,entropy,-4.337887287139893
PPO_1,124200,entropy,-4.337536334991455
PPO_1,129720,entropy,-4.3349199295043945
PPO_1,135240,entropy,-4.323822021484375
PPO_1,140760,entropy,-4.345677375793457
PPO_1,146280,entropy,-4.366550445556641
PPO_1,151800,entropy,-4.383999347686768
PPO_1,160080,entropy,-4.4158759117126465
PPO_1,165600,entropy,-4.437965393066406
PPO_1,171120,entropy,-4.451103210449219
PPO_1,176640,entropy,-4.479187488555908
PPO_1,182160,entropy,-4.484303951263428
PPO_1,187680,entropy,-4.512258529663086
PPO_1,195960,entropy,-4.548059463500977
PPO_1,201480,entropy,-4.56193733215332
PPO_1,207000,entropy,-4.589123249053955
PPO_1,212520,entropy,-4.6017327308654785
PPO_1,218040,entropy,-4.63340425491333
PPO_1,223560,entropy,-4.652660846710205
PPO_1,231840,entropy,-4.674652099609375
PPO_1,237360,entropy,-4.674784183502197
PPO_1,242880,entropy,-4.64998197555542
PPO_1,248400,entropy,-4.660495758056641
PPO_1,253920,entropy,-4.6869659423828125
PPO_1,259440,entropy,-4.694423198699951
PPO_1,264960,entropy,-4.7011942863464355
PPO_1,273240,entropy,-4.694069862365723
PPO_1,278760,entropy,-4.685754776000977
PPO_1,284280,entropy,-4.733611106872559
PPO_1,289800,entropy,-4.7670183181762695
PPO_1,295320,entropy,-4.766600131988525
PPO_1,300840,entropy,-4.765822410583496
PPO_1,309120,entropy,-4.7663116455078125
PPO_1,314640,entropy,-4.776646137237549
PPO_1,320160,entropy,-4.756020545959473
PPO_1,325680,entropy,-4.768342971801758
PPO_1,331200,entropy,-4.790510654449463
PPO_1,336720,entropy,-4.801410675048828
PPO_1,345000,entropy,-4.84198522567749
PPO_1,350520,entropy,-4.887604236602783
PPO_1,356040,entropy,-4.9222187995910645
PPO_1,361560,entropy,-4.961153984069824
PPO_1,367080,entropy,-4.9938578605651855
PPO_1,372600,entropy,-5.003795623779297
PPO_1,378120,entropy,-4.9933013916015625
PPO_1,386400,entropy,-5.026029586791992
PPO_1,391920,entropy,-5.03615665435791
PPO_1,397440,entropy,-5.081767559051514
PPO_1,402960,entropy,-5.0881571769714355
PPO_1,408480,entropy,-5.118031978607178
PPO_1,414000,entropy,-5.114471912384033
PPO_1,422280,entropy,-5.106614589691162
PPO_1,427800,entropy,-5.124920845031738
PPO_1,433320,entropy,-5.142378807067871
PPO_1,438840,entropy,-5.108639717102051
PPO_1,444360,entropy,-5.076614856719971
PPO_1,449880,entropy,-5.076687335968018
PPO_1,458160,entropy,-5.06020450592041
PPO_1,463680,entropy,-5.0539164543151855
PPO_1,469200,entropy,-5.062666893005371
PPO_1,474720,entropy,-5.067153453826904
PPO_1,480240,entropy,-5.067254066467285
PPO_1,485760,entropy,-5.079512119293213
PPO_1,491280,entropy,-5.085638523101807
PPO_1,499560,entropy,-5.097729206085205
PPO_1,505080,entropy,-5.168440341949463
PPO_1,510600,entropy,-5.2242960929870605
PPO_1,516120,entropy,-5.248189926147461
PPO_1,521640,entropy,-5.270709991455078
PPO_1,527160,entropy,-5.299216270446777
PPO_1,535440,entropy,-5.313043594360352
PPO_1,540960,entropy,-5.38450288772583
PPO_1,546480,entropy,-5.396689414978027
PPO_1,552000,entropy,-5.468499660491943
PPO_1,557520,entropy,-5.475093841552734
PPO_1,563040,entropy,-5.507686138153076
PPO_1,571320,entropy,-5.550629138946533
PPO_1,576840,entropy,-5.582326412200928
PPO_1,582360,entropy,-5.63034200668335
PPO_1,587880,entropy,-5.645754337310791
PPO_1,593400,entropy,-5.640098571777344
PPO_1,598920,entropy,-5.641233921051025
PPO_1,604440,entropy,-5.646054267883301
PPO_1,612720,entropy,-5.637450218200684
PPO_1,618240,entropy,-5.689956188201904
PPO_1,623760,entropy,-5.698219299316406
PPO_1,629280,entropy,-5.6316657066345215
PPO_1,634800,entropy,-5.638040065765381
PPO_1,640320,entropy,-5.658752918243408
PPO_1,648600,entropy,-5.6501874923706055
PPO_1,654120,entropy,-5.62978458404541
PPO_1,659640,entropy,-5.65501594543457
PPO_1,665160,entropy,-5.682721138000488
PPO_1,670680,entropy,-5.698708534240723
PPO_1,676200,entropy,-5.709652900695801
PPO_1,684480,entropy,-5.746562957763672
PPO_1,690000,entropy,-5.750766277313232
PPO_1,695520,entropy,-5.7816877365112305
PPO_1,701040,entropy,-5.785000324249268
PPO_1,706560,entropy,-5.826499938964844
PPO_1,712080,entropy,-5.823462963104248
PPO_1,717600,entropy,-5.868500232696533
PPO_1,725880,entropy,-5.888363838195801
PPO_1,731400,entropy,-5.893826007843018
PPO_1,736920,entropy,-5.913754463195801
PPO_1,742440,entropy,-5.920446395874023
PPO_1,747960,entropy,-5.903835773468018
PPO_1,753480,entropy,-5.888766288757324
PPO_1,761760,entropy,-5.889962196350098
PPO_1,767280,entropy,-5.8983588218688965
PPO_1,772800,entropy,-5.947177410125732
PPO_1,778320,entropy,-5.949609756469727
PPO_1,783840,entropy,-5.973490238189697
PPO_1,789360,entropy,-5.9796223640441895
PPO_1,797640,entropy,-6.0467023849487305
PPO_1,803160,entropy,-6.083429336547852
PPO_1,808680,entropy,-6.096101760864258
PPO_1,814200,entropy,-6.108670234680176
PPO_1,819720,entropy,-6.100021839141846
PPO_1,825240,entropy,-6.104698657989502
PPO_1,830760,entropy,-6.109318733215332
PPO_1,839040,entropy,-6.093132972717285
PPO_1,844560,entropy,-6.095405101776123
PPO_1,850080,entropy,-6.113775253295898
PPO_1,855600,entropy,-6.119157791137695
PPO_1,861120,entropy,-6.1233954429626465
PPO_1,866640,entropy,-6.126760959625244
PPO_1,874920,entropy,-6.16984224319458
PPO_1,880440,entropy,-6.173548221588135
PPO_1,885960,entropy,-6.180324554443359
PPO_1,891480,entropy,-6.212815284729004
PPO_1,897000,entropy,-6.218048095703125
PPO_1,902520,entropy,-6.258093357086182
PPO_1,910800,entropy,-6.298943996429443
PPO_1,916320,entropy,-6.256815433502197
PPO_1,921840,entropy,-6.257537364959717
PPO_1,927360,entropy,-6.267798900604248
PPO_1,932880,entropy,-6.267166614532471
PPO_1,938400,entropy,-6.305615425109863
PPO_1,943920,entropy,-6.305205821990967
PPO_1,952200,entropy,-6.317246913909912
PPO_1,957720,entropy,-6.338126182556152
PPO_1,963240,entropy,-6.342099189758301
PPO_1,968760,entropy,-6.302525043487549
PPO_1,974280,entropy,-6.275857448577881
PPO_1,979800,entropy,-6.308636665344238
PPO_1,988080,entropy,-6.30450439453125
PPO_1,993600,entropy,-6.259859561920166
PPO_1,999120,entropy,-6.260345935821533
PPO_1,1004640,entropy,-6.2916483879089355
PPO_1,1010160,entropy,-6.2915239334106445
PPO_1,1015680,entropy,-6.365791320800781
PPO_1,1023960,entropy,-6.382449150085449
PPO_1,1029480,entropy,-6.392917633056641
PPO_1,1035000,entropy,-6.435921669006348
PPO_1,1040520,entropy,-6.459259033203125
PPO_1,1046040,entropy,-6.483930587768555
PPO_1,1051560,entropy,-6.497962474822998
PPO_1,1057080,entropy,-6.49563455581665
PPO_1,1065360,entropy,-6.48307991027832
PPO_1,1070880,entropy,-6.505791187286377
PPO_1,1076400,entropy,-6.506124496459961
PPO_1,1081920,entropy,-6.525503158569336
PPO_1,1087440,entropy,-6.525950908660889
PPO_1,1092960,entropy,-6.502445697784424
PPO_1,1101240,entropy,-6.496578216552734
PPO_1,1106760,entropy,-6.484741687774658
PPO_1,1112280,entropy,-6.486658096313477
PPO_1,1117800,entropy,-6.486649036407471
PPO_1,1123320,entropy,-6.480159759521484
PPO_1,1128840,entropy,-6.466465473175049
PPO_1,1137120,entropy,-6.4683966636657715
PPO_1,1142640,entropy,-6.468490123748779
PPO_1,1148160,entropy,-6.461673736572266
PPO_1,1153680,entropy,-6.461849212646484
PPO_1,1159200,entropy,-6.46766996383667
PPO_1,1164720,entropy,-6.467858791351318
PPO_1,1170240,entropy,-6.5044379234313965
PPO_1,1178520,entropy,-6.512845039367676
PPO_1,1184040,entropy,-6.5249924659729
PPO_1,1189560,entropy,-6.534455299377441
PPO_1,1195080,entropy,-6.551926612854004
PPO_1,1200600,entropy,-6.551211833953857
PPO_1,1206120,entropy,-6.54917573928833
PPO_1,1214400,entropy,-6.557488918304443
PPO_1,1219920,entropy,-6.557727336883545
PPO_1,1225440,entropy,-6.553530216217041
PPO_1,1230960,entropy,-6.554210662841797
PPO_1,1236480,entropy,-6.55419921875
PPO_1,1242000,entropy,-6.55483341217041
PPO_1,1250280,entropy,-6.5472731590271
PPO_1,1255800,entropy,-6.549378395080566
PPO_1,1261320,entropy,-6.5519185066223145
PPO_1,1266840,entropy,-6.5463433265686035
PPO_1,1272360,entropy,-6.543078899383545
PPO_1,1277880,entropy,-6.555059909820557
PPO_1,1283400,entropy,-6.565611839294434
PPO_1,1291680,entropy,-6.569599151611328
PPO_1,1297200,entropy,-6.57037353515625
PPO_1,1302720,entropy,-6.590292453765869
PPO_1,1308240,entropy,-6.592442512512207
PPO_1,1313760,entropy,-6.617425918579102
PPO_1,1319280,entropy,-6.6172685623168945
PPO_1,1327560,entropy,-6.628962993621826
PPO_1,1333080,entropy,-6.637475490570068
PPO_1,1338600,entropy,-6.645242691040039
PPO_1,1344120,entropy,-6.6637282371521
PPO_1,1349640,entropy,-6.674238204956055
PPO_1,1355160,entropy,-6.681695938110352
PPO_1,1363440,entropy,-6.686989784240723
PPO_1,1368960,entropy,-6.695131778717041
PPO_1,1374480,entropy,-6.6978888511657715
PPO_1,1380000,entropy,-6.701015472412109
PPO_1,1385520,entropy,-6.702620506286621
PPO_1,1391040,entropy,-6.712473392486572
PPO_1,1396560,entropy,-6.7135138511657715
PPO_1,1404840,entropy,-6.747063159942627
PPO_1,1410360,entropy,-6.748824119567871
PPO_1,1415880,entropy,-6.749879837036133
PPO_1,1421400,entropy,-6.754276752471924
PPO_1,1426920,entropy,-6.756198883056641
PPO_1,1432440,entropy,-6.764556407928467
PPO_1,1440720,entropy,-6.772867679595947
PPO_1,1446240,entropy,-6.780202865600586
PPO_1,1451760,entropy,-6.7799391746521
PPO_1,1457280,entropy,-6.77575159072876
PPO_1,1462800,entropy,-6.782211780548096
PPO_1,1468320,entropy,-6.787840366363525
PPO_1,1476600,entropy,-6.805304050445557
PPO_1,1482120,entropy,-6.813887596130371
PPO_1,1487640,entropy,-6.820471286773682
PPO_1,1493160,entropy,-6.824815273284912
PPO_1,1498680,entropy,-6.818010330200195
PPO_1,1504200,entropy,-6.818603038787842
PPO_1,1509720,entropy,-6.815155029296875
PPO_1,1518000,entropy,-6.812829971313477
PPO_1,1523520,entropy,-6.824090957641602
PPO_1,1529040,entropy,-6.837922096252441
PPO_1,1534560,entropy,-6.857478618621826
PPO_1,1540080,entropy,-6.859971523284912
PPO_1,1545600,entropy,-6.8631205558776855
PPO_1,1553880,entropy,-6.867990493774414
PPO_1,1559400,entropy,-6.872341156005859
PPO_1,1564920,entropy,-6.884651184082031
PPO_1,1570440,entropy,-6.896269798278809
PPO_1,1575960,entropy,-6.9101152420043945
PPO_1,1581480,entropy,-6.901095867156982
PPO_1,1589760,entropy,-6.913916110992432
PPO_1,1595280,entropy,-6.925790309906006
PPO_1,1600800,entropy,-6.926835060119629
PPO_1,1606320,entropy,-6.933681011199951
PPO_1,1611840,entropy,-6.9459991455078125
PPO_1,1617360,entropy,-6.947481155395508
PPO_1,1622880,entropy,-6.938304424285889
PPO_1,1631160,entropy,-6.9458441734313965
PPO_1,1636680,entropy,-6.945452690124512
PPO_1,1642200,entropy,-6.9693498611450195
PPO_1,1647720,entropy,-6.977133750915527
PPO_1,1653240,entropy,-6.999452114105225
PPO_1,1658760,entropy,-6.99749755859375
PPO_1,1667040,entropy,-7.026944637298584
PPO_1,1672560,entropy,-7.032783031463623
PPO_1,1678080,entropy,-7.0473127365112305
PPO_1,1683600,entropy,-7.067385673522949
PPO_1,1689120,entropy,-7.073817729949951
PPO_1,1694640,entropy,-7.076862335205078
PPO_1,1702920,entropy,-7.114366054534912
PPO_1,1708440,entropy,-7.106530666351318
PPO_1,1713960,entropy,-7.105381011962891
PPO_1,1719480,entropy,-7.122429370880127
PPO_1,1725000,entropy,-7.1421332359313965
PPO_1,1730520,entropy,-7.1500396728515625
PPO_1,1736040,entropy,-7.166438102722168
PPO_1,1744320,entropy,-7.177999019622803
PPO_1,1749840,entropy,-7.193631649017334
PPO_1,1755360,entropy,-7.199431419372559
PPO_1,1760880,entropy,-7.2179341316223145
PPO_1,1766400,entropy,-7.237255573272705
PPO_1,1771920,entropy,-7.261883735656738
PPO_1,1780200,entropy,-7.290503978729248
PPO_1,1785720,entropy,-7.311007022857666
PPO_1,1791240,entropy,-7.3217902183532715
PPO_1,1796760,entropy,-7.322026252746582
PPO_1,1802280,entropy,-7.32193660736084
PPO_1,1807800,entropy,-7.335635185241699
PPO_1,1816080,entropy,-7.33449649810791
PPO_1,1821600,entropy,-7.3495306968688965
PPO_1,1827120,entropy,-7.358724117279053
PPO_1,1832640,entropy,-7.351710319519043
PPO_1,1838160,entropy,-7.343013763427734
PPO_1,1843680,entropy,-7.347874164581299
PPO_1,1849200,entropy,-7.3842363357543945
PPO_1,1857480,entropy,-7.423308849334717
PPO_1,1863000,entropy,-7.464991092681885
PPO_1,1868520,entropy,-7.473513126373291
PPO_1,1874040,entropy,-7.465242385864258
PPO_1,1879560,entropy,-7.457442760467529
PPO_1,1885080,entropy,-7.468845367431641
PPO_1,1893360,entropy,-7.461038112640381
PPO_1,1898880,entropy,-7.44989013671875
PPO_1,1904400,entropy,-7.460479259490967
PPO_1,1909920,entropy,-7.469873905181885
PPO_1,1915440,entropy,-7.500399112701416
PPO_1,1920960,entropy,-7.5102739334106445
PPO_1,1929240,entropy,-7.519216537475586
PPO_1,1934760,entropy,-7.537448883056641
PPO_1,1940280,entropy,-7.541384220123291
PPO_1,1945800,entropy,-7.574888706207275
PPO_1,1951320,entropy,-7.598607540130615
PPO_1,1956840,entropy,-7.631840705871582
PPO_1,1962360,entropy,-7.646834850311279
PPO_1,1970640,entropy,-7.6483845710754395
PPO_1,1976160,entropy,-7.642721176147461
PPO_1,1981680,entropy,-7.654999732971191
PPO_1,1987200,entropy,-7.670670509338379
PPO_1,1992720,entropy,-7.684256553649902
PPO_1,1998240,entropy,-7.695363998413086
PPO_1,2006520,entropy,-7.7357659339904785
PPO_1,2012040,entropy,-7.722875595092773
PPO_1,2017560,entropy,-7.729302406311035
PPO_1,2023080,entropy,-7.7462615966796875
PPO_1,2028600,entropy,-7.797901153564453
PPO_1,2034120,entropy,-7.791682720184326
PPO_1,2042400,entropy,-7.821441650390625
PPO_1,2047920,entropy,-7.846283912658691
PPO_1,2053440,entropy,-7.861413955688477
PPO_1,2058960,entropy,-7.872507572174072
PPO_1,2064480,entropy,-7.8782830238342285
PPO_1,2070000,entropy,-7.905268669128418
PPO_1,2075520,entropy,-7.93077278137207
PPO_1,2083800,entropy,-7.941202640533447
PPO_1,2089320,entropy,-7.959654808044434
PPO_1,2094840,entropy,-7.958675861358643
PPO_1,2100360,entropy,-7.9792046546936035
PPO_1,2105880,entropy,-7.98753023147583
PPO_1,2111400,entropy,-7.997002601623535
PPO_1,2119680,entropy,-8.01452350616455
PPO_1,2125200,entropy,-8.029764175415039
PPO_1,2130720,entropy,-8.045247077941895
PPO_1,2136240,entropy,-8.047797203063965
PPO_1,2141760,entropy,-8.06107234954834
PPO_1,2147280,entropy,-8.073776245117188
PPO_1,2155560,entropy,-8.097953796386719
PPO_1,2161080,entropy,-8.116451263427734
PPO_1,2166600,entropy,-8.146273612976074
PPO_1,2172120,entropy,-8.143183708190918
PPO_1,2177640,entropy,-8.143533706665039
PPO_1,2183160,entropy,-8.168523788452148
PPO_1,2188680,entropy,-8.194138526916504
PPO_1,2196960,entropy,-8.230520248413086
PPO_1,2202480,entropy,-8.247570037841797
PPO_1,2208000,entropy,-8.268172264099121
PPO_1,2213520,entropy,-8.280710220336914
PPO_1,2219040,entropy,-8.293514251708984
PPO_1,2224560,entropy,-8.317358016967773
PPO_1,2232840,entropy,-8.337884902954102
PPO_1,2238360,entropy,-8.367032051086426
PPO_1,2243880,entropy,-8.370604515075684
PPO_1,2249400,entropy,-8.388306617736816
PPO_1,2254920,entropy,-8.409628868103027
PPO_1,2260440,entropy,-8.425126075744629
PPO_1,2268720,entropy,-8.436089515686035
PPO_1,2274240,entropy,-8.466344833374023
PPO_1,2279760,entropy,-8.479262351989746
PPO_1,2285280,entropy,-8.488605499267578
PPO_1,2290800,entropy,-8.509041786193848
PPO_1,2296320,entropy,-8.53235149383545
PPO_1,2301840,entropy,-8.528926849365234
PPO_1,2310120,entropy,-8.521424293518066
PPO_1,2315640,entropy,-8.537577629089355
PPO_1,2321160,entropy,-8.543981552124023
PPO_1,2326680,entropy,-8.56074047088623
PPO_1,2332200,entropy,-8.567534446716309
PPO_1,2337720,entropy,-8.551737785339355
PPO_1,2346000,entropy,-8.576709747314453
PPO_1,2351520,entropy,-8.608912467956543
PPO_1,2357040,entropy,-8.632803916931152
PPO_1,2362560,entropy,-8.647934913635254
PPO_1,2368080,entropy,-8.66340446472168
PPO_1,2373600,entropy,-8.68885326385498
PPO_1,2381880,entropy,-8.731806755065918
PPO_1,5520,approx_kl,0.0019042170606553555
PPO_1,11040,approx_kl,0.0011465221177786589
PPO_1,16560,approx_kl,0.002834659069776535
PPO_1,22080,approx_kl,0.0009445181931369007
PPO_1,27600,approx_kl,0.003994450438767672
PPO_1,33120,approx_kl,0.004445625003427267
PPO_1,38640,approx_kl,0.0036538175772875547
PPO_1,46920,approx_kl,0.000788121426012367
PPO_1,52440,approx_kl,0.0033193500712513924
PPO_1,57960,approx_kl,0.0004545062256511301
PPO_1,63480,approx_kl,0.00508680148050189
PPO_1,69000,approx_kl,0.0008470556349493563
PPO_1,74520,approx_kl,0.004119404591619968
PPO_1,82800,approx_kl,0.002337554469704628
PPO_1,88320,approx_kl,0.0029040907975286245
PPO_1,93840,approx_kl,0.005132631864398718
PPO_1,99360,approx_kl,0.004768740385770798
PPO_1,104880,approx_kl,0.0039978488348424435
PPO_1,110400,approx_kl,0.0009991287952288985
PPO_1,118680,approx_kl,0.003825424937531352
PPO_1,124200,approx_kl,0.0008416151977144182
PPO_1,129720,approx_kl,0.00487912492826581
PPO_1,135240,approx_kl,0.00048597963177599013
PPO_1,140760,approx_kl,0.0044012353755533695
PPO_1,146280,approx_kl,0.0003774115757551044
PPO_1,151800,approx_kl,0.004172106739133596
PPO_1,160080,approx_kl,0.003348730504512787
PPO_1,165600,approx_kl,0.0013194185448810458
PPO_1,171120,approx_kl,0.00012348691234365106
PPO_1,176640,approx_kl,0.00155316770542413
PPO_1,182160,approx_kl,0.0010031326673924923
PPO_1,187680,approx_kl,0.0010044937953352928
PPO_1,195960,approx_kl,0.002962361089885235
PPO_1,201480,approx_kl,0.0010600525420159101
PPO_1,207000,approx_kl,0.00332649820484221
PPO_1,212520,approx_kl,0.00022294062364380807
PPO_1,218040,approx_kl,0.003162943758070469
PPO_1,223560,approx_kl,0.0007556245545856655
PPO_1,231840,approx_kl,0.0005016987561248243
PPO_1,237360,approx_kl,0.0015202589565888047
PPO_1,242880,approx_kl,0.00060234748525545
PPO_1,248400,approx_kl,0.0004509911814238876
PPO_1,253920,approx_kl,0.0005837178905494511
PPO_1,259440,approx_kl,0.0024826033040881157
PPO_1,264960,approx_kl,0.0018683038651943207
PPO_1,273240,approx_kl,0.004703350830823183
PPO_1,278760,approx_kl,0.00015243818052113056
PPO_1,284280,approx_kl,0.0022858313750475645
PPO_1,289800,approx_kl,0.001325936638750136
PPO_1,295320,approx_kl,0.004247095435857773
PPO_1,300840,approx_kl,5.2449904615059495e-05
PPO_1,309120,approx_kl,0.0008761424687691033
PPO_1,314640,approx_kl,0.00022614728368353099
PPO_1,320160,approx_kl,0.0005564569146372378
PPO_1,325680,approx_kl,0.0006174109876155853
PPO_1,331200,approx_kl,0.0026603725273162127
PPO_1,336720,approx_kl,0.00020433236204553396
PPO_1,345000,approx_kl,6.379726983141154e-06
PPO_1,350520,approx_kl,0.004620217252522707
PPO_1,356040,approx_kl,0.0002997202973347157
PPO_1,361560,approx_kl,0.0037905042991042137
PPO_1,367080,approx_kl,0.0007507849368266761
PPO_1,372600,approx_kl,0.004585093818604946
PPO_1,378120,approx_kl,0.001231251168064773
PPO_1,386400,approx_kl,0.0019013868877664208
PPO_1,391920,approx_kl,0.0008903920534066856
PPO_1,397440,approx_kl,0.00010380482854088768
PPO_1,402960,approx_kl,0.001752029755152762
PPO_1,408480,approx_kl,0.0009714800980873406
PPO_1,414000,approx_kl,0.00018086990166921169
PPO_1,422280,approx_kl,0.0007416188600473106
PPO_1,427800,approx_kl,0.005708631128072739
PPO_1,433320,approx_kl,0.0004502462688833475
PPO_1,438840,approx_kl,0.005091073922812939
PPO_1,444360,approx_kl,0.0009651296422816813
PPO_1,449880,approx_kl,0.002840980887413025
PPO_1,458160,approx_kl,0.004259891342371702
PPO_1,463680,approx_kl,0.0003958855813834816
PPO_1,469200,approx_kl,0.0005600011791102588
PPO_1,474720,approx_kl,0.00022632816398981959
PPO_1,480240,approx_kl,0.0020924329292029142
PPO_1,485760,approx_kl,0.0012433131923899055
PPO_1,491280,approx_kl,0.001557201729156077
PPO_1,499560,approx_kl,4.9459238653071225e-05
PPO_1,505080,approx_kl,0.004986889660358429
PPO_1,510600,approx_kl,0.0002264601644128561
PPO_1,516120,approx_kl,0.003913725260645151
PPO_1,521640,approx_kl,0.000215851585380733
PPO_1,527160,approx_kl,0.0034306517336517572
PPO_1,535440,approx_kl,0.00016309744387399405
PPO_1,540960,approx_kl,0.0008386648842133582
PPO_1,546480,approx_kl,0.0002864755515474826
PPO_1,552000,approx_kl,0.000504499243106693
PPO_1,557520,approx_kl,0.0007331552915275097
PPO_1,563040,approx_kl,0.0008987782639451325
PPO_1,571320,approx_kl,0.003251853631809354
PPO_1,576840,approx_kl,7.908540283096954e-05
PPO_1,582360,approx_kl,0.006088564172387123
PPO_1,587880,approx_kl,1.1308922694297507e-05
PPO_1,593400,approx_kl,0.004125672392547131
PPO_1,598920,approx_kl,2.3607803086633794e-05
PPO_1,604440,approx_kl,0.0037490834947675467
PPO_1,612720,approx_kl,0.00011060858378186822
PPO_1,618240,approx_kl,0.0005134888342581689
PPO_1,623760,approx_kl,0.00014504969294648618
PPO_1,629280,approx_kl,0.00023938172671478242
PPO_1,634800,approx_kl,0.00036975680268369615
PPO_1,640320,approx_kl,0.0001837002782849595
PPO_1,648600,approx_kl,0.005688099190592766
PPO_1,654120,approx_kl,0.00011930125037906691
PPO_1,659640,approx_kl,0.003396621672436595
PPO_1,665160,approx_kl,2.825296724040527e-05
PPO_1,670680,approx_kl,0.0054388646967709064
PPO_1,676200,approx_kl,0.00027197712915949523
PPO_1,684480,approx_kl,0.0011027150321751833
PPO_1,690000,approx_kl,0.0001916610199259594
PPO_1,695520,approx_kl,0.00011510023614391685
PPO_1,701040,approx_kl,0.0005791267612949014
PPO_1,706560,approx_kl,0.00013660053082276136
PPO_1,712080,approx_kl,0.00019881268963217735
PPO_1,717600,approx_kl,0.00044121741666458547
PPO_1,725880,approx_kl,0.004381518345326185
PPO_1,731400,approx_kl,0.0001452725991839543
PPO_1,736920,approx_kl,0.005359875038266182
PPO_1,742440,approx_kl,4.496833207667805e-05
PPO_1,747960,approx_kl,0.006314451340585947
PPO_1,753480,approx_kl,3.266120620537549e-05
PPO_1,761760,approx_kl,0.0003416934050619602
PPO_1,767280,approx_kl,3.3544478355906904e-05
PPO_1,772800,approx_kl,0.00025630375603213906
PPO_1,778320,approx_kl,3.615665264078416e-05
PPO_1,783840,approx_kl,0.000345088163157925
PPO_1,789360,approx_kl,6.991226837271824e-05
PPO_1,797640,approx_kl,6.926983769517392e-05
PPO_1,803160,approx_kl,0.004656874109059572
PPO_1,808680,approx_kl,4.158627052675001e-05
PPO_1,814200,approx_kl,0.004967725370079279
PPO_1,819720,approx_kl,5.1675848226295784e-05
PPO_1,825240,approx_kl,0.0025461025070399046
PPO_1,830760,approx_kl,2.7971573217655532e-05
PPO_1,839040,approx_kl,6.649885472143069e-05
PPO_1,844560,approx_kl,9.45957435760647e-05
PPO_1,850080,approx_kl,8.304656512336805e-05
PPO_1,855600,approx_kl,0.0001146847425843589
PPO_1,861120,approx_kl,0.00023898087965790182
PPO_1,866640,approx_kl,0.00033908450859598815
PPO_1,874920,approx_kl,1.848266583692748e-05
PPO_1,880440,approx_kl,0.00461951270699501
PPO_1,885960,approx_kl,3.0316543416120112e-05
PPO_1,891480,approx_kl,0.0038273658137768507
PPO_1,897000,approx_kl,1.7543676221976057e-05
PPO_1,902520,approx_kl,0.005899997893720865
PPO_1,910800,approx_kl,1.368330413242802e-05
PPO_1,916320,approx_kl,0.000681356294080615
PPO_1,921840,approx_kl,5.3261890570865944e-05
PPO_1,927360,approx_kl,0.0010578249348327518
PPO_1,932880,approx_kl,1.3957982446299866e-05
PPO_1,938400,approx_kl,0.0001585965947015211
PPO_1,943920,approx_kl,1.9923414583900012e-05
PPO_1,952200,approx_kl,7.526447006966919e-06
PPO_1,957720,approx_kl,0.002877112478017807
PPO_1,963240,approx_kl,3.755524460302695e-07
PPO_1,968760,approx_kl,0.009280400350689888
PPO_1,974280,approx_kl,3.569281716409023e-06
PPO_1,979800,approx_kl,0.006051527801901102
PPO_1,988080,approx_kl,1.4342691656565876e-06
PPO_1,993600,approx_kl,0.00022201570391189307
PPO_1,999120,approx_kl,6.639438652200624e-07
PPO_1,1004640,approx_kl,2.14302654057974e-05
PPO_1,1010160,approx_kl,4.786728027283971e-07
PPO_1,1015680,approx_kl,2.7257205147179775e-05
PPO_1,1023960,approx_kl,0.00542296702042222
PPO_1,1029480,approx_kl,4.042749708332849e-07
PPO_1,1035000,approx_kl,0.0022293375805020332
PPO_1,1040520,approx_kl,8.33385271903353e-08
PPO_1,1046040,approx_kl,0.006934907287359238
PPO_1,1051560,approx_kl,5.1419803526187025e-08
PPO_1,1057080,approx_kl,0.002890462288632989
PPO_1,1065360,approx_kl,2.3377548075131926e-07
PPO_1,1070880,approx_kl,3.0678900202474324e-06
PPO_1,1076400,approx_kl,2.4014624955270847e-07
PPO_1,1081920,approx_kl,0.0001046527104335837
PPO_1,1087440,approx_kl,3.275879691955197e-07
PPO_1,1092960,approx_kl,7.110804290277883e-05
PPO_1,1101240,approx_kl,0.004725477192550898
PPO_1,1106760,approx_kl,3.6244375678506913e-07
PPO_1,1112280,approx_kl,0.0022528977133333683
PPO_1,1117800,approx_kl,1.0481130630068947e-06
PPO_1,1123320,approx_kl,0.004644530825316906
PPO_1,1128840,approx_kl,1.616236176005259e-07
PPO_1,1137120,approx_kl,3.3758795325411484e-05
PPO_1,1142640,approx_kl,2.224268200734514e-06
PPO_1,1148160,approx_kl,5.281195990392007e-05
PPO_1,1153680,approx_kl,2.097392552968813e-07
PPO_1,1159200,approx_kl,6.001280780765228e-06
PPO_1,1164720,approx_kl,1.1576042879823945e-06
PPO_1,1170240,approx_kl,1.1166951480845455e-05
PPO_1,1178520,approx_kl,0.00048539284034632146
PPO_1,1184040,approx_kl,1.3139800785211264e-06
PPO_1,1189560,approx_kl,0.00034505967050790787
PPO_1,1195080,approx_kl,4.931204671265732e-07
PPO_1,1200600,approx_kl,0.00037306026206351817
PPO_1,1206120,approx_kl,6.643110737059033e-07
PPO_1,1214400,approx_kl,5.3857806051382795e-05
PPO_1,1219920,approx_kl,6.252872708500945e-07
PPO_1,1225440,approx_kl,2.0635732198570622e-06
PPO_1,1230960,approx_kl,3.6597684811567888e-06
PPO_1,1236480,approx_kl,2.821662201313302e-05
PPO_1,1242000,approx_kl,9.361189768242184e-06
PPO_1,1250280,approx_kl,2.7145163130626315e-06
PPO_1,1255800,approx_kl,0.001812548958696425
PPO_1,1261320,approx_kl,1.7580563280716888e-06
PPO_1,1266840,approx_kl,0.0018776572542265058
PPO_1,1272360,approx_kl,4.329910098022083e-06
PPO_1,1277880,approx_kl,0.006200482603162527
PPO_1,1283400,approx_kl,1.0760560144262854e-05
PPO_1,1291680,approx_kl,8.050405995163601e-06
PPO_1,1297200,approx_kl,6.021105946274474e-06
PPO_1,1302720,approx_kl,1.633352985663805e-05
PPO_1,1308240,approx_kl,4.744216494145803e-05
PPO_1,1313760,approx_kl,1.1503242603794206e-05
PPO_1,1319280,approx_kl,1.6294312445097603e-05
PPO_1,1327560,approx_kl,1.9493418221827596e-05
PPO_1,1333080,approx_kl,0.0006451176595874131
PPO_1,1338600,approx_kl,3.4022697946056724e-05
PPO_1,1344120,approx_kl,0.0014926836593076587
PPO_1,1349640,approx_kl,1.1203103895240929e-05
PPO_1,1355160,approx_kl,0.00019006671209353954
PPO_1,1363440,approx_kl,2.4230497729149647e-05
PPO_1,1368960,approx_kl,7.549122528871521e-06
PPO_1,1374480,approx_kl,2.424496597086545e-05
PPO_1,1380000,approx_kl,1.809797868190799e-05
PPO_1,1385520,approx_kl,3.2533360354136676e-05
PPO_1,1391040,approx_kl,1.3571890121966135e-05
PPO_1,1396560,approx_kl,3.380376074346714e-05
PPO_1,1404840,approx_kl,3.7331879866542295e-05
PPO_1,1410360,approx_kl,7.336575799854472e-05
PPO_1,1415880,approx_kl,8.111889655992854e-06
PPO_1,1421400,approx_kl,0.000270134856691584
PPO_1,1426920,approx_kl,4.011906639789231e-05
PPO_1,1432440,approx_kl,0.0001241576683241874
PPO_1,1440720,approx_kl,2.9210661523393355e-05
PPO_1,1446240,approx_kl,9.108906851906795e-06
PPO_1,1451760,approx_kl,2.8698836104013026e-05
PPO_1,1457280,approx_kl,4.3174150050617754e-05
PPO_1,1462800,approx_kl,3.5818226024275646e-05
PPO_1,1468320,approx_kl,5.4882617405382916e-05
PPO_1,1476600,approx_kl,0.00010972320887958631
PPO_1,1482120,approx_kl,4.686717602453427e-06
PPO_1,1487640,approx_kl,0.00017535981896799058
PPO_1,1493160,approx_kl,2.020038118644152e-05
PPO_1,1498680,approx_kl,2.1405581719591282e-05
PPO_1,1504200,approx_kl,2.3281208996195346e-05
PPO_1,1509720,approx_kl,0.0001968882279470563
PPO_1,1518000,approx_kl,7.696590182604268e-05
PPO_1,1523520,approx_kl,6.586108065675944e-05
PPO_1,1529040,approx_kl,9.808767208596691e-05
PPO_1,1534560,approx_kl,0.0001486898836446926
PPO_1,1540080,approx_kl,0.00011270607501501217
PPO_1,1545600,approx_kl,4.7675639507360756e-05
PPO_1,1553880,approx_kl,2.534517079766374e-05
PPO_1,1559400,approx_kl,4.3724907300202176e-05
PPO_1,1564920,approx_kl,2.458410926919896e-05
PPO_1,1570440,approx_kl,1.5510531738982536e-05
PPO_1,1575960,approx_kl,0.0001414155849488452
PPO_1,1581480,approx_kl,5.5198222980834544e-05
PPO_1,1589760,approx_kl,0.00014993728836998343
PPO_1,1595280,approx_kl,6.71216330374591e-05
PPO_1,1600800,approx_kl,4.891841672360897e-05
PPO_1,1606320,approx_kl,0.0001235083764186129
PPO_1,1611840,approx_kl,9.349241736344993e-05
PPO_1,1617360,approx_kl,8.718107710592449e-05
PPO_1,1622880,approx_kl,0.00024351310275960714
PPO_1,1631160,approx_kl,1.0440854566695634e-05
PPO_1,1636680,approx_kl,3.832243965007365e-05
PPO_1,1642200,approx_kl,1.728329516481608e-05
PPO_1,1647720,approx_kl,4.2257077438989654e-05
PPO_1,1653240,approx_kl,3.165984890074469e-05
PPO_1,1658760,approx_kl,2.22615144593874e-05
PPO_1,1667040,approx_kl,6.307240983005613e-05
PPO_1,1672560,approx_kl,0.0001427394599886611
PPO_1,1678080,approx_kl,0.00029755718423984945
PPO_1,1683600,approx_kl,0.0003098559973295778
PPO_1,1689120,approx_kl,0.0001828186068451032
PPO_1,1694640,approx_kl,0.00010036065941676497
PPO_1,1702920,approx_kl,2.828646574926097e-05
PPO_1,1708440,approx_kl,0.0002163122408092022
PPO_1,1713960,approx_kl,4.514956890488975e-05
PPO_1,1719480,approx_kl,6.447235591622302e-06
PPO_1,1725000,approx_kl,6.907448550919071e-05
PPO_1,1730520,approx_kl,4.090982474735938e-05
PPO_1,1736040,approx_kl,0.00010472229769220576
PPO_1,1744320,approx_kl,0.00020666159980464727
PPO_1,1749840,approx_kl,0.0002672740665730089
PPO_1,1755360,approx_kl,8.74156758072786e-05
PPO_1,1760880,approx_kl,0.00016723074077162892
PPO_1,1766400,approx_kl,0.00022911361884325743
PPO_1,1771920,approx_kl,6.91864188411273e-05
PPO_1,1780200,approx_kl,3.4349508496234193e-05
PPO_1,1785720,approx_kl,6.361435680446448e-06
PPO_1,1791240,approx_kl,1.437089576938888e-05
PPO_1,1796760,approx_kl,3.6562262266670587e-06
PPO_1,1802280,approx_kl,4.6278921217890456e-05
PPO_1,1807800,approx_kl,1.6548798157600686e-05
PPO_1,1816080,approx_kl,0.00016054186562541872
PPO_1,1821600,approx_kl,0.00047862346400506794
PPO_1,1827120,approx_kl,0.00011578776320675388
PPO_1,1832640,approx_kl,4.293977326597087e-05
PPO_1,1838160,approx_kl,0.0002524500014260411
PPO_1,1843680,approx_kl,0.00039599082083441317
PPO_1,1849200,approx_kl,0.0004612369230017066
PPO_1,1857480,approx_kl,2.6771449483931065e-05
PPO_1,1863000,approx_kl,2.049341674137395e-05
PPO_1,1868520,approx_kl,2.019131170527544e-05
PPO_1,1874040,approx_kl,5.484361736307619e-06
PPO_1,1879560,approx_kl,5.511645576916635e-05
PPO_1,1885080,approx_kl,6.1131472648412455e-06
PPO_1,1893360,approx_kl,0.0004316327685955912
PPO_1,1898880,approx_kl,0.00011709218233590946
PPO_1,1904400,approx_kl,0.00014545379963237792
PPO_1,1909920,approx_kl,0.00031155181932263076
PPO_1,1915440,approx_kl,0.00032654605456627905
PPO_1,1920960,approx_kl,2.9600380003103055e-05
PPO_1,1929240,approx_kl,1.014455938275205e-05
PPO_1,1934760,approx_kl,3.752581324079074e-05
PPO_1,1940280,approx_kl,1.739518302201759e-05
PPO_1,1945800,approx_kl,3.9887170714791864e-05
PPO_1,1951320,approx_kl,9.80559070740128e-06
PPO_1,1956840,approx_kl,9.057165152626112e-05
PPO_1,1962360,approx_kl,7.374943379545584e-05
PPO_1,1970640,approx_kl,5.6775432312861085e-05
PPO_1,1976160,approx_kl,6.189333362272009e-05
PPO_1,1981680,approx_kl,0.0001224847073899582
PPO_1,1987200,approx_kl,0.00025329922209493816
PPO_1,1992720,approx_kl,0.00012982870975974947
PPO_1,1998240,approx_kl,7.199910760391504e-05
PPO_1,2006520,approx_kl,8.788401828496717e-06
PPO_1,2012040,approx_kl,5.701089321519248e-05
PPO_1,2017560,approx_kl,3.767207772398251e-06
PPO_1,2023080,approx_kl,5.245158899924718e-05
PPO_1,2028600,approx_kl,1.8119659216608852e-05
PPO_1,2034120,approx_kl,2.8595197363756597e-05
PPO_1,2042400,approx_kl,0.000165310557349585
PPO_1,2047920,approx_kl,0.0003687356656882912
PPO_1,2053440,approx_kl,3.1765906896907836e-05
PPO_1,2058960,approx_kl,0.00016893992142286152
PPO_1,2064480,approx_kl,6.244609539862722e-05
PPO_1,2070000,approx_kl,0.0003900428710039705
PPO_1,2075520,approx_kl,0.00012384042202029377
PPO_1,2083800,approx_kl,1.1732073289749678e-05
PPO_1,2089320,approx_kl,1.8202523278887384e-05
PPO_1,2094840,approx_kl,4.3115537664562e-06
PPO_1,2100360,approx_kl,6.59124125377275e-05
PPO_1,2105880,approx_kl,3.7158313261898e-06
PPO_1,2111400,approx_kl,9.867829248833004e-06
PPO_1,2119680,approx_kl,0.00022437651932705194
PPO_1,2125200,approx_kl,0.00030974906985647976
PPO_1,2130720,approx_kl,3.799573823926039e-05
PPO_1,2136240,approx_kl,0.00011396365152904764
PPO_1,2141760,approx_kl,4.4557105866260827e-05
PPO_1,2147280,approx_kl,8.231570245698094e-05
PPO_1,2155560,approx_kl,3.4169075661338866e-05
PPO_1,2161080,approx_kl,2.353828494960908e-05
PPO_1,2166600,approx_kl,4.3579802877502516e-05
PPO_1,2172120,approx_kl,6.203914836078184e-06
PPO_1,2177640,approx_kl,2.3213893655338325e-05
PPO_1,2183160,approx_kl,1.2819404219044372e-05
PPO_1,2188680,approx_kl,5.677957597072236e-05
PPO_1,2196960,approx_kl,0.00015966004866641015
PPO_1,2202480,approx_kl,0.00020937813678756356
PPO_1,2208000,approx_kl,4.468947008717805e-05
PPO_1,2213520,approx_kl,0.00012102879554731771
PPO_1,2219040,approx_kl,0.0001402669004164636
PPO_1,2224560,approx_kl,0.00033942077425308526
PPO_1,2232840,approx_kl,2.5889947210089304e-05
PPO_1,2238360,approx_kl,1.3653975656779949e-05
PPO_1,2243880,approx_kl,3.507642759359442e-05
PPO_1,2249400,approx_kl,1.345590044365963e-05
PPO_1,2254920,approx_kl,4.0035014535533264e-05
PPO_1,2260440,approx_kl,7.221167834359221e-06
PPO_1,2268720,approx_kl,0.00043891603127121925
PPO_1,2274240,approx_kl,6.0290312831057236e-06
PPO_1,2279760,approx_kl,6.658666097791865e-05
PPO_1,2285280,approx_kl,1.473776592320064e-05
PPO_1,2290800,approx_kl,0.000703886616975069
PPO_1,2296320,approx_kl,6.837775435997173e-05
PPO_1,2301840,approx_kl,0.0002616243145894259
PPO_1,2310120,approx_kl,2.6918904040940106e-05
PPO_1,2315640,approx_kl,1.8104112314176746e-05
PPO_1,2321160,approx_kl,2.1531013771891594e-05
PPO_1,2326680,approx_kl,3.068429577979259e-06
PPO_1,2332200,approx_kl,2.2860411263536662e-05
PPO_1,2337720,approx_kl,3.428958370932378e-05
PPO_1,2346000,approx_kl,0.0004892299766652286
PPO_1,2351520,approx_kl,3.179119448759593e-05
PPO_1,2357040,approx_kl,0.000408566469559446
PPO_1,2362560,approx_kl,1.632651219551917e-05
PPO_1,2368080,approx_kl,0.0004621284024324268
PPO_1,2373600,approx_kl,2.6984751457348466e-05
PPO_1,2381880,approx_kl,1.2740903912344947e-05
PPO_1,5520,std,1.0067716836929321
PPO_1,11040,std,0.9990296363830566
PPO_1,16560,std,1.0021589994430542
PPO_1,22080,std,0.9936563372612
PPO_1,27600,std,0.9942665100097656
PPO_1,33120,std,1.0023106336593628
PPO_1,38640,std,1.0048574209213257
PPO_1,46920,std,1.0276614427566528
PPO_1,52440,std,1.0084792375564575
PPO_1,57960,std,1.0072393417358398
PPO_1,63480,std,0.9984024167060852
PPO_1,69000,std,0.9975805282592773
PPO_1,74520,std,1.0008708238601685
PPO_1,82800,std,1.0017362833023071
PPO_1,88320,std,1.0066198110580444
PPO_1,93840,std,1.0142290592193604
PPO_1,99360,std,1.0135244131088257
PPO_1,104880,std,1.0149530172348022
PPO_1,110400,std,1.0235596895217896
PPO_1,118680,std,1.0287576913833618
PPO_1,124200,std,1.0293900966644287
PPO_1,129720,std,1.0286974906921387
PPO_1,135240,std,1.0265254974365234
PPO_1,140760,std,1.036502718925476
PPO_1,146280,std,1.0399922132492065
PPO_1,151800,std,1.0491949319839478
PPO_1,160080,std,1.058374285697937
PPO_1,165600,std,1.066412329673767
PPO_1,171120,std,1.070243239402771
PPO_1,176640,std,1.079686164855957
PPO_1,182160,std,1.0832226276397705
PPO_1,187680,std,1.0935933589935303
PPO_1,195960,std,1.10836660861969
PPO_1,201480,std,1.1109650135040283
PPO_1,207000,std,1.120214581489563
PPO_1,212520,std,1.1235032081604004
PPO_1,218040,std,1.1409201622009277
PPO_1,223560,std,1.1450672149658203
PPO_1,231840,std,1.1516506671905518
PPO_1,237360,std,1.1496857404708862
PPO_1,242880,std,1.1445554494857788
PPO_1,248400,std,1.147100806236267
PPO_1,253920,std,1.1580003499984741
PPO_1,259440,std,1.1598020792007446
PPO_1,264960,std,1.1638633012771606
PPO_1,273240,std,1.1562608480453491
PPO_1,278760,std,1.1569714546203613
PPO_1,284280,std,1.1864835023880005
PPO_1,289800,std,1.1891306638717651
PPO_1,295320,std,1.185897707939148
PPO_1,300840,std,1.188862919807434
PPO_1,309120,std,1.1913375854492188
PPO_1,314640,std,1.1949082612991333
PPO_1,320160,std,1.188399314880371
PPO_1,325680,std,1.191717267036438
PPO_1,331200,std,1.2031193971633911
PPO_1,336720,std,1.2049819231033325
PPO_1,345000,std,1.2212482690811157
PPO_1,350520,std,1.2458431720733643
PPO_1,356040,std,1.2529487609863281
PPO_1,361560,std,1.2836942672729492
PPO_1,367080,std,1.2850227355957031
PPO_1,372600,std,1.2855368852615356
PPO_1,378120,std,1.2837419509887695
PPO_1,386400,std,1.3022650480270386
PPO_1,391920,std,1.3035396337509155
PPO_1,397440,std,1.3235355615615845
PPO_1,402960,std,1.3289873600006104
PPO_1,408480,std,1.3358335494995117
PPO_1,414000,std,1.3371700048446655
PPO_1,422280,std,1.333901047706604
PPO_1,427800,std,1.3476123809814453
PPO_1,433320,std,1.352084755897522
PPO_1,438840,std,1.3212907314300537
PPO_1,444360,std,1.3195916414260864
PPO_1,449880,std,1.3142733573913574
PPO_1,458160,std,1.3111313581466675
PPO_1,463680,std,1.3097591400146484
PPO_1,469200,std,1.316219687461853
PPO_1,474720,std,1.3150707483291626
PPO_1,480240,std,1.3156143426895142
PPO_1,485760,std,1.3249002695083618
PPO_1,491280,std,1.32760488986969
PPO_1,499560,std,1.3338218927383423
PPO_1,505080,std,1.3893448114395142
PPO_1,510600,std,1.3940728902816772
PPO_1,516120,std,1.4144906997680664
PPO_1,521640,std,1.4201483726501465
PPO_1,527160,std,1.4364067316055298
PPO_1,535440,std,1.4401708841323853
PPO_1,540960,std,1.4765167236328125
PPO_1,546480,std,1.4834789037704468
PPO_1,552000,std,1.5227051973342896
PPO_1,557520,std,1.5261240005493164
PPO_1,563040,std,1.5426321029663086
PPO_1,571320,std,1.5780631303787231
PPO_1,576840,std,1.5838842391967773
PPO_1,582360,std,1.6214784383773804
PPO_1,587880,std,1.6206151247024536
PPO_1,593400,std,1.6078248023986816
PPO_1,598920,std,1.6131216287612915
PPO_1,604440,std,1.6085577011108398
PPO_1,612720,std,1.6102920770645142
PPO_1,618240,std,1.6433995962142944
PPO_1,623760,std,1.6444803476333618
PPO_1,629280,std,1.6028705835342407
PPO_1,634800,std,1.6060978174209595
PPO_1,640320,std,1.6142162084579468
PPO_1,648600,std,1.595855712890625
PPO_1,654120,std,1.5942333936691284
PPO_1,659640,std,1.6167196035385132
PPO_1,665160,std,1.6240110397338867
PPO_1,670680,std,1.6380141973495483
PPO_1,676200,std,1.6386016607284546
PPO_1,684480,std,1.658453345298767
PPO_1,690000,std,1.661877989768982
PPO_1,695520,std,1.6812068223953247
PPO_1,701040,std,1.6803923845291138
PPO_1,706560,std,1.704802393913269
PPO_1,712080,std,1.7050777673721313
PPO_1,717600,std,1.731013298034668
PPO_1,725880,std,1.7405363321304321
PPO_1,731400,std,1.7450882196426392
PPO_1,736920,std,1.7629510164260864
PPO_1,742440,std,1.7635407447814941
PPO_1,747960,std,1.7434097528457642
PPO_1,753480,std,1.7434707880020142
PPO_1,761760,std,1.7504366636276245
PPO_1,767280,std,1.7545660734176636
PPO_1,772800,std,1.7815850973129272
PPO_1,778320,std,1.7813657522201538
PPO_1,783840,std,1.7959837913513184
PPO_1,789360,std,1.8004250526428223
PPO_1,797640,std,1.8412985801696777
PPO_1,803160,std,1.8775039911270142
PPO_1,808680,std,1.87579345703125
PPO_1,814200,std,1.8808358907699585
PPO_1,819720,std,1.8787498474121094
PPO_1,825240,std,1.8778024911880493
PPO_1,830760,std,1.8780819177627563
PPO_1,839040,std,1.867395281791687
PPO_1,844560,std,1.8705707788467407
PPO_1,850080,std,1.887132167816162
PPO_1,855600,std,1.8930050134658813
PPO_1,861120,std,1.8954912424087524
PPO_1,866640,std,1.8996015787124634
PPO_1,874920,std,1.9266023635864258
PPO_1,880440,std,1.9309879541397095
PPO_1,885960,std,1.9326330423355103
PPO_1,891480,std,1.955648422241211
PPO_1,897000,std,1.9570223093032837
PPO_1,902520,std,2.0065503120422363
PPO_1,910800,std,2.0135207176208496
PPO_1,916320,std,1.985571026802063
PPO_1,921840,std,1.986000418663025
PPO_1,927360,std,1.9976164102554321
PPO_1,932880,std,1.9984025955200195
PPO_1,938400,std,2.0231893062591553
PPO_1,943920,std,2.022911310195923
PPO_1,952200,std,2.033043622970581
PPO_1,957720,std,2.0579309463500977
PPO_1,963240,std,2.0593528747558594
PPO_1,968760,std,2.0201988220214844
PPO_1,974280,std,2.0181143283843994
PPO_1,979800,std,2.0398082733154297
PPO_1,988080,std,2.03926682472229
PPO_1,993600,std,2.014521360397339
PPO_1,999120,std,2.0146148204803467
PPO_1,1004640,std,2.040834426879883
PPO_1,1010160,std,2.0408613681793213
PPO_1,1015680,std,2.096231698989868
PPO_1,1023960,std,2.1185147762298584
PPO_1,1029480,std,2.118846893310547
PPO_1,1035000,std,2.165652275085449
PPO_1,1040520,std,2.1662235260009766
PPO_1,1046040,std,2.1930949687957764
PPO_1,1051560,std,2.1933670043945312
PPO_1,1057080,std,2.195870876312256
PPO_1,1065360,std,2.194225549697876
PPO_1,1070880,std,2.2159204483032227
PPO_1,1076400,std,2.2160892486572266
PPO_1,1081920,std,2.230771541595459
PPO_1,1087440,std,2.2308263778686523
PPO_1,1092960,std,2.2169010639190674
PPO_1,1101240,std,2.206195831298828
PPO_1,1106760,std,2.204798936843872
PPO_1,1112280,std,2.209127426147461
PPO_1,1117800,std,2.2090260982513428
PPO_1,1123320,std,2.202073574066162
PPO_1,1128840,std,2.2005927562713623
PPO_1,1137120,std,2.2020034790039062
PPO_1,1142640,std,2.2020883560180664
PPO_1,1148160,std,2.196265935897827
PPO_1,1153680,std,2.1963584423065186
PPO_1,1159200,std,2.1995465755462646
PPO_1,1164720,std,2.1994283199310303
PPO_1,1170240,std,2.2230851650238037
PPO_1,1178520,std,2.2346231937408447
PPO_1,1184040,std,2.236501693725586
PPO_1,1189560,std,2.2518599033355713
PPO_1,1195080,std,2.255075216293335
PPO_1,1200600,std,2.2540907859802246
PPO_1,1206120,std,2.253936529159546
PPO_1,1214400,std,2.263441324234009
PPO_1,1219920,std,2.263636589050293
PPO_1,1225440,std,2.2620954513549805
PPO_1,1230960,std,2.263002634048462
PPO_1,1236480,std,2.267350673675537
PPO_1,1242000,std,2.268315315246582
PPO_1,1250280,std,2.260706901550293
PPO_1,1255800,std,2.2669684886932373
PPO_1,1261320,std,2.267129898071289
PPO_1,1266840,std,2.262603521347046
PPO_1,1272360,std,2.263369560241699
PPO_1,1277880,std,2.2820377349853516
PPO_1,1283400,std,2.284292221069336
PPO_1,1291680,std,2.2894468307495117
PPO_1,1297200,std,2.2911252975463867
PPO_1,1302720,std,2.303516387939453
PPO_1,1308240,std,2.304957389831543
PPO_1,1313760,std,2.321683645248413
PPO_1,1319280,std,2.3216092586517334
PPO_1,1327560,std,2.3398258686065674
PPO_1,1333080,std,2.349590539932251
PPO_1,1338600,std,2.3516266345977783
PPO_1,1344120,std,2.370506525039673
PPO_1,1349640,std,2.371314287185669
PPO_1,1355160,std,2.3778064250946045
PPO_1,1363440,std,2.378286600112915
PPO_1,1368960,std,2.3830177783966064
PPO_1,1374480,std,2.3850338459014893
PPO_1,1380000,std,2.3838067054748535
PPO_1,1385520,std,2.387699842453003
PPO_1,1391040,std,2.3949625492095947
PPO_1,1396560,std,2.397707223892212
PPO_1,1404840,std,2.4205880165100098
PPO_1,1410360,std,2.4215762615203857
PPO_1,1415880,std,2.4208552837371826
PPO_1,1421400,std,2.4310507774353027
PPO_1,1426920,std,2.4322774410247803
PPO_1,1432440,std,2.440589427947998
PPO_1,1440720,std,2.4441089630126953
PPO_1,1446240,std,2.447657346725464
PPO_1,1451760,std,2.4477779865264893
PPO_1,1457280,std,2.448490858078003
PPO_1,1462800,std,2.4486730098724365
PPO_1,1468320,std,2.450547933578491
PPO_1,1476600,std,2.4659712314605713
PPO_1,1482120,std,2.470452070236206
PPO_1,1487640,std,2.473655939102173
PPO_1,1493160,std,2.4753682613372803
PPO_1,1498680,std,2.4682652950286865
PPO_1,1504200,std,2.471130609512329
PPO_1,1509720,std,2.467229127883911
PPO_1,1518000,std,2.4729135036468506
PPO_1,1523520,std,2.4839484691619873
PPO_1,1529040,std,2.49928879737854
PPO_1,1534560,std,2.5122439861297607
PPO_1,1540080,std,2.5097157955169678
PPO_1,1545600,std,2.513092279434204
PPO_1,1553880,std,2.521247625350952
PPO_1,1559400,std,2.5285425186157227
PPO_1,1564920,std,2.5460455417633057
PPO_1,1570440,std,2.555755853652954
PPO_1,1575960,std,2.5719196796417236
PPO_1,1581480,std,2.566101312637329
PPO_1,1589760,std,2.5737998485565186
PPO_1,1595280,std,2.5840437412261963
PPO_1,1600800,std,2.5776479244232178
PPO_1,1606320,std,2.588524103164673
PPO_1,1611840,std,2.5923850536346436
PPO_1,1617360,std,2.5877535343170166
PPO_1,1622880,std,2.5807621479034424
PPO_1,1631160,std,2.5871639251708984
PPO_1,1636680,std,2.589430093765259
PPO_1,1642200,std,2.604935884475708
PPO_1,1647720,std,2.6150641441345215
PPO_1,1653240,std,2.6293599605560303
PPO_1,1658760,std,2.6291563510894775
PPO_1,1667040,std,2.653325319290161
PPO_1,1672560,std,2.6618709564208984
PPO_1,1678080,std,2.674670934677124
PPO_1,1683600,std,2.678037643432617
PPO_1,1689120,std,2.6897213459014893
PPO_1,1694640,std,2.6862564086914062
PPO_1,1702920,std,2.7231807708740234
PPO_1,1708440,std,2.7165400981903076
PPO_1,1713960,std,2.715256929397583
PPO_1,1719480,std,2.7362782955169678
PPO_1,1725000,std,2.7531166076660156
PPO_1,1730520,std,2.7711565494537354
PPO_1,1736040,std,2.7863330841064453
PPO_1,1744320,std,2.7937123775482178
PPO_1,1749840,std,2.798065185546875
PPO_1,1755360,std,2.8085620403289795
PPO_1,1760880,std,2.836273431777954
PPO_1,1766400,std,2.861414909362793
PPO_1,1771920,std,2.881723403930664
PPO_1,1780200,std,2.9071872234344482
PPO_1,1785720,std,2.931513786315918
PPO_1,1791240,std,2.942479372024536
PPO_1,1796760,std,2.9445297718048096
PPO_1,1802280,std,2.9299943447113037
PPO_1,1807800,std,2.9487600326538086
PPO_1,1816080,std,2.9472262859344482
PPO_1,1821600,std,2.9563229084014893
PPO_1,1827120,std,2.9500339031219482
PPO_1,1832640,std,2.9443531036376953
PPO_1,1838160,std,2.933952569961548
PPO_1,1843680,std,2.9697933197021484
PPO_1,1849200,std,2.999469041824341
PPO_1,1857480,std,3.0082225799560547
PPO_1,1863000,std,3.0509016513824463
PPO_1,1868520,std,3.057460069656372
PPO_1,1874040,std,3.0448224544525146
PPO_1,1879560,std,3.0317656993865967
PPO_1,1885080,std,3.043985605239868
PPO_1,1893360,std,3.0298421382904053
PPO_1,1898880,std,3.03692889213562
PPO_1,1904400,std,3.039121627807617
PPO_1,1909920,std,3.067577362060547
PPO_1,1915440,std,3.0856893062591553
PPO_1,1920960,std,3.090632200241089
PPO_1,1929240,std,3.0995190143585205
PPO_1,1934760,std,3.116992712020874
PPO_1,1940280,std,3.1160974502563477
PPO_1,1945800,std,3.1495180130004883
PPO_1,1951320,std,3.171452283859253
PPO_1,1956840,std,3.2002296447753906
PPO_1,1962360,std,3.2296183109283447
PPO_1,1970640,std,3.2136943340301514
PPO_1,1976160,std,3.2156105041503906
PPO_1,1981680,std,3.2374351024627686
PPO_1,1987200,std,3.24676251411438
PPO_1,1992720,std,3.2562859058380127
PPO_1,1998240,std,3.271430730819702
PPO_1,2006520,std,3.313985586166382
PPO_1,2012040,std,3.3045408725738525
PPO_1,2017560,std,3.3135242462158203
PPO_1,2023080,std,3.3332691192626953
PPO_1,2028600,std,3.3864924907684326
PPO_1,2034120,std,3.385767698287964
PPO_1,2042400,std,3.4381754398345947
PPO_1,2047920,std,3.4712493419647217
PPO_1,2053440,std,3.483477830886841
PPO_1,2058960,std,3.485461473464966
PPO_1,2064480,std,3.4995086193084717
PPO_1,2070000,std,3.540712356567383
PPO_1,2075520,std,3.554852247238159
PPO_1,2083800,std,3.564708709716797
PPO_1,2089320,std,3.579416036605835
PPO_1,2094840,std,3.573307752609253
PPO_1,2100360,std,3.59932541847229
PPO_1,2105880,std,3.609156847000122
PPO_1,2111400,std,3.623852014541626
PPO_1,2119680,std,3.6486828327178955
PPO_1,2125200,std,3.686206102371216
PPO_1,2130720,std,3.6812140941619873
PPO_1,2136240,std,3.706934690475464
PPO_1,2141760,std,3.719719886779785
PPO_1,2147280,std,3.743121385574341
PPO_1,2155560,std,3.7636992931365967
PPO_1,2161080,std,3.7940399646759033
PPO_1,2166600,std,3.8338515758514404
PPO_1,2172120,std,3.826854944229126
PPO_1,2177640,std,3.825559616088867
PPO_1,2183160,std,3.8614494800567627
PPO_1,2188680,std,3.9009392261505127
PPO_1,2196960,std,3.949742317199707
PPO_1,2202480,std,3.982510805130005
PPO_1,2208000,std,3.99442458152771
PPO_1,2213520,std,4.016681671142578
PPO_1,2219040,std,4.033041477203369
PPO_1,2224560,std,4.081997394561768
PPO_1,2232840,std,4.095492362976074
PPO_1,2238360,std,4.13272762298584
PPO_1,2243880,std,4.144932270050049
PPO_1,2249400,std,4.161204814910889
PPO_1,2254920,std,4.19679069519043
PPO_1,2260440,std,4.215634822845459
PPO_1,2268720,std,4.248630046844482
PPO_1,2274240,std,4.26563024520874
PPO_1,2279760,std,4.291627883911133
PPO_1,2285280,std,4.302052974700928
PPO_1,2290800,std,4.339181423187256
PPO_1,2296320,std,4.3622355461120605
PPO_1,2301840,std,4.3290863037109375
PPO_1,2310120,std,4.344754219055176
PPO_1,2315640,std,4.371416091918945
PPO_1,2321160,std,4.373724460601807
PPO_1,2326680,std,4.39384651184082
PPO_1,2332200,std,4.401520729064941
PPO_1,2337720,std,4.35853910446167
PPO_1,2346000,std,4.4307990074157715
PPO_1,2351520,std,4.456544876098633
PPO_1,2357040,std,4.488803386688232
PPO_1,2362560,std,4.4936418533325195
PPO_1,2368080,std,4.548861980438232
PPO_1,2373600,std,4.5688557624816895
PPO_1,2381880,std,4.631677150726318
PPO_2,11040,reward,-190695.265625
PPO_2,13800,reward,-190695.265625
PPO_2,16560,reward,-190695.265625
PPO_2,19320,reward,-190695.265625
PPO_2,22080,reward,-190831.09375
PPO_2,24840,reward,-190831.09375
PPO_2,27600,reward,-190831.09375
PPO_2,30360,reward,-190831.09375
PPO_2,33120,reward,-190616.625
PPO_2,38640,reward,-190616.625
PPO_2,41400,reward,-190616.625
PPO_2,44160,reward,-190484.375
PPO_2,46920,reward,-190484.375
PPO_2,49680,reward,-190484.375
PPO_2,52440,reward,-190484.375
PPO_2,55200,reward,-190526.21875
PPO_2,57960,reward,-190526.21875
PPO_2,60720,reward,-190526.21875
PPO_2,66240,reward,-190644.90625
PPO_2,69000,reward,-190644.90625
PPO_2,71760,reward,-190644.90625
PPO_2,74520,reward,-190644.90625
PPO_2,77280,reward,-190723.796875
PPO_2,80040,reward,-190723.796875
PPO_2,82800,reward,-190723.796875
PPO_2,85560,reward,-190723.796875
PPO_2,88320,reward,-190880.3125
PPO_2,93840,reward,-190880.3125
PPO_2,96600,reward,-190880.3125
PPO_2,99360,reward,-190912.984375
PPO_2,102120,reward,-190912.984375
PPO_2,104880,reward,-190912.984375
PPO_2,107640,reward,-190912.984375
PPO_2,110400,reward,-190981.40625
PPO_2,113160,reward,-190981.40625
PPO_2,115920,reward,-190981.40625
PPO_2,121440,reward,-190932.125
PPO_2,124200,reward,-190932.125
PPO_2,126960,reward,-190932.125
PPO_2,129720,reward,-190932.125
PPO_2,132480,reward,-191027.390625
PPO_2,135240,reward,-191027.390625
PPO_2,138000,reward,-191027.390625
PPO_2,140760,reward,-191027.390625
PPO_2,143520,reward,-191052.90625
PPO_2,149040,reward,-191052.90625
PPO_2,151800,reward,-191052.90625
PPO_2,154560,reward,-191096.984375
PPO_2,157320,reward,-191096.984375
PPO_2,160080,reward,-191096.984375
PPO_2,162840,reward,-191096.984375
PPO_2,165600,reward,-191200.578125
PPO_2,168360,reward,-191200.578125
PPO_2,171120,reward,-191200.578125
PPO_2,176640,reward,-191216.9375
PPO_2,179400,reward,-191216.9375
PPO_2,182160,reward,-191216.9375
PPO_2,184920,reward,-191216.9375
PPO_2,187680,reward,-191329.15625
PPO_2,190440,reward,-191329.15625
PPO_2,193200,reward,-191329.15625
PPO_2,195960,reward,-191329.15625
PPO_2,198720,reward,-191359.234375
PPO_2,204240,reward,-191359.234375
PPO_2,207000,reward,-191359.234375
PPO_2,209760,reward,-191376.921875
PPO_2,212520,reward,-191376.921875
PPO_2,215280,reward,-191376.921875
PPO_2,218040,reward,-191376.921875
PPO_2,220800,reward,-191393.15625
PPO_2,223560,reward,-191393.15625
PPO_2,229080,reward,-191393.15625
PPO_2,231840,reward,-191407.296875
PPO_2,234600,reward,-191407.296875
PPO_2,237360,reward,-191407.296875
PPO_2,240120,reward,-191407.296875
PPO_2,242880,reward,-191427.0625
PPO_2,245640,reward,-191427.0625
PPO_2,248400,reward,-191427.0625
PPO_2,251160,reward,-191427.0625
PPO_2,256680,reward,-191436.78125
PPO_2,259440,reward,-191436.78125
PPO_2,262200,reward,-191436.78125
PPO_2,264960,reward,-191438.265625
PPO_2,267720,reward,-191438.265625
PPO_2,270480,reward,-191438.265625
PPO_2,273240,reward,-191438.265625
PPO_2,276000,reward,-191452.59375
PPO_2,278760,reward,-191452.59375
PPO_2,284280,reward,-191452.59375
PPO_2,287040,reward,-191474.734375
PPO_2,289800,reward,-191474.734375
PPO_2,292560,reward,-191474.734375
PPO_2,295320,reward,-191474.734375
PPO_2,298080,reward,-191468.359375
PPO_2,300840,reward,-191468.359375
PPO_2,303600,reward,-191468.359375
PPO_2,306360,reward,-191468.359375
PPO_2,311880,reward,-191474.140625
PPO_2,314640,reward,-191474.140625
PPO_2,317400,reward,-191474.140625
PPO_2,320160,reward,-191469.046875
PPO_2,322920,reward,-191469.046875
PPO_2,325680,reward,-191469.046875
PPO_2,328440,reward,-191469.046875
PPO_2,331200,reward,-191479.9375
PPO_2,333960,reward,-191479.9375
PPO_2,339480,reward,-191479.9375
PPO_2,342240,reward,-191467.0625
PPO_2,345000,reward,-191467.0625
PPO_2,347760,reward,-191467.0625
PPO_2,350520,reward,-191467.0625
PPO_2,353280,reward,-191452.703125
PPO_2,356040,reward,-191452.703125
PPO_2,358800,reward,-191452.703125
PPO_2,361560,reward,-191452.703125
PPO_2,367080,reward,-191433.515625
PPO_2,369840,reward,-191433.515625
PPO_2,372600,reward,-191433.515625
PPO_2,375360,reward,-191421.65625
PPO_2,378120,reward,-191421.65625
PPO_2,380880,reward,-191421.65625
PPO_2,383640,reward,-191421.65625
PPO_2,386400,reward,-191382.0625
PPO_2,389160,reward,-191382.0625
PPO_2,394680,reward,-191382.0625
PPO_2,397440,reward,-191358.96875
PPO_2,400200,reward,-191358.96875
PPO_2,402960,reward,-191358.96875
PPO_2,405720,reward,-191358.96875
PPO_2,408480,reward,-191369.421875
PPO_2,411240,reward,-191369.421875
PPO_2,414000,reward,-191369.421875
PPO_2,419520,reward,-191366.828125
PPO_2,422280,reward,-191366.828125
PPO_2,425040,reward,-191366.828125
PPO_2,427800,reward,-191366.828125
PPO_2,430560,reward,-191350.734375
PPO_2,433320,reward,-191350.734375
PPO_2,436080,reward,-191350.734375
PPO_2,438840,reward,-191350.734375
PPO_2,441600,reward,-191348.0625
PPO_2,447120,reward,-191348.0625
PPO_2,449880,reward,-191348.0625
PPO_2,452640,reward,-191338.9375
PPO_2,455400,reward,-191338.9375
PPO_2,458160,reward,-191338.9375
PPO_2,460920,reward,-191338.9375
PPO_2,463680,reward,-191349.40625
PPO_2,466440,reward,-191349.40625
PPO_2,469200,reward,-191349.40625
PPO_2,474720,reward,-191351.984375
PPO_2,477480,reward,-191351.984375
PPO_2,480240,reward,-191351.984375
PPO_2,483000,reward,-191351.984375
PPO_2,485760,reward,-191342.125
PPO_2,488520,reward,-191342.125
PPO_2,491280,reward,-191342.125
PPO_2,494040,reward,-191342.125
PPO_2,496800,reward,-191340.40625
PPO_2,502320,reward,-191340.40625
PPO_2,505080,reward,-191340.40625
PPO_2,507840,reward,-191339.171875
PPO_2,510600,reward,-191339.171875
PPO_2,513360,reward,-191339.171875
PPO_2,516120,reward,-191339.171875
PPO_2,518880,reward,-191321.015625
PPO_2,521640,reward,-191321.015625
PPO_2,524400,reward,-191321.015625
PPO_2,529920,reward,-191315.90625
PPO_2,532680,reward,-191315.90625
PPO_2,535440,reward,-191315.90625
PPO_2,538200,reward,-191315.90625
PPO_2,540960,reward,-191296.15625
PPO_2,543720,reward,-191296.15625
PPO_2,546480,reward,-191296.15625
PPO_2,549240,reward,-191296.15625
PPO_2,552000,reward,-191291.234375
PPO_2,557520,reward,-191291.234375
PPO_2,560280,reward,-191291.234375
PPO_2,563040,reward,-191281.203125
PPO_2,565800,reward,-191281.203125
PPO_2,568560,reward,-191281.203125
PPO_2,571320,reward,-191281.203125
PPO_2,574080,reward,-191286.859375
PPO_2,576840,reward,-191286.859375
PPO_2,579600,reward,-191286.859375
PPO_2,585120,reward,-191264.421875
PPO_2,587880,reward,-191264.421875
PPO_2,590640,reward,-191264.421875
PPO_2,593400,reward,-191264.421875
PPO_2,596160,reward,-191259.203125
PPO_2,598920,reward,-191259.203125
PPO_2,601680,reward,-191259.203125
PPO_2,604440,reward,-191259.203125
PPO_2,607200,reward,-191250.375
PPO_2,612720,reward,-191250.375
PPO_2,615480,reward,-191250.375
PPO_2,618240,reward,-191253.375
PPO_2,621000,reward,-191253.375
PPO_2,623760,reward,-191253.375
PPO_2,626520,reward,-191253.375
PPO_2,629280,reward,-191254.828125
PPO_2,632040,reward,-191254.828125
PPO_2,637560,reward,-191254.828125
PPO_2,640320,reward,-191254.515625
PPO_2,643080,reward,-191254.515625
PPO_2,645840,reward,-191254.515625
PPO_2,648600,reward,-191254.515625
PPO_2,651360,reward,-191248.15625
PPO_2,654120,reward,-191248.15625
PPO_2,656880,reward,-191248.15625
PPO_2,659640,reward,-191248.15625
PPO_2,665160,reward,-191234.9375
PPO_2,667920,reward,-191234.9375
PPO_2,670680,reward,-191234.9375
PPO_2,673440,reward,-191232.46875
PPO_2,676200,reward,-191232.46875
PPO_2,678960,reward,-191232.46875
PPO_2,681720,reward,-191232.46875
PPO_2,684480,reward,-191223.015625
PPO_2,687240,reward,-191223.015625
PPO_2,692760,reward,-191223.015625
PPO_2,695520,reward,-191216.796875
PPO_2,698280,reward,-191216.796875
PPO_2,701040,reward,-191216.796875
PPO_2,703800,reward,-191216.796875
PPO_2,706560,reward,-191209.734375
PPO_2,709320,reward,-191209.734375
PPO_2,712080,reward,-191209.734375
PPO_2,714840,reward,-191209.734375
PPO_2,720360,reward,-191194.328125
PPO_2,723120,reward,-191194.328125
PPO_2,725880,reward,-191194.328125
PPO_2,728640,reward,-191196.96875
PPO_2,731400,reward,-191196.96875
PPO_2,734160,reward,-191196.96875
PPO_2,736920,reward,-191196.96875
PPO_2,739680,reward,-191187.53125
PPO_2,742440,reward,-191187.53125
PPO_2,747960,reward,-191187.53125
PPO_2,750720,reward,-191179.515625
PPO_2,753480,reward,-191179.515625
PPO_2,756240,reward,-191179.515625
PPO_2,759000,reward,-191179.515625
PPO_2,761760,reward,-191172.6875
PPO_2,764520,reward,-191172.6875
PPO_2,767280,reward,-191172.6875
PPO_2,770040,reward,-191172.6875
PPO_2,775560,reward,-191161.625
PPO_2,778320,reward,-191161.625
PPO_2,781080,reward,-191161.625
PPO_2,783840,reward,-191159.375
PPO_2,786600,reward,-191159.375
PPO_2,789360,reward,-191159.375
PPO_2,792120,reward,-191159.375
PPO_2,794880,reward,-191152.265625
PPO_2,797640,reward,-191152.265625
PPO_2,803160,reward,-191152.265625
PPO_2,805920,reward,-191144.828125
PPO_2,808680,reward,-191144.828125
PPO_2,811440,reward,-191144.828125
PPO_2,814200,reward,-191144.828125
PPO_2,816960,reward,-191132.703125
PPO_2,819720,reward,-191132.703125
PPO_2,822480,reward,-191132.703125
PPO_2,828000,reward,-191124.34375
PPO_2,830760,reward,-191124.34375
PPO_2,833520,reward,-191124.34375
PPO_2,836280,reward,-191124.34375
PPO_2,839040,reward,-191120.203125
PPO_2,841800,reward,-191120.203125
PPO_2,844560,reward,-191120.203125
PPO_2,847320,reward,-191120.203125
PPO_2,850080,reward,-191115.421875
PPO_2,855600,reward,-191115.421875
PPO_2,858360,reward,-191115.421875
PPO_2,861120,reward,-191111.984375
PPO_2,863880,reward,-191111.984375
PPO_2,866640,reward,-191111.984375
PPO_2,869400,reward,-191111.984375
PPO_2,872160,reward,-191107.203125
PPO_2,874920,reward,-191107.203125
PPO_2,877680,reward,-191107.203125
PPO_2,883200,reward,-191105.03125
PPO_2,885960,reward,-191105.03125
PPO_2,888720,reward,-191105.03125
PPO_2,891480,reward,-191105.03125
PPO_2,894240,reward,-191090.953125
PPO_2,897000,reward,-191090.953125
PPO_2,899760,reward,-191090.953125
PPO_2,902520,reward,-191090.953125
PPO_2,905280,reward,-191096.828125
PPO_2,910800,reward,-191096.828125
PPO_2,913560,reward,-191096.828125
PPO_2,916320,reward,-191095.09375
PPO_2,919080,reward,-191095.09375
PPO_2,921840,reward,-191095.09375
PPO_2,924600,reward,-191095.09375
PPO_2,927360,reward,-191090.203125
PPO_2,930120,reward,-191090.203125
PPO_2,932880,reward,-191090.203125
PPO_2,938400,reward,-191094.8125
PPO_2,941160,reward,-191094.8125
PPO_2,943920,reward,-191094.8125
PPO_2,946680,reward,-191094.8125
PPO_2,949440,reward,-191093.25
PPO_2,952200,reward,-191093.25
PPO_2,954960,reward,-191093.25
PPO_2,957720,reward,-191093.25
PPO_2,960480,reward,-191085.65625
PPO_2,966000,reward,-191085.65625
PPO_2,968760,reward,-191085.65625
PPO_2,971520,reward,-191070.1875
PPO_2,974280,reward,-191070.1875
PPO_2,977040,reward,-191070.1875
PPO_2,979800,reward,-191070.1875
PPO_2,982560,reward,-191060.421875
PPO_2,985320,reward,-191060.421875
PPO_2,988080,reward,-191060.421875
PPO_2,993600,reward,-191053.234375
PPO_2,996360,reward,-191053.234375
PPO_2,999120,reward,-191053.234375
PPO_2,1001880,reward,-191053.234375
PPO_2,1004640,reward,-191047.734375
PPO_2,1007400,reward,-191047.734375
PPO_2,1010160,reward,-191047.734375
PPO_2,1012920,reward,-191047.734375
PPO_2,1015680,reward,-191047.109375
PPO_2,1021200,reward,-191047.109375
PPO_2,1023960,reward,-191047.109375
PPO_2,1026720,reward,-191043.25
PPO_2,1029480,reward,-191043.25
PPO_2,1032240,reward,-191043.25
PPO_2,1035000,reward,-191043.25
PPO_2,1037760,reward,-191032.734375
PPO_2,1040520,reward,-191032.734375
PPO_2,1046040,reward,-191032.734375
PPO_2,1048800,reward,-191027.5
PPO_2,1051560,reward,-191027.5
PPO_2,1054320,reward,-191027.5
PPO_2,1057080,reward,-191027.5
PPO_2,1059840,reward,-191027.984375
PPO_2,1062600,reward,-191027.984375
PPO_2,1065360,reward,-191027.984375
PPO_2,1068120,reward,-191027.984375
PPO_2,1073640,reward,-191023.46875
PPO_2,1076400,reward,-191023.46875
PPO_2,1079160,reward,-191023.46875
PPO_2,1081920,reward,-191016.609375
PPO_2,1084680,reward,-191016.609375
PPO_2,1087440,reward,-191016.609375
PPO_2,1090200,reward,-191016.609375
PPO_2,1092960,reward,-191009.140625
PPO_2,1095720,reward,-191009.140625
PPO_2,1101240,reward,-191009.140625
PPO_2,1104000,reward,-191007.078125
PPO_2,1106760,reward,-191007.078125
PPO_2,1109520,reward,-191007.078125
PPO_2,1112280,reward,-191007.078125
PPO_2,1115040,reward,-190996.421875
PPO_2,1117800,reward,-190996.421875
PPO_2,1120560,reward,-190996.421875
PPO_2,1123320,reward,-190996.421875
PPO_2,1128840,reward,-190993.84375
PPO_2,1131600,reward,-190993.84375
PPO_2,1134360,reward,-190993.84375
PPO_2,1137120,reward,-191001.921875
PPO_2,1139880,reward,-191001.921875
PPO_2,1142640,reward,-191001.921875
PPO_2,1145400,reward,-191001.921875
PPO_2,1148160,reward,-191010.5625
PPO_2,1150920,reward,-191010.5625
PPO_2,1156440,reward,-191010.5625
PPO_2,1159200,reward,-191015.03125
PPO_2,1161960,reward,-191015.03125
PPO_2,1164720,reward,-191015.03125
PPO_2,1167480,reward,-191015.03125
PPO_2,1170240,reward,-191008.1875
PPO_2,1173000,reward,-191008.1875
PPO_2,1175760,reward,-191008.1875
PPO_2,1178520,reward,-191008.1875
PPO_2,1184040,reward,-191000.109375
PPO_2,1186800,reward,-191000.109375
PPO_2,1189560,reward,-191000.109375
PPO_2,1192320,reward,-190987.40625
PPO_2,1195080,reward,-190987.40625
PPO_2,1197840,reward,-190987.40625
PPO_2,1200600,reward,-190987.40625
PPO_2,1203360,reward,-190980.34375
PPO_2,1206120,reward,-190980.34375
PPO_2,1211640,reward,-190980.34375
PPO_2,1214400,reward,-190968.0
PPO_2,1217160,reward,-190968.0
PPO_2,1219920,reward,-190968.0
PPO_2,1222680,reward,-190968.0
PPO_2,1225440,reward,-190974.59375
PPO_2,1228200,reward,-190974.59375
PPO_2,1230960,reward,-190974.59375
PPO_2,1236480,reward,-190956.390625
PPO_2,5520,value_loss,3981070.5
PPO_2,8280,value_loss,847214.6875
PPO_2,11040,value_loss,612445.6875
PPO_2,13800,value_loss,4372267.5
PPO_2,16560,value_loss,3969972.25
PPO_2,19320,value_loss,845098.125
PPO_2,22080,value_loss,603838.3125
PPO_2,24840,value_loss,4362208.5
PPO_2,27600,value_loss,3969221.5
PPO_2,33120,value_loss,572255.0625
PPO_2,35880,value_loss,4343921.5
PPO_2,38640,value_loss,3968868.75
PPO_2,41400,value_loss,838586.5
PPO_2,44160,value_loss,560429.5
PPO_2,46920,value_loss,4344506.5
PPO_2,49680,value_loss,3964769.25
PPO_2,52440,value_loss,832781.5
PPO_2,57960,value_loss,4336043.0
PPO_2,60720,value_loss,3958950.5
PPO_2,63480,value_loss,826302.875
PPO_2,66240,value_loss,572563.875
PPO_2,69000,value_loss,4325453.0
PPO_2,71760,value_loss,3954112.75
PPO_2,74520,value_loss,825173.4375
PPO_2,77280,value_loss,571312.375
PPO_2,80040,value_loss,4319133.0
PPO_2,85560,value_loss,820471.3125
PPO_2,88320,value_loss,579082.9375
PPO_2,91080,value_loss,4311920.5
PPO_2,93840,value_loss,3944264.25
PPO_2,96600,value_loss,821511.5625
PPO_2,99360,value_loss,563394.0625
PPO_2,102120,value_loss,4309693.0
PPO_2,104880,value_loss,3938308.5
PPO_2,110400,value_loss,569603.125
PPO_2,113160,value_loss,4297233.5
PPO_2,115920,value_loss,3932800.25
PPO_2,118680,value_loss,813705.6875
PPO_2,121440,value_loss,554227.875
PPO_2,124200,value_loss,4291952.0
PPO_2,126960,value_loss,3926563.25
PPO_2,129720,value_loss,805772.6875
PPO_2,132480,value_loss,570122.75
PPO_2,138000,value_loss,3921607.0
PPO_2,140760,value_loss,802120.25
PPO_2,143520,value_loss,564137.8125
PPO_2,146280,value_loss,4274607.5
PPO_2,149040,value_loss,3916048.75
PPO_2,151800,value_loss,797888.125
PPO_2,154560,value_loss,564734.6875
PPO_2,157320,value_loss,4267211.5
PPO_2,162840,value_loss,790587.25
PPO_2,165600,value_loss,573835.625
PPO_2,168360,value_loss,4257181.0
PPO_2,171120,value_loss,3905424.5
PPO_2,173880,value_loss,794611.9375
PPO_2,176640,value_loss,548834.625
PPO_2,179400,value_loss,4257930.5
PPO_2,182160,value_loss,3899535.75
PPO_2,184920,value_loss,784834.4375
PPO_2,190440,value_loss,4247575.5
PPO_2,193200,value_loss,3895034.25
PPO_2,195960,value_loss,784329.3125
PPO_2,198720,value_loss,555339.6875
PPO_2,201480,value_loss,4238120.0
PPO_2,204240,value_loss,3887217.75
PPO_2,207000,value_loss,777759.9375
PPO_2,209760,value_loss,551395.8125
PPO_2,215280,value_loss,3882497.25
PPO_2,218040,value_loss,775147.75
PPO_2,220800,value_loss,547528.3125
PPO_2,223560,value_loss,4219585.0
PPO_2,226320,value_loss,3875863.25
PPO_2,229080,value_loss,768368.875
PPO_2,231840,value_loss,550874.625
PPO_2,234600,value_loss,4207132.0
PPO_2,237360,value_loss,3869773.25
PPO_2,242880,value_loss,546139.625
PPO_2,245640,value_loss,4200743.0
PPO_2,248400,value_loss,3863346.5
PPO_2,251160,value_loss,759298.6875
PPO_2,253920,value_loss,541600.0625
PPO_2,256680,value_loss,4189993.0
PPO_2,259440,value_loss,3858094.25
PPO_2,262200,value_loss,756290.125
PPO_2,267720,value_loss,4183432.25
PPO_2,270480,value_loss,3853450.5
PPO_2,273240,value_loss,751727.5
PPO_2,276000,value_loss,538235.625
PPO_2,278760,value_loss,4173760.0
PPO_2,281520,value_loss,3847438.5
PPO_2,284280,value_loss,748490.625
PPO_2,287040,value_loss,533243.1875
PPO_2,289800,value_loss,4169639.25
PPO_2,295320,value_loss,745808.3125
PPO_2,298080,value_loss,525300.5625
PPO_2,300840,value_loss,4157905.75
PPO_2,303600,value_loss,3835925.0
PPO_2,306360,value_loss,741822.3125
PPO_2,309120,value_loss,520439.84375
PPO_2,311880,value_loss,4152001.5
PPO_2,314640,value_loss,3831058.25
PPO_2,320160,value_loss,521108.625
PPO_2,322920,value_loss,4141329.5
PPO_2,325680,value_loss,3824905.5
PPO_2,328440,value_loss,731274.5
PPO_2,331200,value_loss,521325.5625
PPO_2,333960,value_loss,4132046.25
PPO_2,336720,value_loss,3820518.75
PPO_2,339480,value_loss,729950.875
PPO_2,342240,value_loss,513225.46875
PPO_2,347760,value_loss,3813971.75
PPO_2,350520,value_loss,724508.625
PPO_2,353280,value_loss,512099.53125
PPO_2,356040,value_loss,4115107.0
PPO_2,358800,value_loss,3808047.25
PPO_2,361560,value_loss,720253.4375
PPO_2,364320,value_loss,507465.625
PPO_2,367080,value_loss,4106445.5
PPO_2,372600,value_loss,714699.6875
PPO_2,375360,value_loss,513309.5625
PPO_2,378120,value_loss,4096182.75
PPO_2,380880,value_loss,3798130.25
PPO_2,383640,value_loss,714907.3125
PPO_2,386400,value_loss,496318.28125
PPO_2,389160,value_loss,4091583.25
PPO_2,391920,value_loss,3792507.5
PPO_2,394680,value_loss,710327.75
PPO_2,400200,value_loss,4083326.75
PPO_2,402960,value_loss,3785758.0
PPO_2,405720,value_loss,700696.3125
PPO_2,408480,value_loss,512696.65625
PPO_2,411240,value_loss,4073343.0
PPO_2,414000,value_loss,3781388.75
PPO_2,416760,value_loss,699235.1875
PPO_2,419520,value_loss,509369.8125
PPO_2,425040,value_loss,3774482.25
PPO_2,427800,value_loss,694778.8125
PPO_2,430560,value_loss,501320.34375
PPO_2,433320,value_loss,4056500.25
PPO_2,436080,value_loss,3768796.25
PPO_2,438840,value_loss,687401.75
PPO_2,441600,value_loss,509961.625
PPO_2,444360,value_loss,4045191.75
PPO_2,447120,value_loss,3763102.5
PPO_2,452640,value_loss,505137.21875
PPO_2,455400,value_loss,4036268.0
PPO_2,458160,value_loss,3758338.25
PPO_2,460920,value_loss,678709.0625
PPO_2,463680,value_loss,510280.75
PPO_2,466440,value_loss,4031063.0
PPO_2,469200,value_loss,3753380.75
PPO_2,471960,value_loss,676623.6875
PPO_2,477480,value_loss,4025563.25
PPO_2,480240,value_loss,3748572.5
PPO_2,483000,value_loss,676228.25
PPO_2,485760,value_loss,493287.8125
PPO_2,488520,value_loss,4019438.0
PPO_2,491280,value_loss,3743450.75
PPO_2,494040,value_loss,671451.5625
PPO_2,496800,value_loss,494746.78125
PPO_2,499560,value_loss,4012669.5
PPO_2,505080,value_loss,667695.125
PPO_2,507840,value_loss,494195.4375
PPO_2,510600,value_loss,4003276.25
PPO_2,513360,value_loss,3732974.0
PPO_2,516120,value_loss,665472.875
PPO_2,518880,value_loss,485367.3125
PPO_2,521640,value_loss,3993155.0
PPO_2,524400,value_loss,3726252.0
PPO_2,529920,value_loss,491051.125
PPO_2,532680,value_loss,3983596.25
PPO_2,535440,value_loss,3720968.75
PPO_2,538200,value_loss,654613.0625
PPO_2,540960,value_loss,480926.90625
PPO_2,543720,value_loss,3974915.25
PPO_2,546480,value_loss,3715811.25
PPO_2,549240,value_loss,650007.8125
PPO_2,552000,value_loss,486051.34375
PPO_2,557520,value_loss,3711153.25
PPO_2,560280,value_loss,647436.625
PPO_2,563040,value_loss,482179.125
PPO_2,565800,value_loss,3962003.25
PPO_2,568560,value_loss,3706092.0
PPO_2,571320,value_loss,642242.625
PPO_2,574080,value_loss,486499.65625
PPO_2,576840,value_loss,3956344.25
PPO_2,582360,value_loss,644221.0625
PPO_2,585120,value_loss,468360.46875
PPO_2,587880,value_loss,3949755.0
PPO_2,590640,value_loss,3696175.0
PPO_2,593400,value_loss,636472.75
PPO_2,596160,value_loss,478403.5625
PPO_2,598920,value_loss,3939669.0
PPO_2,601680,value_loss,3691670.0
PPO_2,604440,value_loss,634336.75
PPO_2,609960,value_loss,3933155.5
PPO_2,612720,value_loss,3686424.25
PPO_2,615480,value_loss,628918.25
PPO_2,618240,value_loss,478321.25
PPO_2,621000,value_loss,3925024.25
PPO_2,623760,value_loss,3680732.75
PPO_2,626520,value_loss,625564.6875
PPO_2,629280,value_loss,473807.0
PPO_2,634800,value_loss,3677092.25
PPO_2,637560,value_loss,624055.375
PPO_2,640320,value_loss,467987.21875
PPO_2,643080,value_loss,3912676.75
PPO_2,645840,value_loss,3671545.75
PPO_2,648600,value_loss,621494.375
PPO_2,651360,value_loss,463359.15625
PPO_2,654120,value_loss,3903488.0
PPO_2,656880,value_loss,3666473.75
PPO_2,662400,value_loss,456754.46875
PPO_2,665160,value_loss,3895170.0
PPO_2,667920,value_loss,3660944.5
PPO_2,670680,value_loss,612257.9375
PPO_2,673440,value_loss,461732.28125
PPO_2,676200,value_loss,3888174.5
PPO_2,678960,value_loss,3656942.0
PPO_2,681720,value_loss,611862.1875
PPO_2,687240,value_loss,3882911.0
PPO_2,690000,value_loss,3651715.0
PPO_2,692760,value_loss,606075.3125
PPO_2,695520,value_loss,455023.40625
PPO_2,698280,value_loss,3872094.0
PPO_2,701040,value_loss,3646579.5
PPO_2,703800,value_loss,603499.375
PPO_2,706560,value_loss,450255.5
PPO_2,709320,value_loss,3864701.25
PPO_2,714840,value_loss,602564.6875
PPO_2,717600,value_loss,441032.1875
PPO_2,720360,value_loss,3858179.25
PPO_2,723120,value_loss,3636395.25
PPO_2,725880,value_loss,594244.1875
PPO_2,728640,value_loss,453503.625
PPO_2,731400,value_loss,3849712.5
PPO_2,734160,value_loss,3631785.25
PPO_2,739680,value_loss,443579.8125
PPO_2,742440,value_loss,3842381.0
PPO_2,745200,value_loss,3627531.0
PPO_2,747960,value_loss,590082.3125
PPO_2,750720,value_loss,438900.90625
PPO_2,753480,value_loss,3836388.75
PPO_2,756240,value_loss,3621487.5
PPO_2,759000,value_loss,585519.8125
PPO_2,761760,value_loss,440448.4375
PPO_2,767280,value_loss,3616910.75
PPO_2,770040,value_loss,582769.25
PPO_2,772800,value_loss,437182.75
PPO_2,775560,value_loss,3818853.25
PPO_2,778320,value_loss,3611264.5
PPO_2,781080,value_loss,576100.5
PPO_2,783840,value_loss,442275.6875
PPO_2,786600,value_loss,3808764.25
PPO_2,792120,value_loss,574507.3125
PPO_2,794880,value_loss,436274.625
PPO_2,797640,value_loss,3803195.75
PPO_2,800400,value_loss,3602025.5
PPO_2,803160,value_loss,571012.8125
PPO_2,805920,value_loss,433722.5
PPO_2,808680,value_loss,3795397.25
PPO_2,811440,value_loss,3597319.75
PPO_2,814200,value_loss,569054.3125
PPO_2,819720,value_loss,3788687.75
PPO_2,822480,value_loss,3592015.0
PPO_2,825240,value_loss,563785.125
PPO_2,828000,value_loss,430345.21875
PPO_2,830760,value_loss,3778565.5
PPO_2,833520,value_loss,3586769.0
PPO_2,836280,value_loss,558961.0
PPO_2,839040,value_loss,431894.8125
PPO_2,844560,value_loss,3581603.75
PPO_2,847320,value_loss,555934.5
PPO_2,850080,value_loss,429401.6875
PPO_2,852840,value_loss,3762739.5
PPO_2,855600,value_loss,3576859.0
PPO_2,858360,value_loss,551919.125
PPO_2,861120,value_loss,430022.46875
PPO_2,863880,value_loss,3755671.75
PPO_2,866640,value_loss,3572262.25
PPO_2,872160,value_loss,426754.03125
PPO_2,874920,value_loss,3748203.75
PPO_2,877680,value_loss,3567339.75
PPO_2,880440,value_loss,544787.3125
PPO_2,883200,value_loss,424913.34375
PPO_2,885960,value_loss,3741537.0
PPO_2,888720,value_loss,3563038.0
PPO_2,891480,value_loss,543982.1875
PPO_2,897000,value_loss,3733248.75
PPO_2,899760,value_loss,3557431.75
PPO_2,902520,value_loss,535842.5625
PPO_2,905280,value_loss,430352.71875
PPO_2,908040,value_loss,3726159.25
PPO_2,910800,value_loss,3552934.75
PPO_2,913560,value_loss,534685.75
PPO_2,916320,value_loss,421546.21875
PPO_2,919080,value_loss,3717781.5
PPO_2,924600,value_loss,531845.375
PPO_2,927360,value_loss,416939.9375
PPO_2,930120,value_loss,3711081.75
PPO_2,932880,value_loss,3543165.0
PPO_2,935640,value_loss,524898.625
PPO_2,938400,value_loss,425408.59375
PPO_2,941160,value_loss,3700840.75
PPO_2,943920,value_loss,3538764.75
PPO_2,949440,value_loss,418394.1875
PPO_2,952200,value_loss,3693400.0
PPO_2,954960,value_loss,3534134.5
PPO_2,957720,value_loss,521161.4375
PPO_2,960480,value_loss,410352.59375
PPO_2,963240,value_loss,3685715.75
PPO_2,966000,value_loss,3529343.25
PPO_2,968760,value_loss,520625.3125
PPO_2,971520,value_loss,399776.5
PPO_2,977040,value_loss,3524861.0
PPO_2,979800,value_loss,515561.25
PPO_2,982560,value_loss,404443.375
PPO_2,985320,value_loss,3673044.5
PPO_2,988080,value_loss,3520538.0
PPO_2,990840,value_loss,512865.8125
PPO_2,993600,value_loss,402096.46875
PPO_2,996360,value_loss,3668717.5
PPO_2,1001880,value_loss,509492.1875
PPO_2,1004640,value_loss,403454.96875
PPO_2,1007400,value_loss,3659903.0
PPO_2,1010160,value_loss,3511355.0
PPO_2,1012920,value_loss,505361.125
PPO_2,1015680,value_loss,405642.625
PPO_2,1018440,value_loss,3653581.75
PPO_2,1021200,value_loss,3506978.25
PPO_2,1023960,value_loss,502744.53125
PPO_2,1029480,value_loss,3644566.25
PPO_2,1032240,value_loss,3503306.25
PPO_2,1035000,value_loss,502796.0625
PPO_2,1037760,value_loss,391017.96875
PPO_2,1040520,value_loss,3640648.0
PPO_2,1043280,value_loss,3498142.75
PPO_2,1046040,value_loss,497189.25
PPO_2,1048800,value_loss,395427.0
PPO_2,1054320,value_loss,3492714.75
PPO_2,1057080,value_loss,492551.9375
PPO_2,1059840,value_loss,399290.0625
PPO_2,1062600,value_loss,3624512.5
PPO_2,1065360,value_loss,3488997.5
PPO_2,1068120,value_loss,491218.53125
PPO_2,1070880,value_loss,392267.28125
PPO_2,1073640,value_loss,3617306.0
PPO_2,1076400,value_loss,3484681.0
PPO_2,1081920,value_loss,388266.5625
PPO_2,1084680,value_loss,3609500.75
PPO_2,1087440,value_loss,3480555.5
PPO_2,1090200,value_loss,486218.34375
PPO_2,1092960,value_loss,384562.09375
PPO_2,1095720,value_loss,3604333.25
PPO_2,1098480,value_loss,3475702.0
PPO_2,1101240,value_loss,481546.4375
PPO_2,1106760,value_loss,3597225.25
PPO_2,1109520,value_loss,3471666.0
PPO_2,1112280,value_loss,481330.96875
PPO_2,1115040,value_loss,377640.625
PPO_2,1117800,value_loss,3588275.0
PPO_2,1120560,value_loss,3466902.5
PPO_2,1123320,value_loss,474759.46875
PPO_2,1126080,value_loss,386477.84375
PPO_2,1128840,value_loss,3581449.25
PPO_2,1134360,value_loss,470723.65625
PPO_2,1137120,value_loss,388633.1875
PPO_2,1139880,value_loss,3574115.5
PPO_2,1142640,value_loss,3458591.75
PPO_2,1145400,value_loss,469097.15625
PPO_2,1148160,value_loss,386381.875
PPO_2,1150920,value_loss,3566136.25
PPO_2,1153680,value_loss,3453369.25
PPO_2,1159200,value_loss,387593.1875
PPO_2,1161960,value_loss,3560812.0
PPO_2,1164720,value_loss,3449588.0
PPO_2,1167480,value_loss,463778.15625
PPO_2,1170240,value_loss,380531.6875
PPO_2,1173000,value_loss,3551900.5
PPO_2,1175760,value_loss,3444891.75
PPO_2,1178520,value_loss,460825.53125
PPO_2,1181280,value_loss,377297.96875
PPO_2,1186800,value_loss,3441089.5
PPO_2,1189560,value_loss,457503.3125
PPO_2,1192320,value_loss,377333.15625
PPO_2,1195080,value_loss,3538899.75
PPO_2,1197840,value_loss,3436355.25
PPO_2,1200600,value_loss,454320.9375
PPO_2,1203360,value_loss,375537.40625
PPO_2,1206120,value_loss,3530820.0
PPO_2,1211640,value_loss,452171.03125
PPO_2,1214400,value_loss,372200.5625
PPO_2,1217160,value_loss,3525519.75
PPO_2,1219920,value_loss,3426827.75
PPO_2,1222680,value_loss,446299.125
PPO_2,1225440,value_loss,379636.9375
PPO_2,1228200,value_loss,3514769.5
PPO_2,1230960,value_loss,3423494.25
PPO_2,1236480,value_loss,368020.6875
PPO_2,5520,explained_variance,-0.0001112222671508789
PPO_2,8280,explained_variance,0.0004381537437438965
PPO_2,11040,explained_variance,6.908178329467773e-05
PPO_2,13800,explained_variance,0.0002905726432800293
PPO_2,16560,explained_variance,-0.00501406192779541
PPO_2,19320,explained_variance,0.00024497509002685547
PPO_2,22080,explained_variance,0.0009685158729553223
PPO_2,24840,explained_variance,0.0029151439666748047
PPO_2,27600,explained_variance,-0.004690408706665039
PPO_2,33120,explained_variance,0.008675932884216309
PPO_2,35880,explained_variance,0.010266780853271484
PPO_2,38640,explained_variance,-0.001990675926208496
PPO_2,41400,explained_variance,0.00031185150146484375
PPO_2,44160,explained_variance,0.042156219482421875
PPO_2,46920,explained_variance,0.027839839458465576
PPO_2,49680,explained_variance,-0.0006933212280273438
PPO_2,52440,explained_variance,0.00014418363571166992
PPO_2,57960,explained_variance,0.03751850128173828
PPO_2,60720,explained_variance,-0.0005363225936889648
PPO_2,63480,explained_variance,4.982948303222656e-05
PPO_2,66240,explained_variance,0.16536498069763184
PPO_2,69000,explained_variance,0.04739260673522949
PPO_2,71760,explained_variance,-0.00037109851837158203
PPO_2,74520,explained_variance,1.9311904907226562e-05
PPO_2,77280,explained_variance,0.21114349365234375
PPO_2,80040,explained_variance,0.0564689040184021
PPO_2,85560,explained_variance,8.64267349243164e-06
PPO_2,88320,explained_variance,0.2478439211845398
PPO_2,91080,explained_variance,0.06512331962585449
PPO_2,93840,explained_variance,-0.00025665760040283203
PPO_2,96600,explained_variance,3.874301910400391e-06
PPO_2,99360,explained_variance,0.28152984380722046
PPO_2,102120,explained_variance,0.07487064599990845
PPO_2,104880,explained_variance,-0.00029075145721435547
PPO_2,110400,explained_variance,0.30996382236480713
PPO_2,113160,explained_variance,0.08435624837875366
PPO_2,115920,explained_variance,-0.0003031492233276367
PPO_2,118680,explained_variance,8.940696716308594e-07
PPO_2,121440,explained_variance,0.33927732706069946
PPO_2,124200,explained_variance,0.09499162435531616
PPO_2,126960,explained_variance,-0.00037550926208496094
PPO_2,129720,explained_variance,5.960464477539062e-07
PPO_2,132480,explained_variance,0.3623567819595337
PPO_2,138000,explained_variance,-0.0002480745315551758
PPO_2,140760,explained_variance,3.5762786865234375e-07
PPO_2,143520,explained_variance,0.38734596967697144
PPO_2,146280,explained_variance,0.11428004503250122
PPO_2,149040,explained_variance,-0.00026285648345947266
PPO_2,151800,explained_variance,1.1920928955078125e-07
PPO_2,154560,explained_variance,0.41003137826919556
PPO_2,157320,explained_variance,0.12397187948226929
PPO_2,162840,explained_variance,-1.1920928955078125e-07
PPO_2,165600,explained_variance,0.4301842451095581
PPO_2,168360,explained_variance,0.13307702541351318
PPO_2,171120,explained_variance,-0.0005022287368774414
PPO_2,173880,explained_variance,0.0
PPO_2,176640,explained_variance,0.454894483089447
PPO_2,179400,explained_variance,0.14445632696151733
PPO_2,182160,explained_variance,-0.00032711029052734375
PPO_2,184920,explained_variance,0.0
PPO_2,190440,explained_variance,0.1518878936767578
PPO_2,193200,explained_variance,-0.0003292560577392578
PPO_2,195960,explained_variance,0.0
PPO_2,198720,explained_variance,0.491152286529541
PPO_2,201480,explained_variance,0.16283243894577026
PPO_2,204240,explained_variance,-0.00031316280364990234
PPO_2,207000,explained_variance,0.0
PPO_2,209760,explained_variance,0.5092135071754456
PPO_2,215280,explained_variance,-0.0003628730773925781
PPO_2,218040,explained_variance,2.384185791015625e-07
PPO_2,220800,explained_variance,0.5261310338973999
PPO_2,223560,explained_variance,0.1814885139465332
PPO_2,226320,explained_variance,-0.00022113323211669922
PPO_2,229080,explained_variance,1.1920928955078125e-07
PPO_2,231840,explained_variance,0.5390437841415405
PPO_2,234600,explained_variance,0.19049298763275146
PPO_2,237360,explained_variance,-0.0002815723419189453
PPO_2,242880,explained_variance,0.5553901195526123
PPO_2,245640,explained_variance,0.19850313663482666
PPO_2,248400,explained_variance,-0.0003695487976074219
PPO_2,251160,explained_variance,2.384185791015625e-07
PPO_2,253920,explained_variance,0.5719314217567444
PPO_2,256680,explained_variance,0.207239031791687
PPO_2,259440,explained_variance,-0.0003663301467895508
PPO_2,262200,explained_variance,0.0
PPO_2,267720,explained_variance,0.21609848737716675
PPO_2,270480,explained_variance,-0.0004353523254394531
PPO_2,273240,explained_variance,0.0
PPO_2,276000,explained_variance,0.5986999273300171
PPO_2,278760,explained_variance,0.2235966920852661
PPO_2,281520,explained_variance,-0.00048828125
PPO_2,284280,explained_variance,0.0
PPO_2,287040,explained_variance,0.6110580563545227
PPO_2,289800,explained_variance,0.23171186447143555
PPO_2,295320,explained_variance,0.0
PPO_2,298080,explained_variance,0.6234073042869568
PPO_2,300840,explained_variance,0.24103468656539917
PPO_2,303600,explained_variance,-0.0005227327346801758
PPO_2,306360,explained_variance,1.1920928955078125e-07
PPO_2,309120,explained_variance,0.6368023753166199
PPO_2,311880,explained_variance,0.2485758662223816
PPO_2,314640,explained_variance,-0.00025963783264160156
PPO_2,320160,explained_variance,0.6460120677947998
PPO_2,322920,explained_variance,0.25619328022003174
PPO_2,325680,explained_variance,-0.0002771615982055664
PPO_2,328440,explained_variance,1.1920928955078125e-07
PPO_2,331200,explained_variance,0.6560259461402893
PPO_2,333960,explained_variance,0.2636716365814209
PPO_2,336720,explained_variance,-0.00011622905731201172
PPO_2,339480,explained_variance,1.1920928955078125e-07
PPO_2,342240,explained_variance,0.6659820079803467
PPO_2,347760,explained_variance,-0.0002499818801879883
PPO_2,350520,explained_variance,0.0
PPO_2,353280,explained_variance,0.6772716641426086
PPO_2,356040,explained_variance,0.2796575427055359
PPO_2,358800,explained_variance,-0.00015628337860107422
PPO_2,361560,explained_variance,1.1920928955078125e-07
PPO_2,364320,explained_variance,0.6873968839645386
PPO_2,367080,explained_variance,0.2865608334541321
PPO_2,372600,explained_variance,3.5762786865234375e-07
PPO_2,375360,explained_variance,0.6933690309524536
PPO_2,378120,explained_variance,0.2930908203125
PPO_2,380880,explained_variance,-0.0001373291015625
PPO_2,383640,explained_variance,1.1920928955078125e-07
PPO_2,386400,explained_variance,0.7033610343933105
PPO_2,389160,explained_variance,0.3023490309715271
PPO_2,391920,explained_variance,-0.0003000497817993164
PPO_2,394680,explained_variance,0.0
PPO_2,400200,explained_variance,0.309279203414917
PPO_2,402960,explained_variance,-0.00016677379608154297
PPO_2,405720,explained_variance,0.0
PPO_2,408480,explained_variance,0.7184314727783203
PPO_2,411240,explained_variance,0.3135451674461365
PPO_2,414000,explained_variance,-3.8743019104003906e-05
PPO_2,416760,explained_variance,0.0
PPO_2,419520,explained_variance,0.7218552827835083
PPO_2,425040,explained_variance,-0.00019872188568115234
PPO_2,427800,explained_variance,2.384185791015625e-07
PPO_2,430560,explained_variance,0.7343430519104004
PPO_2,433320,explained_variance,0.3285048007965088
PPO_2,436080,explained_variance,-3.325939178466797e-05
PPO_2,438840,explained_variance,4.76837158203125e-07
PPO_2,441600,explained_variance,0.7355906963348389
PPO_2,444360,explained_variance,0.33292967081069946
PPO_2,447120,explained_variance,-0.00013625621795654297
PPO_2,452640,explained_variance,0.7466694712638855
PPO_2,455400,explained_variance,0.34123653173446655
PPO_2,458160,explained_variance,-7.653236389160156e-05
PPO_2,460920,explained_variance,0.0
PPO_2,463680,explained_variance,0.7502753734588623
PPO_2,466440,explained_variance,0.3459751009941101
PPO_2,469200,explained_variance,-1.5497207641601562e-05
PPO_2,471960,explained_variance,4.76837158203125e-07
PPO_2,477480,explained_variance,0.35095518827438354
PPO_2,480240,explained_variance,-8.285045623779297e-05
PPO_2,483000,explained_variance,2.384185791015625e-07
PPO_2,485760,explained_variance,0.7601808309555054
PPO_2,488520,explained_variance,0.35995566844940186
PPO_2,491280,explained_variance,-1.2159347534179688e-05
PPO_2,494040,explained_variance,5.960464477539062e-07
PPO_2,496800,explained_variance,0.7616081833839417
PPO_2,499560,explained_variance,0.3638545274734497
PPO_2,505080,explained_variance,7.152557373046875e-07
PPO_2,507840,explained_variance,0.764465868473053
PPO_2,510600,explained_variance,0.36953186988830566
PPO_2,513360,explained_variance,-2.300739288330078e-05
PPO_2,516120,explained_variance,4.76837158203125e-07
PPO_2,518880,explained_variance,0.7744858264923096
PPO_2,521640,explained_variance,0.3778291940689087
PPO_2,524400,explained_variance,-3.0279159545898438e-05
PPO_2,529920,explained_variance,0.7789807319641113
PPO_2,532680,explained_variance,0.3824533224105835
PPO_2,535440,explained_variance,-1.4424324035644531e-05
PPO_2,538200,explained_variance,4.76837158203125e-07
PPO_2,540960,explained_variance,0.7868030667304993
PPO_2,543720,explained_variance,0.39012062549591064
PPO_2,546480,explained_variance,-2.0384788513183594e-05
PPO_2,549240,explained_variance,3.5762786865234375e-07
PPO_2,552000,explained_variance,0.7912869453430176
PPO_2,557520,explained_variance,-8.225440979003906e-06
PPO_2,560280,explained_variance,1.0132789611816406e-06
PPO_2,563040,explained_variance,0.7905858755111694
PPO_2,565800,explained_variance,0.39938265085220337
PPO_2,568560,explained_variance,-8.106231689453125e-06
PPO_2,571320,explained_variance,1.7285346984863281e-06
PPO_2,574080,explained_variance,0.7898183465003967
PPO_2,576840,explained_variance,0.4034242630004883
PPO_2,582360,explained_variance,2.3245811462402344e-06
PPO_2,585120,explained_variance,0.7923485040664673
PPO_2,587880,explained_variance,0.40968579053878784
PPO_2,590640,explained_variance,-5.7220458984375e-06
PPO_2,593400,explained_variance,1.6093254089355469e-06
PPO_2,596160,explained_variance,0.7954609990119934
PPO_2,598920,explained_variance,0.4145810604095459
PPO_2,601680,explained_variance,-2.6226043701171875e-06
PPO_2,604440,explained_variance,2.205371856689453e-06
PPO_2,609960,explained_variance,0.41929394006729126
PPO_2,612720,explained_variance,-2.2649765014648438e-06
PPO_2,615480,explained_variance,1.1324882507324219e-06
PPO_2,618240,explained_variance,0.8078566789627075
PPO_2,621000,explained_variance,0.4243931770324707
PPO_2,623760,explained_variance,-2.0265579223632812e-06
PPO_2,626520,explained_variance,1.6093254089355469e-06
PPO_2,629280,explained_variance,0.8116551041603088
PPO_2,634800,explained_variance,-1.7881393432617188e-06
PPO_2,637560,explained_variance,3.6954879760742188e-06
PPO_2,640320,explained_variance,0.8095704913139343
PPO_2,643080,explained_variance,0.43523794412612915
PPO_2,645840,explained_variance,-9.5367431640625e-07
PPO_2,648600,explained_variance,4.827976226806641e-06
PPO_2,651360,explained_variance,0.811257004737854
PPO_2,654120,explained_variance,0.4405861496925354
PPO_2,656880,explained_variance,-2.0265579223632812e-06
PPO_2,662400,explained_variance,0.8179924488067627
PPO_2,665160,explained_variance,0.4462474584579468
PPO_2,667920,explained_variance,-2.384185791015625e-06
PPO_2,670680,explained_variance,2.205371856689453e-06
PPO_2,673440,explained_variance,0.8263571858406067
PPO_2,676200,explained_variance,0.45083266496658325
PPO_2,678960,explained_variance,-1.9073486328125e-06
PPO_2,681720,explained_variance,1.3709068298339844e-06
PPO_2,687240,explained_variance,0.4556463956832886
PPO_2,690000,explained_variance,-2.2649765014648438e-06
PPO_2,692760,explained_variance,2.086162567138672e-06
PPO_2,695520,explained_variance,0.8368935585021973
PPO_2,698280,explained_variance,0.46085280179977417
PPO_2,701040,explained_variance,-1.7881393432617188e-06
PPO_2,703800,explained_variance,1.8477439880371094e-06
PPO_2,706560,explained_variance,0.8436195254325867
PPO_2,709320,explained_variance,0.46685558557510376
PPO_2,714840,explained_variance,2.9206275939941406e-06
PPO_2,717600,explained_variance,0.8446500897407532
PPO_2,720360,explained_variance,0.47227054834365845
PPO_2,723120,explained_variance,-6.556510925292969e-06
PPO_2,725880,explained_variance,4.172325134277344e-06
PPO_2,728640,explained_variance,0.843522310256958
PPO_2,731400,explained_variance,0.47428059577941895
PPO_2,734160,explained_variance,-1.1920928955078125e-06
PPO_2,739680,explained_variance,0.8488525152206421
PPO_2,742440,explained_variance,0.4797285795211792
PPO_2,745200,explained_variance,-2.9802322387695312e-06
PPO_2,747960,explained_variance,5.245208740234375e-06
PPO_2,750720,explained_variance,0.8500134944915771
PPO_2,753480,explained_variance,0.4849392771720886
PPO_2,756240,explained_variance,-1.430511474609375e-06
PPO_2,759000,explained_variance,5.781650543212891e-06
PPO_2,761760,explained_variance,0.8514561057090759
PPO_2,767280,explained_variance,-9.5367431640625e-07
PPO_2,770040,explained_variance,7.987022399902344e-06
PPO_2,772800,explained_variance,0.8521389961242676
PPO_2,775560,explained_variance,0.4938511848449707
PPO_2,778320,explained_variance,-2.0265579223632812e-06
PPO_2,781080,explained_variance,6.258487701416016e-06
PPO_2,783840,explained_variance,0.8551788330078125
PPO_2,786600,explained_variance,0.49717938899993896
PPO_2,792120,explained_variance,5.185604095458984e-06
PPO_2,794880,explained_variance,0.8597935438156128
PPO_2,797640,explained_variance,0.5019503235816956
PPO_2,800400,explained_variance,-1.430511474609375e-06
PPO_2,803160,explained_variance,7.510185241699219e-06
PPO_2,805920,explained_variance,0.8598006367683411
PPO_2,808680,explained_variance,0.5058876276016235
PPO_2,811440,explained_variance,-1.0728836059570312e-06
PPO_2,814200,explained_variance,1.2040138244628906e-05
PPO_2,819720,explained_variance,0.5108137130737305
PPO_2,822480,explained_variance,-7.152557373046875e-07
PPO_2,825240,explained_variance,7.3909759521484375e-06
PPO_2,828000,explained_variance,0.8659276366233826
PPO_2,830760,explained_variance,0.5149903297424316
PPO_2,833520,explained_variance,-1.3113021850585938e-06
PPO_2,836280,explained_variance,6.377696990966797e-06
PPO_2,839040,explained_variance,0.8693073987960815
PPO_2,844560,explained_variance,-8.344650268554688e-07
PPO_2,847320,explained_variance,1.2159347534179688e-05
PPO_2,850080,explained_variance,0.8680256605148315
PPO_2,852840,explained_variance,0.5221875905990601
PPO_2,855600,explained_variance,-8.344650268554688e-07
PPO_2,858360,explained_variance,1.0251998901367188e-05
PPO_2,861120,explained_variance,0.8726710677146912
PPO_2,863880,explained_variance,0.5263223648071289
PPO_2,866640,explained_variance,-8.344650268554688e-07
PPO_2,872160,explained_variance,0.8753092288970947
PPO_2,874920,explained_variance,0.5306622982025146
PPO_2,877680,explained_variance,-1.0728836059570312e-06
PPO_2,880440,explained_variance,9.953975677490234e-06
PPO_2,883200,explained_variance,0.8791120648384094
PPO_2,885960,explained_variance,0.5345404148101807
PPO_2,888720,explained_variance,-5.960464477539062e-07
PPO_2,891480,explained_variance,2.390146255493164e-05
PPO_2,897000,explained_variance,0.5385359525680542
PPO_2,899760,explained_variance,-7.152557373046875e-07
PPO_2,902520,explained_variance,8.046627044677734e-06
PPO_2,905280,explained_variance,0.8817267417907715
PPO_2,908040,explained_variance,0.5395941138267517
PPO_2,910800,explained_variance,-1.1920928955078125e-07
PPO_2,913560,explained_variance,1.52587890625e-05
PPO_2,916320,explained_variance,0.8814786672592163
PPO_2,919080,explained_variance,0.544226884841919
PPO_2,924600,explained_variance,1.4483928680419922e-05
PPO_2,927360,explained_variance,0.8846913576126099
PPO_2,930120,explained_variance,0.5485668182373047
PPO_2,932880,explained_variance,-5.960464477539062e-07
PPO_2,935640,explained_variance,1.4960765838623047e-05
PPO_2,938400,explained_variance,0.886309027671814
PPO_2,941160,explained_variance,0.5511911511421204
PPO_2,943920,explained_variance,-2.384185791015625e-07
PPO_2,949440,explained_variance,0.8861563205718994
PPO_2,952200,explained_variance,0.5552664995193481
PPO_2,954960,explained_variance,-3.5762786865234375e-07
PPO_2,957720,explained_variance,3.045797348022461e-05
PPO_2,960480,explained_variance,0.8877941370010376
PPO_2,963240,explained_variance,0.5600883960723877
PPO_2,966000,explained_variance,-7.152557373046875e-07
PPO_2,968760,explained_variance,3.707408905029297e-05
PPO_2,971520,explained_variance,0.8890466690063477
PPO_2,977040,explained_variance,-1.1920928955078125e-06
PPO_2,979800,explained_variance,1.5914440155029297e-05
PPO_2,982560,explained_variance,0.8959351778030396
PPO_2,985320,explained_variance,0.5682229995727539
PPO_2,988080,explained_variance,-8.344650268554688e-07
PPO_2,990840,explained_variance,3.11732292175293e-05
PPO_2,993600,explained_variance,0.8946919441223145
PPO_2,996360,explained_variance,0.5706979036331177
PPO_2,1001880,explained_variance,3.075599670410156e-05
PPO_2,1004640,explained_variance,0.8966219425201416
PPO_2,1007400,explained_variance,0.574246883392334
PPO_2,1010160,explained_variance,-2.384185791015625e-07
PPO_2,1012920,explained_variance,2.6464462280273438e-05
PPO_2,1015680,explained_variance,0.8986387252807617
PPO_2,1018440,explained_variance,0.5767859816551208
PPO_2,1021200,explained_variance,-1.1920928955078125e-07
PPO_2,1023960,explained_variance,2.7358531951904297e-05
PPO_2,1029480,explained_variance,0.5814188718795776
PPO_2,1032240,explained_variance,-1.1920928955078125e-07
PPO_2,1035000,explained_variance,2.6404857635498047e-05
PPO_2,1037760,explained_variance,0.9043384790420532
PPO_2,1040520,explained_variance,0.585464596748352
PPO_2,1043280,explained_variance,-2.384185791015625e-07
PPO_2,1046040,explained_variance,1.823902130126953e-05
PPO_2,1048800,explained_variance,0.9079264998435974
PPO_2,1054320,explained_variance,-5.960464477539062e-07
PPO_2,1057080,explained_variance,3.0219554901123047e-05
PPO_2,1059840,explained_variance,0.9072701930999756
PPO_2,1062600,explained_variance,0.5905880928039551
PPO_2,1065360,explained_variance,-1.1920928955078125e-07
PPO_2,1068120,explained_variance,4.744529724121094e-05
PPO_2,1070880,explained_variance,0.9070704579353333
PPO_2,1073640,explained_variance,0.5938860177993774
PPO_2,1076400,explained_variance,-2.384185791015625e-07
PPO_2,1081920,explained_variance,0.9107733964920044
PPO_2,1084680,explained_variance,0.5980130434036255
PPO_2,1087440,explained_variance,-2.384185791015625e-07
PPO_2,1090200,explained_variance,6.252527236938477e-05
PPO_2,1092960,explained_variance,0.9091927409172058
PPO_2,1095720,explained_variance,0.6009382009506226
PPO_2,1098480,explained_variance,-1.1920928955078125e-07
PPO_2,1101240,explained_variance,3.254413604736328e-05
PPO_2,1106760,explained_variance,0.6037037372589111
PPO_2,1109520,explained_variance,-2.384185791015625e-07
PPO_2,1112280,explained_variance,9.435415267944336e-05
PPO_2,1115040,explained_variance,0.9108127951622009
PPO_2,1117800,explained_variance,0.6081259250640869
PPO_2,1120560,explained_variance,-3.5762786865234375e-07
PPO_2,1123320,explained_variance,6.783008575439453e-05
PPO_2,1126080,explained_variance,0.9125394821166992
PPO_2,1128840,explained_variance,0.6079057455062866
PPO_2,1134360,explained_variance,4.1365623474121094e-05
PPO_2,1137120,explained_variance,0.9167306423187256
PPO_2,1139880,explained_variance,0.6107211112976074
PPO_2,1142640,explained_variance,-2.384185791015625e-07
PPO_2,1145400,explained_variance,2.7954578399658203e-05
PPO_2,1148160,explained_variance,0.9212110638618469
PPO_2,1150920,explained_variance,0.6153247356414795
PPO_2,1153680,explained_variance,0.0
PPO_2,1159200,explained_variance,0.9191222786903381
PPO_2,1161960,explained_variance,0.6160777807235718
PPO_2,1164720,explained_variance,0.0
PPO_2,1167480,explained_variance,2.9861927032470703e-05
PPO_2,1170240,explained_variance,0.9257717728614807
PPO_2,1173000,explained_variance,0.6208151578903198
PPO_2,1175760,explained_variance,-2.384185791015625e-07
PPO_2,1178520,explained_variance,7.855892181396484e-05
PPO_2,1181280,explained_variance,0.9251097440719604
PPO_2,1186800,explained_variance,-2.384185791015625e-07
PPO_2,1189560,explained_variance,2.8431415557861328e-05
PPO_2,1192320,explained_variance,0.9312873482704163
PPO_2,1195080,explained_variance,0.6294564008712769
PPO_2,1197840,explained_variance,-3.5762786865234375e-07
PPO_2,1200600,explained_variance,7.31348991394043e-05
PPO_2,1203360,explained_variance,0.9307172894477844
PPO_2,1206120,explained_variance,0.6315181255340576
PPO_2,1211640,explained_variance,0.0001391768455505371
PPO_2,1214400,explained_variance,0.929042398929596
PPO_2,1217160,explained_variance,0.6333070993423462
PPO_2,1219920,explained_variance,-2.384185791015625e-07
PPO_2,1222680,explained_variance,7.325410842895508e-05
PPO_2,1225440,explained_variance,0.9313548803329468
PPO_2,1228200,explained_variance,0.6354168653488159
PPO_2,1230960,explained_variance,-2.384185791015625e-07
PPO_2,1236480,explained_variance,0.9326232075691223
PPO_2,5520,entropy,-4.262629985809326
PPO_2,8280,entropy,-4.274291038513184
PPO_2,11040,entropy,-4.285904407501221
PPO_2,13800,entropy,-4.295653820037842
PPO_2,16560,entropy,-4.29892110824585
PPO_2,19320,entropy,-4.30511474609375
PPO_2,22080,entropy,-4.312466144561768
PPO_2,24840,entropy,-4.319839954376221
PPO_2,27600,entropy,-4.331381797790527
PPO_2,33120,entropy,-4.363970756530762
PPO_2,35880,entropy,-4.363456726074219
PPO_2,38640,entropy,-4.363217353820801
PPO_2,41400,entropy,-4.366768836975098
PPO_2,44160,entropy,-4.368847846984863
PPO_2,46920,entropy,-4.384390354156494
PPO_2,49680,entropy,-4.398810863494873
PPO_2,52440,entropy,-4.3960981369018555
PPO_2,57960,entropy,-4.409208297729492
PPO_2,60720,entropy,-4.4145917892456055
PPO_2,63480,entropy,-4.413909912109375
PPO_2,66240,entropy,-4.408120155334473
PPO_2,69000,entropy,-4.416855812072754
PPO_2,71760,entropy,-4.419951915740967
PPO_2,74520,entropy,-4.411195278167725
PPO_2,77280,entropy,-4.4010539054870605
PPO_2,80040,entropy,-4.395622253417969
PPO_2,85560,entropy,-4.399428844451904
PPO_2,88320,entropy,-4.407694339752197
PPO_2,91080,entropy,-4.416224479675293
PPO_2,93840,entropy,-4.416585922241211
PPO_2,96600,entropy,-4.404016971588135
PPO_2,99360,entropy,-4.3968505859375
PPO_2,102120,entropy,-4.418537616729736
PPO_2,104880,entropy,-4.41228723526001
PPO_2,110400,entropy,-4.427119255065918
PPO_2,113160,entropy,-4.436854362487793
PPO_2,115920,entropy,-4.433426856994629
PPO_2,118680,entropy,-4.429148197174072
PPO_2,121440,entropy,-4.431821823120117
PPO_2,124200,entropy,-4.432737827301025
PPO_2,126960,entropy,-4.438239574432373
PPO_2,129720,entropy,-4.448930263519287
PPO_2,132480,entropy,-4.448100566864014
PPO_2,138000,entropy,-4.461184978485107
PPO_2,140760,entropy,-4.462754726409912
PPO_2,143520,entropy,-4.464778900146484
PPO_2,146280,entropy,-4.47661018371582
PPO_2,149040,entropy,-4.480277061462402
PPO_2,151800,entropy,-4.4849982261657715
PPO_2,154560,entropy,-4.4827961921691895
PPO_2,157320,entropy,-4.493465900421143
PPO_2,162840,entropy,-4.519733905792236
PPO_2,165600,entropy,-4.537476539611816
PPO_2,168360,entropy,-4.5353193283081055
PPO_2,171120,entropy,-4.53915548324585
PPO_2,173880,entropy,-4.556889533996582
PPO_2,176640,entropy,-4.586827754974365
PPO_2,179400,entropy,-4.6072468757629395
PPO_2,182160,entropy,-4.610535621643066
PPO_2,184920,entropy,-4.618534088134766
PPO_2,190440,entropy,-4.627666473388672
PPO_2,193200,entropy,-4.619158744812012
PPO_2,195960,entropy,-4.607036113739014
PPO_2,198720,entropy,-4.616875648498535
PPO_2,201480,entropy,-4.625951766967773
PPO_2,204240,entropy,-4.6343512535095215
PPO_2,207000,entropy,-4.6566243171691895
PPO_2,209760,entropy,-4.677030086517334
PPO_2,215280,entropy,-4.712766170501709
PPO_2,218040,entropy,-4.728127479553223
PPO_2,220800,entropy,-4.733127117156982
PPO_2,223560,entropy,-4.740427017211914
PPO_2,226320,entropy,-4.744884014129639
PPO_2,229080,entropy,-4.759403228759766
PPO_2,231840,entropy,-4.778006553649902
PPO_2,234600,entropy,-4.772943496704102
PPO_2,237360,entropy,-4.774440288543701
PPO_2,242880,entropy,-4.778584957122803
PPO_2,245640,entropy,-4.800682544708252
PPO_2,248400,entropy,-4.813199043273926
PPO_2,251160,entropy,-4.8203630447387695
PPO_2,253920,entropy,-4.8295063972473145
PPO_2,256680,entropy,-4.8415422439575195
PPO_2,259440,entropy,-4.848616600036621
PPO_2,262200,entropy,-4.854952812194824
PPO_2,267720,entropy,-4.866420269012451
PPO_2,270480,entropy,-4.872797966003418
PPO_2,273240,entropy,-4.883329391479492
PPO_2,276000,entropy,-4.883864402770996
PPO_2,278760,entropy,-4.88136100769043
PPO_2,281520,entropy,-4.896783828735352
PPO_2,284280,entropy,-4.92009162902832
PPO_2,287040,entropy,-4.921738624572754
PPO_2,289800,entropy,-4.92764139175415
PPO_2,295320,entropy,-4.940618515014648
PPO_2,298080,entropy,-4.957854747772217
PPO_2,300840,entropy,-4.975024700164795
PPO_2,303600,entropy,-4.989893913269043
PPO_2,306360,entropy,-5.007579326629639
PPO_2,309120,entropy,-5.020869731903076
PPO_2,311880,entropy,-5.018834114074707
PPO_2,314640,entropy,-5.0279107093811035
PPO_2,320160,entropy,-5.051566123962402
PPO_2,322920,entropy,-5.052481174468994
PPO_2,325680,entropy,-5.0571064949035645
PPO_2,328440,entropy,-5.059648036956787
PPO_2,331200,entropy,-5.062563419342041
PPO_2,333960,entropy,-5.066076755523682
PPO_2,336720,entropy,-5.069781303405762
PPO_2,339480,entropy,-5.085261821746826
PPO_2,342240,entropy,-5.1012444496154785
PPO_2,347760,entropy,-5.13154411315918
PPO_2,350520,entropy,-5.147666931152344
PPO_2,353280,entropy,-5.151702404022217
PPO_2,356040,entropy,-5.14822244644165
PPO_2,358800,entropy,-5.138795375823975
PPO_2,361560,entropy,-5.136655807495117
PPO_2,364320,entropy,-5.135852813720703
PPO_2,367080,entropy,-5.1453728675842285
PPO_2,372600,entropy,-5.1560516357421875
PPO_2,375360,entropy,-5.160831451416016
PPO_2,378120,entropy,-5.159491539001465
PPO_2,380880,entropy,-5.164206504821777
PPO_2,383640,entropy,-5.167904853820801
PPO_2,386400,entropy,-5.156929016113281
PPO_2,389160,entropy,-5.157273292541504
PPO_2,391920,entropy,-5.162795543670654
PPO_2,394680,entropy,-5.167888641357422
PPO_2,400200,entropy,-5.191990375518799
PPO_2,402960,entropy,-5.20596170425415
PPO_2,405720,entropy,-5.218624114990234
PPO_2,408480,entropy,-5.2182936668396
PPO_2,411240,entropy,-5.218130111694336
PPO_2,414000,entropy,-5.221113204956055
PPO_2,416760,entropy,-5.221805572509766
PPO_2,419520,entropy,-5.212597370147705
PPO_2,425040,entropy,-5.221468448638916
PPO_2,427800,entropy,-5.226911544799805
PPO_2,430560,entropy,-5.222286701202393
PPO_2,433320,entropy,-5.217942714691162
PPO_2,436080,entropy,-5.22267484664917
PPO_2,438840,entropy,-5.239590644836426
PPO_2,441600,entropy,-5.2529706954956055
PPO_2,444360,entropy,-5.260852336883545
PPO_2,447120,entropy,-5.269680023193359
PPO_2,452640,entropy,-5.2989912033081055
PPO_2,455400,entropy,-5.3198089599609375
PPO_2,458160,entropy,-5.337283611297607
PPO_2,460920,entropy,-5.346655368804932
PPO_2,463680,entropy,-5.352516174316406
PPO_2,466440,entropy,-5.362850189208984
PPO_2,469200,entropy,-5.36781644821167
PPO_2,471960,entropy,-5.365148544311523
PPO_2,477480,entropy,-5.35704231262207
PPO_2,480240,entropy,-5.369966506958008
PPO_2,483000,entropy,-5.388455390930176
PPO_2,485760,entropy,-5.399957656860352
PPO_2,488520,entropy,-5.406497478485107
PPO_2,491280,entropy,-5.42752742767334
PPO_2,494040,entropy,-5.441894054412842
PPO_2,496800,entropy,-5.454591751098633
PPO_2,499560,entropy,-5.464279651641846
PPO_2,505080,entropy,-5.483585834503174
PPO_2,507840,entropy,-5.487334728240967
PPO_2,510600,entropy,-5.495104789733887
PPO_2,513360,entropy,-5.505238056182861
PPO_2,516120,entropy,-5.502992630004883
PPO_2,518880,entropy,-5.496463298797607
PPO_2,521640,entropy,-5.497168064117432
PPO_2,524400,entropy,-5.50797176361084
PPO_2,529920,entropy,-5.5103983879089355
PPO_2,532680,entropy,-5.5227274894714355
PPO_2,535440,entropy,-5.544317245483398
PPO_2,538200,entropy,-5.569222927093506
PPO_2,540960,entropy,-5.585794448852539
PPO_2,543720,entropy,-5.577147006988525
PPO_2,546480,entropy,-5.58380126953125
PPO_2,549240,entropy,-5.605031967163086
PPO_2,552000,entropy,-5.625935077667236
PPO_2,557520,entropy,-5.63185977935791
PPO_2,560280,entropy,-5.6513800621032715
PPO_2,563040,entropy,-5.6586833000183105
PPO_2,565800,entropy,-5.655540466308594
PPO_2,568560,entropy,-5.654000759124756
PPO_2,571320,entropy,-5.659395217895508
PPO_2,574080,entropy,-5.664581775665283
PPO_2,576840,entropy,-5.6722211837768555
PPO_2,582360,entropy,-5.705462455749512
PPO_2,585120,entropy,-5.717657089233398
PPO_2,587880,entropy,-5.721388816833496
PPO_2,590640,entropy,-5.7304368019104
PPO_2,593400,entropy,-5.751720428466797
PPO_2,596160,entropy,-5.761776447296143
PPO_2,598920,entropy,-5.765066146850586
PPO_2,601680,entropy,-5.769869804382324
PPO_2,604440,entropy,-5.778924942016602
PPO_2,609960,entropy,-5.787850379943848
PPO_2,612720,entropy,-5.791529655456543
PPO_2,615480,entropy,-5.781919479370117
PPO_2,618240,entropy,-5.776944160461426
PPO_2,621000,entropy,-5.783554553985596
PPO_2,623760,entropy,-5.781809329986572
PPO_2,626520,entropy,-5.7763495445251465
PPO_2,629280,entropy,-5.777440071105957
PPO_2,634800,entropy,-5.792364597320557
PPO_2,637560,entropy,-5.7965569496154785
PPO_2,640320,entropy,-5.808236122131348
PPO_2,643080,entropy,-5.810826301574707
PPO_2,645840,entropy,-5.82037353515625
PPO_2,648600,entropy,-5.830928802490234
PPO_2,651360,entropy,-5.838202476501465
PPO_2,654120,entropy,-5.840965747833252
PPO_2,656880,entropy,-5.8443427085876465
PPO_2,662400,entropy,-5.853029727935791
PPO_2,665160,entropy,-5.847243785858154
PPO_2,667920,entropy,-5.8472819328308105
PPO_2,670680,entropy,-5.859309673309326
PPO_2,673440,entropy,-5.876013278961182
PPO_2,676200,entropy,-5.877479553222656
PPO_2,678960,entropy,-5.870962619781494
PPO_2,681720,entropy,-5.864441394805908
PPO_2,687240,entropy,-5.882496356964111
PPO_2,690000,entropy,-5.899009704589844
PPO_2,692760,entropy,-5.927586555480957
PPO_2,695520,entropy,-5.9424309730529785
PPO_2,698280,entropy,-5.94484281539917
PPO_2,701040,entropy,-5.945364475250244
PPO_2,703800,entropy,-5.948447227478027
PPO_2,706560,entropy,-5.967413902282715
PPO_2,709320,entropy,-5.981775760650635
PPO_2,714840,entropy,-5.986881732940674
PPO_2,717600,entropy,-5.996199131011963
PPO_2,720360,entropy,-6.00118350982666
PPO_2,723120,entropy,-6.003112316131592
PPO_2,725880,entropy,-6.018625259399414
PPO_2,728640,entropy,-6.038944721221924
PPO_2,731400,entropy,-6.046400547027588
PPO_2,734160,entropy,-6.056717872619629
PPO_2,739680,entropy,-6.106259822845459
PPO_2,742440,entropy,-6.103875160217285
PPO_2,745200,entropy,-6.106074810028076
PPO_2,747960,entropy,-6.115610599517822
PPO_2,750720,entropy,-6.107868194580078
PPO_2,753480,entropy,-6.109963417053223
PPO_2,756240,entropy,-6.1229023933410645
PPO_2,759000,entropy,-6.1349873542785645
PPO_2,761760,entropy,-6.146995544433594
PPO_2,767280,entropy,-6.142516613006592
PPO_2,770040,entropy,-6.13969087600708
PPO_2,772800,entropy,-6.146675109863281
PPO_2,775560,entropy,-6.1501145362854
PPO_2,778320,entropy,-6.162480354309082
PPO_2,781080,entropy,-6.173314094543457
PPO_2,783840,entropy,-6.172343730926514
PPO_2,786600,entropy,-6.1776018142700195
PPO_2,792120,entropy,-6.17930793762207
PPO_2,794880,entropy,-6.1982622146606445
PPO_2,797640,entropy,-6.2021026611328125
PPO_2,800400,entropy,-6.201842308044434
PPO_2,803160,entropy,-6.207931995391846
PPO_2,805920,entropy,-6.2156901359558105
PPO_2,808680,entropy,-6.216020584106445
PPO_2,811440,entropy,-6.214831829071045
PPO_2,814200,entropy,-6.2279863357543945
PPO_2,819720,entropy,-6.252736568450928
PPO_2,822480,entropy,-6.267449855804443
PPO_2,825240,entropy,-6.290643215179443
PPO_2,828000,entropy,-6.303982734680176
PPO_2,830760,entropy,-6.308238983154297
PPO_2,833520,entropy,-6.325435638427734
PPO_2,836280,entropy,-6.334319591522217
PPO_2,839040,entropy,-6.323368549346924
PPO_2,844560,entropy,-6.318051815032959
PPO_2,847320,entropy,-6.313108921051025
PPO_2,850080,entropy,-6.336936950683594
PPO_2,852840,entropy,-6.3408989906311035
PPO_2,855600,entropy,-6.354219913482666
PPO_2,858360,entropy,-6.366669654846191
PPO_2,861120,entropy,-6.369690418243408
PPO_2,863880,entropy,-6.368969917297363
PPO_2,866640,entropy,-6.377347946166992
PPO_2,872160,entropy,-6.412935733795166
PPO_2,874920,entropy,-6.419898986816406
PPO_2,877680,entropy,-6.432806968688965
PPO_2,880440,entropy,-6.449942111968994
PPO_2,883200,entropy,-6.4586405754089355
PPO_2,885960,entropy,-6.452944755554199
PPO_2,888720,entropy,-6.458695411682129
PPO_2,891480,entropy,-6.468822479248047
PPO_2,897000,entropy,-6.491940498352051
PPO_2,899760,entropy,-6.497509479522705
PPO_2,902520,entropy,-6.501460552215576
PPO_2,905280,entropy,-6.499495029449463
PPO_2,908040,entropy,-6.511912822723389
PPO_2,910800,entropy,-6.520019054412842
PPO_2,913560,entropy,-6.52590274810791
PPO_2,916320,entropy,-6.539638042449951
PPO_2,919080,entropy,-6.556249141693115
PPO_2,924600,entropy,-6.591015338897705
PPO_2,927360,entropy,-6.616857051849365
PPO_2,930120,entropy,-6.626952171325684
PPO_2,932880,entropy,-6.640048980712891
PPO_2,935640,entropy,-6.65575647354126
PPO_2,938400,entropy,-6.659671306610107
PPO_2,941160,entropy,-6.664609432220459
PPO_2,943920,entropy,-6.670269966125488
PPO_2,949440,entropy,-6.706602573394775
PPO_2,952200,entropy,-6.708002090454102
PPO_2,954960,entropy,-6.703281879425049
PPO_2,957720,entropy,-6.704283714294434
PPO_2,960480,entropy,-6.720284461975098
PPO_2,963240,entropy,-6.729798793792725
PPO_2,966000,entropy,-6.734647274017334
PPO_2,968760,entropy,-6.74330997467041
PPO_2,971520,entropy,-6.753553867340088
PPO_2,977040,entropy,-6.756034851074219
PPO_2,979800,entropy,-6.7450432777404785
PPO_2,982560,entropy,-6.720863342285156
PPO_2,985320,entropy,-6.726428031921387
PPO_2,988080,entropy,-6.734489440917969
PPO_2,990840,entropy,-6.736871242523193
PPO_2,993600,entropy,-6.734680652618408
PPO_2,996360,entropy,-6.741027355194092
PPO_2,1001880,entropy,-6.762925624847412
PPO_2,1004640,entropy,-6.772849082946777
PPO_2,1007400,entropy,-6.774779796600342
PPO_2,1010160,entropy,-6.786577224731445
PPO_2,1012920,entropy,-6.792351245880127
PPO_2,1015680,entropy,-6.785524368286133
PPO_2,1018440,entropy,-6.78505802154541
PPO_2,1021200,entropy,-6.790907859802246
PPO_2,1023960,entropy,-6.804193496704102
PPO_2,1029480,entropy,-6.811426162719727
PPO_2,1032240,entropy,-6.809748649597168
PPO_2,1035000,entropy,-6.828582286834717
PPO_2,1037760,entropy,-6.857481956481934
PPO_2,1040520,entropy,-6.862681865692139
PPO_2,1043280,entropy,-6.8686299324035645
PPO_2,1046040,entropy,-6.885714054107666
PPO_2,1048800,entropy,-6.90736198425293
PPO_2,1054320,entropy,-6.912570953369141
PPO_2,1057080,entropy,-6.925957202911377
PPO_2,1059840,entropy,-6.939754009246826
PPO_2,1062600,entropy,-6.949242115020752
PPO_2,1065360,entropy,-6.966037750244141
PPO_2,1068120,entropy,-6.995113849639893
PPO_2,1070880,entropy,-7.019493579864502
PPO_2,1073640,entropy,-7.020608901977539
PPO_2,1076400,entropy,-7.0299811363220215
PPO_2,1081920,entropy,-7.0584187507629395
PPO_2,1084680,entropy,-7.064526557922363
PPO_2,1087440,entropy,-7.069700717926025
PPO_2,1090200,entropy,-7.080197811126709
PPO_2,1092960,entropy,-7.090847969055176
PPO_2,1095720,entropy,-7.095315456390381
PPO_2,1098480,entropy,-7.107384204864502
PPO_2,1101240,entropy,-7.1219282150268555
PPO_2,1106760,entropy,-7.140200614929199
PPO_2,1109520,entropy,-7.148140907287598
PPO_2,1112280,entropy,-7.164245128631592
PPO_2,1115040,entropy,-7.172739028930664
PPO_2,1117800,entropy,-7.170935153961182
PPO_2,1120560,entropy,-7.181795120239258
PPO_2,1123320,entropy,-7.203891754150391
PPO_2,1126080,entropy,-7.219837188720703
PPO_2,1128840,entropy,-7.222756385803223
PPO_2,1134360,entropy,-7.2177557945251465
PPO_2,1137120,entropy,-7.232386589050293
PPO_2,1139880,entropy,-7.233736991882324
PPO_2,1142640,entropy,-7.236685752868652
PPO_2,1145400,entropy,-7.226591110229492
PPO_2,1148160,entropy,-7.212247848510742
PPO_2,1150920,entropy,-7.212925434112549
PPO_2,1153680,entropy,-7.213630199432373
PPO_2,1159200,entropy,-7.19418478012085
PPO_2,1161960,entropy,-7.194070339202881
PPO_2,1164720,entropy,-7.198963165283203
PPO_2,1167480,entropy,-7.20985746383667
PPO_2,1170240,entropy,-7.2226104736328125
PPO_2,1173000,entropy,-7.228504657745361
PPO_2,1175760,entropy,-7.236146450042725
PPO_2,1178520,entropy,-7.256227970123291
PPO_2,1181280,entropy,-7.285549640655518
PPO_2,1186800,entropy,-7.2835187911987305
PPO_2,1189560,entropy,-7.265873908996582
PPO_2,1192320,entropy,-7.256349563598633
PPO_2,1195080,entropy,-7.2599968910217285
PPO_2,1197840,entropy,-7.265104293823242
PPO_2,1200600,entropy,-7.2733540534973145
PPO_2,1203360,entropy,-7.280010223388672
PPO_2,1206120,entropy,-7.284434795379639
PPO_2,1211640,entropy,-7.331625461578369
PPO_2,1214400,entropy,-7.352446556091309
PPO_2,1217160,entropy,-7.358577251434326
PPO_2,1219920,entropy,-7.372806549072266
PPO_2,1222680,entropy,-7.399748802185059
PPO_2,1225440,entropy,-7.4199371337890625
PPO_2,1228200,entropy,-7.42197322845459
PPO_2,1230960,entropy,-7.433383464813232
PPO_2,1236480,entropy,-7.4748663902282715
PPO_2,5520,approx_kl,0.001171683892607689
PPO_2,8280,approx_kl,0.00037633918691426516
PPO_2,11040,approx_kl,0.003745226887986064
PPO_2,13800,approx_kl,0.0030286747496575117
PPO_2,16560,approx_kl,0.0010045128874480724
PPO_2,19320,approx_kl,0.0051322560757398605
PPO_2,22080,approx_kl,0.0015344996936619282
PPO_2,24840,approx_kl,0.0007350699161179364
PPO_2,27600,approx_kl,0.0007100984803400934
PPO_2,33120,approx_kl,0.00593952601775527
PPO_2,35880,approx_kl,0.001783500425517559
PPO_2,38640,approx_kl,0.004955789539963007
PPO_2,41400,approx_kl,0.0038342915941029787
PPO_2,44160,approx_kl,0.0003125823277514428
PPO_2,46920,approx_kl,0.0016839351737871766
PPO_2,49680,approx_kl,0.003672531805932522
PPO_2,52440,approx_kl,0.001972745405510068
PPO_2,57960,approx_kl,0.0014329353580251336
PPO_2,60720,approx_kl,0.0011027721920982003
PPO_2,63480,approx_kl,0.005117181688547134
PPO_2,66240,approx_kl,0.0009442027658224106
PPO_2,69000,approx_kl,0.0015521886525675654
PPO_2,71760,approx_kl,0.002230382291600108
PPO_2,74520,approx_kl,0.00029135411023162305
PPO_2,77280,approx_kl,0.004689453635364771
PPO_2,80040,approx_kl,0.0009342607227154076
PPO_2,85560,approx_kl,0.00590550946071744
PPO_2,88320,approx_kl,0.0024323163088411093
PPO_2,91080,approx_kl,0.0010280328569933772
PPO_2,93840,approx_kl,0.0004685842141043395
PPO_2,96600,approx_kl,0.0008546446915715933
PPO_2,99360,approx_kl,0.0010728768538683653
PPO_2,102120,approx_kl,0.0002229152014479041
PPO_2,104880,approx_kl,0.0027928873896598816
PPO_2,110400,approx_kl,0.0020838482305407524
PPO_2,113160,approx_kl,0.00043144336086697876
PPO_2,115920,approx_kl,0.0030397537630051374
PPO_2,118680,approx_kl,0.003799736499786377
PPO_2,121440,approx_kl,0.0033330998849123716
PPO_2,124200,approx_kl,0.0009209989220835268
PPO_2,126960,approx_kl,0.0016781013691797853
PPO_2,129720,approx_kl,0.002146941376850009
PPO_2,132480,approx_kl,0.0010251899948343635
PPO_2,138000,approx_kl,0.0009815053781494498
PPO_2,140760,approx_kl,0.0025587233249098063
PPO_2,143520,approx_kl,0.0012841732241213322
PPO_2,146280,approx_kl,0.00025070621632039547
PPO_2,149040,approx_kl,0.00024404206487815827
PPO_2,151800,approx_kl,0.0041790190152823925
PPO_2,154560,approx_kl,0.0009199162013828754
PPO_2,157320,approx_kl,0.000995941343717277
PPO_2,162840,approx_kl,0.0005253840354271233
PPO_2,165600,approx_kl,0.002043371321633458
PPO_2,168360,approx_kl,0.0016056568128988147
PPO_2,171120,approx_kl,0.001543644000776112
PPO_2,173880,approx_kl,0.00039224469219334424
PPO_2,176640,approx_kl,0.0009776931256055832
PPO_2,179400,approx_kl,0.001696658437140286
PPO_2,182160,approx_kl,0.004361503291875124
PPO_2,184920,approx_kl,0.0009407498291693628
PPO_2,190440,approx_kl,0.000717347429599613
PPO_2,193200,approx_kl,0.0021215989254415035
PPO_2,195960,approx_kl,0.0006953245610930026
PPO_2,198720,approx_kl,0.0014546202728524804
PPO_2,201480,approx_kl,0.0008270131074823439
PPO_2,204240,approx_kl,0.0006284513510763645
PPO_2,207000,approx_kl,0.0005700296605937183
PPO_2,209760,approx_kl,0.0011507965391501784
PPO_2,215280,approx_kl,0.005010130349546671
PPO_2,218040,approx_kl,0.002874112455174327
PPO_2,220800,approx_kl,0.002745390869677067
PPO_2,223560,approx_kl,0.0005883701960556209
PPO_2,226320,approx_kl,0.002242565853521228
PPO_2,229080,approx_kl,0.0015977686271071434
PPO_2,231840,approx_kl,0.0004943385138176382
PPO_2,234600,approx_kl,0.00019039884500671178
PPO_2,237360,approx_kl,0.0022112890146672726
PPO_2,242880,approx_kl,0.0009131808765232563
PPO_2,245640,approx_kl,0.0006429895875044167
PPO_2,248400,approx_kl,0.003976662177592516
PPO_2,251160,approx_kl,0.0021765355486422777
PPO_2,253920,approx_kl,0.0004226663149893284
PPO_2,256680,approx_kl,0.0001367911318084225
PPO_2,259440,approx_kl,0.0003560606564860791
PPO_2,262200,approx_kl,0.0008971551433205605
PPO_2,267720,approx_kl,0.0002598848950583488
PPO_2,270480,approx_kl,0.0013693812070414424
PPO_2,273240,approx_kl,0.000941598613280803
PPO_2,276000,approx_kl,0.0008657003636471927
PPO_2,278760,approx_kl,0.0007977184723131359
PPO_2,281520,approx_kl,0.001196215278469026
PPO_2,284280,approx_kl,0.004760196898132563
PPO_2,287040,approx_kl,0.0017291837139055133
PPO_2,289800,approx_kl,0.0005992789519950747
PPO_2,295320,approx_kl,0.0011507113231346011
PPO_2,298080,approx_kl,0.0013405131176114082
PPO_2,300840,approx_kl,0.0015838454710319638
PPO_2,303600,approx_kl,0.002461058786138892
PPO_2,306360,approx_kl,0.0002463374985381961
PPO_2,309120,approx_kl,0.0011674548732116818
PPO_2,311880,approx_kl,0.00023657154815737158
PPO_2,314640,approx_kl,0.00023885157133918256
PPO_2,320160,approx_kl,0.0002601816086098552
PPO_2,322920,approx_kl,0.001166014582850039
PPO_2,325680,approx_kl,0.0013143721735104918
PPO_2,328440,approx_kl,0.004204064141958952
PPO_2,331200,approx_kl,0.0006204211967997253
PPO_2,333960,approx_kl,0.00018822452693711966
PPO_2,336720,approx_kl,0.0018114348640665412
PPO_2,339480,approx_kl,0.0004269094206392765
PPO_2,342240,approx_kl,0.0006318111554719508
PPO_2,347760,approx_kl,0.0005082270945422351
PPO_2,350520,approx_kl,0.0003569638356566429
PPO_2,353280,approx_kl,3.218091660528444e-05
PPO_2,356040,approx_kl,0.00024148212105501443
PPO_2,358800,approx_kl,0.00011168314813403413
PPO_2,361560,approx_kl,0.0007971913437359035
PPO_2,364320,approx_kl,0.0002630070084705949
PPO_2,367080,approx_kl,0.00030890561174601316
PPO_2,372600,approx_kl,0.002055346965789795
PPO_2,375360,approx_kl,0.00036324278335087
PPO_2,378120,approx_kl,0.00028852326795458794
PPO_2,380880,approx_kl,0.0017316173762083054
PPO_2,383640,approx_kl,0.0015071966918185353
PPO_2,386400,approx_kl,0.0006398466066457331
PPO_2,389160,approx_kl,0.001304646604694426
PPO_2,391920,approx_kl,0.001188814640045166
PPO_2,394680,approx_kl,0.0016160992672666907
PPO_2,400200,approx_kl,0.0005514325457625091
PPO_2,402960,approx_kl,0.00025561312213540077
PPO_2,405720,approx_kl,0.004057432059198618
PPO_2,408480,approx_kl,0.00012647492985706776
PPO_2,411240,approx_kl,0.0011023267870768905
PPO_2,414000,approx_kl,0.0003507029905449599
PPO_2,416760,approx_kl,0.0033654782455414534
PPO_2,419520,approx_kl,7.18843875802122e-05
PPO_2,425040,approx_kl,0.00013340957229956985
PPO_2,427800,approx_kl,0.002126789651811123
PPO_2,430560,approx_kl,0.00011062634439440444
PPO_2,433320,approx_kl,0.0005330857820808887
PPO_2,436080,approx_kl,0.0004917230689898133
PPO_2,438840,approx_kl,0.0031766279134899378
PPO_2,441600,approx_kl,0.0005560250137932599
PPO_2,444360,approx_kl,0.0003831049834843725
PPO_2,447120,approx_kl,0.00017062248662114143
PPO_2,452640,approx_kl,0.00021240650676190853
PPO_2,455400,approx_kl,0.00080698705278337
PPO_2,458160,approx_kl,0.0004905443056486547
PPO_2,460920,approx_kl,0.0018583047203719616
PPO_2,463680,approx_kl,0.00013173362822271883
PPO_2,466440,approx_kl,0.00041239484562538564
PPO_2,469200,approx_kl,0.0009137981687672436
PPO_2,471960,approx_kl,0.0016737328842282295
PPO_2,477480,approx_kl,8.619418804300949e-05
PPO_2,480240,approx_kl,0.0005829398869536817
PPO_2,483000,approx_kl,0.0017006564885377884
PPO_2,485760,approx_kl,3.305057907709852e-05
PPO_2,488520,approx_kl,0.0003320726100355387
PPO_2,491280,approx_kl,0.0006713417242281139
PPO_2,494040,approx_kl,0.0018820501863956451
PPO_2,496800,approx_kl,0.00014374699094332755
PPO_2,499560,approx_kl,0.00019446993246674538
PPO_2,505080,approx_kl,0.00030564735061489046
PPO_2,507840,approx_kl,0.00022369941871147603
PPO_2,510600,approx_kl,0.000264656642684713
PPO_2,513360,approx_kl,0.00033740908838808537
PPO_2,516120,approx_kl,0.0007854420109651983
PPO_2,518880,approx_kl,0.00019581209926400334
PPO_2,521640,approx_kl,0.0004989270237274468
PPO_2,524400,approx_kl,0.0003750335890799761
PPO_2,529920,approx_kl,0.0004147640138398856
PPO_2,532680,approx_kl,0.0005762403015978634
PPO_2,535440,approx_kl,0.0003986069932579994
PPO_2,538200,approx_kl,0.002234591403976083
PPO_2,540960,approx_kl,0.0005088737816549838
PPO_2,543720,approx_kl,8.649189112475142e-05
PPO_2,546480,approx_kl,0.0009867748012766242
PPO_2,549240,approx_kl,0.001646873657591641
PPO_2,552000,approx_kl,0.00011336524767102674
PPO_2,557520,approx_kl,0.00042877448140643537
PPO_2,560280,approx_kl,0.0011946040904149413
PPO_2,563040,approx_kl,8.049685129662976e-05
PPO_2,565800,approx_kl,0.0003972201084252447
PPO_2,568560,approx_kl,0.0005561904399655759
PPO_2,571320,approx_kl,0.0011954655637964606
PPO_2,574080,approx_kl,0.00016072085418272763
PPO_2,576840,approx_kl,0.00019263815192971379
PPO_2,582360,approx_kl,0.0011445869458839297
PPO_2,585120,approx_kl,4.358587830211036e-05
PPO_2,587880,approx_kl,9.617378236725926e-05
PPO_2,590640,approx_kl,0.0004740622825920582
PPO_2,593400,approx_kl,0.0006839078851044178
PPO_2,596160,approx_kl,0.0001686967589193955
PPO_2,598920,approx_kl,0.00010560781811363995
PPO_2,601680,approx_kl,0.00047860961058177054
PPO_2,604440,approx_kl,0.001557089271955192
PPO_2,609960,approx_kl,0.00013883163046557456
PPO_2,612720,approx_kl,0.0002838757645804435
PPO_2,615480,approx_kl,0.0001907351688714698
PPO_2,618240,approx_kl,0.00030242890352383256
PPO_2,621000,approx_kl,0.00014718905731569976
PPO_2,623760,approx_kl,0.0003516082651913166
PPO_2,626520,approx_kl,0.0009329943568445742
PPO_2,629280,approx_kl,0.0002909507311414927
PPO_2,634800,approx_kl,0.0019841378089040518
PPO_2,637560,approx_kl,0.0016218897653743625
PPO_2,640320,approx_kl,0.00010721688158810139
PPO_2,643080,approx_kl,0.00010036309686256573
PPO_2,645840,approx_kl,0.000283442554064095
PPO_2,648600,approx_kl,0.00073326873825863
PPO_2,651360,approx_kl,0.000229890996706672
PPO_2,654120,approx_kl,0.0002610265219118446
PPO_2,656880,approx_kl,0.001242192229256034
PPO_2,662400,approx_kl,0.0001206070592161268
PPO_2,665160,approx_kl,0.00012593080464284867
PPO_2,667920,approx_kl,0.0001235964591614902
PPO_2,670680,approx_kl,0.0010598843218758702
PPO_2,673440,approx_kl,7.359604205703363e-05
PPO_2,676200,approx_kl,7.656089292140678e-05
PPO_2,678960,approx_kl,0.0010058644693344831
PPO_2,681720,approx_kl,0.0014169987989589572
PPO_2,687240,approx_kl,0.00029748742235824466
PPO_2,690000,approx_kl,0.0009316105279140174
PPO_2,692760,approx_kl,0.0003592877183109522
PPO_2,695520,approx_kl,3.4795291867339984e-05
PPO_2,698280,approx_kl,0.0001245393796125427
PPO_2,701040,approx_kl,0.000674898037686944
PPO_2,703800,approx_kl,0.0005113966180942953
PPO_2,706560,approx_kl,0.0002447754377499223
PPO_2,709320,approx_kl,0.0002445667050778866
PPO_2,714840,approx_kl,0.0003867349587380886
PPO_2,717600,approx_kl,0.00016594100452493876
PPO_2,720360,approx_kl,3.018303686985746e-05
PPO_2,723120,approx_kl,0.0004373349656816572
PPO_2,725880,approx_kl,0.00025534318410791457
PPO_2,728640,approx_kl,5.363839227356948e-05
PPO_2,731400,approx_kl,4.675375748774968e-05
PPO_2,734160,approx_kl,0.0005399456713348627
PPO_2,739680,approx_kl,3.754920180654153e-05
PPO_2,742440,approx_kl,6.498132279375568e-05
PPO_2,745200,approx_kl,0.0012282637180760503
PPO_2,747960,approx_kl,0.0006630101124756038
PPO_2,750720,approx_kl,0.00014217202260624617
PPO_2,753480,approx_kl,8.975712262326851e-05
PPO_2,756240,approx_kl,0.0006554633728228509
PPO_2,759000,approx_kl,0.0008198712021112442
PPO_2,761760,approx_kl,0.00046260925591923296
PPO_2,767280,approx_kl,0.0011416563065722585
PPO_2,770040,approx_kl,0.0011926224688068032
PPO_2,772800,approx_kl,6.454520189436153e-05
PPO_2,775560,approx_kl,5.1380586228333414e-05
PPO_2,778320,approx_kl,0.0005277551827020943
PPO_2,781080,approx_kl,0.001261782250367105
PPO_2,783840,approx_kl,0.00022671154874842614
PPO_2,786600,approx_kl,0.00022175582125782967
PPO_2,792120,approx_kl,0.0012766504660248756
PPO_2,794880,approx_kl,0.00010571302846074104
PPO_2,797640,approx_kl,0.00011574579548323527
PPO_2,800400,approx_kl,0.000245572067797184
PPO_2,803160,approx_kl,0.000982763129286468
PPO_2,805920,approx_kl,0.0001373488485114649
PPO_2,808680,approx_kl,8.475862705381587e-05
PPO_2,811440,approx_kl,0.0003201218496542424
PPO_2,814200,approx_kl,0.0008908766321837902
PPO_2,819720,approx_kl,4.223561336402781e-05
PPO_2,822480,approx_kl,0.0002557968837209046
PPO_2,825240,approx_kl,0.0006879842258058488
PPO_2,828000,approx_kl,0.00010180554090766236
PPO_2,830760,approx_kl,0.00013776171545032412
PPO_2,833520,approx_kl,0.0004231880884617567
PPO_2,836280,approx_kl,0.0006712924805469811
PPO_2,839040,approx_kl,0.00010720676073106006
PPO_2,844560,approx_kl,0.0004442874633241445
PPO_2,847320,approx_kl,0.0009308213484473526
PPO_2,850080,approx_kl,0.00022750126663595438
PPO_2,852840,approx_kl,0.00010780486627481878
PPO_2,855600,approx_kl,0.0006013684323988855
PPO_2,858360,approx_kl,0.0009192263823933899
PPO_2,861120,approx_kl,9.933733963407576e-05
PPO_2,863880,approx_kl,1.7857486454886384e-05
PPO_2,866640,approx_kl,0.0005716716405004263
PPO_2,872160,approx_kl,7.683267904212698e-05
PPO_2,874920,approx_kl,9.660673094913363e-05
PPO_2,877680,approx_kl,0.00011615627590799704
PPO_2,880440,approx_kl,0.001545317005366087
PPO_2,883200,approx_kl,6.188508268678561e-05
PPO_2,885960,approx_kl,5.784678432974033e-05
PPO_2,888720,approx_kl,0.00048617381253279746
PPO_2,891480,approx_kl,0.0008886554278433323
PPO_2,897000,approx_kl,2.1473590095411055e-05
PPO_2,899760,approx_kl,0.0005799176287837327
PPO_2,902520,approx_kl,0.0008473391062580049
PPO_2,905280,approx_kl,9.474076796323061e-05
PPO_2,908040,approx_kl,8.768482803134248e-05
PPO_2,910800,approx_kl,7.491664291592315e-05
PPO_2,913560,approx_kl,0.0003875490801874548
PPO_2,916320,approx_kl,0.0001264138991246
PPO_2,919080,approx_kl,0.00012580907787196338
PPO_2,924600,approx_kl,0.0008401996456086636
PPO_2,927360,approx_kl,9.906598279485479e-05
PPO_2,930120,approx_kl,4.1313211113447323e-05
PPO_2,932880,approx_kl,0.0007563032559119165
PPO_2,935640,approx_kl,0.00021855121303815395
PPO_2,938400,approx_kl,0.0001229102781508118
PPO_2,941160,approx_kl,9.470698569202796e-05
PPO_2,943920,approx_kl,0.0008001418318599463
PPO_2,949440,approx_kl,3.870224827551283e-05
PPO_2,952200,approx_kl,2.424731974315364e-05
PPO_2,954960,approx_kl,0.00023969328321982175
PPO_2,957720,approx_kl,0.001433169818483293
PPO_2,960480,approx_kl,0.00012393768702168018
PPO_2,963240,approx_kl,0.0002189535734942183
PPO_2,966000,approx_kl,0.00016126636182889342
PPO_2,968760,approx_kl,0.0006167042884044349
PPO_2,971520,approx_kl,2.3747417799313553e-05
PPO_2,977040,approx_kl,0.00015443727897945791
PPO_2,979800,approx_kl,0.0012026799377053976
PPO_2,982560,approx_kl,8.138952398439869e-05
PPO_2,985320,approx_kl,0.0001327466598013416
PPO_2,988080,approx_kl,0.0005209074588492513
PPO_2,990840,approx_kl,0.0008992987568490207
PPO_2,993600,approx_kl,4.9845377361634746e-05
PPO_2,996360,approx_kl,7.035374437691644e-05
PPO_2,1001880,approx_kl,0.0005242239567451179
PPO_2,1004640,approx_kl,3.991085759480484e-05
PPO_2,1007400,approx_kl,2.7956892154179513e-05
PPO_2,1010160,approx_kl,0.00048411297029815614
PPO_2,1012920,approx_kl,0.000577242870349437
PPO_2,1015680,approx_kl,5.342422446119599e-05
PPO_2,1018440,approx_kl,0.00011112121865153313
PPO_2,1021200,approx_kl,0.000601333798840642
PPO_2,1023960,approx_kl,0.00012093293480575085
PPO_2,1029480,approx_kl,7.684515730943531e-05
PPO_2,1032240,approx_kl,0.00026360165793448687
PPO_2,1035000,approx_kl,0.0007484953966923058
PPO_2,1037760,approx_kl,4.5469791075447574e-05
PPO_2,1040520,approx_kl,5.4579737479798496e-05
PPO_2,1043280,approx_kl,0.000328831491060555
PPO_2,1046040,approx_kl,0.0011300324695184827
PPO_2,1048800,approx_kl,0.00017848987772595137
PPO_2,1054320,approx_kl,0.0004931065486744046
PPO_2,1057080,approx_kl,0.0005239541060291231
PPO_2,1059840,approx_kl,5.214378688833676e-05
PPO_2,1062600,approx_kl,5.566075924434699e-05
PPO_2,1065360,approx_kl,0.00036287811235524714
PPO_2,1068120,approx_kl,0.000706362712662667
PPO_2,1070880,approx_kl,3.326678051962517e-05
PPO_2,1073640,approx_kl,4.0375107346335426e-05
PPO_2,1076400,approx_kl,0.0003349152102600783
PPO_2,1081920,approx_kl,2.2549711502506398e-05
PPO_2,1084680,approx_kl,5.2223815146135166e-05
PPO_2,1087440,approx_kl,0.0002468979510013014
PPO_2,1090200,approx_kl,0.0015636681346222758
PPO_2,1092960,approx_kl,7.348172221099958e-05
PPO_2,1095720,approx_kl,7.693791121710092e-05
PPO_2,1098480,approx_kl,0.0001231885253218934
PPO_2,1101240,approx_kl,0.00036207318771630526
PPO_2,1106760,approx_kl,8.772200817475095e-05
PPO_2,1109520,approx_kl,0.00043355123489163816
PPO_2,1112280,approx_kl,0.0009286592830903828
PPO_2,1115040,approx_kl,4.8503974539926276e-05
PPO_2,1117800,approx_kl,1.2968135706614703e-05
PPO_2,1120560,approx_kl,0.00015152218111325055
PPO_2,1123320,approx_kl,0.0002527403412386775
PPO_2,1126080,approx_kl,2.9646829716512002e-05
PPO_2,1128840,approx_kl,9.637857874622568e-05
PPO_2,1134360,approx_kl,0.0012482200982049108
PPO_2,1137120,approx_kl,4.253711085766554e-05
PPO_2,1139880,approx_kl,2.8511147320386954e-05
PPO_2,1142640,approx_kl,5.386022894526832e-05
PPO_2,1145400,approx_kl,0.0009719653171487153
PPO_2,1148160,approx_kl,4.1592011257307604e-05
PPO_2,1150920,approx_kl,0.0001296028058277443
PPO_2,1153680,approx_kl,0.0005186417256481946
PPO_2,1159200,approx_kl,1.4655463928647805e-05
PPO_2,1161960,approx_kl,1.3684836631000508e-05
PPO_2,1164720,approx_kl,8.780751522863284e-05
PPO_2,1167480,approx_kl,0.0004673375515267253
PPO_2,1170240,approx_kl,1.6700616470188834e-05
PPO_2,1173000,approx_kl,3.699416629387997e-05
PPO_2,1175760,approx_kl,0.00022899323084857315
PPO_2,1178520,approx_kl,0.00079945387551561
PPO_2,1181280,approx_kl,2.8302247301326133e-05
PPO_2,1186800,approx_kl,8.541158604202792e-05
PPO_2,1189560,approx_kl,0.0005266297375783324
PPO_2,1192320,approx_kl,2.7072774173575453e-05
PPO_2,1195080,approx_kl,7.53953418097808e-06
PPO_2,1197840,approx_kl,0.0002247781230835244
PPO_2,1200600,approx_kl,4.979253208148293e-05
PPO_2,1203360,approx_kl,1.6938214685069397e-05
PPO_2,1206120,approx_kl,8.71586144057801e-06
PPO_2,1211640,approx_kl,0.0009655028115957975
PPO_2,1214400,approx_kl,4.43673889094498e-05
PPO_2,1217160,approx_kl,2.5435438146814704e-05
PPO_2,1219920,approx_kl,0.00044835847802460194
PPO_2,1222680,approx_kl,0.0009007186745293438
PPO_2,1225440,approx_kl,1.8559328964329325e-05
PPO_2,1228200,approx_kl,2.107140790030826e-05
PPO_2,1230960,approx_kl,0.0005420740344561636
PPO_2,1236480,approx_kl,2.3981172489584424e-05
PPO_2,5520,std,1.0037765502929688
PPO_2,8280,std,1.0081974267959595
PPO_2,11040,std,1.0101219415664673
PPO_2,13800,std,1.014479398727417
PPO_2,16560,std,1.0145366191864014
PPO_2,19320,std,1.0180011987686157
PPO_2,22080,std,1.0202423334121704
PPO_2,24840,std,1.0233346223831177
PPO_2,27600,std,1.029211163520813
PPO_2,33120,std,1.0373166799545288
PPO_2,35880,std,1.03617262840271
PPO_2,38640,std,1.03755521774292
PPO_2,41400,std,1.037901520729065
PPO_2,44160,std,1.0411161184310913
PPO_2,46920,std,1.0468538999557495
PPO_2,49680,std,1.0514875650405884
PPO_2,52440,std,1.0435949563980103
PPO_2,57960,std,1.0536479949951172
PPO_2,60720,std,1.0551353693008423
PPO_2,63480,std,1.052215576171875
PPO_2,66240,std,1.0540217161178589
PPO_2,69000,std,1.0569506883621216
PPO_2,71760,std,1.056059718132019
PPO_2,74520,std,1.0514637231826782
PPO_2,77280,std,1.0487045049667358
PPO_2,80040,std,1.0496020317077637
PPO_2,85560,std,1.0522171258926392
PPO_2,88320,std,1.055513620376587
PPO_2,91080,std,1.0572928190231323
PPO_2,93840,std,1.055799126625061
PPO_2,96600,std,1.0481184720993042
PPO_2,99360,std,1.0563246011734009
PPO_2,102120,std,1.0572304725646973
PPO_2,104880,std,1.0544849634170532
PPO_2,110400,std,1.0641518831253052
PPO_2,113160,std,1.0655487775802612
PPO_2,115920,std,1.0619134902954102
PPO_2,118680,std,1.0631338357925415
PPO_2,121440,std,1.0639805793762207
PPO_2,124200,std,1.0634526014328003
PPO_2,126960,std,1.0693284273147583
PPO_2,129720,std,1.0689436197280884
PPO_2,132480,std,1.0708516836166382
PPO_2,138000,std,1.0750454664230347
PPO_2,140760,std,1.074376106262207
PPO_2,143520,std,1.0780071020126343
PPO_2,146280,std,1.0793418884277344
PPO_2,149040,std,1.0816998481750488
PPO_2,151800,std,1.0812331438064575
PPO_2,154560,std,1.083201289176941
PPO_2,157320,std,1.0865861177444458
PPO_2,162840,std,1.100132942199707
PPO_2,165600,std,1.1004589796066284
PPO_2,168360,std,1.1011009216308594
PPO_2,171120,std,1.1032592058181763
PPO_2,173880,std,1.1152702569961548
PPO_2,176640,std,1.1254383325576782
PPO_2,179400,std,1.1272531747817993
PPO_2,182160,std,1.1292647123336792
PPO_2,184920,std,1.1342509984970093
PPO_2,190440,std,1.1357783079147339
PPO_2,193200,std,1.1263912916183472
PPO_2,195960,std,1.1292519569396973
PPO_2,198720,std,1.133166790008545
PPO_2,201480,std,1.1345852613449097
PPO_2,204240,std,1.1411229372024536
PPO_2,207000,std,1.1514606475830078
PPO_2,209760,std,1.155432105064392
PPO_2,215280,std,1.1713606119155884
PPO_2,218040,std,1.1743041276931763
PPO_2,220800,std,1.1768052577972412
PPO_2,223560,std,1.1789337396621704
PPO_2,226320,std,1.180122971534729
PPO_2,229080,std,1.1929855346679688
PPO_2,231840,std,1.190524697303772
PPO_2,234600,std,1.1928223371505737
PPO_2,237360,std,1.1895594596862793
PPO_2,242880,std,1.1992130279541016
PPO_2,245640,std,1.2066911458969116
PPO_2,248400,std,1.2092280387878418
PPO_2,251160,std,1.212835431098938
PPO_2,253920,std,1.217615008354187
PPO_2,256680,std,1.2209912538528442
PPO_2,259440,std,1.2242605686187744
PPO_2,262200,std,1.2257648706436157
PPO_2,267720,std,1.2308567762374878
PPO_2,270480,std,1.2370966672897339
PPO_2,273240,std,1.2396711111068726
PPO_2,276000,std,1.2374411821365356
PPO_2,278760,std,1.2391749620437622
PPO_2,281520,std,1.2504054307937622
PPO_2,284280,std,1.2543317079544067
PPO_2,287040,std,1.2568670511245728
PPO_2,289800,std,1.25654935836792
PPO_2,295320,std,1.267832636833191
PPO_2,298080,std,1.2742925882339478
PPO_2,300840,std,1.2810865640640259
PPO_2,303600,std,1.287457823753357
PPO_2,306360,std,1.2971949577331543
PPO_2,309120,std,1.2959457635879517
PPO_2,311880,std,1.297444224357605
PPO_2,314640,std,1.3018615245819092
PPO_2,320160,std,1.3084322214126587
PPO_2,322920,std,1.3113123178482056
PPO_2,325680,std,1.311139702796936
PPO_2,328440,std,1.3126026391983032
PPO_2,331200,std,1.3142422437667847
PPO_2,333960,std,1.3137892484664917
PPO_2,336720,std,1.3192449808120728
PPO_2,339480,std,1.3280701637268066
PPO_2,342240,std,1.334917426109314
PPO_2,347760,std,1.3484243154525757
PPO_2,350520,std,1.3521474599838257
PPO_2,353280,std,1.3539210557937622
PPO_2,356040,std,1.3476089239120483
PPO_2,358800,std,1.3469843864440918
PPO_2,361560,std,1.3446359634399414
PPO_2,364320,std,1.347269892692566
PPO_2,367080,std,1.3513175249099731
PPO_2,372600,std,1.3562666177749634
PPO_2,375360,std,1.356014370918274
PPO_2,378120,std,1.3547760248184204
PPO_2,380880,std,1.361028790473938
PPO_2,383640,std,1.3545411825180054
PPO_2,386400,std,1.3530303239822388
PPO_2,389160,std,1.3559918403625488
PPO_2,391920,std,1.3561886548995972
PPO_2,394680,std,1.3614743947982788
PPO_2,400200,std,1.3721638917922974
PPO_2,402960,std,1.3797718286514282
PPO_2,405720,std,1.3815436363220215
PPO_2,408480,std,1.3807157278060913
PPO_2,411240,std,1.381021499633789
PPO_2,414000,std,1.3840631246566772
PPO_2,416760,std,1.3801409006118774
PPO_2,419520,std,1.3803749084472656
PPO_2,425040,std,1.385501503944397
PPO_2,427800,std,1.384280800819397
PPO_2,430560,std,1.3813155889511108
PPO_2,433320,std,1.3814541101455688
PPO_2,436080,std,1.3851324319839478
PPO_2,438840,std,1.3957101106643677
PPO_2,441600,std,1.3980575799942017
PPO_2,444360,std,1.4030094146728516
PPO_2,447120,std,1.4053773880004883
PPO_2,452640,std,1.422780990600586
PPO_2,455400,std,1.4337612390518188
PPO_2,458160,std,1.4385194778442383
PPO_2,460920,std,1.4413343667984009
PPO_2,463680,std,1.4459327459335327
PPO_2,466440,std,1.4501185417175293
PPO_2,469200,std,1.4510236978530884
PPO_2,471960,std,1.4474729299545288
PPO_2,477480,std,1.4482836723327637
PPO_2,480240,std,1.456057071685791
PPO_2,483000,std,1.4659744501113892
PPO_2,485760,std,1.465269923210144
PPO_2,488520,std,1.4758323431015015
PPO_2,491280,std,1.482214331626892
PPO_2,494040,std,1.491172432899475
PPO_2,496800,std,1.4942535161972046
PPO_2,499560,std,1.5020910501480103
PPO_2,505080,std,1.508907437324524
PPO_2,507840,std,1.510919451713562
PPO_2,510600,std,1.5171340703964233
PPO_2,513360,std,1.5192923545837402
PPO_2,516120,std,1.5152230262756348
PPO_2,518880,std,1.5128239393234253
PPO_2,521640,std,1.5169566869735718
PPO_2,524400,std,1.52376127243042
PPO_2,529920,std,1.5230907201766968
PPO_2,532680,std,1.5337814092636108
PPO_2,535440,std,1.5442432165145874
PPO_2,538200,std,1.5600085258483887
PPO_2,540960,std,1.556710124015808
PPO_2,543720,std,1.5564244985580444
PPO_2,546480,std,1.5634735822677612
PPO_2,549240,std,1.579459309577942
PPO_2,552000,std,1.5856930017471313
PPO_2,557520,std,1.5918049812316895
PPO_2,560280,std,1.6002601385116577
PPO_2,563040,std,1.6000118255615234
PPO_2,565800,std,1.597193717956543
PPO_2,568560,std,1.5998834371566772
PPO_2,571320,std,1.602994441986084
PPO_2,574080,std,1.6090669631958008
PPO_2,576840,std,1.6077760457992554
PPO_2,582360,std,1.631935715675354
PPO_2,585120,std,1.6355301141738892
PPO_2,587880,std,1.6354347467422485
PPO_2,590640,std,1.6476634740829468
PPO_2,593400,std,1.6572542190551758
PPO_2,596160,std,1.6594446897506714
PPO_2,598920,std,1.6601463556289673
PPO_2,601680,std,1.6654906272888184
PPO_2,604440,std,1.6687523126602173
PPO_2,609960,std,1.6746746301651
PPO_2,612720,std,1.6718429327011108
PPO_2,615480,std,1.665694236755371
PPO_2,618240,std,1.6681448221206665
PPO_2,621000,std,1.6700981855392456
PPO_2,623760,std,1.6663051843643188
PPO_2,626520,std,1.6648255586624146
PPO_2,629280,std,1.6723742485046387
PPO_2,634800,std,1.6731079816818237
PPO_2,637560,std,1.6820703744888306
PPO_2,640320,std,1.6831568479537964
PPO_2,643080,std,1.686155915260315
PPO_2,645840,std,1.6928982734680176
PPO_2,648600,std,1.698508858680725
PPO_2,651360,std,1.7020448446273804
PPO_2,654120,std,1.7012935876846313
PPO_2,656880,std,1.708593726158142
PPO_2,662400,std,1.7086519002914429
PPO_2,665160,std,1.7069779634475708
PPO_2,667920,std,1.707959532737732
PPO_2,670680,std,1.7214609384536743
PPO_2,673440,std,1.7253984212875366
PPO_2,676200,std,1.7227665185928345
PPO_2,678960,std,1.7191301584243774
PPO_2,681720,std,1.714998722076416
PPO_2,687240,std,1.7284096479415894
PPO_2,690000,std,1.7438606023788452
PPO_2,692760,std,1.7584943771362305
PPO_2,695520,std,1.7599716186523438
PPO_2,698280,std,1.7632437944412231
PPO_2,701040,std,1.7592750787734985
PPO_2,703800,std,1.7706670761108398
PPO_2,706560,std,1.780190110206604
PPO_2,709320,std,1.7837601900100708
PPO_2,714840,std,1.7892999649047852
PPO_2,717600,std,1.7939786911010742
PPO_2,720360,std,1.793949007987976
PPO_2,723120,std,1.7987799644470215
PPO_2,725880,std,1.813767433166504
PPO_2,728640,std,1.8201347589492798
PPO_2,731400,std,1.8251851797103882
PPO_2,734160,std,1.83208167552948
PPO_2,739680,std,1.8601995706558228
PPO_2,742440,std,1.8550893068313599
PPO_2,745200,std,1.8663840293884277
PPO_2,747960,std,1.860394835472107
PPO_2,750720,std,1.8573590517044067
PPO_2,753480,std,1.8645052909851074
PPO_2,756240,std,1.8703346252441406
PPO_2,759000,std,1.8788918256759644
PPO_2,761760,std,1.8845758438110352
PPO_2,767280,std,1.8750091791152954
PPO_2,770040,std,1.8808364868164062
PPO_2,772800,std,1.8824845552444458
PPO_2,775560,std,1.8861051797866821
PPO_2,778320,std,1.8977479934692383
PPO_2,781080,std,1.8979946374893188
PPO_2,783840,std,1.9022612571716309
PPO_2,786600,std,1.9027019739151
PPO_2,792120,std,1.9136258363723755
PPO_2,794880,std,1.9194000959396362
PPO_2,797640,std,1.9189072847366333
PPO_2,800400,std,1.9201399087905884
PPO_2,803160,std,1.9272106885910034
PPO_2,805920,std,1.9283838272094727
PPO_2,808680,std,1.927682876586914
PPO_2,811440,std,1.9282389879226685
PPO_2,814200,std,1.9468746185302734
PPO_2,819720,std,1.9538335800170898
PPO_2,822480,std,1.9682546854019165
PPO_2,825240,std,1.980749487876892
PPO_2,828000,std,1.9821158647537231
PPO_2,830760,std,1.9893263578414917
PPO_2,833520,std,2.004472255706787
PPO_2,836280,std,1.998479962348938
PPO_2,839040,std,1.9932516813278198
PPO_2,844560,std,1.9817404747009277
PPO_2,847320,std,2.0029690265655518
PPO_2,850080,std,2.00691294670105
PPO_2,852840,std,2.013092279434204
PPO_2,855600,std,2.025010824203491
PPO_2,858360,std,2.0287351608276367
PPO_2,861120,std,2.02888560295105
PPO_2,863880,std,2.0282814502716064
PPO_2,866640,std,2.0431506633758545
PPO_2,872160,std,2.0605995655059814
PPO_2,874920,std,2.0679738521575928
PPO_2,877680,std,2.0774500370025635
PPO_2,880440,std,2.0920417308807373
PPO_2,883200,std,2.0861475467681885
PPO_2,885960,std,2.090517520904541
PPO_2,888720,std,2.0889949798583984
PPO_2,891480,std,2.1087582111358643
PPO_2,897000,std,2.1143510341644287
PPO_2,899760,std,2.120993137359619
PPO_2,902520,std,2.1168534755706787
PPO_2,905280,std,2.122725248336792
PPO_2,908040,std,2.131091356277466
PPO_2,910800,std,2.1326088905334473
PPO_2,913560,std,2.1411783695220947
PPO_2,916320,std,2.154231309890747
PPO_2,919080,std,2.159773111343384
PPO_2,924600,std,2.196352958679199
PPO_2,927360,std,2.2067489624023438
PPO_2,930120,std,2.212007522583008
PPO_2,932880,std,2.22717547416687
PPO_2,935640,std,2.232534646987915
PPO_2,938400,std,2.23612380027771
PPO_2,941160,std,2.2396981716156006
PPO_2,943920,std,2.242426633834839
PPO_2,949440,std,2.267451524734497
PPO_2,952200,std,2.2683420181274414
PPO_2,954960,std,2.259601354598999
PPO_2,957720,std,2.2733571529388428
PPO_2,960480,std,2.282521963119507
PPO_2,963240,std,2.2877399921417236
PPO_2,966000,std,2.291865825653076
PPO_2,968760,std,2.300957202911377
PPO_2,971520,std,2.304001569747925
PPO_2,977040,std,2.3072338104248047
PPO_2,979800,std,2.280611753463745
PPO_2,982560,std,2.2793171405792236
PPO_2,985320,std,2.28494930267334
PPO_2,988080,std,2.290567636489868
PPO_2,990840,std,2.2886698246002197
PPO_2,993600,std,2.289442777633667
PPO_2,996360,std,2.3002846240997314
PPO_2,1001880,std,2.317918062210083
PPO_2,1004640,std,2.318960666656494
PPO_2,1007400,std,2.324597120285034
PPO_2,1010160,std,2.3361523151397705
PPO_2,1012920,std,2.331512212753296
PPO_2,1015680,std,2.330810308456421
PPO_2,1018440,std,2.328437089920044
PPO_2,1021200,std,2.343085765838623
PPO_2,1023960,std,2.3446810245513916
PPO_2,1029480,std,2.35005521774292
PPO_2,1032240,std,2.3479485511779785
PPO_2,1035000,std,2.381324052810669
PPO_2,1037760,std,2.388658285140991
PPO_2,1040520,std,2.392913579940796
PPO_2,1043280,std,2.39795184135437
PPO_2,1046040,std,2.421635389328003
PPO_2,1048800,std,2.428607940673828
PPO_2,1054320,std,2.434079885482788
PPO_2,1057080,std,2.449312925338745
PPO_2,1059840,std,2.457313299179077
PPO_2,1062600,std,2.4655675888061523
PPO_2,1065360,std,2.484752655029297
PPO_2,1068120,std,2.516951084136963
PPO_2,1070880,std,2.5215275287628174
PPO_2,1073640,std,2.522747278213501
PPO_2,1076400,std,2.5393340587615967
PPO_2,1081920,std,2.55682635307312
PPO_2,1084680,std,2.5611746311187744
PPO_2,1087440,std,2.5671424865722656
PPO_2,1090200,std,2.5824172496795654
PPO_2,1092960,std,2.5849485397338867
PPO_2,1095720,std,2.5936739444732666
PPO_2,1098480,std,2.602778911590576
PPO_2,1101240,std,2.6221396923065186
PPO_2,1106760,std,2.6295573711395264
PPO_2,1109520,std,2.6458981037139893
PPO_2,1112280,std,2.660688638687134
PPO_2,1115040,std,2.658567190170288
PPO_2,1117800,std,2.6611499786376953
PPO_2,1120560,std,2.6789562702178955
PPO_2,1123320,std,2.6985785961151123
PPO_2,1126080,std,2.706021308898926
PPO_2,1128840,std,2.703737258911133
PPO_2,1134360,std,2.7164061069488525
PPO_2,1137120,std,2.718158006668091
PPO_2,1139880,std,2.7226345539093018
PPO_2,1142640,std,2.7217423915863037
PPO_2,1145400,std,2.700127363204956
PPO_2,1148160,std,2.6967973709106445
PPO_2,1150920,std,2.6990888118743896
PPO_2,1153680,std,2.6930370330810547
PPO_2,1159200,std,2.676457166671753
PPO_2,1161960,std,2.679394483566284
PPO_2,1164720,std,2.685382127761841
PPO_2,1167480,std,2.700596570968628
PPO_2,1170240,std,2.705446243286133
PPO_2,1173000,std,2.712895631790161
PPO_2,1175760,std,2.7156269550323486
PPO_2,1178520,std,2.7532732486724854
PPO_2,1181280,std,2.760638952255249
PPO_2,1186800,std,2.7492520809173584
PPO_2,1189560,std,2.7295539379119873
PPO_2,1192320,std,2.730557441711426
PPO_2,1195080,std,2.733210802078247
PPO_2,1197840,std,2.742070436477661
PPO_2,1200600,std,2.748781442642212
PPO_2,1203360,std,2.7542612552642822
PPO_2,1206120,std,2.755695343017578
PPO_2,1211640,std,2.81378436088562
PPO_2,1214400,std,2.8201491832733154
PPO_2,1217160,std,2.827892541885376
PPO_2,1219920,std,2.848134994506836
PPO_2,1222680,std,2.879194498062134
PPO_2,1225440,std,2.8824546337127686
PPO_2,1228200,std,2.8872480392456055
PPO_2,1230960,std,2.90766978263855
PPO_2,1236480,std,2.9417412281036377
PPO_3,11040,reward,1035.22998046875
PPO_3,13800,reward,1035.22998046875
PPO_3,16560,reward,1035.22998046875
PPO_3,19320,reward,1035.22998046875
PPO_3,22080,reward,1513.261962890625
PPO_3,27600,reward,1513.261962890625
PPO_3,30360,reward,1513.261962890625
PPO_3,33120,reward,1707.8839111328125
PPO_3,35880,reward,1707.8839111328125
PPO_3,38640,reward,1707.8839111328125
PPO_3,44160,reward,1954.32275390625
PPO_3,46920,reward,1954.32275390625
PPO_3,49680,reward,1954.32275390625
PPO_3,52440,reward,1954.32275390625
PPO_3,55200,reward,2032.8306884765625
PPO_3,60720,reward,2032.8306884765625
PPO_3,63480,reward,2032.8306884765625
PPO_3,66240,reward,2165.5869140625
PPO_3,69000,reward,2165.5869140625
PPO_3,71760,reward,2165.5869140625
PPO_3,77280,reward,2172.30810546875
PPO_3,80040,reward,2172.30810546875
PPO_3,82800,reward,2172.30810546875
PPO_3,85560,reward,2172.30810546875
PPO_3,88320,reward,2128.113037109375
PPO_3,93840,reward,2128.113037109375
PPO_3,96600,reward,2128.113037109375
PPO_3,99360,reward,2110.817138671875
PPO_3,102120,reward,2110.817138671875
PPO_3,104880,reward,2110.817138671875
PPO_3,110400,reward,2067.9375
PPO_3,113160,reward,2067.9375
PPO_3,115920,reward,2067.9375
PPO_3,118680,reward,2067.9375
PPO_3,121440,reward,2097.33349609375
PPO_3,126960,reward,2097.33349609375
PPO_3,129720,reward,2097.33349609375
PPO_3,132480,reward,2066.70703125
PPO_3,135240,reward,2066.70703125
PPO_3,140760,reward,2066.70703125
PPO_3,143520,reward,1956.74658203125
PPO_3,146280,reward,1956.74658203125
PPO_3,149040,reward,1956.74658203125
PPO_3,151800,reward,1956.74658203125
PPO_3,157320,reward,1885.7783203125
PPO_3,160080,reward,1885.7783203125
PPO_3,162840,reward,1885.7783203125
PPO_3,165600,reward,1815.912109375
PPO_3,168360,reward,1815.912109375
PPO_3,173880,reward,1815.912109375
PPO_3,176640,reward,1776.2410888671875
PPO_3,179400,reward,1776.2410888671875
PPO_3,182160,reward,1776.2410888671875
PPO_3,184920,reward,1776.2410888671875
PPO_3,190440,reward,1712.3646240234375
PPO_3,193200,reward,1712.3646240234375
PPO_3,195960,reward,1712.3646240234375
PPO_3,198720,reward,1662.163818359375
PPO_3,201480,reward,1662.163818359375
PPO_3,207000,reward,1662.163818359375
PPO_3,209760,reward,1672.077392578125
PPO_3,212520,reward,1672.077392578125
PPO_3,215280,reward,1672.077392578125
PPO_3,218040,reward,1672.077392578125
PPO_3,223560,reward,1710.031982421875
PPO_3,226320,reward,1710.031982421875
PPO_3,229080,reward,1710.031982421875
PPO_3,231840,reward,1738.8665771484375
PPO_3,234600,reward,1738.8665771484375
PPO_3,240120,reward,1738.8665771484375
PPO_3,242880,reward,1798.8385009765625
PPO_3,245640,reward,1798.8385009765625
PPO_3,248400,reward,1798.8385009765625
PPO_3,253920,reward,1862.2401123046875
PPO_3,256680,reward,1862.2401123046875
PPO_3,259440,reward,1862.2401123046875
PPO_3,262200,reward,1862.2401123046875
PPO_3,264960,reward,1912.103759765625
PPO_3,270480,reward,1912.103759765625
PPO_3,273240,reward,1912.103759765625
PPO_3,276000,reward,1977.7974853515625
PPO_3,278760,reward,1977.7974853515625
PPO_3,281520,reward,1977.7974853515625
PPO_3,287040,reward,2037.2874755859375
PPO_3,289800,reward,2037.2874755859375
PPO_3,292560,reward,2037.2874755859375
PPO_3,295320,reward,2037.2874755859375
PPO_3,298080,reward,2084.137451171875
PPO_3,303600,reward,2084.137451171875
PPO_3,306360,reward,2084.137451171875
PPO_3,309120,reward,2152.24951171875
PPO_3,311880,reward,2152.24951171875
PPO_3,314640,reward,2152.24951171875
PPO_3,320160,reward,2212.792236328125
PPO_3,322920,reward,2212.792236328125
PPO_3,325680,reward,2212.792236328125
PPO_3,328440,reward,2212.792236328125
PPO_3,331200,reward,2263.88134765625
PPO_3,336720,reward,2263.88134765625
PPO_3,339480,reward,2263.88134765625
PPO_3,342240,reward,2327.44775390625
PPO_3,345000,reward,2327.44775390625
PPO_3,347760,reward,2327.44775390625
PPO_3,353280,reward,2401.473876953125
PPO_3,356040,reward,2401.473876953125
PPO_3,358800,reward,2401.473876953125
PPO_3,361560,reward,2401.473876953125
PPO_3,364320,reward,2460.43798828125
PPO_3,369840,reward,2460.43798828125
PPO_3,372600,reward,2460.43798828125
PPO_3,375360,reward,2518.735595703125
PPO_3,378120,reward,2518.735595703125
PPO_3,383640,reward,2518.735595703125
PPO_3,386400,reward,2564.80126953125
PPO_3,389160,reward,2564.80126953125
PPO_3,391920,reward,2564.80126953125
PPO_3,394680,reward,2564.80126953125
PPO_3,400200,reward,2599.118896484375
PPO_3,402960,reward,2599.118896484375
PPO_3,405720,reward,2599.118896484375
PPO_3,408480,reward,2660.015869140625
PPO_3,411240,reward,2660.015869140625
PPO_3,416760,reward,2660.015869140625
PPO_3,419520,reward,2706.181396484375
PPO_3,422280,reward,2706.181396484375
PPO_3,425040,reward,2706.181396484375
PPO_3,427800,reward,2706.181396484375
PPO_3,433320,reward,2760.296142578125
PPO_3,436080,reward,2760.296142578125
PPO_3,438840,reward,2760.296142578125
PPO_3,441600,reward,2813.007568359375
PPO_3,444360,reward,2813.007568359375
PPO_3,449880,reward,2813.007568359375
PPO_3,452640,reward,2873.10107421875
PPO_3,455400,reward,2873.10107421875
PPO_3,458160,reward,2873.10107421875
PPO_3,460920,reward,2873.10107421875
PPO_3,466440,reward,2919.739013671875
PPO_3,469200,reward,2919.739013671875
PPO_3,471960,reward,2919.739013671875
PPO_3,474720,reward,2955.27294921875
PPO_3,477480,reward,2955.27294921875
PPO_3,483000,reward,2955.27294921875
PPO_3,485760,reward,2992.848388671875
PPO_3,488520,reward,2992.848388671875
PPO_3,491280,reward,2992.848388671875
PPO_3,496800,reward,3046.32958984375
PPO_3,499560,reward,3046.32958984375
PPO_3,502320,reward,3046.32958984375
PPO_3,505080,reward,3046.32958984375
PPO_3,507840,reward,3121.072021484375
PPO_3,513360,reward,3121.072021484375
PPO_3,516120,reward,3121.072021484375
PPO_3,518880,reward,3220.364013671875
PPO_3,521640,reward,3220.364013671875
PPO_3,524400,reward,3220.364013671875
PPO_3,529920,reward,3329.111572265625
PPO_3,532680,reward,3329.111572265625
PPO_3,535440,reward,3329.111572265625
PPO_3,538200,reward,3329.111572265625
PPO_3,540960,reward,3412.76220703125
PPO_3,546480,reward,3412.76220703125
PPO_3,549240,reward,3412.76220703125
PPO_3,552000,reward,3479.590576171875
PPO_3,554760,reward,3479.590576171875
PPO_3,557520,reward,3479.590576171875
PPO_3,563040,reward,3547.378173828125
PPO_3,565800,reward,3547.378173828125
PPO_3,568560,reward,3547.378173828125
PPO_3,571320,reward,3547.378173828125
PPO_3,574080,reward,3581.90380859375
PPO_3,579600,reward,3581.90380859375
PPO_3,582360,reward,3581.90380859375
PPO_3,585120,reward,3626.542236328125
PPO_3,587880,reward,3626.542236328125
PPO_3,590640,reward,3626.542236328125
PPO_3,596160,reward,3682.33984375
PPO_3,598920,reward,3682.33984375
PPO_3,601680,reward,3682.33984375
PPO_3,604440,reward,3682.33984375
PPO_3,607200,reward,3744.646240234375
PPO_3,612720,reward,3744.646240234375
PPO_3,615480,reward,3744.646240234375
PPO_3,618240,reward,3805.288818359375
PPO_3,621000,reward,3805.288818359375
PPO_3,626520,reward,3805.288818359375
PPO_3,629280,reward,3873.511474609375
PPO_3,632040,reward,3873.511474609375
PPO_3,634800,reward,3873.511474609375
PPO_3,637560,reward,3873.511474609375
PPO_3,643080,reward,3949.472412109375
PPO_3,645840,reward,3949.472412109375
PPO_3,648600,reward,3949.472412109375
PPO_3,651360,reward,3998.347412109375
PPO_3,654120,reward,3998.347412109375
PPO_3,659640,reward,3998.347412109375
PPO_3,662400,reward,4064.302734375
PPO_3,665160,reward,4064.302734375
PPO_3,667920,reward,4064.302734375
PPO_3,670680,reward,4064.302734375
PPO_3,676200,reward,4118.255859375
PPO_3,678960,reward,4118.255859375
PPO_3,681720,reward,4118.255859375
PPO_3,684480,reward,4174.79150390625
PPO_3,687240,reward,4174.79150390625
PPO_3,692760,reward,4174.79150390625
PPO_3,695520,reward,4237.77587890625
PPO_3,698280,reward,4237.77587890625
PPO_3,701040,reward,4237.77587890625
PPO_3,703800,reward,4237.77587890625
PPO_3,709320,reward,4303.05078125
PPO_3,712080,reward,4303.05078125
PPO_3,714840,reward,4303.05078125
PPO_3,717600,reward,4356.77001953125
PPO_3,720360,reward,4356.77001953125
PPO_3,725880,reward,4356.77001953125
PPO_3,728640,reward,4411.912109375
PPO_3,731400,reward,4411.912109375
PPO_3,734160,reward,4411.912109375
PPO_3,739680,reward,4453.80615234375
PPO_3,742440,reward,4453.80615234375
PPO_3,745200,reward,4453.80615234375
PPO_3,747960,reward,4453.80615234375
PPO_3,750720,reward,4519.4873046875
PPO_3,756240,reward,4519.4873046875
PPO_3,759000,reward,4519.4873046875
PPO_3,761760,reward,4541.70947265625
PPO_3,764520,reward,4541.70947265625
PPO_3,767280,reward,4541.70947265625
PPO_3,772800,reward,4561.1201171875
PPO_3,775560,reward,4561.1201171875
PPO_3,778320,reward,4561.1201171875
PPO_3,781080,reward,4561.1201171875
PPO_3,783840,reward,4578.61328125
PPO_3,789360,reward,4578.61328125
PPO_3,792120,reward,4578.61328125
PPO_3,794880,reward,4602.03076171875
PPO_3,797640,reward,4602.03076171875
PPO_3,800400,reward,4602.03076171875
PPO_3,805920,reward,4602.20458984375
PPO_3,808680,reward,4602.20458984375
PPO_3,811440,reward,4602.20458984375
PPO_3,814200,reward,4602.20458984375
PPO_3,816960,reward,4622.96337890625
PPO_3,822480,reward,4622.96337890625
PPO_3,825240,reward,4622.96337890625
PPO_3,828000,reward,4654.5830078125
PPO_3,830760,reward,4654.5830078125
PPO_3,833520,reward,4654.5830078125
PPO_3,839040,reward,4683.18505859375
PPO_3,841800,reward,4683.18505859375
PPO_3,844560,reward,4683.18505859375
PPO_3,847320,reward,4683.18505859375
PPO_3,850080,reward,4740.6416015625
PPO_3,855600,reward,4740.6416015625
PPO_3,858360,reward,4740.6416015625
PPO_3,861120,reward,4806.384765625
PPO_3,863880,reward,4806.384765625
PPO_3,869400,reward,4806.384765625
PPO_3,872160,reward,4878.6728515625
PPO_3,874920,reward,4878.6728515625
PPO_3,877680,reward,4878.6728515625
PPO_3,880440,reward,4878.6728515625
PPO_3,885960,reward,4943.7216796875
PPO_3,888720,reward,4943.7216796875
PPO_3,891480,reward,4943.7216796875
PPO_3,894240,reward,5005.7705078125
PPO_3,897000,reward,5005.7705078125
PPO_3,902520,reward,5005.7705078125
PPO_3,905280,reward,5075.96337890625
PPO_3,908040,reward,5075.96337890625
PPO_3,910800,reward,5075.96337890625
PPO_3,913560,reward,5075.96337890625
PPO_3,919080,reward,5147.60107421875
PPO_3,921840,reward,5147.60107421875
PPO_3,924600,reward,5147.60107421875
PPO_3,927360,reward,5217.78369140625
PPO_3,930120,reward,5217.78369140625
PPO_3,935640,reward,5217.78369140625
PPO_3,938400,reward,5290.86279296875
PPO_3,941160,reward,5290.86279296875
PPO_3,943920,reward,5290.86279296875
PPO_3,946680,reward,5290.86279296875
PPO_3,952200,reward,5358.63037109375
PPO_3,954960,reward,5358.63037109375
PPO_3,957720,reward,5358.63037109375
PPO_3,960480,reward,5413.0732421875
PPO_3,963240,reward,5413.0732421875
PPO_3,968760,reward,5413.0732421875
PPO_3,971520,reward,5471.375
PPO_3,974280,reward,5471.375
PPO_3,977040,reward,5471.375
PPO_3,982560,reward,5520.3193359375
PPO_3,985320,reward,5520.3193359375
PPO_3,988080,reward,5520.3193359375
PPO_3,990840,reward,5520.3193359375
PPO_3,993600,reward,5563.08984375
PPO_3,999120,reward,5563.08984375
PPO_3,1001880,reward,5563.08984375
PPO_3,1004640,reward,5620.79638671875
PPO_3,1007400,reward,5620.79638671875
PPO_3,1010160,reward,5620.79638671875
PPO_3,1015680,reward,5652.01123046875
PPO_3,1018440,reward,5652.01123046875
PPO_3,1021200,reward,5652.01123046875
PPO_3,1023960,reward,5652.01123046875
PPO_3,1026720,reward,5644.12255859375
PPO_3,1032240,reward,5644.12255859375
PPO_3,1035000,reward,5644.12255859375
PPO_3,1037760,reward,5641.8662109375
PPO_3,1040520,reward,5641.8662109375
PPO_3,1043280,reward,5641.8662109375
PPO_3,1048800,reward,5637.96533203125
PPO_3,1051560,reward,5637.96533203125
PPO_3,1054320,reward,5637.96533203125
PPO_3,1057080,reward,5637.96533203125
PPO_3,1059840,reward,5631.23291015625
PPO_3,1065360,reward,5631.23291015625
PPO_3,1068120,reward,5631.23291015625
PPO_3,1070880,reward,5660.30517578125
PPO_3,1073640,reward,5660.30517578125
PPO_3,1076400,reward,5660.30517578125
PPO_3,1081920,reward,5688.6845703125
PPO_3,1084680,reward,5688.6845703125
PPO_3,1087440,reward,5688.6845703125
PPO_3,1090200,reward,5688.6845703125
PPO_3,1092960,reward,5701.12158203125
PPO_3,1098480,reward,5701.12158203125
PPO_3,1101240,reward,5701.12158203125
PPO_3,1104000,reward,5713.7431640625
PPO_3,1106760,reward,5713.7431640625
PPO_3,1112280,reward,5713.7431640625
PPO_3,1115040,reward,5766.138671875
PPO_3,1117800,reward,5766.138671875
PPO_3,1120560,reward,5766.138671875
PPO_3,1123320,reward,5766.138671875
PPO_3,1128840,reward,5809.32568359375
PPO_3,1131600,reward,5809.32568359375
PPO_3,1134360,reward,5809.32568359375
PPO_3,1137120,reward,5842.1318359375
PPO_3,1139880,reward,5842.1318359375
PPO_3,1145400,reward,5842.1318359375
PPO_3,1148160,reward,5861.25048828125
PPO_3,1150920,reward,5861.25048828125
PPO_3,1153680,reward,5861.25048828125
PPO_3,1156440,reward,5861.25048828125
PPO_3,1161960,reward,5890.07568359375
PPO_3,1164720,reward,5890.07568359375
PPO_3,1167480,reward,5890.07568359375
PPO_3,1170240,reward,5921.84619140625
PPO_3,1173000,reward,5921.84619140625
PPO_3,1178520,reward,5921.84619140625
PPO_3,1181280,reward,5964.96240234375
PPO_3,1184040,reward,5964.96240234375
PPO_3,1186800,reward,5964.96240234375
PPO_3,1189560,reward,5964.96240234375
PPO_3,1195080,reward,6010.677734375
PPO_3,1197840,reward,6010.677734375
PPO_3,1200600,reward,6010.677734375
PPO_3,1203360,reward,6053.4384765625
PPO_3,1206120,reward,6053.4384765625
PPO_3,1211640,reward,6053.4384765625
PPO_3,1214400,reward,6139.26416015625
PPO_3,1217160,reward,6139.26416015625
PPO_3,1219920,reward,6139.26416015625
PPO_3,1225440,reward,6195.9345703125
PPO_3,1228200,reward,6195.9345703125
PPO_3,1230960,reward,6195.9345703125
PPO_3,1233720,reward,6195.9345703125
PPO_3,1236480,reward,6266.68603515625
PPO_3,1242000,reward,6266.68603515625
PPO_3,1244760,reward,6266.68603515625
PPO_3,1247520,reward,6354.5068359375
PPO_3,1250280,reward,6354.5068359375
PPO_3,1253040,reward,6354.5068359375
PPO_3,1258560,reward,6420.8388671875
PPO_3,1261320,reward,6420.8388671875
PPO_3,1264080,reward,6420.8388671875
PPO_3,1266840,reward,6420.8388671875
PPO_3,1269600,reward,6475.27880859375
PPO_3,1275120,reward,6475.27880859375
PPO_3,1277880,reward,6475.27880859375
PPO_3,1280640,reward,6531.03271484375
PPO_3,1283400,reward,6531.03271484375
PPO_3,1286160,reward,6531.03271484375
PPO_3,1291680,reward,6598.583984375
PPO_3,1294440,reward,6598.583984375
PPO_3,1297200,reward,6598.583984375
PPO_3,1299960,reward,6598.583984375
PPO_3,1302720,reward,6654.38232421875
PPO_3,1308240,reward,6654.38232421875
PPO_3,1311000,reward,6654.38232421875
PPO_3,1313760,reward,6697.81494140625
PPO_3,1316520,reward,6697.81494140625
PPO_3,1319280,reward,6697.81494140625
PPO_3,1324800,reward,6725.77587890625
PPO_3,1327560,reward,6725.77587890625
PPO_3,1330320,reward,6725.77587890625
PPO_3,1333080,reward,6725.77587890625
PPO_3,1338600,reward,6746.615234375
PPO_3,5520,value_loss,49383980.0
PPO_3,8280,value_loss,3.181283473968506
PPO_3,11040,value_loss,9.399698257446289
PPO_3,13800,value_loss,102277128.0
PPO_3,16560,value_loss,49235304.0
PPO_3,22080,value_loss,2.4768309593200684
PPO_3,24840,value_loss,84328000.0
PPO_3,27600,value_loss,49595900.0
PPO_3,30360,value_loss,5.05039119720459
PPO_3,33120,value_loss,2.8130717277526855
PPO_3,38640,value_loss,49800880.0
PPO_3,41400,value_loss,7.10396671295166
PPO_3,44160,value_loss,2.6763970851898193
PPO_3,46920,value_loss,66829644.0
PPO_3,49680,value_loss,49929568.0
PPO_3,55200,value_loss,2.6904659271240234
PPO_3,57960,value_loss,59117360.0
PPO_3,60720,value_loss,49962168.0
PPO_3,63480,value_loss,11.497220039367676
PPO_3,69000,value_loss,58248028.0
PPO_3,71760,value_loss,49687292.0
PPO_3,74520,value_loss,10.99618148803711
PPO_3,77280,value_loss,3.569944143295288
PPO_3,80040,value_loss,54052752.0
PPO_3,85560,value_loss,10.805459022521973
PPO_3,88320,value_loss,3.603346109390259
PPO_3,91080,value_loss,51864824.0
PPO_3,93840,value_loss,49377068.0
PPO_3,96600,value_loss,13.46891975402832
PPO_3,102120,value_loss,51640596.0
PPO_3,104880,value_loss,49126168.0
PPO_3,107640,value_loss,12.486793518066406
PPO_3,110400,value_loss,3.7643048763275146
PPO_3,113160,value_loss,50587108.0
PPO_3,118680,value_loss,12.791753768920898
PPO_3,121440,value_loss,3.4755518436431885
PPO_3,124200,value_loss,52734480.0
PPO_3,126960,value_loss,49689696.0
PPO_3,132480,value_loss,3.3688888549804688
PPO_3,135240,value_loss,51197252.0
PPO_3,138000,value_loss,48176588.0
PPO_3,140760,value_loss,11.369851112365723
PPO_3,143520,value_loss,3.2346866130828857
PPO_3,149040,value_loss,48112180.0
PPO_3,151800,value_loss,11.024297714233398
PPO_3,154560,value_loss,3.213374376296997
PPO_3,157320,value_loss,48298868.0
PPO_3,160080,value_loss,47819932.0
PPO_3,165600,value_loss,3.2396254539489746
PPO_3,168360,value_loss,47876496.0
PPO_3,171120,value_loss,48322044.0
PPO_3,173880,value_loss,10.849395751953125
PPO_3,176640,value_loss,3.2505483627319336
PPO_3,182160,value_loss,47831400.0
PPO_3,184920,value_loss,10.84738826751709
PPO_3,187680,value_loss,3.2571213245391846
PPO_3,190440,value_loss,47810964.0
PPO_3,195960,value_loss,10.836739540100098
PPO_3,198720,value_loss,3.276386022567749
PPO_3,201480,value_loss,48131068.0
PPO_3,204240,value_loss,49170552.0
PPO_3,207000,value_loss,11.145506858825684
PPO_3,212520,value_loss,50207388.0
PPO_3,215280,value_loss,48832600.0
PPO_3,218040,value_loss,11.367201805114746
PPO_3,220800,value_loss,3.395393133163452
PPO_3,223560,value_loss,50136548.0
PPO_3,229080,value_loss,10.434632301330566
PPO_3,231840,value_loss,3.5250051021575928
PPO_3,234600,value_loss,49387964.0
PPO_3,237360,value_loss,49351508.0
PPO_3,240120,value_loss,3.4589741230010986
PPO_3,245640,value_loss,50548328.0
PPO_3,248400,value_loss,50389716.0
PPO_3,251160,value_loss,4.231504917144775
PPO_3,253920,value_loss,6.2257843017578125
PPO_3,259440,value_loss,50391944.0
PPO_3,262200,value_loss,14.776948928833008
PPO_3,264960,value_loss,12.947738647460938
PPO_3,267720,value_loss,51993340.0
PPO_3,270480,value_loss,50408624.0
PPO_3,276000,value_loss,16.706523895263672
PPO_3,278760,value_loss,52209672.0
PPO_3,281520,value_loss,50613996.0
PPO_3,284280,value_loss,17.745744705200195
PPO_3,287040,value_loss,19.44925308227539
PPO_3,292560,value_loss,50696116.0
PPO_3,295320,value_loss,29.11589241027832
PPO_3,298080,value_loss,15.42337703704834
PPO_3,300840,value_loss,52927416.0
PPO_3,303600,value_loss,51053496.0
PPO_3,309120,value_loss,20.86367416381836
PPO_3,311880,value_loss,54552200.0
PPO_3,314640,value_loss,51409736.0
PPO_3,317400,value_loss,30.103755950927734
PPO_3,322920,value_loss,54628044.0
PPO_3,325680,value_loss,51439848.0
PPO_3,328440,value_loss,28.660037994384766
PPO_3,331200,value_loss,18.745805740356445
PPO_3,333960,value_loss,53694524.0
PPO_3,339480,value_loss,31.171602249145508
PPO_3,342240,value_loss,21.33617401123047
PPO_3,345000,value_loss,54661396.0
PPO_3,347760,value_loss,51768028.0
PPO_3,350520,value_loss,31.25103759765625
PPO_3,356040,value_loss,55976632.0
PPO_3,358800,value_loss,51753184.0
PPO_3,361560,value_loss,30.334197998046875
PPO_3,364320,value_loss,22.120349884033203
PPO_3,367080,value_loss,55722248.0
PPO_3,372600,value_loss,29.772480010986328
PPO_3,375360,value_loss,23.758358001708984
PPO_3,378120,value_loss,57274984.0
PPO_3,380880,value_loss,52024876.0
PPO_3,386400,value_loss,18.482500076293945
PPO_3,389160,value_loss,56162712.0
PPO_3,391920,value_loss,51835716.0
PPO_3,394680,value_loss,25.92728614807129
PPO_3,397440,value_loss,13.954483032226562
PPO_3,402960,value_loss,52041252.0
PPO_3,405720,value_loss,24.475360870361328
PPO_3,408480,value_loss,20.575056076049805
PPO_3,411240,value_loss,57518804.0
PPO_3,414000,value_loss,52243464.0
PPO_3,419520,value_loss,17.387479782104492
PPO_3,422280,value_loss,55882416.0
PPO_3,425040,value_loss,52219160.0
PPO_3,427800,value_loss,20.054622650146484
PPO_3,430560,value_loss,28.012983322143555
PPO_3,436080,value_loss,52051876.0
PPO_3,438840,value_loss,17.1118106842041
PPO_3,441600,value_loss,79.26863098144531
PPO_3,444360,value_loss,58786240.0
PPO_3,449880,value_loss,14.141044616699219
PPO_3,452640,value_loss,107.68209838867188
PPO_3,455400,value_loss,59950884.0
PPO_3,458160,value_loss,52148772.0
PPO_3,460920,value_loss,11.159516334533691
PPO_3,466440,value_loss,58882444.0
PPO_3,469200,value_loss,52252788.0
PPO_3,471960,value_loss,9.241608619689941
PPO_3,474720,value_loss,156.88394165039062
PPO_3,477480,value_loss,57446900.0
PPO_3,483000,value_loss,7.7743964195251465
PPO_3,485760,value_loss,87.19361114501953
PPO_3,488520,value_loss,55696712.0
PPO_3,491280,value_loss,52114792.0
PPO_3,494040,value_loss,5.873499870300293
PPO_3,499560,value_loss,56221820.0
PPO_3,502320,value_loss,51665812.0
PPO_3,505080,value_loss,5.775498867034912
PPO_3,507840,value_loss,105.3808822631836
PPO_3,513360,value_loss,51578684.0
PPO_3,516120,value_loss,18.5518798828125
PPO_3,518880,value_loss,88.51920318603516
PPO_3,521640,value_loss,66609668.0
PPO_3,524400,value_loss,51556964.0
PPO_3,529920,value_loss,118.43360137939453
PPO_3,532680,value_loss,70461952.0
PPO_3,535440,value_loss,51537816.0
PPO_3,538200,value_loss,18.77379608154297
PPO_3,540960,value_loss,112.08157348632812
PPO_3,546480,value_loss,52415140.0
PPO_3,549240,value_loss,7.8416361808776855
PPO_3,552000,value_loss,81.66321563720703
PPO_3,554760,value_loss,78860984.0
PPO_3,557520,value_loss,52223684.0
PPO_3,563040,value_loss,12.509937286376953
PPO_3,565800,value_loss,96795320.0
PPO_3,568560,value_loss,51409196.0
PPO_3,571320,value_loss,2.8539938926696777
PPO_3,576840,value_loss,85776720.0
PPO_3,579600,value_loss,51618632.0
PPO_3,582360,value_loss,7.788279056549072
PPO_3,585120,value_loss,29.099271774291992
PPO_3,587880,value_loss,86800648.0
PPO_3,593400,value_loss,5.207989692687988
PPO_3,596160,value_loss,44.58177185058594
PPO_3,598920,value_loss,84033968.0
PPO_3,601680,value_loss,51584408.0
PPO_3,604440,value_loss,8.142365455627441
PPO_3,609960,value_loss,81699288.0
PPO_3,612720,value_loss,51779708.0
PPO_3,615480,value_loss,6.168374538421631
PPO_3,618240,value_loss,61.83702087402344
PPO_3,621000,value_loss,75009576.0
PPO_3,626520,value_loss,5.335151195526123
PPO_3,629280,value_loss,84.71159362792969
PPO_3,632040,value_loss,72671744.0
PPO_3,634800,value_loss,51557620.0
PPO_3,640320,value_loss,75.12064361572266
PPO_3,643080,value_loss,72729256.0
PPO_3,645840,value_loss,51288004.0
PPO_3,648600,value_loss,3.8137476444244385
PPO_3,651360,value_loss,69.2904281616211
PPO_3,656880,value_loss,51765812.0
PPO_3,659640,value_loss,6.893542766571045
PPO_3,662400,value_loss,82.22518157958984
PPO_3,665160,value_loss,72685312.0
PPO_3,667920,value_loss,51610508.0
PPO_3,673440,value_loss,85.6268310546875
PPO_3,676200,value_loss,72484752.0
PPO_3,678960,value_loss,51919264.0
PPO_3,681720,value_loss,5.508785247802734
PPO_3,684480,value_loss,70.04508972167969
PPO_3,690000,value_loss,51781412.0
PPO_3,692760,value_loss,9.17323112487793
PPO_3,695520,value_loss,89.0677719116211
PPO_3,698280,value_loss,75228168.0
PPO_3,703800,value_loss,16.894771575927734
PPO_3,706560,value_loss,96.37882995605469
PPO_3,709320,value_loss,79466264.0
PPO_3,712080,value_loss,52252040.0
PPO_3,714840,value_loss,14.117582321166992
PPO_3,720360,value_loss,82983480.0
PPO_3,723120,value_loss,52455064.0
PPO_3,725880,value_loss,14.680745124816895
PPO_3,728640,value_loss,118.67417907714844
PPO_3,731400,value_loss,90362304.0
PPO_3,736920,value_loss,7.078972339630127
PPO_3,739680,value_loss,74.34928894042969
PPO_3,742440,value_loss,87184424.0
PPO_3,745200,value_loss,53181688.0
PPO_3,747960,value_loss,2.3413755893707275
PPO_3,753480,value_loss,95745192.0
PPO_3,756240,value_loss,52525788.0
PPO_3,759000,value_loss,4.536710739135742
PPO_3,761760,value_loss,19.18400001525879
PPO_3,767280,value_loss,51826816.0
PPO_3,770040,value_loss,6.301473617553711
PPO_3,772800,value_loss,17.183544158935547
PPO_3,775560,value_loss,126805648.0
PPO_3,778320,value_loss,51962400.0
PPO_3,783840,value_loss,21.485204696655273
PPO_3,786600,value_loss,132432232.0
PPO_3,789360,value_loss,51696556.0
PPO_3,792120,value_loss,13.8264741897583
PPO_3,794880,value_loss,17.443580627441406
PPO_3,800400,value_loss,51334428.0
PPO_3,803160,value_loss,28.51114845275879
PPO_3,805920,value_loss,30.680622100830078
PPO_3,808680,value_loss,186848624.0
PPO_3,811440,value_loss,51580768.0
PPO_3,816960,value_loss,12.513782501220703
PPO_3,819720,value_loss,169695504.0
PPO_3,822480,value_loss,51627272.0
PPO_3,825240,value_loss,40.016597747802734
PPO_3,830760,value_loss,170585760.0
PPO_3,833520,value_loss,51822816.0
PPO_3,836280,value_loss,43.339778900146484
PPO_3,839040,value_loss,21.40985870361328
PPO_3,841800,value_loss,248495392.0
PPO_3,847320,value_loss,40.934486389160156
PPO_3,850080,value_loss,121.2346420288086
PPO_3,852840,value_loss,199807584.0
PPO_3,855600,value_loss,52158628.0
PPO_3,858360,value_loss,38.2169189453125
PPO_3,863880,value_loss,176159104.0
PPO_3,866640,value_loss,52292992.0
PPO_3,869400,value_loss,32.828643798828125
PPO_3,872160,value_loss,170.6498260498047
PPO_3,874920,value_loss,166095776.0
PPO_3,880440,value_loss,33.914249420166016
PPO_3,883200,value_loss,194.5409698486328
PPO_3,885960,value_loss,170200256.0
PPO_3,888720,value_loss,52417140.0
PPO_3,894240,value_loss,210.46885681152344
PPO_3,897000,value_loss,163750480.0
PPO_3,899760,value_loss,52278572.0
PPO_3,902520,value_loss,28.58280372619629
PPO_3,905280,value_loss,291.7152099609375
PPO_3,910800,value_loss,52365424.0
PPO_3,913560,value_loss,25.972227096557617
PPO_3,916320,value_loss,287.024169921875
PPO_3,919080,value_loss,156384512.0
PPO_3,921840,value_loss,52291620.0
PPO_3,927360,value_loss,290.34588623046875
PPO_3,930120,value_loss,143125760.0
PPO_3,932880,value_loss,52544404.0
PPO_3,935640,value_loss,23.682052612304688
PPO_3,938400,value_loss,283.0345458984375
PPO_3,943920,value_loss,52402852.0
PPO_3,946680,value_loss,20.488134384155273
PPO_3,949440,value_loss,285.0129699707031
PPO_3,952200,value_loss,137900880.0
PPO_3,957720,value_loss,7.295693874359131
PPO_3,960480,value_loss,289.4834289550781
PPO_3,963240,value_loss,119963144.0
PPO_3,966000,value_loss,52502148.0
PPO_3,968760,value_loss,7.989258289337158
PPO_3,974280,value_loss,114111656.0
PPO_3,977040,value_loss,52124088.0
PPO_3,979800,value_loss,6.060250282287598
PPO_3,982560,value_loss,282.36968994140625
PPO_3,985320,value_loss,106420408.0
PPO_3,990840,value_loss,5.117104530334473
PPO_3,993600,value_loss,285.58319091796875
PPO_3,996360,value_loss,110369536.0
PPO_3,999120,value_loss,52087152.0
PPO_3,1001880,value_loss,8.935532569885254
PPO_3,1007400,value_loss,114798592.0
PPO_3,1010160,value_loss,52076032.0
PPO_3,1012920,value_loss,3.6874351501464844
PPO_3,1015680,value_loss,281.75146484375
PPO_3,1021200,value_loss,51589400.0
PPO_3,1023960,value_loss,0.26148542761802673
PPO_3,1026720,value_loss,324.94671630859375
PPO_3,1029480,value_loss,83870272.0
PPO_3,1032240,value_loss,52205736.0
PPO_3,1037760,value_loss,232.26788330078125
PPO_3,1040520,value_loss,79935208.0
PPO_3,1043280,value_loss,52141176.0
PPO_3,1046040,value_loss,0.6660522222518921
PPO_3,1048800,value_loss,223.86077880859375
PPO_3,1054320,value_loss,52657056.0
PPO_3,1057080,value_loss,0.5677953958511353
PPO_3,1059840,value_loss,229.38356018066406
PPO_3,1062600,value_loss,79295264.0
PPO_3,1065360,value_loss,53189556.0
PPO_3,1070880,value_loss,183.87060546875
PPO_3,1073640,value_loss,85513864.0
PPO_3,1076400,value_loss,53173752.0
PPO_3,1079160,value_loss,3.915121078491211
PPO_3,1084680,value_loss,88445264.0
PPO_3,1087440,value_loss,52978816.0
PPO_3,1090200,value_loss,1.3706148862838745
PPO_3,1092960,value_loss,177.0350799560547
PPO_3,1095720,value_loss,81790648.0
PPO_3,1101240,value_loss,0.992706298828125
PPO_3,1104000,value_loss,176.70416259765625
PPO_3,1106760,value_loss,79773840.0
PPO_3,1109520,value_loss,52664912.0
PPO_3,1112280,value_loss,0.7841287851333618
PPO_3,1117800,value_loss,75897512.0
PPO_3,1120560,value_loss,52387980.0
PPO_3,1123320,value_loss,0.8995997309684753
PPO_3,1126080,value_loss,162.04420471191406
PPO_3,1128840,value_loss,75823752.0
PPO_3,1134360,value_loss,1.2124654054641724
PPO_3,1137120,value_loss,153.8390350341797
PPO_3,1139880,value_loss,71586576.0
PPO_3,1142640,value_loss,51753804.0
PPO_3,1148160,value_loss,168.9553680419922
PPO_3,1150920,value_loss,69839296.0
PPO_3,1153680,value_loss,51767672.0
PPO_3,1156440,value_loss,1.3191158771514893
PPO_3,1159200,value_loss,117.0575942993164
PPO_3,1164720,value_loss,51700264.0
PPO_3,1167480,value_loss,2.8976080417633057
PPO_3,1170240,value_loss,124.53694915771484
PPO_3,1173000,value_loss,71317344.0
PPO_3,1175760,value_loss,51826964.0
PPO_3,1181280,value_loss,135.9979248046875
PPO_3,1184040,value_loss,72144392.0
PPO_3,1186800,value_loss,51658396.0
PPO_3,1189560,value_loss,3.5120654106140137
PPO_3,1192320,value_loss,139.59339904785156
PPO_3,1197840,value_loss,52127740.0
PPO_3,1200600,value_loss,3.5893421173095703
PPO_3,1203360,value_loss,145.6202392578125
PPO_3,1206120,value_loss,70804648.0
PPO_3,1211640,value_loss,10.431772232055664
PPO_3,1214400,value_loss,98.9669189453125
PPO_3,1217160,value_loss,78528960.0
PPO_3,1219920,value_loss,51976004.0
PPO_3,1222680,value_loss,7.393916606903076
PPO_3,1228200,value_loss,74403656.0
PPO_3,1230960,value_loss,52356340.0
PPO_3,1233720,value_loss,9.208715438842773
PPO_3,1236480,value_loss,96.17337799072266
PPO_3,1239240,value_loss,77530600.0
PPO_3,1244760,value_loss,11.629291534423828
PPO_3,1247520,value_loss,100.82418823242188
PPO_3,1250280,value_loss,80804264.0
PPO_3,1253040,value_loss,52491836.0
PPO_3,1255800,value_loss,9.594598770141602
PPO_3,1261320,value_loss,76291120.0
PPO_3,1264080,value_loss,52475300.0
PPO_3,1266840,value_loss,6.294538497924805
PPO_3,1269600,value_loss,113.68621826171875
PPO_3,1275120,value_loss,52991220.0
PPO_3,1277880,value_loss,2.1270432472229004
PPO_3,1280640,value_loss,107.51769256591797
PPO_3,1283400,value_loss,71959960.0
PPO_3,1286160,value_loss,52388072.0
PPO_3,1291680,value_loss,87.78221130371094
PPO_3,1294440,value_loss,73174608.0
PPO_3,1297200,value_loss,52761588.0
PPO_3,1299960,value_loss,2.8858039379119873
PPO_3,1302720,value_loss,75.84444427490234
PPO_3,1308240,value_loss,52504832.0
PPO_3,1311000,value_loss,4.825443744659424
PPO_3,1313760,value_loss,75.86470031738281
PPO_3,1316520,value_loss,73442656.0
PPO_3,1319280,value_loss,52213536.0
PPO_3,1324800,value_loss,69.82159423828125
PPO_3,1327560,value_loss,71489232.0
PPO_3,1330320,value_loss,51853444.0
PPO_3,1333080,value_loss,1.8840758800506592
PPO_3,1338600,value_loss,71494536.0
PPO_3,5520,explained_variance,-1.9073486328125e-06
PPO_3,8280,explained_variance,-0.09543168544769287
PPO_3,11040,explained_variance,-0.10242593288421631
PPO_3,13800,explained_variance,3.886222839355469e-05
PPO_3,16560,explained_variance,0.0002866387367248535
PPO_3,22080,explained_variance,-0.010376811027526855
PPO_3,24840,explained_variance,0.00041919946670532227
PPO_3,27600,explained_variance,0.0007169842720031738
PPO_3,30360,explained_variance,0.010182797908782959
PPO_3,33120,explained_variance,0.028933227062225342
PPO_3,38640,explained_variance,0.0009893178939819336
PPO_3,41400,explained_variance,0.09789860248565674
PPO_3,44160,explained_variance,0.054975271224975586
PPO_3,46920,explained_variance,0.0008336901664733887
PPO_3,49680,explained_variance,0.0011615753173828125
PPO_3,55200,explained_variance,0.390697181224823
PPO_3,57960,explained_variance,0.0009613037109375
PPO_3,60720,explained_variance,0.0012469887733459473
PPO_3,63480,explained_variance,0.06953442096710205
PPO_3,69000,explained_variance,0.001047670841217041
PPO_3,71760,explained_variance,0.0013347864151000977
PPO_3,74520,explained_variance,0.021773099899291992
PPO_3,77280,explained_variance,0.7785303592681885
PPO_3,80040,explained_variance,0.0011635422706604004
PPO_3,85560,explained_variance,0.02303481101989746
PPO_3,88320,explained_variance,0.872327446937561
PPO_3,91080,explained_variance,0.0012575387954711914
PPO_3,93840,explained_variance,0.0014050006866455078
PPO_3,96600,explained_variance,0.0032840371131896973
PPO_3,102120,explained_variance,0.0013235807418823242
PPO_3,104880,explained_variance,0.0014954209327697754
PPO_3,107640,explained_variance,0.041192710399627686
PPO_3,110400,explained_variance,0.9457311034202576
PPO_3,113160,explained_variance,0.0013567805290222168
PPO_3,118680,explained_variance,0.018495798110961914
PPO_3,121440,explained_variance,0.9711691737174988
PPO_3,124200,explained_variance,0.0013759136199951172
PPO_3,126960,explained_variance,0.001554727554321289
PPO_3,132480,explained_variance,0.9734925031661987
PPO_3,135240,explained_variance,0.0014404654502868652
PPO_3,138000,explained_variance,0.0016201138496398926
PPO_3,140760,explained_variance,0.015092790126800537
PPO_3,143520,explained_variance,0.9741356372833252
PPO_3,149040,explained_variance,0.0016560554504394531
PPO_3,151800,explained_variance,0.009595334529876709
PPO_3,154560,explained_variance,0.9815120100975037
PPO_3,157320,explained_variance,0.0015663504600524902
PPO_3,160080,explained_variance,0.0017063021659851074
PPO_3,165600,explained_variance,0.9837833046913147
PPO_3,168360,explained_variance,0.0016207098960876465
PPO_3,171120,explained_variance,0.001746058464050293
PPO_3,173880,explained_variance,0.01072603464126587
PPO_3,176640,explained_variance,0.9877238273620605
PPO_3,182160,explained_variance,0.0018122196197509766
PPO_3,184920,explained_variance,0.01717430353164673
PPO_3,187680,explained_variance,0.9870169162750244
PPO_3,190440,explained_variance,0.0017336606979370117
PPO_3,195960,explained_variance,0.017513036727905273
PPO_3,198720,explained_variance,0.9892494678497314
PPO_3,201480,explained_variance,0.001789867877960205
PPO_3,204240,explained_variance,0.001901865005493164
PPO_3,207000,explained_variance,0.021824002265930176
PPO_3,212520,explained_variance,0.0018069744110107422
PPO_3,215280,explained_variance,0.0019728541374206543
PPO_3,218040,explained_variance,0.022780001163482666
PPO_3,220800,explained_variance,0.9929141998291016
PPO_3,223560,explained_variance,0.0018720030784606934
PPO_3,229080,explained_variance,0.4290713667869568
PPO_3,231840,explained_variance,0.9951887130737305
PPO_3,234600,explained_variance,0.001943051815032959
PPO_3,237360,explained_variance,0.00208282470703125
PPO_3,240120,explained_variance,0.9052460193634033
PPO_3,245640,explained_variance,0.0020660758018493652
PPO_3,248400,explained_variance,0.002218306064605713
PPO_3,251160,explained_variance,0.8021642565727234
PPO_3,253920,explained_variance,0.9921234250068665
PPO_3,259440,explained_variance,0.002568364143371582
PPO_3,262200,explained_variance,0.2824676036834717
PPO_3,264960,explained_variance,0.8349260091781616
PPO_3,267720,explained_variance,0.0024802684783935547
PPO_3,270480,explained_variance,0.0030069947242736816
PPO_3,276000,explained_variance,0.9677003622055054
PPO_3,278760,explained_variance,0.0027692317962646484
PPO_3,281520,explained_variance,0.0032036304473876953
PPO_3,284280,explained_variance,0.9413528442382812
PPO_3,287040,explained_variance,0.9841259121894836
PPO_3,292560,explained_variance,0.003278493881225586
PPO_3,295320,explained_variance,0.9386548399925232
PPO_3,298080,explained_variance,0.9751753807067871
PPO_3,300840,explained_variance,0.0029201507568359375
PPO_3,303600,explained_variance,0.0034688711166381836
PPO_3,309120,explained_variance,0.969529926776886
PPO_3,311880,explained_variance,0.0032343268394470215
PPO_3,314640,explained_variance,0.0035559535026550293
PPO_3,317400,explained_variance,0.9542447328567505
PPO_3,322920,explained_variance,0.0033115744590759277
PPO_3,325680,explained_variance,0.003629148006439209
PPO_3,328440,explained_variance,0.9479163885116577
PPO_3,331200,explained_variance,0.970220148563385
PPO_3,333960,explained_variance,0.0034116506576538086
PPO_3,339480,explained_variance,0.9400503039360046
PPO_3,342240,explained_variance,0.9658475518226624
PPO_3,345000,explained_variance,0.0034083127975463867
PPO_3,347760,explained_variance,0.0037200450897216797
PPO_3,350520,explained_variance,0.8881425857543945
PPO_3,356040,explained_variance,0.0033416152000427246
PPO_3,358800,explained_variance,0.0037485361099243164
PPO_3,361560,explained_variance,0.7350378036499023
PPO_3,364320,explained_variance,0.7971145510673523
PPO_3,367080,explained_variance,0.0034098029136657715
PPO_3,372600,explained_variance,0.09931021928787231
PPO_3,375360,explained_variance,0.49532413482666016
PPO_3,378120,explained_variance,0.0033701658248901367
PPO_3,380880,explained_variance,0.0037830471992492676
PPO_3,386400,explained_variance,0.8165284991264343
PPO_3,389160,explained_variance,0.0034872889518737793
PPO_3,391920,explained_variance,0.0038280487060546875
PPO_3,394680,explained_variance,0.03843563795089722
PPO_3,397440,explained_variance,0.960782527923584
PPO_3,402960,explained_variance,0.003849923610687256
PPO_3,405720,explained_variance,-0.01271212100982666
PPO_3,408480,explained_variance,0.12044650316238403
PPO_3,411240,explained_variance,0.0034604668617248535
PPO_3,414000,explained_variance,0.0038473010063171387
PPO_3,419520,explained_variance,0.0789995789527893
PPO_3,422280,explained_variance,0.0035358667373657227
PPO_3,425040,explained_variance,0.003871738910675049
PPO_3,427800,explained_variance,0.000525057315826416
PPO_3,430560,explained_variance,-3.7052016258239746
PPO_3,436080,explained_variance,0.003851652145385742
PPO_3,438840,explained_variance,-2.384185791015625e-06
PPO_3,441600,explained_variance,-0.1824629306793213
PPO_3,444360,explained_variance,0.003334343433380127
PPO_3,449880,explained_variance,1.2516975402832031e-06
PPO_3,452640,explained_variance,-0.013751387596130371
PPO_3,455400,explained_variance,0.003319263458251953
PPO_3,458160,explained_variance,0.003771543502807617
PPO_3,460920,explained_variance,1.0132789611816406e-06
PPO_3,466440,explained_variance,0.003328084945678711
PPO_3,469200,explained_variance,0.003747284412384033
PPO_3,471960,explained_variance,5.424022674560547e-06
PPO_3,474720,explained_variance,-0.012871384620666504
PPO_3,477480,explained_variance,0.0033492445945739746
PPO_3,483000,explained_variance,-2.2649765014648438e-06
PPO_3,485760,explained_variance,-0.0076808929443359375
PPO_3,488520,explained_variance,0.003403007984161377
PPO_3,491280,explained_variance,0.0037213563919067383
PPO_3,494040,explained_variance,2.384185791015625e-07
PPO_3,499560,explained_variance,0.0033873915672302246
PPO_3,502320,explained_variance,0.0037334561347961426
PPO_3,505080,explained_variance,0.0
PPO_3,507840,explained_variance,-0.0006687641143798828
PPO_3,513360,explained_variance,0.0037277936935424805
PPO_3,516120,explained_variance,0.0
PPO_3,518880,explained_variance,-0.0003107786178588867
PPO_3,521640,explained_variance,0.0030319690704345703
PPO_3,524400,explained_variance,0.0036803483963012695
PPO_3,529920,explained_variance,-0.00013458728790283203
PPO_3,532680,explained_variance,0.002908170223236084
PPO_3,535440,explained_variance,0.0036562681198120117
PPO_3,538200,explained_variance,0.0
PPO_3,540960,explained_variance,-0.00015842914581298828
PPO_3,546480,explained_variance,0.0035963058471679688
PPO_3,549240,explained_variance,1.1920928955078125e-07
PPO_3,552000,explained_variance,-4.6133995056152344e-05
PPO_3,554760,explained_variance,0.002726137638092041
PPO_3,557520,explained_variance,0.0036143064498901367
PPO_3,563040,explained_variance,-7.68899917602539e-05
PPO_3,565800,explained_variance,0.0024850964546203613
PPO_3,568560,explained_variance,0.003798544406890869
PPO_3,571320,explained_variance,0.0
PPO_3,576840,explained_variance,0.0028024911880493164
PPO_3,579600,explained_variance,0.004000186920166016
PPO_3,582360,explained_variance,0.0
PPO_3,585120,explained_variance,-0.00013566017150878906
PPO_3,587880,explained_variance,0.0028384923934936523
PPO_3,593400,explained_variance,0.0
PPO_3,596160,explained_variance,-0.0002218484878540039
PPO_3,598920,explained_variance,0.0029546618461608887
PPO_3,601680,explained_variance,0.0041168928146362305
PPO_3,604440,explained_variance,-1.1920928955078125e-07
PPO_3,609960,explained_variance,0.0030222535133361816
PPO_3,612720,explained_variance,0.0041237473487854
PPO_3,615480,explained_variance,0.0
PPO_3,618240,explained_variance,-4.7326087951660156e-05
PPO_3,621000,explained_variance,0.003214716911315918
PPO_3,626520,explained_variance,0.0
PPO_3,629280,explained_variance,-3.6716461181640625e-05
PPO_3,632040,explained_variance,0.0033112764358520508
PPO_3,634800,explained_variance,0.004253685474395752
PPO_3,640320,explained_variance,-1.1801719665527344e-05
PPO_3,643080,explained_variance,0.003313779830932617
PPO_3,645840,explained_variance,0.00426483154296875
PPO_3,648600,explained_variance,1.1920928955078125e-07
PPO_3,651360,explained_variance,-3.218650817871094e-05
PPO_3,656880,explained_variance,0.004310786724090576
PPO_3,659640,explained_variance,-1.1920928955078125e-07
PPO_3,662400,explained_variance,-1.52587890625e-05
PPO_3,665160,explained_variance,0.0034099221229553223
PPO_3,667920,explained_variance,0.004361212253570557
PPO_3,673440,explained_variance,-3.814697265625e-06
PPO_3,676200,explained_variance,0.0034333467483520508
PPO_3,678960,explained_variance,0.004374265670776367
PPO_3,681720,explained_variance,-2.384185791015625e-07
PPO_3,684480,explained_variance,-1.5497207641601562e-06
PPO_3,690000,explained_variance,0.004456043243408203
PPO_3,692760,explained_variance,0.0
PPO_3,695520,explained_variance,-4.5299530029296875e-06
PPO_3,698280,explained_variance,0.0034552812576293945
PPO_3,703800,explained_variance,0.0
PPO_3,706560,explained_variance,-3.933906555175781e-06
PPO_3,709320,explained_variance,0.003339707851409912
PPO_3,712080,explained_variance,0.004457533359527588
PPO_3,714840,explained_variance,0.0
PPO_3,720360,explained_variance,0.0032709240913391113
PPO_3,723120,explained_variance,0.004464328289031982
PPO_3,725880,explained_variance,0.0
PPO_3,728640,explained_variance,-7.152557373046875e-07
PPO_3,731400,explained_variance,0.0031509995460510254
PPO_3,736920,explained_variance,1.1920928955078125e-07
PPO_3,739680,explained_variance,-2.384185791015625e-07
PPO_3,742440,explained_variance,0.0032883286476135254
PPO_3,745200,explained_variance,0.004559814929962158
PPO_3,747960,explained_variance,1.1920928955078125e-07
PPO_3,753480,explained_variance,0.0032010674476623535
PPO_3,756240,explained_variance,0.00475621223449707
PPO_3,759000,explained_variance,0.0
PPO_3,761760,explained_variance,-1.1920928955078125e-06
PPO_3,767280,explained_variance,0.004935801029205322
PPO_3,770040,explained_variance,0.0
PPO_3,772800,explained_variance,2.384185791015625e-07
PPO_3,775560,explained_variance,0.0028465986251831055
PPO_3,778320,explained_variance,0.005083620548248291
PPO_3,783840,explained_variance,-2.384185791015625e-06
PPO_3,786600,explained_variance,0.002841353416442871
PPO_3,789360,explained_variance,0.005214393138885498
PPO_3,792120,explained_variance,0.0
PPO_3,794880,explained_variance,-1.3113021850585938e-06
PPO_3,800400,explained_variance,0.005350291728973389
PPO_3,803160,explained_variance,0.0
PPO_3,805920,explained_variance,1.6093254089355469e-06
PPO_3,808680,explained_variance,0.002471446990966797
PPO_3,811440,explained_variance,0.00562971830368042
PPO_3,816960,explained_variance,2.384185791015625e-07
PPO_3,819720,explained_variance,0.0027409791946411133
PPO_3,822480,explained_variance,0.0058026909828186035
PPO_3,825240,explained_variance,0.0
PPO_3,830760,explained_variance,0.002767205238342285
PPO_3,833520,explained_variance,0.005947768688201904
PPO_3,836280,explained_variance,-1.1920928955078125e-07
PPO_3,839040,explained_variance,1.1920928955078125e-07
PPO_3,841800,explained_variance,0.002215147018432617
PPO_3,847320,explained_variance,-1.1920928955078125e-07
PPO_3,850080,explained_variance,0.0
PPO_3,852840,explained_variance,0.0025487542152404785
PPO_3,855600,explained_variance,0.00597834587097168
PPO_3,858360,explained_variance,0.0
PPO_3,863880,explained_variance,0.002730429172515869
PPO_3,866640,explained_variance,0.005936145782470703
PPO_3,869400,explained_variance,-1.1920928955078125e-07
PPO_3,872160,explained_variance,0.0
PPO_3,874920,explained_variance,0.0028170347213745117
PPO_3,880440,explained_variance,0.0
PPO_3,883200,explained_variance,0.0
PPO_3,885960,explained_variance,0.00276106595993042
PPO_3,888720,explained_variance,0.005891621112823486
PPO_3,894240,explained_variance,0.0
PPO_3,897000,explained_variance,0.0028192996978759766
PPO_3,899760,explained_variance,0.00586622953414917
PPO_3,902520,explained_variance,0.0
PPO_3,905280,explained_variance,0.0
PPO_3,910800,explained_variance,0.005827903747558594
PPO_3,913560,explained_variance,0.0
PPO_3,916320,explained_variance,0.0
PPO_3,919080,explained_variance,0.0028631091117858887
PPO_3,921840,explained_variance,0.005799770355224609
PPO_3,927360,explained_variance,0.0
PPO_3,930120,explained_variance,0.003013312816619873
PPO_3,932880,explained_variance,0.005785107612609863
PPO_3,935640,explained_variance,-1.1920928955078125e-07
PPO_3,938400,explained_variance,0.0
PPO_3,943920,explained_variance,0.0057869553565979
PPO_3,946680,explained_variance,1.7881393432617188e-07
PPO_3,949440,explained_variance,-1.1920928955078125e-07
PPO_3,952200,explained_variance,0.0030829906463623047
PPO_3,957720,explained_variance,0.0
PPO_3,960480,explained_variance,0.0
PPO_3,963240,explained_variance,0.003410041332244873
PPO_3,966000,explained_variance,0.005857229232788086
PPO_3,968760,explained_variance,0.0
PPO_3,974280,explained_variance,0.0035593509674072266
PPO_3,977040,explained_variance,0.005952596664428711
PPO_3,979800,explained_variance,1.1920928955078125e-07
PPO_3,982560,explained_variance,-1.1920928955078125e-07
PPO_3,985320,explained_variance,0.0037652254104614258
PPO_3,990840,explained_variance,0.0
PPO_3,993600,explained_variance,-2.384185791015625e-07
PPO_3,996360,explained_variance,0.003736436367034912
PPO_3,999120,explained_variance,0.006133675575256348
PPO_3,1001880,explained_variance,0.0
PPO_3,1007400,explained_variance,0.0036902427673339844
PPO_3,1010160,explained_variance,0.006195187568664551
PPO_3,1012920,explained_variance,0.0
PPO_3,1015680,explained_variance,-1.1920928955078125e-07
PPO_3,1021200,explained_variance,0.006300747394561768
PPO_3,1023960,explained_variance,1.1920928955078125e-07
PPO_3,1026720,explained_variance,-6.079673767089844e-06
PPO_3,1029480,explained_variance,0.004596412181854248
PPO_3,1032240,explained_variance,0.006348967552185059
PPO_3,1037760,explained_variance,-7.867813110351562e-06
PPO_3,1040520,explained_variance,0.004828810691833496
PPO_3,1043280,explained_variance,0.006460011005401611
PPO_3,1046040,explained_variance,1.1920928955078125e-07
PPO_3,1048800,explained_variance,-2.86102294921875e-06
PPO_3,1054320,explained_variance,0.006525099277496338
PPO_3,1057080,explained_variance,0.0
PPO_3,1059840,explained_variance,-7.152557373046875e-07
PPO_3,1062600,explained_variance,0.005053281784057617
PPO_3,1065360,explained_variance,0.006548047065734863
PPO_3,1070880,explained_variance,-1.1920928955078125e-07
PPO_3,1073640,explained_variance,0.0048885345458984375
PPO_3,1076400,explained_variance,0.006669223308563232
PPO_3,1079160,explained_variance,-1.1920928955078125e-07
PPO_3,1084680,explained_variance,0.004850983619689941
PPO_3,1087440,explained_variance,0.006760835647583008
PPO_3,1090200,explained_variance,-1.1920928955078125e-07
PPO_3,1092960,explained_variance,0.0
PPO_3,1095720,explained_variance,0.005098283290863037
PPO_3,1101240,explained_variance,0.0
PPO_3,1104000,explained_variance,0.0
PPO_3,1106760,explained_variance,0.0052831172943115234
PPO_3,1109520,explained_variance,0.006927192211151123
PPO_3,1112280,explained_variance,-2.384185791015625e-07
PPO_3,1117800,explained_variance,0.005473971366882324
PPO_3,1120560,explained_variance,0.00704038143157959
PPO_3,1123320,explained_variance,1.1920928955078125e-07
PPO_3,1126080,explained_variance,-5.960464477539062e-07
PPO_3,1128840,explained_variance,0.005565166473388672
PPO_3,1134360,explained_variance,0.0
PPO_3,1137120,explained_variance,-2.384185791015625e-07
PPO_3,1139880,explained_variance,0.005846738815307617
PPO_3,1142640,explained_variance,0.007268548011779785
PPO_3,1148160,explained_variance,-4.76837158203125e-07
PPO_3,1150920,explained_variance,0.005969822406768799
PPO_3,1153680,explained_variance,0.007334113121032715
PPO_3,1156440,explained_variance,0.0
PPO_3,1159200,explained_variance,-2.384185791015625e-07
PPO_3,1164720,explained_variance,0.007418274879455566
PPO_3,1167480,explained_variance,0.0
PPO_3,1170240,explained_variance,-2.384185791015625e-07
PPO_3,1173000,explained_variance,0.006045401096343994
PPO_3,1175760,explained_variance,0.0074724555015563965
PPO_3,1181280,explained_variance,-3.5762786865234375e-07
PPO_3,1184040,explained_variance,0.006044507026672363
PPO_3,1186800,explained_variance,0.0075795650482177734
PPO_3,1189560,explained_variance,0.0
PPO_3,1192320,explained_variance,-2.384185791015625e-07
PPO_3,1197840,explained_variance,0.007589817047119141
PPO_3,1200600,explained_variance,0.0
PPO_3,1203360,explained_variance,-1.1920928955078125e-07
PPO_3,1206120,explained_variance,0.006235837936401367
PPO_3,1211640,explained_variance,0.0
PPO_3,1214400,explained_variance,-2.384185791015625e-07
PPO_3,1217160,explained_variance,0.005864262580871582
PPO_3,1219920,explained_variance,0.007669568061828613
PPO_3,1222680,explained_variance,-1.1920928955078125e-07
PPO_3,1228200,explained_variance,0.0060860514640808105
PPO_3,1230960,explained_variance,0.0076833367347717285
PPO_3,1233720,explained_variance,0.0
PPO_3,1236480,explained_variance,0.0
PPO_3,1239240,explained_variance,0.005964815616607666
PPO_3,1244760,explained_variance,0.0
PPO_3,1247520,explained_variance,-1.1920928955078125e-07
PPO_3,1250280,explained_variance,0.005844831466674805
PPO_3,1253040,explained_variance,0.007737278938293457
PPO_3,1255800,explained_variance,5.960464477539063e-08
PPO_3,1261320,explained_variance,0.006097674369812012
PPO_3,1264080,explained_variance,0.00779956579208374
PPO_3,1266840,explained_variance,1.7881393432617188e-07
PPO_3,1269600,explained_variance,0.0
PPO_3,1275120,explained_variance,0.007852554321289062
PPO_3,1277880,explained_variance,5.960464477539063e-08
PPO_3,1280640,explained_variance,0.0
PPO_3,1283400,explained_variance,0.006463527679443359
PPO_3,1286160,explained_variance,0.008009076118469238
PPO_3,1291680,explained_variance,0.0
PPO_3,1294440,explained_variance,0.006468534469604492
PPO_3,1297200,explained_variance,0.008038938045501709
PPO_3,1299960,explained_variance,0.0
PPO_3,1302720,explained_variance,0.0
PPO_3,1308240,explained_variance,0.008159637451171875
PPO_3,1311000,explained_variance,0.0
PPO_3,1313760,explained_variance,5.960464477539063e-08
PPO_3,1316520,explained_variance,0.006572067737579346
PPO_3,1319280,explained_variance,0.0082588791847229
PPO_3,1324800,explained_variance,-1.1920928955078125e-07
PPO_3,1327560,explained_variance,0.006736814975738525
PPO_3,1330320,explained_variance,0.008386611938476562
PPO_3,1333080,explained_variance,0.0
PPO_3,1338600,explained_variance,0.006813526153564453
PPO_3,5520,entropy,-4.238177299499512
PPO_3,8280,entropy,-4.195104122161865
PPO_3,11040,entropy,-4.1776299476623535
PPO_3,13800,entropy,-4.181650161743164
PPO_3,16560,entropy,-4.181879997253418
PPO_3,22080,entropy,-4.154544353485107
PPO_3,24840,entropy,-4.139005184173584
PPO_3,27600,entropy,-4.138277530670166
PPO_3,30360,entropy,-4.136333465576172
PPO_3,33120,entropy,-4.123839855194092
PPO_3,38640,entropy,-4.108486175537109
PPO_3,41400,entropy,-4.105868816375732
PPO_3,44160,entropy,-4.071074962615967
PPO_3,46920,entropy,-4.036430358886719
PPO_3,49680,entropy,-4.035566806793213
PPO_3,55200,entropy,-4.0298614501953125
PPO_3,57960,entropy,-4.022573947906494
PPO_3,60720,entropy,-4.022292137145996
PPO_3,63480,entropy,-4.021358489990234
PPO_3,69000,entropy,-3.9981822967529297
PPO_3,71760,entropy,-3.9968128204345703
PPO_3,74520,entropy,-3.9953558444976807
PPO_3,77280,entropy,-3.9915568828582764
PPO_3,80040,entropy,-3.9945695400238037
PPO_3,85560,entropy,-3.993802547454834
PPO_3,88320,entropy,-3.9873061180114746
PPO_3,91080,entropy,-3.96167254447937
PPO_3,93840,entropy,-3.9595627784729004
PPO_3,96600,entropy,-3.959106922149658
PPO_3,102120,entropy,-3.98689866065979
PPO_3,104880,entropy,-3.9885003566741943
PPO_3,107640,entropy,-3.9898762702941895
PPO_3,110400,entropy,-3.9894537925720215
PPO_3,113160,entropy,-3.9785170555114746
PPO_3,118680,entropy,-3.977125406265259
PPO_3,121440,entropy,-3.974844455718994
PPO_3,124200,entropy,-3.977562665939331
PPO_3,126960,entropy,-3.9780850410461426
PPO_3,132480,entropy,-3.9768526554107666
PPO_3,135240,entropy,-3.974959135055542
PPO_3,138000,entropy,-3.9746804237365723
PPO_3,140760,entropy,-3.9765050411224365
PPO_3,143520,entropy,-3.9810891151428223
PPO_3,149040,entropy,-3.9852230548858643
PPO_3,151800,entropy,-3.985058307647705
PPO_3,154560,entropy,-3.985468626022339
PPO_3,157320,entropy,-4.002087593078613
PPO_3,160080,entropy,-4.003530502319336
PPO_3,165600,entropy,-4.025434494018555
PPO_3,168360,entropy,-4.050153732299805
PPO_3,171120,entropy,-4.05108118057251
PPO_3,173880,entropy,-4.057638168334961
PPO_3,176640,entropy,-4.081338882446289
PPO_3,182160,entropy,-4.119052886962891
PPO_3,184920,entropy,-4.11923885345459
PPO_3,187680,entropy,-4.116220474243164
PPO_3,190440,entropy,-4.126317977905273
PPO_3,195960,entropy,-4.128483295440674
PPO_3,198720,entropy,-4.13667106628418
PPO_3,201480,entropy,-4.161395072937012
PPO_3,204240,entropy,-4.162370681762695
PPO_3,207000,entropy,-4.166117191314697
PPO_3,212520,entropy,-4.163944721221924
PPO_3,215280,entropy,-4.163466930389404
PPO_3,218040,entropy,-4.162444114685059
PPO_3,220800,entropy,-4.168898582458496
PPO_3,223560,entropy,-4.21751594543457
PPO_3,229080,entropy,-4.221155643463135
PPO_3,231840,entropy,-4.2189812660217285
PPO_3,234600,entropy,-4.218914031982422
PPO_3,237360,entropy,-4.219475746154785
PPO_3,240120,entropy,-4.203219890594482
PPO_3,245640,entropy,-4.173967361450195
PPO_3,248400,entropy,-4.173998832702637
PPO_3,251160,entropy,-4.170628547668457
PPO_3,253920,entropy,-4.186570644378662
PPO_3,259440,entropy,-4.188673496246338
PPO_3,262200,entropy,-4.186863422393799
PPO_3,264960,entropy,-4.177491664886475
PPO_3,267720,entropy,-4.200911521911621
PPO_3,270480,entropy,-4.20292329788208
PPO_3,276000,entropy,-4.224335670471191
PPO_3,278760,entropy,-4.219274520874023
PPO_3,281520,entropy,-4.219070911407471
PPO_3,284280,entropy,-4.2176666259765625
PPO_3,287040,entropy,-4.218143939971924
PPO_3,292560,entropy,-4.221869468688965
PPO_3,295320,entropy,-4.223530292510986
PPO_3,298080,entropy,-4.228559970855713
PPO_3,300840,entropy,-4.238277435302734
PPO_3,303600,entropy,-4.239086151123047
PPO_3,309120,entropy,-4.2392897605896
PPO_3,311880,entropy,-4.229682922363281
PPO_3,314640,entropy,-4.229211330413818
PPO_3,317400,entropy,-4.228280067443848
PPO_3,322920,entropy,-4.192907333374023
PPO_3,325680,entropy,-4.191625118255615
PPO_3,328440,entropy,-4.188416957855225
PPO_3,331200,entropy,-4.182424545288086
PPO_3,333960,entropy,-4.183861255645752
PPO_3,339480,entropy,-4.184691429138184
PPO_3,342240,entropy,-4.183951377868652
PPO_3,345000,entropy,-4.177346229553223
PPO_3,347760,entropy,-4.177028179168701
PPO_3,350520,entropy,-4.173586368560791
PPO_3,356040,entropy,-4.17293119430542
PPO_3,358800,entropy,-4.173203945159912
PPO_3,361560,entropy,-4.171318531036377
PPO_3,364320,entropy,-4.16656494140625
PPO_3,367080,entropy,-4.162735939025879
PPO_3,372600,entropy,-4.164480686187744
PPO_3,375360,entropy,-4.167059421539307
PPO_3,378120,entropy,-4.160512924194336
PPO_3,380880,entropy,-4.160159111022949
PPO_3,386400,entropy,-4.185366630554199
PPO_3,389160,entropy,-4.180605411529541
PPO_3,391920,entropy,-4.180245399475098
PPO_3,394680,entropy,-4.182194232940674
PPO_3,397440,entropy,-4.178391933441162
PPO_3,402960,entropy,-4.168529510498047
PPO_3,405720,entropy,-4.165189743041992
PPO_3,408480,entropy,-4.1583051681518555
PPO_3,411240,entropy,-4.149753093719482
PPO_3,414000,entropy,-4.14914608001709
PPO_3,419520,entropy,-4.162238121032715
PPO_3,422280,entropy,-4.142724990844727
PPO_3,425040,entropy,-4.14178991317749
PPO_3,427800,entropy,-4.150596618652344
PPO_3,430560,entropy,-4.160909652709961
PPO_3,436080,entropy,-4.152646541595459
PPO_3,438840,entropy,-4.168221473693848
PPO_3,441600,entropy,-4.194279670715332
PPO_3,444360,entropy,-4.190193176269531
PPO_3,449880,entropy,-4.174953937530518
PPO_3,452640,entropy,-4.137577056884766
PPO_3,455400,entropy,-4.123198509216309
PPO_3,458160,entropy,-4.122720718383789
PPO_3,460920,entropy,-4.123851776123047
PPO_3,466440,entropy,-4.111058712005615
PPO_3,469200,entropy,-4.111202716827393
PPO_3,471960,entropy,-4.108466625213623
PPO_3,474720,entropy,-4.106545925140381
PPO_3,477480,entropy,-4.095607280731201
PPO_3,483000,entropy,-4.093553066253662
PPO_3,485760,entropy,-4.079212188720703
PPO_3,488520,entropy,-4.071843147277832
PPO_3,491280,entropy,-4.071833610534668
PPO_3,494040,entropy,-4.080964088439941
PPO_3,499560,entropy,-4.1234307289123535
PPO_3,502320,entropy,-4.123719692230225
PPO_3,505080,entropy,-4.139388561248779
PPO_3,507840,entropy,-4.1705169677734375
PPO_3,513360,entropy,-4.1527485847473145
PPO_3,516120,entropy,-4.143101692199707
PPO_3,518880,entropy,-4.127614498138428
PPO_3,521640,entropy,-4.131036758422852
PPO_3,524400,entropy,-4.131182670593262
PPO_3,529920,entropy,-4.161825180053711
PPO_3,532680,entropy,-4.154695987701416
PPO_3,535440,entropy,-4.154625415802002
PPO_3,538200,entropy,-4.167326927185059
PPO_3,540960,entropy,-4.1905317306518555
PPO_3,546480,entropy,-4.171612739562988
PPO_3,549240,entropy,-4.167539119720459
PPO_3,552000,entropy,-4.159017562866211
PPO_3,554760,entropy,-4.1390204429626465
PPO_3,557520,entropy,-4.1376776695251465
PPO_3,563040,entropy,-4.195249557495117
PPO_3,565800,entropy,-4.1912617683410645
PPO_3,568560,entropy,-4.190811634063721
PPO_3,571320,entropy,-4.194492816925049
PPO_3,576840,entropy,-4.135169506072998
PPO_3,579600,entropy,-4.132995128631592
PPO_3,582360,entropy,-4.134864330291748
PPO_3,585120,entropy,-4.146547317504883
PPO_3,587880,entropy,-4.138123989105225
PPO_3,593400,entropy,-4.133650302886963
PPO_3,596160,entropy,-4.124294281005859
PPO_3,598920,entropy,-4.121517181396484
PPO_3,601680,entropy,-4.121287822723389
PPO_3,604440,entropy,-4.116510391235352
PPO_3,609960,entropy,-4.070968151092529
PPO_3,612720,entropy,-4.070772647857666
PPO_3,615480,entropy,-4.071446895599365
PPO_3,618240,entropy,-4.073883533477783
PPO_3,621000,entropy,-4.0666279792785645
PPO_3,626520,entropy,-4.061157703399658
PPO_3,629280,entropy,-4.027440547943115
PPO_3,632040,entropy,-4.025340557098389
PPO_3,634800,entropy,-4.025328159332275
PPO_3,640320,entropy,-3.9859747886657715
PPO_3,643080,entropy,-3.9842872619628906
PPO_3,645840,entropy,-3.984395742416382
PPO_3,648600,entropy,-3.9757001399993896
PPO_3,651360,entropy,-3.9606480598449707
PPO_3,656880,entropy,-3.9594132900238037
PPO_3,659640,entropy,-3.953230381011963
PPO_3,662400,entropy,-3.928065538406372
PPO_3,665160,entropy,-3.9250993728637695
PPO_3,667920,entropy,-3.924881935119629
PPO_3,673440,entropy,-3.903549909591675
PPO_3,676200,entropy,-3.8976407051086426
PPO_3,678960,entropy,-3.8973090648651123
PPO_3,681720,entropy,-3.88736891746521
PPO_3,684480,entropy,-3.8479321002960205
PPO_3,690000,entropy,-3.8390109539031982
PPO_3,692760,entropy,-3.8294618129730225
PPO_3,695520,entropy,-3.7888402938842773
PPO_3,698280,entropy,-3.7862942218780518
PPO_3,703800,entropy,-3.7813518047332764
PPO_3,706560,entropy,-3.761890172958374
PPO_3,709320,entropy,-3.7610199451446533
PPO_3,712080,entropy,-3.761080265045166
PPO_3,714840,entropy,-3.766395092010498
PPO_3,720360,entropy,-3.8029937744140625
PPO_3,723120,entropy,-3.8029847145080566
PPO_3,725880,entropy,-3.7975237369537354
PPO_3,728640,entropy,-3.796064615249634
PPO_3,731400,entropy,-3.7905571460723877
PPO_3,736920,entropy,-3.7900571823120117
PPO_3,739680,entropy,-3.8040285110473633
PPO_3,742440,entropy,-3.8008923530578613
PPO_3,745200,entropy,-3.800659656524658
PPO_3,747960,entropy,-3.8062517642974854
PPO_3,753480,entropy,-3.8003089427948
PPO_3,756240,entropy,-3.7984249591827393
PPO_3,759000,entropy,-3.773113965988159
PPO_3,761760,entropy,-3.700972557067871
PPO_3,767280,entropy,-3.6721129417419434
PPO_3,770040,entropy,-3.6603281497955322
PPO_3,772800,entropy,-3.614269256591797
PPO_3,775560,entropy,-3.5783722400665283
PPO_3,778320,entropy,-3.577450752258301
PPO_3,783840,entropy,-3.5294439792633057
PPO_3,786600,entropy,-3.505655288696289
PPO_3,789360,entropy,-3.504206657409668
PPO_3,792120,entropy,-3.5106399059295654
PPO_3,794880,entropy,-3.515779972076416
PPO_3,800400,entropy,-3.4683303833007812
PPO_3,803160,entropy,-3.4692869186401367
PPO_3,805920,entropy,-3.4706294536590576
PPO_3,808680,entropy,-3.472055196762085
PPO_3,811440,entropy,-3.4722115993499756
PPO_3,816960,entropy,-3.4556686878204346
PPO_3,819720,entropy,-3.438324213027954
PPO_3,822480,entropy,-3.438157081604004
PPO_3,825240,entropy,-3.438715934753418
PPO_3,830760,entropy,-3.342951774597168
PPO_3,833520,entropy,-3.341198682785034
PPO_3,836280,entropy,-3.3412601947784424
PPO_3,839040,entropy,-3.301802635192871
PPO_3,841800,entropy,-3.2681171894073486
PPO_3,847320,entropy,-3.265937328338623
PPO_3,850080,entropy,-3.2601449489593506
PPO_3,852840,entropy,-3.2519116401672363
PPO_3,855600,entropy,-3.2514913082122803
PPO_3,858360,entropy,-3.2496025562286377
PPO_3,863880,entropy,-3.245742082595825
PPO_3,866640,entropy,-3.2457098960876465
PPO_3,869400,entropy,-3.2447001934051514
PPO_3,872160,entropy,-3.2400193214416504
PPO_3,874920,entropy,-3.233583450317383
PPO_3,880440,entropy,-3.231433868408203
PPO_3,883200,entropy,-3.223867416381836
PPO_3,885960,entropy,-3.2177796363830566
PPO_3,888720,entropy,-3.217507839202881
PPO_3,894240,entropy,-3.209364175796509
PPO_3,897000,entropy,-3.206317901611328
PPO_3,899760,entropy,-3.2061948776245117
PPO_3,902520,entropy,-3.2090840339660645
PPO_3,905280,entropy,-3.2136130332946777
PPO_3,910800,entropy,-3.208510160446167
PPO_3,913560,entropy,-3.204378366470337
PPO_3,916320,entropy,-3.1884586811065674
PPO_3,919080,entropy,-3.1868302822113037
PPO_3,921840,entropy,-3.186811923980713
PPO_3,927360,entropy,-3.17657732963562
PPO_3,930120,entropy,-3.174041986465454
PPO_3,932880,entropy,-3.1739423274993896
PPO_3,935640,entropy,-3.1791069507598877
PPO_3,938400,entropy,-3.181398630142212
PPO_3,943920,entropy,-3.1746206283569336
PPO_3,946680,entropy,-3.172201156616211
PPO_3,949440,entropy,-3.171893358230591
PPO_3,952200,entropy,-3.1723780632019043
PPO_3,957720,entropy,-3.167637586593628
PPO_3,960480,entropy,-3.1718692779541016
PPO_3,963240,entropy,-3.1716887950897217
PPO_3,966000,entropy,-3.17159366607666
PPO_3,968760,entropy,-3.1865158081054688
PPO_3,974280,entropy,-3.2183032035827637
PPO_3,977040,entropy,-3.218141555786133
PPO_3,979800,entropy,-3.1935842037200928
PPO_3,982560,entropy,-3.161217451095581
PPO_3,985320,entropy,-3.162571668624878
PPO_3,990840,entropy,-3.1472556591033936
PPO_3,993600,entropy,-3.1232643127441406
PPO_3,996360,entropy,-3.1224606037139893
PPO_3,999120,entropy,-3.1224324703216553
PPO_3,1001880,entropy,-3.1200926303863525
PPO_3,1007400,entropy,-3.103235960006714
PPO_3,1010160,entropy,-3.1032023429870605
PPO_3,1012920,entropy,-3.1082122325897217
PPO_3,1015680,entropy,-3.115617513656616
PPO_3,1021200,entropy,-3.112891674041748
PPO_3,1023960,entropy,-3.104383945465088
PPO_3,1026720,entropy,-3.097978115081787
PPO_3,1029480,entropy,-3.0981853008270264
PPO_3,1032240,entropy,-3.0982654094696045
PPO_3,1037760,entropy,-3.0756995677948
PPO_3,1040520,entropy,-3.0752975940704346
PPO_3,1043280,entropy,-3.0752105712890625
PPO_3,1046040,entropy,-3.077303409576416
PPO_3,1048800,entropy,-3.069676160812378
PPO_3,1054320,entropy,-3.067143201828003
PPO_3,1057080,entropy,-3.0631749629974365
PPO_3,1059840,entropy,-3.061131477355957
PPO_3,1062600,entropy,-3.0604376792907715
PPO_3,1065360,entropy,-3.0604360103607178
PPO_3,1070880,entropy,-3.0600497722625732
PPO_3,1073640,entropy,-3.0600082874298096
PPO_3,1076400,entropy,-3.0599191188812256
PPO_3,1079160,entropy,-3.0639889240264893
PPO_3,1084680,entropy,-3.0922634601593018
PPO_3,1087440,entropy,-3.0921947956085205
PPO_3,1090200,entropy,-3.0877230167388916
PPO_3,1092960,entropy,-3.0727033615112305
PPO_3,1095720,entropy,-3.0689215660095215
PPO_3,1101240,entropy,-3.06911039352417
PPO_3,1104000,entropy,-3.064234495162964
PPO_3,1106760,entropy,-3.062929153442383
PPO_3,1109520,entropy,-3.062896966934204
PPO_3,1112280,entropy,-3.064633369445801
PPO_3,1117800,entropy,-3.0741848945617676
PPO_3,1120560,entropy,-3.074033737182617
PPO_3,1123320,entropy,-3.0820600986480713
PPO_3,1126080,entropy,-3.0981311798095703
PPO_3,1128840,entropy,-3.095689058303833
PPO_3,1134360,entropy,-3.094801902770996
PPO_3,1137120,entropy,-3.0970029830932617
PPO_3,1139880,entropy,-3.096884250640869
PPO_3,1142640,entropy,-3.096862316131592
PPO_3,1148160,entropy,-3.1914732456207275
PPO_3,1150920,entropy,-3.1960153579711914
PPO_3,1153680,entropy,-3.195927143096924
PPO_3,1156440,entropy,-3.199951410293579
PPO_3,1159200,entropy,-3.214718818664551
PPO_3,1164720,entropy,-3.2159266471862793
PPO_3,1167480,entropy,-3.213818311691284
PPO_3,1170240,entropy,-3.2011237144470215
PPO_3,1173000,entropy,-3.198755979537964
PPO_3,1175760,entropy,-3.1986641883850098
PPO_3,1181280,entropy,-3.23219895362854
PPO_3,1184040,entropy,-3.2297589778900146
PPO_3,1186800,entropy,-3.229564905166626
PPO_3,1189560,entropy,-3.2248263359069824
PPO_3,1192320,entropy,-3.2033448219299316
PPO_3,1197840,entropy,-3.2003185749053955
PPO_3,1200600,entropy,-3.19350528717041
PPO_3,1203360,entropy,-3.187008857727051
PPO_3,1206120,entropy,-3.188293695449829
PPO_3,1211640,entropy,-3.1872987747192383
PPO_3,1214400,entropy,-3.1847922801971436
PPO_3,1217160,entropy,-3.1819560527801514
PPO_3,1219920,entropy,-3.1818158626556396
PPO_3,1222680,entropy,-3.1823060512542725
PPO_3,1228200,entropy,-3.195291757583618
PPO_3,1230960,entropy,-3.1951749324798584
PPO_3,1233720,entropy,-3.2005231380462646
PPO_3,1236480,entropy,-3.217973232269287
PPO_3,1239240,entropy,-3.2146284580230713
PPO_3,1244760,entropy,-3.21237850189209
PPO_3,1247520,entropy,-3.209806442260742
PPO_3,1250280,entropy,-3.210169792175293
PPO_3,1253040,entropy,-3.210198402404785
PPO_3,1255800,entropy,-3.204449415206909
PPO_3,1261320,entropy,-3.1585755348205566
PPO_3,1264080,entropy,-3.158310651779175
PPO_3,1266840,entropy,-3.1702210903167725
PPO_3,1269600,entropy,-3.1928465366363525
PPO_3,1275120,entropy,-3.189619779586792
PPO_3,1277880,entropy,-3.195937156677246
PPO_3,1280640,entropy,-3.216688871383667
PPO_3,1283400,entropy,-3.2161595821380615
PPO_3,1286160,entropy,-3.216017723083496
PPO_3,1291680,entropy,-3.2047107219696045
PPO_3,1294440,entropy,-3.203490972518921
PPO_3,1297200,entropy,-3.2035183906555176
PPO_3,1299960,entropy,-3.204711437225342
PPO_3,1302720,entropy,-3.2021687030792236
PPO_3,1308240,entropy,-3.1926863193511963
PPO_3,1311000,entropy,-3.1971209049224854
PPO_3,1313760,entropy,-3.2207555770874023
PPO_3,1316520,entropy,-3.215545892715454
PPO_3,1319280,entropy,-3.215156078338623
PPO_3,1324800,entropy,-3.2378458976745605
PPO_3,1327560,entropy,-3.242300271987915
PPO_3,1330320,entropy,-3.2425537109375
PPO_3,1333080,entropy,-3.242295503616333
PPO_3,1338600,entropy,-3.2312614917755127
PPO_3,5520,approx_kl,0.007228309754282236
PPO_3,8280,approx_kl,0.00876981858164072
PPO_3,11040,approx_kl,0.009115750901401043
PPO_3,13800,approx_kl,0.0063014947809278965
PPO_3,16560,approx_kl,2.4640906204353996e-08
PPO_3,22080,approx_kl,0.011670458130538464
PPO_3,24840,approx_kl,0.0032696782145649195
PPO_3,27600,approx_kl,3.995238806453472e-09
PPO_3,30360,approx_kl,0.00551265524700284
PPO_3,33120,approx_kl,0.012134801596403122
PPO_3,38640,approx_kl,2.768592288759919e-08
PPO_3,41400,approx_kl,0.00476042041555047
PPO_3,44160,approx_kl,0.007159452419728041
PPO_3,46920,approx_kl,0.014520618133246899
PPO_3,49680,approx_kl,1.1940365141072107e-07
PPO_3,55200,approx_kl,0.007592807989567518
PPO_3,57960,approx_kl,0.01344671193510294
PPO_3,60720,approx_kl,9.82180949904432e-08
PPO_3,63480,approx_kl,0.00613156845793128
PPO_3,69000,approx_kl,0.04361412301659584
PPO_3,71760,approx_kl,2.547817757658777e-06
PPO_3,74520,approx_kl,0.005498439073562622
PPO_3,77280,approx_kl,0.002810997888445854
PPO_3,80040,approx_kl,0.008854891173541546
PPO_3,85560,approx_kl,0.0047640143893659115
PPO_3,88320,approx_kl,0.004578720778226852
PPO_3,91080,approx_kl,0.006687038112431765
PPO_3,93840,approx_kl,1.4840692585949e-07
PPO_3,96600,approx_kl,0.006105363368988037
PPO_3,102120,approx_kl,0.02334657497704029
PPO_3,104880,approx_kl,7.922018880890391e-07
PPO_3,107640,approx_kl,0.005579786840826273
PPO_3,110400,approx_kl,0.0062539298087358475
PPO_3,113160,approx_kl,0.0891677513718605
PPO_3,118680,approx_kl,0.0036568755749613047
PPO_3,121440,approx_kl,0.007220705971121788
PPO_3,124200,approx_kl,0.022900087758898735
PPO_3,126960,approx_kl,1.933695585876194e-07
PPO_3,132480,approx_kl,0.0068224468268454075
PPO_3,135240,approx_kl,0.5928645133972168
PPO_3,138000,approx_kl,4.113800287086633e-07
PPO_3,140760,approx_kl,0.0033716007601469755
PPO_3,143520,approx_kl,0.005917165894061327
PPO_3,149040,approx_kl,3.1347942694992526e-06
PPO_3,151800,approx_kl,0.003060429124161601
PPO_3,154560,approx_kl,0.004636759404093027
PPO_3,157320,approx_kl,0.2553423345088959
PPO_3,160080,approx_kl,1.787362066352216e-06
PPO_3,165600,approx_kl,0.004252340644598007
PPO_3,168360,approx_kl,0.1007215678691864
PPO_3,171120,approx_kl,3.0646722848359786e-07
PPO_3,173880,approx_kl,0.003229827620089054
PPO_3,176640,approx_kl,0.0056876372545957565
PPO_3,182160,approx_kl,9.549484047965962e-07
PPO_3,184920,approx_kl,0.006469042506068945
PPO_3,187680,approx_kl,0.006459143478423357
PPO_3,190440,approx_kl,0.03403276950120926
PPO_3,195960,approx_kl,0.004902120679616928
PPO_3,198720,approx_kl,0.0046671717427670956
PPO_3,201480,approx_kl,0.3557867109775543
PPO_3,204240,approx_kl,2.5361798179801553e-05
PPO_3,207000,approx_kl,0.0033602258190512657
PPO_3,212520,approx_kl,0.14681144058704376
PPO_3,215280,approx_kl,6.280062279984122e-06
PPO_3,218040,approx_kl,0.002912515075877309
PPO_3,220800,approx_kl,0.0059617855586111546
PPO_3,223560,approx_kl,0.05321303382515907
PPO_3,229080,approx_kl,0.008227483369410038
PPO_3,231840,approx_kl,0.011347186751663685
PPO_3,234600,approx_kl,0.037476811558008194
PPO_3,237360,approx_kl,4.5614742703037336e-05
PPO_3,240120,approx_kl,0.03251216933131218
PPO_3,245640,approx_kl,0.001980419736355543
PPO_3,248400,approx_kl,7.223823672575236e-08
PPO_3,251160,approx_kl,0.007578704971820116
PPO_3,253920,approx_kl,0.0037990203127264977
PPO_3,259440,approx_kl,2.640960929056746e-06
PPO_3,262200,approx_kl,0.007356876041740179
PPO_3,264960,approx_kl,0.0031778905540704727
PPO_3,267720,approx_kl,0.003846383886411786
PPO_3,270480,approx_kl,2.196064087911509e-06
PPO_3,276000,approx_kl,0.0026591094210743904
PPO_3,278760,approx_kl,0.00549453916028142
PPO_3,281520,approx_kl,2.475752296504652e-07
PPO_3,284280,approx_kl,0.005236149299889803
PPO_3,287040,approx_kl,0.0018532238900661469
PPO_3,292560,approx_kl,7.934328749570341e-08
PPO_3,295320,approx_kl,0.002630141330882907
PPO_3,298080,approx_kl,0.0034090522676706314
PPO_3,300840,approx_kl,0.018110498785972595
PPO_3,303600,approx_kl,5.145564955455484e-06
PPO_3,309120,approx_kl,0.004260180052369833
PPO_3,311880,approx_kl,0.00460681552067399
PPO_3,314640,approx_kl,1.4254579809858114e-06
PPO_3,317400,approx_kl,0.004878947976976633
PPO_3,322920,approx_kl,0.0003308265295345336
PPO_3,325680,approx_kl,2.0481538740568794e-06
PPO_3,328440,approx_kl,0.0056612626649439335
PPO_3,331200,approx_kl,0.005109650082886219
PPO_3,333960,approx_kl,0.005582598503679037
PPO_3,339480,approx_kl,0.0038762215990573168
PPO_3,342240,approx_kl,0.001552802394144237
PPO_3,345000,approx_kl,0.011256116442382336
PPO_3,347760,approx_kl,1.5062914826557972e-06
PPO_3,350520,approx_kl,0.0014235638082027435
PPO_3,356040,approx_kl,0.003595292568206787
PPO_3,358800,approx_kl,6.783267849641561e-07
PPO_3,361560,approx_kl,0.0038130616303533316
PPO_3,364320,approx_kl,0.0057726032100617886
PPO_3,367080,approx_kl,0.0020136870443820953
PPO_3,372600,approx_kl,0.005996684078127146
PPO_3,375360,approx_kl,0.004248572047799826
PPO_3,378120,approx_kl,0.00944637693464756
PPO_3,380880,approx_kl,1.1057612027798314e-05
PPO_3,386400,approx_kl,0.005536578129976988
PPO_3,389160,approx_kl,0.0673748329281807
PPO_3,391920,approx_kl,4.1702955968503375e-06
PPO_3,394680,approx_kl,0.007091132458299398
PPO_3,397440,approx_kl,0.0035311290994286537
PPO_3,402960,approx_kl,9.229217539541423e-06
PPO_3,405720,approx_kl,0.006253268104046583
PPO_3,408480,approx_kl,0.0034699970856308937
PPO_3,411240,approx_kl,0.03202926367521286
PPO_3,414000,approx_kl,1.0522659977141302e-05
PPO_3,419520,approx_kl,0.004712323192507029
PPO_3,422280,approx_kl,0.02510143630206585
PPO_3,425040,approx_kl,1.2975994650332723e-05
PPO_3,427800,approx_kl,0.005516269709914923
PPO_3,430560,approx_kl,0.00265861744992435
PPO_3,436080,approx_kl,5.19619497936219e-05
PPO_3,438840,approx_kl,0.009462064132094383
PPO_3,441600,approx_kl,0.005605276674032211
PPO_3,444360,approx_kl,0.0028777839615941048
PPO_3,449880,approx_kl,0.004264565650373697
PPO_3,452640,approx_kl,0.0033034253865480423
PPO_3,455400,approx_kl,0.028064588084816933
PPO_3,458160,approx_kl,1.3928568478149828e-05
PPO_3,460920,approx_kl,0.0060523319989442825
PPO_3,466440,approx_kl,0.0028832440730184317
PPO_3,469200,approx_kl,3.2056654163170606e-05
PPO_3,471960,approx_kl,0.007370128761976957
PPO_3,474720,approx_kl,0.006849365308880806
PPO_3,477480,approx_kl,0.0035664334427565336
PPO_3,483000,approx_kl,0.012761521153151989
PPO_3,485760,approx_kl,0.006679633166640997
PPO_3,488520,approx_kl,0.003971116151660681
PPO_3,491280,approx_kl,3.0329088986036368e-05
PPO_3,494040,approx_kl,0.01754247024655342
PPO_3,499560,approx_kl,0.010005882941186428
PPO_3,502320,approx_kl,4.6726586333534215e-06
PPO_3,505080,approx_kl,0.014706802554428577
PPO_3,507840,approx_kl,0.008187996223568916
PPO_3,513360,approx_kl,4.0651295421412215e-05
PPO_3,516120,approx_kl,0.008277259767055511
PPO_3,518880,approx_kl,0.0023494509514421225
PPO_3,521640,approx_kl,0.060263026505708694
PPO_3,524400,approx_kl,2.002107066800818e-05
PPO_3,529920,approx_kl,0.005371573846787214
PPO_3,532680,approx_kl,0.004276080057024956
PPO_3,535440,approx_kl,1.738673927320633e-05
PPO_3,538200,approx_kl,0.016499636694788933
PPO_3,540960,approx_kl,0.005553360562771559
PPO_3,546480,approx_kl,3.064961492782459e-05
PPO_3,549240,approx_kl,0.06843608617782593
PPO_3,552000,approx_kl,0.005007486324757338
PPO_3,554760,approx_kl,0.009092388674616814
PPO_3,557520,approx_kl,8.625979717180599e-06
PPO_3,563040,approx_kl,0.013436623848974705
PPO_3,565800,approx_kl,0.052028413861989975
PPO_3,568560,approx_kl,2.457525397403515e-06
PPO_3,571320,approx_kl,0.014187022112309933
PPO_3,576840,approx_kl,0.1510447859764099
PPO_3,579600,approx_kl,7.255785590132291e-07
PPO_3,582360,approx_kl,0.018772417679429054
PPO_3,585120,approx_kl,0.004773970227688551
PPO_3,587880,approx_kl,0.0009229665738530457
PPO_3,593400,approx_kl,0.008935731835663319
PPO_3,596160,approx_kl,0.005342770367860794
PPO_3,598920,approx_kl,0.0014988345792517066
PPO_3,601680,approx_kl,7.78510127474874e-07
PPO_3,604440,approx_kl,0.009888731874525547
PPO_3,609960,approx_kl,0.0009891940280795097
PPO_3,612720,approx_kl,6.290665623964742e-07
PPO_3,615480,approx_kl,0.006626057904213667
PPO_3,618240,approx_kl,0.005022902972996235
PPO_3,621000,approx_kl,0.0003619956551119685
PPO_3,626520,approx_kl,0.006229834631085396
PPO_3,629280,approx_kl,0.0047857435420155525
PPO_3,632040,approx_kl,0.0005842955433763564
PPO_3,634800,approx_kl,1.932658960868139e-06
PPO_3,640320,approx_kl,0.004558464512228966
PPO_3,643080,approx_kl,0.003948174882680178
PPO_3,645840,approx_kl,5.8976852415071335e-06
PPO_3,648600,approx_kl,0.008733756840229034
PPO_3,651360,approx_kl,0.008094489574432373
PPO_3,656880,approx_kl,3.719416554304189e-06
PPO_3,659640,approx_kl,0.010043821297585964
PPO_3,662400,approx_kl,0.0046200198121368885
PPO_3,665160,approx_kl,0.000551697623450309
PPO_3,667920,approx_kl,4.582431358812755e-07
PPO_3,673440,approx_kl,0.0031075822189450264
PPO_3,676200,approx_kl,0.0005725236260332167
PPO_3,678960,approx_kl,1.8886898942582775e-06
PPO_3,681720,approx_kl,0.007958934642374516
PPO_3,684480,approx_kl,0.004974596668034792
PPO_3,690000,approx_kl,2.9950253974675434e-06
PPO_3,692760,approx_kl,0.009760075248777866
PPO_3,695520,approx_kl,0.004644386470317841
PPO_3,698280,approx_kl,0.0001185868532047607
PPO_3,703800,approx_kl,0.009082834236323833
PPO_3,706560,approx_kl,0.003664573421701789
PPO_3,709320,approx_kl,0.0013676072703674436
PPO_3,712080,approx_kl,7.820086125320813e-07
PPO_3,714840,approx_kl,0.008561629801988602
PPO_3,720360,approx_kl,0.00018726249982137233
PPO_3,723120,approx_kl,1.4376813624039642e-06
PPO_3,725880,approx_kl,0.013064206577837467
PPO_3,728640,approx_kl,0.00620906800031662
PPO_3,731400,approx_kl,0.0003395917301531881
PPO_3,736920,approx_kl,0.014181975275278091
PPO_3,739680,approx_kl,0.00342458370141685
PPO_3,742440,approx_kl,0.005213020835071802
PPO_3,745200,approx_kl,1.4653629477834329e-05
PPO_3,747960,approx_kl,0.011835887096822262
PPO_3,753480,approx_kl,0.13901236653327942
PPO_3,756240,approx_kl,2.668603826805338e-07
PPO_3,759000,approx_kl,0.017061371356248856
PPO_3,761760,approx_kl,0.014695025980472565
PPO_3,767280,approx_kl,1.4037327389360144e-07
PPO_3,770040,approx_kl,0.015288472175598145
PPO_3,772800,approx_kl,0.013804850168526173
PPO_3,775560,approx_kl,0.046332720667123795
PPO_3,778320,approx_kl,1.0251567346131196e-06
PPO_3,783840,approx_kl,0.01587173156440258
PPO_3,786600,approx_kl,0.23533380031585693
PPO_3,789360,approx_kl,4.0362712638852827e-07
PPO_3,792120,approx_kl,0.008037151768803596
PPO_3,794880,approx_kl,0.018474740907549858
PPO_3,800400,approx_kl,1.934991331609126e-07
PPO_3,803160,approx_kl,0.004790996666997671
PPO_3,805920,approx_kl,0.010266332887113094
PPO_3,808680,approx_kl,0.00048017167137004435
PPO_3,811440,approx_kl,1.1471735206214362e-06
PPO_3,816960,approx_kl,0.021418191492557526
PPO_3,819720,approx_kl,0.04016556963324547
PPO_3,822480,approx_kl,6.279651074692083e-07
PPO_3,825240,approx_kl,0.006264927331358194
PPO_3,830760,approx_kl,0.36212489008903503
PPO_3,833520,approx_kl,5.283217205942492e-07
PPO_3,836280,approx_kl,0.005961970891803503
PPO_3,839040,approx_kl,0.012872650288045406
PPO_3,841800,approx_kl,0.17763908207416534
PPO_3,847320,approx_kl,0.0023806600365787745
PPO_3,850080,approx_kl,0.006874799728393555
PPO_3,852840,approx_kl,4.81859315186739e-05
PPO_3,855600,approx_kl,2.1464150279371097e-07
PPO_3,858360,approx_kl,0.0029194746166467667
PPO_3,863880,approx_kl,4.854068174608983e-05
PPO_3,866640,approx_kl,5.78661740746611e-07
PPO_3,869400,approx_kl,0.006640300620347261
PPO_3,872160,approx_kl,0.004198460839688778
PPO_3,874920,approx_kl,0.00011078090028604493
PPO_3,880440,approx_kl,0.005801741033792496
PPO_3,883200,approx_kl,0.004262600094079971
PPO_3,885960,approx_kl,1.902893382066395e-05
PPO_3,888720,approx_kl,2.5001557446557854e-07
PPO_3,894240,approx_kl,0.0040328833274543285
PPO_3,897000,approx_kl,0.00010084149107569829
PPO_3,899760,approx_kl,1.2608326187546481e-06
PPO_3,902520,approx_kl,0.004118090961128473
PPO_3,905280,approx_kl,0.006132600363343954
PPO_3,910800,approx_kl,3.81737527277437e-06
PPO_3,913560,approx_kl,0.0035350213292986155
PPO_3,916320,approx_kl,0.00469554029405117
PPO_3,919080,approx_kl,0.00012190264533273876
PPO_3,921840,approx_kl,1.605006332283665e-06
PPO_3,927360,approx_kl,0.002063451102003455
PPO_3,930120,approx_kl,0.00015757640358060598
PPO_3,932880,approx_kl,6.111095444794046e-06
PPO_3,935640,approx_kl,0.005491544958204031
PPO_3,938400,approx_kl,0.005560968071222305
PPO_3,943920,approx_kl,2.574488689788268e-06
PPO_3,946680,approx_kl,0.03025519847869873
PPO_3,949440,approx_kl,0.002615600824356079
PPO_3,952200,approx_kl,0.0010208612075075507
PPO_3,957720,approx_kl,0.01160132884979248
PPO_3,960480,approx_kl,0.0032046090345829725
PPO_3,963240,approx_kl,0.0001231948408531025
PPO_3,966000,approx_kl,4.8812316890689544e-06
PPO_3,968760,approx_kl,0.013169844634830952
PPO_3,974280,approx_kl,0.00018825441657099873
PPO_3,977040,approx_kl,1.1752697446354432e-06
PPO_3,979800,approx_kl,0.018713638186454773
PPO_3,982560,approx_kl,0.006516358349472284
PPO_3,985320,approx_kl,0.0001728843926684931
PPO_3,990840,approx_kl,0.017681408673524857
PPO_3,993600,approx_kl,0.004643228370696306
PPO_3,996360,approx_kl,8.690739196026698e-05
PPO_3,999120,approx_kl,1.943003553606104e-06
PPO_3,1001880,approx_kl,0.010460243560373783
PPO_3,1007400,approx_kl,0.0006561070331372321
PPO_3,1010160,approx_kl,1.1313221648379113e-06
PPO_3,1012920,approx_kl,0.013042536564171314
PPO_3,1015680,approx_kl,0.01888696290552616
PPO_3,1021200,approx_kl,3.0692719974467764e-06
PPO_3,1023960,approx_kl,0.01431195717304945
PPO_3,1026720,approx_kl,0.010029478929936886
PPO_3,1029480,approx_kl,8.941177657106891e-05
PPO_3,1032240,approx_kl,9.592459946361487e-07
PPO_3,1037760,approx_kl,0.0027497613336890936
PPO_3,1040520,approx_kl,5.82375650992617e-05
PPO_3,1043280,approx_kl,1.0114432598129497e-06
PPO_3,1046040,approx_kl,0.010601279325783253
PPO_3,1048800,approx_kl,0.003564136102795601
PPO_3,1054320,approx_kl,1.8766826315186336e-08
PPO_3,1057080,approx_kl,0.0078281844034791
PPO_3,1059840,approx_kl,0.006641168612986803
PPO_3,1062600,approx_kl,0.00014084127906244248
PPO_3,1065360,approx_kl,7.782077773299534e-07
PPO_3,1070880,approx_kl,0.005655196961015463
PPO_3,1073640,approx_kl,0.00069240084849298
PPO_3,1076400,approx_kl,8.887354852049612e-07
PPO_3,1079160,approx_kl,0.008673994801938534
PPO_3,1084680,approx_kl,7.190933047240833e-06
PPO_3,1087440,approx_kl,1.0180301046602835e-07
PPO_3,1090200,approx_kl,0.011625467799603939
PPO_3,1092960,approx_kl,0.004031272139400244
PPO_3,1095720,approx_kl,6.177457544254139e-05
PPO_3,1101240,approx_kl,0.007388278841972351
PPO_3,1104000,approx_kl,0.006184772122651339
PPO_3,1106760,approx_kl,6.641944492002949e-05
PPO_3,1109520,approx_kl,2.189174921340964e-07
PPO_3,1112280,approx_kl,0.00916359480470419
PPO_3,1117800,approx_kl,0.0001685776369413361
PPO_3,1120560,approx_kl,3.8764611076658184e-07
PPO_3,1123320,approx_kl,0.01059423852711916
PPO_3,1126080,approx_kl,0.0032768023665994406
PPO_3,1128840,approx_kl,2.064424188574776e-05
PPO_3,1134360,approx_kl,0.01313664112240076
PPO_3,1137120,approx_kl,0.006174841895699501
PPO_3,1139880,approx_kl,0.0020008208230137825
PPO_3,1142640,approx_kl,6.260647182898538e-07
PPO_3,1148160,approx_kl,0.003927929792553186
PPO_3,1150920,approx_kl,0.0003418924752622843
PPO_3,1153680,approx_kl,6.731220878464228e-07
PPO_3,1156440,approx_kl,0.006289701908826828
PPO_3,1159200,approx_kl,0.005359094589948654
PPO_3,1164720,approx_kl,4.72388450134531e-07
PPO_3,1167480,approx_kl,0.009748483076691628
PPO_3,1170240,approx_kl,0.0029116738587617874
PPO_3,1173000,approx_kl,0.0002481427800375968
PPO_3,1175760,approx_kl,4.449832431419054e-07
PPO_3,1181280,approx_kl,0.0052312221378088
PPO_3,1184040,approx_kl,6.530195969389752e-05
PPO_3,1186800,approx_kl,4.4368746898726386e-07
PPO_3,1189560,approx_kl,0.011415989138185978
PPO_3,1192320,approx_kl,0.003895265981554985
PPO_3,1197840,approx_kl,1.0914560988339872e-07
PPO_3,1200600,approx_kl,0.01731930486857891
PPO_3,1203360,approx_kl,0.006401434075087309
PPO_3,1206120,approx_kl,0.0016289041377604008
PPO_3,1211640,approx_kl,0.009369904175400734
PPO_3,1214400,approx_kl,0.0044523305259644985
PPO_3,1217160,approx_kl,0.0002467588346917182
PPO_3,1219920,approx_kl,3.036381599486049e-07
PPO_3,1222680,approx_kl,0.02175518311560154
PPO_3,1228200,approx_kl,0.0004208988684695214
PPO_3,1230960,approx_kl,5.307879746396793e-06
PPO_3,1233720,approx_kl,0.005809716880321503
PPO_3,1236480,approx_kl,0.0037729416508227587
PPO_3,1239240,approx_kl,0.000757486151997
PPO_3,1244760,approx_kl,0.019679171964526176
PPO_3,1247520,approx_kl,0.0029268034268170595
PPO_3,1250280,approx_kl,0.0019667362794280052
PPO_3,1253040,approx_kl,1.7561991398906684e-06
PPO_3,1255800,approx_kl,0.011263745836913586
PPO_3,1261320,approx_kl,0.0017851778538897634
PPO_3,1264080,approx_kl,8.39110271044774e-06
PPO_3,1266840,approx_kl,0.009631735272705555
PPO_3,1269600,approx_kl,0.0027938394341617823
PPO_3,1275120,approx_kl,5.44577005712199e-06
PPO_3,1277880,approx_kl,0.01324858795851469
PPO_3,1280640,approx_kl,0.004786831792443991
PPO_3,1283400,approx_kl,0.0011817788472399116
PPO_3,1286160,approx_kl,2.275817678309977e-06
PPO_3,1291680,approx_kl,0.006827266421169043
PPO_3,1294440,approx_kl,0.0013825265923514962
PPO_3,1297200,approx_kl,1.4986248970672023e-06
PPO_3,1299960,approx_kl,0.008797231130301952
PPO_3,1302720,approx_kl,0.00454928120598197
PPO_3,1308240,approx_kl,1.4927290976629592e-06
PPO_3,1311000,approx_kl,0.006323546636849642
PPO_3,1313760,approx_kl,0.004141002427786589
PPO_3,1316520,approx_kl,0.004971396178007126
PPO_3,1319280,approx_kl,1.8284373481947114e-06
PPO_3,1324800,approx_kl,0.00577161880210042
PPO_3,1327560,approx_kl,0.00012235407484695315
PPO_3,1330320,approx_kl,3.140322405670304e-06
PPO_3,1333080,approx_kl,0.012539669871330261
PPO_3,1338600,approx_kl,0.0009778374806046486
PPO_3,5520,std,0.988873302936554
PPO_3,8280,std,0.9738419055938721
PPO_3,11040,std,0.9749818444252014
PPO_3,13800,std,0.9753982424736023
PPO_3,16560,std,0.9753978848457336
PPO_3,22080,std,0.9627801775932312
PPO_3,24840,std,0.961402416229248
PPO_3,27600,std,0.9614026546478271
PPO_3,30360,std,0.959666907787323
PPO_3,33120,std,0.9532143473625183
PPO_3,38640,std,0.9523290991783142
PPO_3,41400,std,0.9485333561897278
PPO_3,44160,std,0.9313440918922424
PPO_3,46920,std,0.9297773241996765
PPO_3,49680,std,0.9297745227813721
PPO_3,55200,std,0.9267558455467224
PPO_3,57960,std,0.9263365864753723
PPO_3,60720,std,0.9263364672660828
PPO_3,63480,std,0.9256386756896973
PPO_3,69000,std,0.9196498394012451
PPO_3,71760,std,0.919647753238678
PPO_3,74520,std,0.9185296893119812
PPO_3,77280,std,0.9196910262107849
PPO_3,80040,std,0.9201415181159973
PPO_3,85560,std,0.9198573231697083
PPO_3,88320,std,0.9131444096565247
PPO_3,91080,std,0.9092364311218262
PPO_3,93840,std,0.909228503704071
PPO_3,96600,std,0.9087839722633362
PPO_3,102120,std,0.917952835559845
PPO_3,104880,std,0.9179584383964539
PPO_3,107640,std,0.9191417694091797
PPO_3,110400,std,0.9160346984863281
PPO_3,113160,std,0.9138771891593933
PPO_3,118680,std,0.9134896397590637
PPO_3,121440,std,0.91334468126297
PPO_3,124200,std,0.9145429730415344
PPO_3,126960,std,0.9145445823669434
PPO_3,132480,std,0.9148420691490173
PPO_3,135240,std,0.9146711230278015
PPO_3,138000,std,0.914677619934082
PPO_3,140760,std,0.9159666895866394
PPO_3,143520,std,0.9174904823303223
PPO_3,149040,std,0.9174416661262512
PPO_3,151800,std,0.9170956611633301
PPO_3,154560,std,0.9203481674194336
PPO_3,157320,std,0.9227116703987122
PPO_3,160080,std,0.9227229952812195
PPO_3,165600,std,0.9352991580963135
PPO_3,168360,std,0.9368817210197449
PPO_3,171120,std,0.936887264251709
PPO_3,173880,std,0.9421566128730774
PPO_3,176640,std,0.9531552195549011
PPO_3,182160,std,0.9586083889007568
PPO_3,184920,std,0.9575397372245789
PPO_3,187680,std,0.95725017786026
PPO_3,190440,std,0.959495484828949
PPO_3,195960,std,0.9599296450614929
PPO_3,198720,std,0.9685747027397156
PPO_3,201480,std,0.9702761769294739
PPO_3,204240,std,0.9702910780906677
PPO_3,207000,std,0.9730381965637207
PPO_3,212520,std,0.9709460139274597
PPO_3,215280,std,0.970958411693573
PPO_3,218040,std,0.9695823788642883
PPO_3,220800,std,0.9829886555671692
PPO_3,223560,std,0.9897915720939636
PPO_3,229080,std,0.9902599453926086
PPO_3,231840,std,0.9882523417472839
PPO_3,234600,std,0.9892849922180176
PPO_3,237360,std,0.989290714263916
PPO_3,240120,std,0.9745203852653503
PPO_3,245640,std,0.9751790165901184
PPO_3,248400,std,0.9751874804496765
PPO_3,251160,std,0.9784552454948425
PPO_3,253920,std,0.9817826151847839
PPO_3,259440,std,0.9819054007530212
PPO_3,262200,std,0.9794201254844666
PPO_3,264960,std,0.9824044704437256
PPO_3,267720,std,0.9859911799430847
PPO_3,270480,std,0.9859986901283264
PPO_3,276000,std,0.99208003282547
PPO_3,278760,std,0.9917309284210205
PPO_3,281520,std,0.9917327761650085
PPO_3,284280,std,0.990566074848175
PPO_3,287040,std,0.9914994239807129
PPO_3,292560,std,0.9920440316200256
PPO_3,295320,std,0.9934976100921631
PPO_3,298080,std,0.9960941672325134
PPO_3,300840,std,0.9975360035896301
PPO_3,303600,std,0.9975531101226807
PPO_3,309120,std,0.9956254959106445
PPO_3,311880,std,0.9945292472839355
PPO_3,314640,std,0.9945390820503235
PPO_3,317400,std,0.9932604432106018
PPO_3,322920,std,0.9820263981819153
PPO_3,325680,std,0.982027530670166
PPO_3,328440,std,0.9795628190040588
PPO_3,331200,std,0.9799613952636719
PPO_3,333960,std,0.9804640412330627
PPO_3,339480,std,0.9806259274482727
PPO_3,342240,std,0.97833651304245
PPO_3,345000,std,0.9775387644767761
PPO_3,347760,std,0.977550208568573
PPO_3,350520,std,0.9751801490783691
PPO_3,356040,std,0.9772236943244934
PPO_3,358800,std,0.9772232174873352
PPO_3,361560,std,0.9756450653076172
PPO_3,364320,std,0.9739038348197937
PPO_3,367080,std,0.9735140800476074
PPO_3,372600,std,0.9756178855895996
PPO_3,375360,std,0.9735438227653503
PPO_3,378120,std,0.9727349877357483
PPO_3,380880,std,0.9727432727813721
PPO_3,386400,std,0.9807939529418945
PPO_3,389160,std,0.9803492426872253
PPO_3,391920,std,0.980341911315918
PPO_3,394680,std,0.9812971949577332
PPO_3,397440,std,0.9772934913635254
PPO_3,402960,std,0.9764816164970398
PPO_3,405720,std,0.9738486409187317
PPO_3,408480,std,0.9706282615661621
PPO_3,411240,std,0.9691831469535828
PPO_3,414000,std,0.9692111015319824
PPO_3,419520,std,0.9680293202400208
PPO_3,422280,std,0.9662582278251648
PPO_3,425040,std,0.966258704662323
PPO_3,427800,std,0.9727484583854675
PPO_3,430560,std,0.9712249636650085
PPO_3,436080,std,0.9707347750663757
PPO_3,438840,std,0.9826399683952332
PPO_3,441600,std,0.9839085936546326
PPO_3,444360,std,0.983476459980011
PPO_3,449880,std,0.9700807929039001
PPO_3,452640,std,0.9629833698272705
PPO_3,455400,std,0.962044894695282
PPO_3,458160,std,0.9620807766914368
PPO_3,460920,std,0.9611541628837585
PPO_3,466440,std,0.9588111042976379
PPO_3,469200,std,0.9588980674743652
PPO_3,471960,std,0.9576253890991211
PPO_3,474720,std,0.9552974700927734
PPO_3,477480,std,0.9543806910514832
PPO_3,483000,std,0.9498457312583923
PPO_3,485760,std,0.9456995129585266
PPO_3,488520,std,0.9451847076416016
PPO_3,491280,std,0.9452274441719055
PPO_3,494040,std,0.9527058005332947
PPO_3,499560,std,0.9632558822631836
PPO_3,502320,std,0.9632719159126282
PPO_3,505080,std,0.9761321544647217
PPO_3,507840,std,0.9723143577575684
PPO_3,513360,std,0.9698178172111511
PPO_3,516120,std,0.9613892436027527
PPO_3,518880,std,0.96218341588974
PPO_3,521640,std,0.9623117446899414
PPO_3,524400,std,0.9623511433601379
PPO_3,529920,std,0.9693296551704407
PPO_3,532680,std,0.9691473841667175
PPO_3,535440,std,0.969183623790741
PPO_3,538200,std,0.9784367680549622
PPO_3,540960,std,0.9755215644836426
PPO_3,546480,std,0.973461925983429
PPO_3,549240,std,0.9682042598724365
PPO_3,552000,std,0.9646221995353699
PPO_3,554760,std,0.9620922207832336
PPO_3,557520,std,0.962078869342804
PPO_3,563040,std,0.9800693392753601
PPO_3,565800,std,0.9790544509887695
PPO_3,568560,std,0.9790525436401367
PPO_3,571320,std,0.9846979975700378
PPO_3,576840,std,0.9597746729850769
PPO_3,579600,std,0.9597633481025696
PPO_3,582360,std,0.9634309411048889
PPO_3,585120,std,0.9625992774963379
PPO_3,587880,std,0.9614855647087097
PPO_3,593400,std,0.9553326964378357
PPO_3,596160,std,0.9569916129112244
PPO_3,598920,std,0.9565406441688538
PPO_3,601680,std,0.956544816493988
PPO_3,604440,std,0.9474675059318542
PPO_3,609960,std,0.9407496452331543
PPO_3,612720,std,0.9407569766044617
PPO_3,615480,std,0.9421489238739014
PPO_3,618240,std,0.9402176737785339
PPO_3,621000,std,0.9393706917762756
PPO_3,626520,std,0.9302597045898438
PPO_3,629280,std,0.926747739315033
PPO_3,632040,std,0.9266936182975769
PPO_3,634800,std,0.9266998171806335
PPO_3,640320,std,0.9148357510566711
PPO_3,643080,std,0.9149947762489319
PPO_3,645840,std,0.9150002598762512
PPO_3,648600,std,0.9073111414909363
PPO_3,651360,std,0.907627284526825
PPO_3,656880,std,0.9072428345680237
PPO_3,659640,std,0.8987281918525696
PPO_3,662400,std,0.8974452018737793
PPO_3,665160,std,0.8970403075218201
PPO_3,667920,std,0.8970435261726379
PPO_3,673440,std,0.8898481726646423
PPO_3,676200,std,0.8891904950141907
PPO_3,678960,std,0.8891981244087219
PPO_3,681720,std,0.8782777786254883
PPO_3,684480,std,0.8728921413421631
PPO_3,690000,std,0.8722500801086426
PPO_3,692760,std,0.8626298904418945
PPO_3,695520,std,0.8581379055976868
PPO_3,698280,std,0.8580867648124695
PPO_3,703800,std,0.8537745475769043
PPO_3,706560,std,0.8515847325325012
PPO_3,709320,std,0.8517408967018127
PPO_3,712080,std,0.8517389297485352
PPO_3,714840,std,0.8599722981452942
PPO_3,720360,std,0.8646798729896545
PPO_3,723120,std,0.8646812438964844
PPO_3,725880,std,0.8636045455932617
PPO_3,728640,std,0.8629999160766602
PPO_3,731400,std,0.8625084757804871
PPO_3,736920,std,0.8660410046577454
PPO_3,739680,std,0.8678297400474548
PPO_3,742440,std,0.8673419952392578
PPO_3,745200,std,0.8673459887504578
PPO_3,747960,std,0.875133752822876
PPO_3,753480,std,0.8668808937072754
PPO_3,756240,std,0.866875946521759
PPO_3,759000,std,0.845167338848114
PPO_3,761760,std,0.8335599899291992
PPO_3,767280,std,0.8306861519813538
PPO_3,770040,std,0.8236024379730225
PPO_3,772800,std,0.807393491268158
PPO_3,775560,std,0.8058216571807861
PPO_3,778320,std,0.8058171272277832
PPO_3,783840,std,0.7887820601463318
PPO_3,786600,std,0.7859420776367188
PPO_3,789360,std,0.7859366536140442
PPO_3,792120,std,0.793474018573761
PPO_3,794880,std,0.7772894501686096
PPO_3,800400,std,0.775285542011261
PPO_3,803160,std,0.7757675647735596
PPO_3,805920,std,0.7759130597114563
PPO_3,808680,std,0.7760822772979736
PPO_3,811440,std,0.776083767414093
PPO_3,816960,std,0.7664056420326233
PPO_3,819720,std,0.7663083076477051
PPO_3,822480,std,0.7663124203681946
PPO_3,825240,std,0.7664394974708557
PPO_3,830760,std,0.7400672435760498
PPO_3,833520,std,0.7400634288787842
PPO_3,836280,std,0.7399336695671082
PPO_3,839040,std,0.7223701477050781
PPO_3,841800,std,0.7208347320556641
PPO_3,847320,std,0.7202462553977966
PPO_3,850080,std,0.7179467082023621
PPO_3,852840,std,0.7173530459403992
PPO_3,855600,std,0.7173570990562439
PPO_3,858360,std,0.7161434292793274
PPO_3,863880,std,0.7158975601196289
PPO_3,866640,std,0.7158989906311035
PPO_3,869400,std,0.7152440547943115
PPO_3,872160,std,0.7133709788322449
PPO_3,874920,std,0.7129409909248352
PPO_3,880440,std,0.7118785977363586
PPO_3,883200,std,0.7098183631896973
PPO_3,885960,std,0.7094520926475525
PPO_3,888720,std,0.7094510197639465
PPO_3,894240,std,0.7066362500190735
PPO_3,897000,std,0.7064160704612732
PPO_3,899760,std,0.7064148783683777
PPO_3,902520,std,0.7078268527984619
PPO_3,905280,std,0.7072187066078186
PPO_3,910800,std,0.7068412899971008
PPO_3,913560,std,0.7039834856987
PPO_3,916320,std,0.7023999691009521
PPO_3,919080,std,0.7023701071739197
PPO_3,921840,std,0.7023746371269226
PPO_3,927360,std,0.6993963122367859
PPO_3,930120,std,0.6992080807685852
PPO_3,932880,std,0.6992114186286926
PPO_3,935640,std,0.7020857930183411
PPO_3,938400,std,0.6998208165168762
PPO_3,943920,std,0.6994358897209167
PPO_3,946680,std,0.6987167000770569
PPO_3,949440,std,0.6999422907829285
PPO_3,952200,std,0.699932873249054
PPO_3,957720,std,0.6979147791862488
PPO_3,960480,std,0.7005107998847961
PPO_3,963240,std,0.7003709673881531
PPO_3,966000,std,0.7003755569458008
PPO_3,968760,std,0.7108654379844666
PPO_3,974280,std,0.7116332650184631
PPO_3,977040,std,0.7116386294364929
PPO_3,979800,std,0.6962451338768005
PPO_3,982560,std,0.6984987854957581
PPO_3,985320,std,0.6983610987663269
PPO_3,990840,std,0.6898002028465271
PPO_3,993600,std,0.6898916363716125
PPO_3,996360,std,0.6898269653320312
PPO_3,999120,std,0.6898296475410461
PPO_3,1001880,std,0.6892246603965759
PPO_3,1007400,std,0.6864884495735168
PPO_3,1010160,std,0.6864941716194153
PPO_3,1012920,std,0.689971387386322
PPO_3,1015680,std,0.6890009045600891
PPO_3,1021200,std,0.6888485550880432
PPO_3,1023960,std,0.6860113143920898
PPO_3,1026720,std,0.6850302815437317
PPO_3,1029480,std,0.6851191520690918
PPO_3,1032240,std,0.6851254105567932
PPO_3,1037760,std,0.680617094039917
PPO_3,1040520,std,0.6804892420768738
PPO_3,1043280,std,0.6804912090301514
PPO_3,1046040,std,0.6827560067176819
PPO_3,1048800,std,0.6793168187141418
PPO_3,1054320,std,0.6793196797370911
PPO_3,1057080,std,0.677718460559845
PPO_3,1059840,std,0.6770670413970947
PPO_3,1062600,std,0.6770667433738708
PPO_3,1065360,std,0.6770680546760559
PPO_3,1070880,std,0.6777128577232361
PPO_3,1073640,std,0.677579939365387
PPO_3,1076400,std,0.6775791645050049
PPO_3,1079160,std,0.6819934844970703
PPO_3,1084680,std,0.6843468546867371
PPO_3,1087440,std,0.6843462586402893
PPO_3,1090200,std,0.6791735291481018
PPO_3,1092960,std,0.6767496466636658
PPO_3,1095720,std,0.6765441298484802
PPO_3,1101240,std,0.6765155792236328
PPO_3,1104000,std,0.67643141746521
PPO_3,1106760,std,0.6763887405395508
PPO_3,1109520,std,0.6763909459114075
PPO_3,1112280,std,0.6782439351081848
PPO_3,1117800,std,0.678539514541626
PPO_3,1120560,std,0.678541362285614
PPO_3,1123320,std,0.6834995746612549
PPO_3,1126080,std,0.6830000281333923
PPO_3,1128840,std,0.6828177571296692
PPO_3,1134360,std,0.6822893619537354
PPO_3,1137120,std,0.6823566555976868
PPO_3,1139880,std,0.6823155879974365
PPO_3,1142640,std,0.6823163032531738
PPO_3,1148160,std,0.705787181854248
PPO_3,1150920,std,0.7056450247764587
PPO_3,1153680,std,0.7056503891944885
PPO_3,1156440,std,0.7091376781463623
PPO_3,1159200,std,0.7103505730628967
PPO_3,1164720,std,0.7103198170661926
PPO_3,1167480,std,0.7087328433990479
PPO_3,1170240,std,0.7068960070610046
PPO_3,1173000,std,0.706742525100708
PPO_3,1175760,std,0.7067465782165527
PPO_3,1181280,std,0.7145702838897705
PPO_3,1184040,std,0.714284360408783
PPO_3,1186800,std,0.7142858505249023
PPO_3,1189560,std,0.709862232208252
PPO_3,1192320,std,0.7083265781402588
PPO_3,1197840,std,0.7080755829811096
PPO_3,1200600,std,0.7036471366882324
PPO_3,1203360,std,0.7056716084480286
PPO_3,1206120,std,0.7056074142456055
PPO_3,1211640,std,0.7057289481163025
PPO_3,1214400,std,0.7040522694587708
PPO_3,1217160,std,0.703819751739502
PPO_3,1219920,std,0.7038230299949646
PPO_3,1222680,std,0.7055382132530212
PPO_3,1228200,std,0.7074626088142395
PPO_3,1230960,std,0.7074609398841858
PPO_3,1233720,std,0.7117087244987488
PPO_3,1236480,std,0.7125623822212219
PPO_3,1239240,std,0.712238609790802
PPO_3,1244760,std,0.7110732197761536
PPO_3,1247520,std,0.7118753790855408
PPO_3,1250280,std,0.7119621634483337
PPO_3,1253040,std,0.7119579315185547
PPO_3,1255800,std,0.7059165835380554
PPO_3,1261320,std,0.6997093558311462
PPO_3,1264080,std,0.6997078061103821
PPO_3,1266840,std,0.7070653438568115
PPO_3,1269600,std,0.7067704200744629
PPO_3,1275120,std,0.7065783143043518
PPO_3,1277880,std,0.7117676734924316
PPO_3,1280640,std,0.7127087712287903
PPO_3,1283400,std,0.7124848961830139
PPO_3,1286160,std,0.712481677532196
PPO_3,1291680,std,0.7082213759422302
PPO_3,1294440,std,0.7082093358039856
PPO_3,1297200,std,0.7082169055938721
PPO_3,1299960,std,0.7091887593269348
PPO_3,1302720,std,0.7058408260345459
PPO_3,1308240,std,0.7052593231201172
PPO_3,1311000,std,0.7099745273590088
PPO_3,1313760,std,0.7104198336601257
PPO_3,1316520,std,0.7098674774169922
PPO_3,1319280,std,0.7098695635795593
PPO_3,1324800,std,0.7176124453544617
PPO_3,1327560,std,0.7179079651832581
PPO_3,1330320,std,0.717911422252655
PPO_3,1333080,std,0.7196069359779358
PPO_3,1338600,std,0.7172048091888428
PPO_4,11040,reward,-539.0560302734375
PPO_4,24840,reward,-252.61801147460938
PPO_4,38640,reward,-122.06524658203125
PPO_4,52440,reward,-92.84083557128906
PPO_4,66240,reward,36.81914138793945
PPO_4,80040,reward,88.39246368408203
PPO_4,93840,reward,136.58851623535156
PPO_4,107640,reward,238.20179748535156
PPO_4,121440,reward,478.50390625
PPO_4,135240,reward,626.3492431640625
PPO_4,149040,reward,736.62646484375
PPO_4,162840,reward,766.3373413085938
PPO_4,176640,reward,794.3335571289062
PPO_4,190440,reward,820.5031127929688
PPO_4,204240,reward,841.1521606445312
PPO_4,218040,reward,888.3389892578125
PPO_4,231840,reward,1074.9061279296875
PPO_4,245640,reward,1119.5909423828125
PPO_4,259440,reward,1138.1446533203125
PPO_4,273240,reward,1157.0
PPO_4,287040,reward,1196.4317626953125
PPO_4,300840,reward,1202.850341796875
PPO_4,314640,reward,1208.754638671875
PPO_4,328440,reward,1196.881591796875
PPO_4,342240,reward,1190.593017578125
PPO_4,356040,reward,1216.839599609375
PPO_4,369840,reward,1255.2301025390625
PPO_4,383640,reward,1298.751953125
PPO_4,397440,reward,1388.5557861328125
PPO_4,411240,reward,1422.048095703125
PPO_4,425040,reward,1448.39794921875
PPO_4,438840,reward,1436.04736328125
PPO_4,452640,reward,1425.440185546875
PPO_4,466440,reward,1424.1490478515625
PPO_4,480240,reward,1399.7041015625
PPO_4,494040,reward,1370.8717041015625
PPO_4,507840,reward,1342.1165771484375
PPO_4,521640,reward,1337.33203125
PPO_4,535440,reward,1313.978515625
PPO_4,549240,reward,1305.3240966796875
PPO_4,563040,reward,1336.16650390625
PPO_4,576840,reward,1339.6793212890625
PPO_4,590640,reward,1355.0433349609375
PPO_4,604440,reward,1365.09130859375
PPO_4,618240,reward,1374.1036376953125
PPO_4,632040,reward,1377.8858642578125
PPO_4,645840,reward,1383.848876953125
PPO_4,659640,reward,1382.1217041015625
PPO_4,673440,reward,1359.51953125
PPO_4,687240,reward,1389.6607666015625
PPO_4,701040,reward,1410.7572021484375
PPO_4,714840,reward,1447.4532470703125
PPO_4,728640,reward,1445.051513671875
PPO_4,742440,reward,1478.1851806640625
PPO_4,756240,reward,1462.4622802734375
PPO_4,770040,reward,1444.593505859375
PPO_4,783840,reward,1430.114501953125
PPO_4,797640,reward,1412.2020263671875
PPO_4,811440,reward,1416.221923828125
PPO_4,825240,reward,1438.6275634765625
PPO_4,839040,reward,1504.48583984375
PPO_4,852840,reward,1555.3489990234375
PPO_4,866640,reward,1610.5526123046875
PPO_4,880440,reward,1684.464599609375
PPO_4,894240,reward,1839.6231689453125
PPO_4,908040,reward,1937.1038818359375
PPO_4,921840,reward,2035.271728515625
PPO_4,935640,reward,2148.670654296875
PPO_4,949440,reward,2375.658447265625
PPO_4,963240,reward,2507.63720703125
PPO_4,977040,reward,2631.43603515625
PPO_4,990840,reward,2758.86083984375
PPO_4,1004640,reward,2984.1953125
PPO_4,1018440,reward,3102.03271484375
PPO_4,1032240,reward,3219.881103515625
PPO_4,1046040,reward,3322.1884765625
PPO_4,1059840,reward,3582.69140625
PPO_4,1073640,reward,3704.041259765625
PPO_4,1087440,reward,3823.0498046875
PPO_4,1101240,reward,3931.6025390625
PPO_4,1115040,reward,4196.99267578125
PPO_4,1128840,reward,4362.25146484375
PPO_4,1142640,reward,4516.65380859375
PPO_4,1156440,reward,4678.3232421875
PPO_4,1170240,reward,4976.08056640625
PPO_4,1184040,reward,5116.2646484375
PPO_4,1197840,reward,5259.68701171875
PPO_4,1211640,reward,5412.15771484375
PPO_4,1225440,reward,5751.30517578125
PPO_4,1239240,reward,5915.14599609375
PPO_4,1253040,reward,6087.4873046875
PPO_4,1266840,reward,6277.251953125
PPO_4,1280640,reward,6667.65380859375
PPO_4,1294440,reward,6854.0146484375
PPO_4,1308240,reward,7027.486328125
PPO_4,1322040,reward,7213.75537109375
PPO_4,1335840,reward,7557.35302734375
PPO_4,1349640,reward,7728.708984375
PPO_4,1363440,reward,7901.4873046875
PPO_4,1377240,reward,8074.07861328125
PPO_4,1391040,reward,8420.58203125
PPO_4,1404840,reward,8589.8642578125
PPO_4,1418640,reward,8771.1982421875
PPO_4,1432440,reward,8936.248046875
PPO_4,1446240,reward,9254.7890625
PPO_4,1460040,reward,9414.3818359375
PPO_4,1473840,reward,9571.5146484375
PPO_4,1487640,reward,9733.1962890625
PPO_4,1501440,reward,10049.234375
PPO_4,1515240,reward,10196.689453125
PPO_4,1529040,reward,10321.65234375
PPO_4,1542840,reward,10468.1494140625
PPO_4,1556640,reward,10786.3681640625
PPO_4,1570440,reward,10948.68359375
PPO_4,1584240,reward,11112.7333984375
PPO_4,1598040,reward,11276.890625
PPO_4,1611840,reward,11614.4404296875
PPO_4,1625640,reward,11768.7314453125
PPO_4,1639440,reward,11934.8115234375
PPO_4,1653240,reward,12091.845703125
PPO_4,1667040,reward,12364.4521484375
PPO_4,1680840,reward,12511.48046875
PPO_4,1694640,reward,12640.0546875
PPO_4,1708440,reward,12788.3154296875
PPO_4,1722240,reward,13102.2626953125
PPO_4,1736040,reward,13236.6064453125
PPO_4,1749840,reward,13382.697265625
PPO_4,1763640,reward,13524.46484375
PPO_4,1777440,reward,13799.5595703125
PPO_4,1791240,reward,13910.181640625
PPO_4,1805040,reward,14016.888671875
PPO_4,1818840,reward,14133.642578125
PPO_4,1832640,reward,14418.517578125
PPO_4,1846440,reward,14549.634765625
PPO_4,1860240,reward,14712.677734375
PPO_4,1874040,reward,14878.337890625
PPO_4,1887840,reward,15190.4169921875
PPO_4,1901640,reward,15370.076171875
PPO_4,1915440,reward,15536.69921875
PPO_4,1929240,reward,15700.3818359375
PPO_4,1943040,reward,16046.8525390625
PPO_4,1956840,reward,16193.912109375
PPO_4,1970640,reward,16326.64453125
PPO_4,1984440,reward,16457.291015625
PPO_4,1998240,reward,16678.888671875
PPO_4,2012040,reward,16766.125
PPO_4,2025840,reward,16840.169921875
PPO_4,2039640,reward,16903.916015625
PPO_4,2053440,reward,17006.00390625
PPO_4,2067240,reward,17037.578125
PPO_4,2081040,reward,17080.19140625
PPO_4,2094840,reward,17116.9296875
PPO_4,2108640,reward,17173.6640625
PPO_4,2122440,reward,17177.109375
PPO_4,2136240,reward,17167.80078125
PPO_4,2150040,reward,17172.05859375
PPO_4,2163840,reward,17130.466796875
PPO_4,2177640,reward,17115.59765625
PPO_4,2191440,reward,17105.0390625
PPO_4,2205240,reward,17106.55078125
PPO_4,2219040,reward,17108.345703125
PPO_4,2232840,reward,17099.4765625
PPO_4,2246640,reward,17108.095703125
PPO_4,2260440,reward,17107.0390625
PPO_4,2274240,reward,17106.22265625
PPO_4,2288040,reward,17116.3203125
PPO_4,2301840,reward,17122.77734375
PPO_4,2315640,reward,17117.462890625
PPO_4,2329440,reward,17032.146484375
PPO_4,2343240,reward,16966.685546875
PPO_4,2357040,reward,16879.205078125
PPO_4,2370840,reward,16776.55859375
PPO_4,2384640,reward,16564.68359375
PPO_4,2398440,reward,16480.333984375
PPO_4,2412240,reward,16409.5
PPO_4,2426040,reward,16343.7099609375
PPO_4,2439840,reward,16213.9326171875
PPO_4,2453640,reward,16156.9072265625
PPO_4,2467440,reward,16096.5205078125
PPO_4,2481240,reward,16031.150390625
PPO_4,2495040,reward,15927.560546875
PPO_4,2508840,reward,15896.6865234375
PPO_4,2522640,reward,15861.5625
PPO_4,2536440,reward,15839.6953125
PPO_4,2550240,reward,15772.2392578125
PPO_4,2564040,reward,15710.2978515625
PPO_4,2577840,reward,15626.109375
PPO_4,2591640,reward,15526.37890625
PPO_4,2605440,reward,15331.2841796875
PPO_4,2619240,reward,15249.5244140625
PPO_4,2633040,reward,15189.99609375
PPO_4,2646840,reward,15126.0908203125
PPO_4,2660640,reward,14937.5048828125
PPO_4,2674440,reward,14834.6171875
PPO_4,2688240,reward,14748.7763671875
PPO_4,2702040,reward,14673.98828125
PPO_4,2715840,reward,14518.962890625
PPO_4,2729640,reward,14448.3603515625
PPO_4,2743440,reward,14383.1748046875
PPO_4,2757240,reward,14317.69921875
PPO_4,2771040,reward,14227.74609375
PPO_4,2784840,reward,14186.0009765625
PPO_4,2798640,reward,14151.7197265625
PPO_4,2812440,reward,14082.279296875
PPO_4,2826240,reward,13934.794921875
PPO_4,2840040,reward,13911.0517578125
PPO_4,2853840,reward,13883.8427734375
PPO_4,2867640,reward,13849.7392578125
PPO_4,2881440,reward,13788.54296875
PPO_4,2895240,reward,13756.2314453125
PPO_4,2909040,reward,13724.5810546875
PPO_4,2922840,reward,13672.4697265625
PPO_4,2936640,reward,13573.2080078125
PPO_4,2950440,reward,13506.287109375
PPO_4,2964240,reward,13447.185546875
PPO_4,2978040,reward,13396.9462890625
PPO_4,2991840,reward,13336.9765625
PPO_4,3005640,reward,13278.15234375
PPO_4,3019440,reward,13203.1044921875
PPO_4,3033240,reward,13119.451171875
PPO_4,3047040,reward,12941.2412109375
PPO_4,3060840,reward,12860.751953125
PPO_4,3074640,reward,12789.6259765625
PPO_4,3088440,reward,12706.4716796875
PPO_4,3102240,reward,12587.7724609375
PPO_4,3116040,reward,12534.1416015625
PPO_4,3129840,reward,12500.55859375
PPO_4,3143640,reward,12462.98828125
PPO_4,3157440,reward,12408.48046875
PPO_4,3171240,reward,12362.703125
PPO_4,3185040,reward,12299.138671875
PPO_4,3198840,reward,12232.6865234375
PPO_4,3212640,reward,12198.2392578125
PPO_4,3226440,reward,12215.716796875
PPO_4,3240240,reward,12230.404296875
PPO_4,3254040,reward,12237.66796875
PPO_4,3267840,reward,12219.7919921875
PPO_4,3281640,reward,12219.671875
PPO_4,3295440,reward,12227.826171875
PPO_4,3309240,reward,12233.345703125
PPO_4,3323040,reward,12263.62109375
PPO_4,3336840,reward,12269.73046875
PPO_4,3350640,reward,12253.830078125
PPO_4,3364440,reward,12245.134765625
PPO_4,3378240,reward,12259.5029296875
PPO_4,3392040,reward,12274.2109375
PPO_4,3405840,reward,12294.9541015625
PPO_4,3419640,reward,12302.0732421875
PPO_4,3433440,reward,12369.857421875
PPO_4,3447240,reward,12454.052734375
PPO_4,3461040,reward,12549.2705078125
PPO_4,3474840,reward,12659.2958984375
PPO_4,3488640,reward,12872.0439453125
PPO_4,3502440,reward,12968.396484375
PPO_4,3516240,reward,13061.87109375
PPO_4,3530040,reward,13127.0693359375
PPO_4,3543840,reward,13264.1796875
PPO_4,3557640,reward,13329.80078125
PPO_4,3571440,reward,13404.369140625
PPO_4,3585240,reward,13491.65625
PPO_4,3599040,reward,13650.845703125
PPO_4,3612840,reward,13730.3857421875
PPO_4,3626640,reward,13815.2109375
PPO_4,3640440,reward,13910.2958984375
PPO_4,3654240,reward,14123.8017578125
PPO_4,3668040,reward,14233.9462890625
PPO_4,3681840,reward,14362.4599609375
PPO_4,3695640,reward,14499.9384765625
PPO_4,3709440,reward,14786.732421875
PPO_4,3723240,reward,14914.3623046875
PPO_4,3737040,reward,15035.0341796875
PPO_4,3750840,reward,15144.3837890625
PPO_4,3764640,reward,15357.57421875
PPO_4,3778440,reward,15465.642578125
PPO_4,3792240,reward,15561.365234375
PPO_4,3806040,reward,15658.6435546875
PPO_4,3819840,reward,15861.447265625
PPO_4,3833640,reward,15958.3359375
PPO_4,3847440,reward,16043.8720703125
PPO_4,3861240,reward,16132.48046875
PPO_4,3875040,reward,16285.2890625
PPO_4,3888840,reward,16350.822265625
PPO_4,3902640,reward,16411.5234375
PPO_4,3916440,reward,16482.375
PPO_4,3930240,reward,16602.0390625
PPO_4,3944040,reward,16595.837890625
PPO_4,3957840,reward,16576.0
PPO_4,3971640,reward,16590.787109375
PPO_4,3985440,reward,16654.919921875
PPO_4,3999240,reward,16688.046875
PPO_4,4013040,reward,16721.458984375
PPO_4,4026840,reward,16769.56640625
PPO_4,4040640,reward,16891.552734375
PPO_4,4054440,reward,16973.828125
PPO_4,4068240,reward,17035.431640625
PPO_4,4082040,reward,17076.544921875
PPO_4,4095840,reward,17105.048828125
PPO_4,4109640,reward,17139.416015625
PPO_4,4123440,reward,17206.9375
PPO_4,4137240,reward,17282.59375
PPO_4,4151040,reward,17370.01953125
PPO_4,4164840,reward,17397.75390625
PPO_4,4178640,reward,17417.517578125
PPO_4,4192440,reward,17425.78125
PPO_4,4206240,reward,17415.755859375
PPO_4,4220040,reward,17412.701171875
PPO_4,4233840,reward,17396.4765625
PPO_4,4247640,reward,17367.72265625
PPO_4,4261440,reward,17307.818359375
PPO_4,4275240,reward,17297.404296875
PPO_4,4289040,reward,17288.625
PPO_4,4302840,reward,17277.658203125
PPO_4,4316640,reward,17204.11328125
PPO_4,4330440,reward,17160.95703125
PPO_4,4344240,reward,17133.25390625
PPO_4,4358040,reward,17113.91796875
PPO_4,4371840,reward,17197.12890625
PPO_4,4385640,reward,17239.4921875
PPO_4,4399440,reward,17274.2578125
PPO_4,4413240,reward,17294.32421875
PPO_4,4427040,reward,17325.0546875
PPO_4,4440840,reward,17340.21875
PPO_4,4454640,reward,17372.8046875
PPO_4,4468440,reward,17425.416015625
PPO_4,4482240,reward,17506.78515625
PPO_4,4496040,reward,17529.53125
PPO_4,4509840,reward,17529.2109375
PPO_4,4523640,reward,17539.203125
PPO_4,4537440,reward,17550.14453125
PPO_4,4551240,reward,17527.572265625
PPO_4,4565040,reward,17521.439453125
PPO_4,4578840,reward,17523.509765625
PPO_4,4592640,reward,17541.6796875
PPO_4,4606440,reward,17539.6640625
PPO_4,4620240,reward,17546.01171875
PPO_4,4634040,reward,17577.78515625
PPO_4,4647840,reward,17602.5078125
PPO_4,4661640,reward,17620.62890625
PPO_4,4675440,reward,17597.986328125
PPO_4,4689240,reward,17565.759765625
PPO_4,4703040,reward,17470.078125
PPO_4,4716840,reward,17407.16796875
PPO_4,4730640,reward,17336.09765625
PPO_4,4744440,reward,17258.5546875
PPO_4,4758240,reward,17077.138671875
PPO_4,4772040,reward,16976.2421875
PPO_4,4785840,reward,16881.076171875
PPO_4,4799640,reward,16787.177734375
PPO_4,4813440,reward,16569.763671875
PPO_4,4827240,reward,16456.52734375
PPO_4,4841040,reward,16350.3623046875
PPO_4,4854840,reward,16246.0302734375
PPO_4,4868640,reward,16046.1240234375
PPO_4,4882440,reward,15900.5546875
PPO_4,4896240,reward,15710.15625
PPO_4,4910040,reward,15485.208984375
PPO_4,4923840,reward,15080.837890625
PPO_4,4937640,reward,14926.708984375
PPO_4,4951440,reward,14784.1904296875
PPO_4,4965240,reward,14642.7255859375
PPO_4,4979040,reward,14360.1591796875
PPO_4,4992840,reward,14223.8984375
PPO_4,5006640,reward,14101.4892578125
PPO_4,5020440,reward,13987.53515625
PPO_4,5034240,reward,13799.107421875
PPO_4,5048040,reward,13768.2724609375
PPO_4,5061840,reward,13734.904296875
PPO_4,5075640,reward,13678.35546875
PPO_4,5089440,reward,13529.8017578125
PPO_4,5103240,reward,13450.423828125
PPO_4,5117040,reward,13378.509765625
PPO_4,5130840,reward,13303.81640625
PPO_4,5144640,reward,13132.080078125
PPO_4,5158440,reward,13014.59375
PPO_4,5172240,reward,12908.625
PPO_4,5186040,reward,12796.2890625
PPO_4,5199840,reward,12582.0869140625
PPO_4,5213640,reward,12483.033203125
PPO_4,5227440,reward,12386.3095703125
PPO_4,5241240,reward,12287.2724609375
PPO_4,5255040,reward,12138.603515625
PPO_4,5268840,reward,12077.609375
PPO_4,5282640,reward,12022.783203125
PPO_4,5296440,reward,11982.4951171875
PPO_4,5310240,reward,11901.607421875
PPO_4,5324040,reward,11855.5810546875
PPO_4,5337840,reward,11807.86328125
PPO_4,5351640,reward,11766.669921875
PPO_4,5365440,reward,11709.138671875
PPO_4,5379240,reward,11693.54296875
PPO_4,5393040,reward,11692.4873046875
PPO_4,5406840,reward,11702.4921875
PPO_4,5420640,reward,11724.1826171875
PPO_4,5434440,reward,11739.865234375
PPO_4,5448240,reward,11765.48828125
PPO_4,5462040,reward,11794.6083984375
PPO_4,5475840,reward,11754.0654296875
PPO_4,5489640,reward,11717.4853515625
PPO_4,5503440,reward,11684.451171875
PPO_4,5520000,reward,11684.1875
PPO_4,5520,value_loss,48669760.0
PPO_4,19320,value_loss,22.497962951660156
PPO_4,33120,value_loss,10.614333152770996
PPO_4,46920,value_loss,76258008.0
PPO_4,60720,value_loss,48587236.0
PPO_4,74520,value_loss,3.481323003768921
PPO_4,88320,value_loss,11.493104934692383
PPO_4,102120,value_loss,61003660.0
PPO_4,115920,value_loss,49677596.0
PPO_4,129720,value_loss,5.416361331939697
PPO_4,143520,value_loss,13.898789405822754
PPO_4,157320,value_loss,56918176.0
PPO_4,171120,value_loss,49090016.0
PPO_4,184920,value_loss,3.4038655757904053
PPO_4,198720,value_loss,14.092548370361328
PPO_4,212520,value_loss,56547916.0
PPO_4,226320,value_loss,50873124.0
PPO_4,240120,value_loss,5.793442726135254
PPO_4,253920,value_loss,12.34192943572998
PPO_4,267720,value_loss,56005676.0
PPO_4,281520,value_loss,49654984.0
PPO_4,295320,value_loss,5.876467704772949
PPO_4,309120,value_loss,12.170792579650879
PPO_4,322920,value_loss,54612520.0
PPO_4,336720,value_loss,49481416.0
PPO_4,350520,value_loss,7.00701379776001
PPO_4,364320,value_loss,9.734107971191406
PPO_4,378120,value_loss,56609784.0
PPO_4,391920,value_loss,49735092.0
PPO_4,405720,value_loss,33.58250045776367
PPO_4,419520,value_loss,7.473748683929443
PPO_4,433320,value_loss,65512828.0
PPO_4,447120,value_loss,47887472.0
PPO_4,460920,value_loss,111.79801177978516
PPO_4,474720,value_loss,14.113382339477539
PPO_4,488520,value_loss,49985372.0
PPO_4,502320,value_loss,46321352.0
PPO_4,516120,value_loss,97.1664810180664
PPO_4,529920,value_loss,15.241554260253906
PPO_4,543720,value_loss,43139524.0
PPO_4,557520,value_loss,47259236.0
PPO_4,571320,value_loss,111.65541076660156
PPO_4,585120,value_loss,14.69589614868164
PPO_4,598920,value_loss,41677824.0
PPO_4,612720,value_loss,46222944.0
PPO_4,626520,value_loss,92.38794708251953
PPO_4,640320,value_loss,12.519084930419922
PPO_4,654120,value_loss,47303736.0
PPO_4,667920,value_loss,47270416.0
PPO_4,681720,value_loss,53.56414794921875
PPO_4,695520,value_loss,9.924062728881836
PPO_4,709320,value_loss,41173276.0
PPO_4,723120,value_loss,46621784.0
PPO_4,736920,value_loss,94.82290649414062
PPO_4,750720,value_loss,71.12711334228516
PPO_4,764520,value_loss,31732854.0
PPO_4,778320,value_loss,49371224.0
PPO_4,792120,value_loss,202.352294921875
PPO_4,805920,value_loss,58.21259307861328
PPO_4,819720,value_loss,12952348.0
PPO_4,833520,value_loss,47627564.0
PPO_4,847320,value_loss,278.523681640625
PPO_4,861120,value_loss,623.8899536132812
PPO_4,874920,value_loss,6668408.5
PPO_4,888720,value_loss,49335184.0
PPO_4,902520,value_loss,301.786865234375
PPO_4,916320,value_loss,1114.4189453125
PPO_4,930120,value_loss,6757148.5
PPO_4,943920,value_loss,49498032.0
PPO_4,957720,value_loss,365.665771484375
PPO_4,971520,value_loss,1366.07177734375
PPO_4,985320,value_loss,7280398.5
PPO_4,999120,value_loss,50504468.0
PPO_4,1012920,value_loss,495.8699951171875
PPO_4,1026720,value_loss,1727.7884521484375
PPO_4,1040520,value_loss,3794408.0
PPO_4,1054320,value_loss,47072700.0
PPO_4,1068120,value_loss,459.68011474609375
PPO_4,1081920,value_loss,1576.5052490234375
PPO_4,1095720,value_loss,2811114.5
PPO_4,1109520,value_loss,48351268.0
PPO_4,1123320,value_loss,492.1606750488281
PPO_4,1137120,value_loss,1465.255859375
PPO_4,1150920,value_loss,1766829.125
PPO_4,1164720,value_loss,45689892.0
PPO_4,1178520,value_loss,418.3936462402344
PPO_4,1192320,value_loss,1675.1915283203125
PPO_4,1206120,value_loss,1567503.625
PPO_4,1219920,value_loss,46691928.0
PPO_4,1233720,value_loss,549.5157470703125
PPO_4,1247520,value_loss,1686.553466796875
PPO_4,1261320,value_loss,1775626.0
PPO_4,1275120,value_loss,49054844.0
PPO_4,1288920,value_loss,559.3380737304688
PPO_4,1302720,value_loss,1993.0169677734375
PPO_4,1316520,value_loss,2264429.25
PPO_4,1330320,value_loss,48376768.0
PPO_4,1344120,value_loss,566.9287109375
PPO_4,1357920,value_loss,2069.638427734375
PPO_4,1371720,value_loss,1868904.125
PPO_4,1385520,value_loss,47144124.0
PPO_4,1399320,value_loss,519.832763671875
PPO_4,1413120,value_loss,1736.8514404296875
PPO_4,1426920,value_loss,2325092.0
PPO_4,1440720,value_loss,47642856.0
PPO_4,1454520,value_loss,505.0082092285156
PPO_4,1468320,value_loss,1791.61328125
PPO_4,1482120,value_loss,1958637.125
PPO_4,1495920,value_loss,48008768.0
PPO_4,1509720,value_loss,539.2217407226562
PPO_4,1523520,value_loss,1719.840576171875
PPO_4,1537320,value_loss,1455172.125
PPO_4,1551120,value_loss,45241532.0
PPO_4,1564920,value_loss,537.0023193359375
PPO_4,1578720,value_loss,1707.5020751953125
PPO_4,1592520,value_loss,1220843.75
PPO_4,1606320,value_loss,45349208.0
PPO_4,1620120,value_loss,466.6499328613281
PPO_4,1633920,value_loss,1846.5142822265625
PPO_4,1647720,value_loss,1473359.875
PPO_4,1661520,value_loss,45869892.0
PPO_4,1675320,value_loss,420.5611572265625
PPO_4,1689120,value_loss,1766.2735595703125
PPO_4,1702920,value_loss,1274184.25
PPO_4,1716720,value_loss,47590676.0
PPO_4,1730520,value_loss,375.29248046875
PPO_4,1744320,value_loss,1818.70361328125
PPO_4,1758120,value_loss,1363345.625
PPO_4,1771920,value_loss,45713248.0
PPO_4,1785720,value_loss,288.9228515625
PPO_4,1799520,value_loss,2316.487548828125
PPO_4,1813320,value_loss,1539642.25
PPO_4,1827120,value_loss,46529520.0
PPO_4,1843680,value_loss,1854.83544921875
PPO_4,1857480,value_loss,1485279.75
PPO_4,1871280,value_loss,46838848.0
PPO_4,1885080,value_loss,323.39764404296875
PPO_4,1898880,value_loss,1973.822509765625
PPO_4,1912680,value_loss,2204385.5
PPO_4,1926480,value_loss,49475404.0
PPO_4,1940280,value_loss,339.6647644042969
PPO_4,1954080,value_loss,1827.451904296875
PPO_4,1967880,value_loss,2338627.5
PPO_4,1981680,value_loss,50771424.0
PPO_4,1995480,value_loss,263.5556640625
PPO_4,2009280,value_loss,1748.3321533203125
PPO_4,2023080,value_loss,2430815.75
PPO_4,2036880,value_loss,50159168.0
PPO_4,2050680,value_loss,258.13714599609375
PPO_4,2064480,value_loss,1786.0089111328125
PPO_4,2078280,value_loss,1947849.25
PPO_4,2092080,value_loss,49860860.0
PPO_4,2105880,value_loss,191.7670440673828
PPO_4,2119680,value_loss,1282.8875732421875
PPO_4,2133480,value_loss,2724750.25
PPO_4,2147280,value_loss,48909748.0
PPO_4,2161080,value_loss,167.1396942138672
PPO_4,2174880,value_loss,1631.8909912109375
PPO_4,2188680,value_loss,2124160.75
PPO_4,2202480,value_loss,47542092.0
PPO_4,2216280,value_loss,231.77499389648438
PPO_4,2230080,value_loss,2066.694580078125
PPO_4,2243880,value_loss,2316740.0
PPO_4,2257680,value_loss,47805952.0
PPO_4,2271480,value_loss,293.95697021484375
PPO_4,2285280,value_loss,2152.887451171875
PPO_4,2299080,value_loss,1783640.125
PPO_4,2312880,value_loss,47152012.0
PPO_4,2326680,value_loss,249.60520935058594
PPO_4,2340480,value_loss,2325.353759765625
PPO_4,2354280,value_loss,1879086.5
PPO_4,2368080,value_loss,44726592.0
PPO_4,2381880,value_loss,139.60916137695312
PPO_4,2395680,value_loss,2391.302490234375
PPO_4,2409480,value_loss,2124075.75
PPO_4,2423280,value_loss,46168000.0
PPO_4,2437080,value_loss,268.80401611328125
PPO_4,2450880,value_loss,2379.926513671875
PPO_4,2464680,value_loss,1433658.0
PPO_4,2478480,value_loss,45605936.0
PPO_4,2492280,value_loss,227.1126251220703
PPO_4,2506080,value_loss,2147.71533203125
PPO_4,2519880,value_loss,1607178.625
PPO_4,2533680,value_loss,46577564.0
PPO_4,2547480,value_loss,200.09710693359375
PPO_4,2561280,value_loss,2516.587158203125
PPO_4,2575080,value_loss,1585608.25
PPO_4,2588880,value_loss,44150840.0
PPO_4,2602680,value_loss,127.9737319946289
PPO_4,2616480,value_loss,2597.622314453125
PPO_4,2630280,value_loss,1556065.5
PPO_4,2644080,value_loss,43797836.0
PPO_4,2657880,value_loss,82.68389129638672
PPO_4,2671680,value_loss,2608.99169921875
PPO_4,2685480,value_loss,1386174.125
PPO_4,2699280,value_loss,43972988.0
PPO_4,2713080,value_loss,156.37318420410156
PPO_4,2726880,value_loss,2479.056396484375
PPO_4,2740680,value_loss,1074569.625
PPO_4,2754480,value_loss,43096852.0
PPO_4,2768280,value_loss,241.82791137695312
PPO_4,2782080,value_loss,2235.832763671875
PPO_4,2795880,value_loss,961097.1875
PPO_4,2809680,value_loss,41860288.0
PPO_4,2823480,value_loss,246.2108154296875
PPO_4,2837280,value_loss,2287.41015625
PPO_4,2851080,value_loss,971448.4375
PPO_4,2864880,value_loss,42510240.0
PPO_4,2878680,value_loss,307.2738952636719
PPO_4,2892480,value_loss,2260.040771484375
PPO_4,2906280,value_loss,913106.3125
PPO_4,2920080,value_loss,41568760.0
PPO_4,2933880,value_loss,303.1682434082031
PPO_4,2947680,value_loss,2501.376953125
PPO_4,2961480,value_loss,860505.5625
PPO_4,2975280,value_loss,42039868.0
PPO_4,2989080,value_loss,382.365966796875
PPO_4,3002880,value_loss,2291.818359375
PPO_4,3016680,value_loss,831806.75
PPO_4,3030480,value_loss,42209988.0
PPO_4,3044280,value_loss,345.4172668457031
PPO_4,3058080,value_loss,2389.900390625
PPO_4,3071880,value_loss,813327.875
PPO_4,3085680,value_loss,42232708.0
PPO_4,3099480,value_loss,374.7638854980469
PPO_4,3113280,value_loss,2254.535888671875
PPO_4,3127080,value_loss,867156.75
PPO_4,3140880,value_loss,42924212.0
PPO_4,3154680,value_loss,374.92425537109375
PPO_4,3168480,value_loss,2140.460693359375
PPO_4,3182280,value_loss,815314.375
PPO_4,3196080,value_loss,42119508.0
PPO_4,3209880,value_loss,356.06756591796875
PPO_4,3223680,value_loss,2006.7576904296875
PPO_4,3237480,value_loss,1014109.6875
PPO_4,3251280,value_loss,42659616.0
PPO_4,3265080,value_loss,293.55096435546875
PPO_4,3278880,value_loss,2189.617919921875
PPO_4,3292680,value_loss,956026.3125
PPO_4,3306480,value_loss,43040660.0
PPO_4,3320280,value_loss,348.76055908203125
PPO_4,3334080,value_loss,2039.568359375
PPO_4,3347880,value_loss,1044879.0625
PPO_4,3361680,value_loss,42541092.0
PPO_4,3375480,value_loss,328.16748046875
PPO_4,3389280,value_loss,1943.5380859375
PPO_4,3403080,value_loss,1109133.0
PPO_4,3416880,value_loss,42363328.0
PPO_4,3430680,value_loss,323.4185485839844
PPO_4,3444480,value_loss,1644.2335205078125
PPO_4,3458280,value_loss,1233887.5
PPO_4,3472080,value_loss,45407944.0
PPO_4,3485880,value_loss,356.2701721191406
PPO_4,3499680,value_loss,1597.8997802734375
PPO_4,3513480,value_loss,1239654.625
PPO_4,3527280,value_loss,45770160.0
PPO_4,3541080,value_loss,364.46221923828125
PPO_4,3554880,value_loss,1667.3974609375
PPO_4,3568680,value_loss,1154038.125
PPO_4,3582480,value_loss,46079288.0
PPO_4,3596280,value_loss,350.34075927734375
PPO_4,3610080,value_loss,1753.7628173828125
PPO_4,3623880,value_loss,1664407.875
PPO_4,3637680,value_loss,47866024.0
PPO_4,3651480,value_loss,249.91664123535156
PPO_4,3665280,value_loss,1480.59130859375
PPO_4,3681840,value_loss,47419088.0
PPO_4,3695640,value_loss,278.0559387207031
PPO_4,3709440,value_loss,1433.3392333984375
PPO_4,3723240,value_loss,1665121.875
PPO_4,3737040,value_loss,46721044.0
PPO_4,3750840,value_loss,291.89190673828125
PPO_4,3764640,value_loss,1790.247314453125
PPO_4,3778440,value_loss,947295.75
PPO_4,3792240,value_loss,44201988.0
PPO_4,3806040,value_loss,300.5243225097656
PPO_4,3819840,value_loss,1695.81689453125
PPO_4,3833640,value_loss,1219023.0
PPO_4,3847440,value_loss,45186076.0
PPO_4,3861240,value_loss,274.11273193359375
PPO_4,3875040,value_loss,1726.145751953125
PPO_4,3888840,value_loss,1065351.0
PPO_4,3902640,value_loss,44302488.0
PPO_4,3916440,value_loss,284.4961242675781
PPO_4,3930240,value_loss,1958.3267822265625
PPO_4,3944040,value_loss,906325.0625
PPO_4,3957840,value_loss,41802236.0
PPO_4,3971640,value_loss,254.50241088867188
PPO_4,3985440,value_loss,2067.175537109375
PPO_4,3999240,value_loss,936695.4375
PPO_4,4013040,value_loss,42941584.0
PPO_4,4026840,value_loss,251.7469024658203
PPO_4,4040640,value_loss,2028.7745361328125
PPO_4,4054440,value_loss,1341430.625
PPO_4,4068240,value_loss,44182148.0
PPO_4,4082040,value_loss,208.20953369140625
PPO_4,4095840,value_loss,2019.6158447265625
PPO_4,4109640,value_loss,1102317.75
PPO_4,4123440,value_loss,44761616.0
PPO_4,4137240,value_loss,251.62725830078125
PPO_4,4151040,value_loss,2022.7042236328125
PPO_4,4164840,value_loss,1222359.875
PPO_4,4178640,value_loss,43238380.0
PPO_4,4192440,value_loss,140.13304138183594
PPO_4,4206240,value_loss,2268.04736328125
PPO_4,4220040,value_loss,1289320.625
PPO_4,4233840,value_loss,43857652.0
PPO_4,4247640,value_loss,73.54911804199219
PPO_4,4261440,value_loss,2297.4248046875
PPO_4,4275240,value_loss,1530235.125
PPO_4,4289040,value_loss,42700180.0
PPO_4,4302840,value_loss,80.26750183105469
PPO_4,4316640,value_loss,2483.79931640625
PPO_4,4330440,value_loss,1545814.5
PPO_4,4344240,value_loss,43483688.0
PPO_4,4358040,value_loss,132.61700439453125
PPO_4,4371840,value_loss,2071.349365234375
PPO_4,4385640,value_loss,2184713.75
PPO_4,4399440,value_loss,47052120.0
PPO_4,4413240,value_loss,97.35124206542969
PPO_4,4427040,value_loss,1868.633056640625
PPO_4,4440840,value_loss,2360080.25
PPO_4,4454640,value_loss,47441796.0
PPO_4,4468440,value_loss,175.58486938476562
PPO_4,4482240,value_loss,1766.1226806640625
PPO_4,4496040,value_loss,1618966.25
PPO_4,4509840,value_loss,45465008.0
PPO_4,4523640,value_loss,168.7396697998047
PPO_4,4537440,value_loss,1649.5299072265625
PPO_4,4551240,value_loss,1651096.875
PPO_4,4565040,value_loss,46775992.0
PPO_4,4578840,value_loss,218.98092651367188
PPO_4,4592640,value_loss,1621.4251708984375
PPO_4,4606440,value_loss,1757032.75
PPO_4,4620240,value_loss,48281652.0
PPO_4,4634040,value_loss,212.16986083984375
PPO_4,4647840,value_loss,1599.14306640625
PPO_4,4661640,value_loss,1844151.75
PPO_4,4675440,value_loss,45698400.0
PPO_4,4689240,value_loss,175.0852508544922
PPO_4,4703040,value_loss,1795.027587890625
PPO_4,4716840,value_loss,1448358.375
PPO_4,4730640,value_loss,44935588.0
PPO_4,4744440,value_loss,155.3957977294922
PPO_4,4758240,value_loss,1654.42822265625
PPO_4,4772040,value_loss,1317500.5
PPO_4,4785840,value_loss,43717612.0
PPO_4,4799640,value_loss,63.35818862915039
PPO_4,4813440,value_loss,1765.2799072265625
PPO_4,4827240,value_loss,1236155.0
PPO_4,4841040,value_loss,43193916.0
PPO_4,4854840,value_loss,63.865936279296875
PPO_4,4868640,value_loss,1942.380126953125
PPO_4,4882440,value_loss,1019861.0625
PPO_4,4896240,value_loss,39593808.0
PPO_4,4910040,value_loss,52.62991714477539
PPO_4,4923840,value_loss,2793.921630859375
PPO_4,4937640,value_loss,1123189.0
PPO_4,4951440,value_loss,40557056.0
PPO_4,4965240,value_loss,63.091182708740234
PPO_4,4979040,value_loss,2478.224853515625
PPO_4,4992840,value_loss,987631.8125
PPO_4,5006640,value_loss,40589480.0
PPO_4,5020440,value_loss,83.17866516113281
PPO_4,5034240,value_loss,2137.68603515625
PPO_4,5048040,value_loss,865884.5
PPO_4,5061840,value_loss,41673624.0
PPO_4,5075640,value_loss,106.61953735351562
PPO_4,5089440,value_loss,1982.8714599609375
PPO_4,5103240,value_loss,939903.9375
PPO_4,5117040,value_loss,42142288.0
PPO_4,5130840,value_loss,86.19507598876953
PPO_4,5144640,value_loss,1886.58544921875
PPO_4,5158440,value_loss,1040858.8125
PPO_4,5172240,value_loss,42266084.0
PPO_4,5186040,value_loss,34.8841552734375
PPO_4,5199840,value_loss,1807.9339599609375
PPO_4,5213640,value_loss,1067297.625
PPO_4,5227440,value_loss,42978916.0
PPO_4,5241240,value_loss,82.42918395996094
PPO_4,5255040,value_loss,1660.10205078125
PPO_4,5268840,value_loss,1249380.125
PPO_4,5282640,value_loss,43463992.0
PPO_4,5296440,value_loss,52.377967834472656
PPO_4,5310240,value_loss,1881.4375
PPO_4,5324040,value_loss,1016243.3125
PPO_4,5337840,value_loss,42260316.0
PPO_4,5351640,value_loss,65.71537780761719
PPO_4,5365440,value_loss,1890.53369140625
PPO_4,5379240,value_loss,1048180.5625
PPO_4,5393040,value_loss,43143756.0
PPO_4,5406840,value_loss,106.79485321044922
PPO_4,5420640,value_loss,1761.02001953125
PPO_4,5434440,value_loss,1132662.125
PPO_4,5448240,value_loss,45419356.0
PPO_4,5462040,value_loss,102.05674743652344
PPO_4,5475840,value_loss,1573.6759033203125
PPO_4,5489640,value_loss,1421354.625
PPO_4,5503440,value_loss,46495832.0
PPO_4,5520000,value_loss,1529.5626220703125
PPO_4,5520,explained_variance,-1.7881393432617188e-06
PPO_4,19320,explained_variance,0.004128158092498779
PPO_4,33120,explained_variance,9.79304313659668e-05
PPO_4,46920,explained_variance,0.0019345283508300781
PPO_4,60720,explained_variance,0.0029602646827697754
PPO_4,74520,explained_variance,-1.1920928955078125e-07
PPO_4,88320,explained_variance,0.0
PPO_4,102120,explained_variance,0.002736210823059082
PPO_4,115920,explained_variance,0.0032185912132263184
PPO_4,129720,explained_variance,0.0
PPO_4,143520,explained_variance,-1.1920928955078125e-07
PPO_4,157320,explained_variance,0.0027944445610046387
PPO_4,171120,explained_variance,0.0031935572624206543
PPO_4,184920,explained_variance,0.0
PPO_4,198720,explained_variance,0.0
PPO_4,212520,explained_variance,0.0028471946716308594
PPO_4,226320,explained_variance,0.003120243549346924
PPO_4,240120,explained_variance,0.0
PPO_4,253920,explained_variance,0.0
PPO_4,267720,explained_variance,0.002825498580932617
PPO_4,281520,explained_variance,0.0031304359436035156
PPO_4,295320,explained_variance,0.0
PPO_4,309120,explained_variance,0.0
PPO_4,322920,explained_variance,0.0029050707817077637
PPO_4,336720,explained_variance,0.003217041492462158
PPO_4,350520,explained_variance,0.0
PPO_4,364320,explained_variance,0.0
PPO_4,378120,explained_variance,0.0027780532836914062
PPO_4,391920,explained_variance,0.003109157085418701
PPO_4,405720,explained_variance,0.0
PPO_4,419520,explained_variance,-1.1920928955078125e-07
PPO_4,433320,explained_variance,0.0026884078979492188
PPO_4,447120,explained_variance,0.0037850141525268555
PPO_4,460920,explained_variance,0.0
PPO_4,474720,explained_variance,-2.384185791015625e-07
PPO_4,488520,explained_variance,0.003776371479034424
PPO_4,502320,explained_variance,0.004030764102935791
PPO_4,516120,explained_variance,0.0
PPO_4,529920,explained_variance,0.0
PPO_4,543720,explained_variance,0.003996431827545166
PPO_4,557520,explained_variance,0.0038588643074035645
PPO_4,571320,explained_variance,0.0
PPO_4,585120,explained_variance,0.0
PPO_4,598920,explained_variance,0.00393909215927124
PPO_4,612720,explained_variance,0.0037466883659362793
PPO_4,626520,explained_variance,0.0
PPO_4,640320,explained_variance,-1.1920928955078125e-07
PPO_4,654120,explained_variance,0.003496110439300537
PPO_4,667920,explained_variance,0.0035611391067504883
PPO_4,681720,explained_variance,1.1920928955078125e-07
PPO_4,695520,explained_variance,0.0
PPO_4,709320,explained_variance,0.0036968588829040527
PPO_4,723120,explained_variance,0.0035008788108825684
PPO_4,736920,explained_variance,1.7881393432617188e-07
PPO_4,750720,explained_variance,0.0
PPO_4,764520,explained_variance,0.0051424503326416016
PPO_4,778320,explained_variance,0.004453480243682861
PPO_4,792120,explained_variance,0.0
PPO_4,805920,explained_variance,0.0
PPO_4,819720,explained_variance,0.011121690273284912
PPO_4,833520,explained_variance,0.00488126277923584
PPO_4,847320,explained_variance,0.0
PPO_4,861120,explained_variance,0.0
PPO_4,874920,explained_variance,0.014762341976165771
PPO_4,888720,explained_variance,0.004304945468902588
PPO_4,902520,explained_variance,0.0
PPO_4,916320,explained_variance,0.0
PPO_4,930120,explained_variance,0.01348346471786499
PPO_4,943920,explained_variance,0.003938853740692139
PPO_4,957720,explained_variance,-1.1920928955078125e-07
PPO_4,971520,explained_variance,1.1920928955078125e-07
PPO_4,985320,explained_variance,0.011854827404022217
PPO_4,999120,explained_variance,0.003625154495239258
PPO_4,1012920,explained_variance,0.0
PPO_4,1026720,explained_variance,1.1920928955078125e-07
PPO_4,1040520,explained_variance,0.015759050846099854
PPO_4,1054320,explained_variance,0.0033348798751831055
PPO_4,1068120,explained_variance,0.0
PPO_4,1081920,explained_variance,0.0
PPO_4,1095720,explained_variance,0.016800343990325928
PPO_4,1109520,explained_variance,0.002971172332763672
PPO_4,1123320,explained_variance,0.0
PPO_4,1137120,explained_variance,0.0
PPO_4,1150920,explained_variance,0.01973944902420044
PPO_4,1164720,explained_variance,0.0027865171432495117
PPO_4,1178520,explained_variance,0.0
PPO_4,1192320,explained_variance,1.1920928955078125e-07
PPO_4,1206120,explained_variance,0.019600272178649902
PPO_4,1219920,explained_variance,0.0025930404663085938
PPO_4,1233720,explained_variance,0.0
PPO_4,1247520,explained_variance,0.0
PPO_4,1261320,explained_variance,0.017647981643676758
PPO_4,1275120,explained_variance,0.0024521946907043457
PPO_4,1288920,explained_variance,0.0
PPO_4,1302720,explained_variance,0.0
PPO_4,1316520,explained_variance,0.014969706535339355
PPO_4,1330320,explained_variance,0.0024158358573913574
PPO_4,1344120,explained_variance,0.0
PPO_4,1357920,explained_variance,0.0
PPO_4,1371720,explained_variance,0.016281545162200928
PPO_4,1385520,explained_variance,0.0024088621139526367
PPO_4,1399320,explained_variance,0.0
PPO_4,1413120,explained_variance,0.0
PPO_4,1426920,explained_variance,0.014111042022705078
PPO_4,1440720,explained_variance,0.0023355484008789062
PPO_4,1454520,explained_variance,-1.1920928955078125e-07
PPO_4,1468320,explained_variance,-1.1920928955078125e-07
PPO_4,1482120,explained_variance,0.015183687210083008
PPO_4,1495920,explained_variance,0.0022757649421691895
PPO_4,1509720,explained_variance,5.960464477539063e-08
PPO_4,1523520,explained_variance,0.0
PPO_4,1537320,explained_variance,0.017711639404296875
PPO_4,1551120,explained_variance,0.0023088455200195312
PPO_4,1564920,explained_variance,0.0
PPO_4,1578720,explained_variance,-1.1920928955078125e-07
PPO_4,1592520,explained_variance,0.019131183624267578
PPO_4,1606320,explained_variance,0.002249300479888916
PPO_4,1620120,explained_variance,1.1920928955078125e-07
PPO_4,1633920,explained_variance,-2.384185791015625e-07
PPO_4,1647720,explained_variance,0.016860127449035645
PPO_4,1661520,explained_variance,0.0022060275077819824
PPO_4,1675320,explained_variance,0.0
PPO_4,1689120,explained_variance,0.0
PPO_4,1702920,explained_variance,0.018195033073425293
PPO_4,1716720,explained_variance,0.002142608165740967
PPO_4,1730520,explained_variance,0.0
PPO_4,1744320,explained_variance,0.0
PPO_4,1758120,explained_variance,0.01718008518218994
PPO_4,1771920,explained_variance,0.0021588802337646484
PPO_4,1785720,explained_variance,0.0
PPO_4,1799520,explained_variance,0.0
PPO_4,1813320,explained_variance,0.015729248523712158
PPO_4,1827120,explained_variance,0.0021119117736816406
PPO_4,1843680,explained_variance,0.0
PPO_4,1857480,explained_variance,0.01604461669921875
PPO_4,1871280,explained_variance,0.0020918846130371094
PPO_4,1885080,explained_variance,0.0
PPO_4,1898880,explained_variance,0.0
PPO_4,1912680,explained_variance,0.012584209442138672
PPO_4,1926480,explained_variance,0.0020082592964172363
PPO_4,1940280,explained_variance,0.0
PPO_4,1954080,explained_variance,0.0
PPO_4,1967880,explained_variance,0.01189732551574707
PPO_4,1981680,explained_variance,0.0019455552101135254
PPO_4,1995480,explained_variance,0.0
PPO_4,2009280,explained_variance,2.384185791015625e-07
PPO_4,2023080,explained_variance,0.011492133140563965
PPO_4,2036880,explained_variance,0.001937568187713623
PPO_4,2050680,explained_variance,0.0
PPO_4,2064480,explained_variance,0.0
PPO_4,2078280,explained_variance,0.013004481792449951
PPO_4,2092080,explained_variance,0.0019275546073913574
PPO_4,2105880,explained_variance,0.0
PPO_4,2119680,explained_variance,0.0
PPO_4,2133480,explained_variance,0.010586798191070557
PPO_4,2147280,explained_variance,0.001936197280883789
PPO_4,2161080,explained_variance,0.0
PPO_4,2174880,explained_variance,0.0
PPO_4,2188680,explained_variance,0.012199580669403076
PPO_4,2202480,explained_variance,0.001959383487701416
PPO_4,2216280,explained_variance,0.0
PPO_4,2230080,explained_variance,0.0
PPO_4,2243880,explained_variance,0.011542022228240967
PPO_4,2257680,explained_variance,0.0019453763961791992
PPO_4,2271480,explained_variance,0.0
PPO_4,2285280,explained_variance,0.0
PPO_4,2299080,explained_variance,0.013292431831359863
PPO_4,2312880,explained_variance,0.0019311904907226562
PPO_4,2326680,explained_variance,0.0
PPO_4,2340480,explained_variance,-1.1920928955078125e-07
PPO_4,2354280,explained_variance,0.01270449161529541
PPO_4,2368080,explained_variance,0.0019758939743041992
PPO_4,2381880,explained_variance,-1.1920928955078125e-07
PPO_4,2395680,explained_variance,0.0
PPO_4,2409480,explained_variance,0.011681914329528809
PPO_4,2423280,explained_variance,0.0019325613975524902
PPO_4,2437080,explained_variance,-1.1920928955078125e-07
PPO_4,2450880,explained_variance,-1.1920928955078125e-07
PPO_4,2464680,explained_variance,0.014720618724822998
PPO_4,2478480,explained_variance,0.0019268989562988281
PPO_4,2492280,explained_variance,0.0
PPO_4,2506080,explained_variance,0.0
PPO_4,2519880,explained_variance,0.013778150081634521
PPO_4,2533680,explained_variance,0.0018987655639648438
PPO_4,2547480,explained_variance,0.0
PPO_4,2561280,explained_variance,0.0
PPO_4,2575080,explained_variance,0.013668179512023926
PPO_4,2588880,explained_variance,0.001954197883605957
PPO_4,2602680,explained_variance,0.0
PPO_4,2616480,explained_variance,0.0
PPO_4,2630280,explained_variance,0.013792991638183594
PPO_4,2644080,explained_variance,0.0019599199295043945
PPO_4,2657880,explained_variance,0.0
PPO_4,2671680,explained_variance,0.0
PPO_4,2685480,explained_variance,0.01470482349395752
PPO_4,2699280,explained_variance,0.0019521713256835938
PPO_4,2713080,explained_variance,0.0
PPO_4,2726880,explained_variance,-1.1920928955078125e-07
PPO_4,2740680,explained_variance,0.017078161239624023
PPO_4,2754480,explained_variance,0.001965939998626709
PPO_4,2768280,explained_variance,0.0
PPO_4,2782080,explained_variance,0.0
PPO_4,2795880,explained_variance,0.018108248710632324
PPO_4,2809680,explained_variance,0.0019946694374084473
PPO_4,2823480,explained_variance,0.0
PPO_4,2837280,explained_variance,0.0
PPO_4,2851080,explained_variance,0.01791006326675415
PPO_4,2864880,explained_variance,0.0019699931144714355
PPO_4,2878680,explained_variance,0.0
PPO_4,2892480,explained_variance,-1.1920928955078125e-07
PPO_4,2906280,explained_variance,0.018355906009674072
PPO_4,2920080,explained_variance,0.0019797682762145996
PPO_4,2933880,explained_variance,0.0
PPO_4,2947680,explained_variance,-1.1920928955078125e-07
PPO_4,2961480,explained_variance,0.019021213054656982
PPO_4,2975280,explained_variance,0.001962006092071533
PPO_4,2989080,explained_variance,0.0
PPO_4,3002880,explained_variance,0.0
PPO_4,3016680,explained_variance,0.019223153591156006
PPO_4,3030480,explained_variance,0.0019425749778747559
PPO_4,3044280,explained_variance,0.0
PPO_4,3058080,explained_variance,0.0
PPO_4,3071880,explained_variance,0.01941913366317749
PPO_4,3085680,explained_variance,0.0019398331642150879
PPO_4,3099480,explained_variance,0.0
PPO_4,3113280,explained_variance,0.0
PPO_4,3127080,explained_variance,0.018733322620391846
PPO_4,3140880,explained_variance,0.001919865608215332
PPO_4,3154680,explained_variance,0.0
PPO_4,3168480,explained_variance,0.0
PPO_4,3182280,explained_variance,0.01932471990585327
PPO_4,3196080,explained_variance,0.001937270164489746
PPO_4,3209880,explained_variance,1.1920928955078125e-07
PPO_4,3223680,explained_variance,-2.384185791015625e-07
PPO_4,3237480,explained_variance,0.01689767837524414
PPO_4,3251280,explained_variance,0.001908719539642334
PPO_4,3265080,explained_variance,0.0
PPO_4,3278880,explained_variance,0.0
PPO_4,3292680,explained_variance,0.017426788806915283
PPO_4,3306480,explained_variance,0.0018912553787231445
PPO_4,3320280,explained_variance,-1.1920928955078125e-07
PPO_4,3334080,explained_variance,-1.1920928955078125e-07
PPO_4,3347880,explained_variance,0.016550660133361816
PPO_4,3361680,explained_variance,0.0019050240516662598
PPO_4,3375480,explained_variance,0.0
PPO_4,3389280,explained_variance,0.0
PPO_4,3403080,explained_variance,0.015933096408843994
PPO_4,3416880,explained_variance,0.0019016265869140625
PPO_4,3430680,explained_variance,0.0
PPO_4,3444480,explained_variance,-1.1920928955078125e-07
PPO_4,3458280,explained_variance,0.0149880051612854
PPO_4,3472080,explained_variance,0.0018197298049926758
PPO_4,3485880,explained_variance,0.0
PPO_4,3499680,explained_variance,0.0
PPO_4,3513480,explained_variance,0.015026092529296875
PPO_4,3527280,explained_variance,0.001817166805267334
PPO_4,3541080,explained_variance,0.0
PPO_4,3554880,explained_variance,-1.1920928955078125e-07
PPO_4,3568680,explained_variance,0.01559537649154663
PPO_4,3582480,explained_variance,0.0018031597137451172
PPO_4,3596280,explained_variance,0.0
PPO_4,3610080,explained_variance,0.0
PPO_4,3623880,explained_variance,0.0126723051071167
PPO_4,3637680,explained_variance,0.0017603039741516113
PPO_4,3651480,explained_variance,0.0
PPO_4,3665280,explained_variance,0.0
PPO_4,3681840,explained_variance,0.0017631053924560547
PPO_4,3695640,explained_variance,-1.1920928955078125e-07
PPO_4,3709440,explained_variance,-1.1920928955078125e-07
PPO_4,3723240,explained_variance,0.0124664306640625
PPO_4,3737040,explained_variance,0.001768648624420166
PPO_4,3750840,explained_variance,0.0
PPO_4,3764640,explained_variance,-1.1920928955078125e-07
PPO_4,3778440,explained_variance,0.017163336277008057
PPO_4,3792240,explained_variance,0.0018196702003479004
PPO_4,3806040,explained_variance,0.0
PPO_4,3819840,explained_variance,0.0
PPO_4,3833640,explained_variance,0.01489323377609253
PPO_4,3847440,explained_variance,0.0018036365509033203
PPO_4,3861240,explained_variance,0.0
PPO_4,3875040,explained_variance,-1.1920928955078125e-07
PPO_4,3888840,explained_variance,0.01614302396774292
PPO_4,3902640,explained_variance,0.001826643943786621
PPO_4,3916440,explained_variance,-1.1920928955078125e-07
PPO_4,3930240,explained_variance,1.7881393432617188e-07
PPO_4,3944040,explained_variance,0.017484962940216064
PPO_4,3957840,explained_variance,0.0018715858459472656
PPO_4,3971640,explained_variance,0.0
PPO_4,3985440,explained_variance,0.0
PPO_4,3999240,explained_variance,0.017138898372650146
PPO_4,4013040,explained_variance,0.0018419623374938965
PPO_4,4026840,explained_variance,0.0
PPO_4,4040640,explained_variance,0.0
PPO_4,4054440,explained_variance,0.013959169387817383
PPO_4,4068240,explained_variance,0.0018149018287658691
PPO_4,4082040,explained_variance,0.0
PPO_4,4095840,explained_variance,0.0
PPO_4,4109640,explained_variance,0.015600621700286865
PPO_4,4123440,explained_variance,0.0018004179000854492
PPO_4,4137240,explained_variance,1.1920928955078125e-07
PPO_4,4151040,explained_variance,-1.1920928955078125e-07
PPO_4,4164840,explained_variance,0.014781475067138672
PPO_4,4178640,explained_variance,0.0018460750579833984
PPO_4,4192440,explained_variance,-1.1920928955078125e-07
PPO_4,4206240,explained_variance,-1.1920928955078125e-07
PPO_4,4220040,explained_variance,0.01435089111328125
PPO_4,4233840,explained_variance,0.001836240291595459
PPO_4,4247640,explained_variance,1.1920928955078125e-07
PPO_4,4261440,explained_variance,0.0
PPO_4,4275240,explained_variance,0.012979865074157715
PPO_4,4289040,explained_variance,0.0018693804740905762
PPO_4,4302840,explained_variance,0.0
PPO_4,4316640,explained_variance,0.0
PPO_4,4330440,explained_variance,0.012956976890563965
PPO_4,4344240,explained_variance,0.0018552541732788086
PPO_4,4358040,explained_variance,1.7881393432617188e-07
PPO_4,4371840,explained_variance,0.0
PPO_4,4385640,explained_variance,0.010568082332611084
PPO_4,4399440,explained_variance,0.0017622709274291992
PPO_4,4413240,explained_variance,0.0
PPO_4,4427040,explained_variance,-2.384185791015625e-07
PPO_4,4440840,explained_variance,0.010119497776031494
PPO_4,4454640,explained_variance,0.0017560124397277832
PPO_4,4468440,explained_variance,0.0
PPO_4,4482240,explained_variance,0.0
PPO_4,4496040,explained_variance,0.012674450874328613
PPO_4,4509840,explained_variance,0.0018007755279541016
PPO_4,4523640,explained_variance,0.0
PPO_4,4537440,explained_variance,1.1920928955078125e-07
PPO_4,4551240,explained_variance,0.012492060661315918
PPO_4,4565040,explained_variance,0.001766979694366455
PPO_4,4578840,explained_variance,0.0
PPO_4,4592640,explained_variance,-1.1920928955078125e-07
PPO_4,4606440,explained_variance,0.012048125267028809
PPO_4,4620240,explained_variance,0.0017251968383789062
PPO_4,4634040,explained_variance,0.0
PPO_4,4647840,explained_variance,1.7881393432617188e-07
PPO_4,4661640,explained_variance,0.011693000793457031
PPO_4,4675440,explained_variance,0.0017884373664855957
PPO_4,4689240,explained_variance,0.0
PPO_4,4703040,explained_variance,0.0
PPO_4,4716840,explained_variance,0.01333385705947876
PPO_4,4730640,explained_variance,0.0017926692962646484
PPO_4,4744440,explained_variance,-1.1920928955078125e-07
PPO_4,4758240,explained_variance,0.0
PPO_4,4772040,explained_variance,0.013961076736450195
PPO_4,4785840,explained_variance,0.0018056035041809082
PPO_4,4799640,explained_variance,5.960464477539063e-08
PPO_4,4813440,explained_variance,0.0
PPO_4,4827240,explained_variance,0.014402627944946289
PPO_4,4841040,explained_variance,0.0018192529678344727
PPO_4,4854840,explained_variance,0.0
PPO_4,4868640,explained_variance,0.0
PPO_4,4882440,explained_variance,0.016107559204101562
PPO_4,4896240,explained_variance,0.001929938793182373
PPO_4,4910040,explained_variance,-1.1920928955078125e-07
PPO_4,4923840,explained_variance,1.1920928955078125e-07
PPO_4,4937640,explained_variance,0.023503899574279785
PPO_4,4951440,explained_variance,0.002846360206604004
PPO_4,4965240,explained_variance,0.0
PPO_4,4979040,explained_variance,-1.1920928955078125e-07
PPO_4,4992840,explained_variance,0.02515876293182373
PPO_4,5006640,explained_variance,0.0028354525566101074
PPO_4,5020440,explained_variance,0.0
PPO_4,5034240,explained_variance,0.0
PPO_4,5048040,explained_variance,0.0269966721534729
PPO_4,5061840,explained_variance,0.0027825236320495605
PPO_4,5075640,explained_variance,0.0
PPO_4,5089440,explained_variance,0.0
PPO_4,5103240,explained_variance,0.02575361728668213
PPO_4,5117040,explained_variance,0.002759099006652832
PPO_4,5130840,explained_variance,0.0
PPO_4,5144640,explained_variance,0.0
PPO_4,5158440,explained_variance,0.02407008409500122
PPO_4,5172240,explained_variance,0.002743542194366455
PPO_4,5186040,explained_variance,0.0
PPO_4,5199840,explained_variance,-1.1920928955078125e-07
PPO_4,5213640,explained_variance,0.023817002773284912
PPO_4,5227440,explained_variance,0.002720355987548828
PPO_4,5241240,explained_variance,0.0
PPO_4,5255040,explained_variance,-2.384185791015625e-07
PPO_4,5268840,explained_variance,0.021753370761871338
PPO_4,5282640,explained_variance,0.0026943087577819824
PPO_4,5296440,explained_variance,0.0
PPO_4,5310240,explained_variance,0.0
PPO_4,5324040,explained_variance,0.024391651153564453
PPO_4,5337840,explained_variance,0.0027350783348083496
PPO_4,5351640,explained_variance,0.0
PPO_4,5365440,explained_variance,0.0
PPO_4,5379240,explained_variance,0.023959755897521973
PPO_4,5393040,explained_variance,0.002703070640563965
PPO_4,5406840,explained_variance,0.0
PPO_4,5420640,explained_variance,0.0
PPO_4,5434440,explained_variance,0.023030996322631836
PPO_4,5448240,explained_variance,0.0026175379753112793
PPO_4,5462040,explained_variance,0.0
PPO_4,5475840,explained_variance,0.0
PPO_4,5489640,explained_variance,0.020111501216888428
PPO_4,5503440,explained_variance,0.0025725960731506348
PPO_4,5520000,explained_variance,0.0
PPO_4,5520,entropy,-4.272090911865234
PPO_4,19320,entropy,-4.272526264190674
PPO_4,33120,entropy,-4.201295375823975
PPO_4,46920,entropy,-4.234207630157471
PPO_4,60720,entropy,-4.146161079406738
PPO_4,74520,entropy,-4.142381191253662
PPO_4,88320,entropy,-4.085407733917236
PPO_4,102120,entropy,-4.083350658416748
PPO_4,115920,entropy,-4.091375827789307
PPO_4,129720,entropy,-4.076926231384277
PPO_4,143520,entropy,-4.037018775939941
PPO_4,157320,entropy,-4.004986763000488
PPO_4,171120,entropy,-4.019284248352051
PPO_4,184920,entropy,-4.030191421508789
PPO_4,198720,entropy,-4.036088943481445
PPO_4,212520,entropy,-4.020500183105469
PPO_4,226320,entropy,-4.02105188369751
PPO_4,240120,entropy,-4.038997173309326
PPO_4,253920,entropy,-4.106090545654297
PPO_4,267720,entropy,-4.1153669357299805
PPO_4,281520,entropy,-4.121649265289307
PPO_4,295320,entropy,-4.160123825073242
PPO_4,309120,entropy,-4.169152736663818
PPO_4,322920,entropy,-4.149036407470703
PPO_4,336720,entropy,-4.10767126083374
PPO_4,350520,entropy,-4.130833625793457
PPO_4,364320,entropy,-4.102171897888184
PPO_4,378120,entropy,-4.120112419128418
PPO_4,391920,entropy,-4.123127460479736
PPO_4,405720,entropy,-4.128139019012451
PPO_4,419520,entropy,-4.156975269317627
PPO_4,433320,entropy,-4.090297222137451
PPO_4,447120,entropy,-4.070515155792236
PPO_4,460920,entropy,-3.9906702041625977
PPO_4,474720,entropy,-3.9943957328796387
PPO_4,488520,entropy,-3.9644241333007812
PPO_4,502320,entropy,-3.948690891265869
PPO_4,516120,entropy,-3.9374899864196777
PPO_4,529920,entropy,-3.909214735031128
PPO_4,543720,entropy,-3.8765859603881836
PPO_4,557520,entropy,-3.879390239715576
PPO_4,571320,entropy,-3.8415474891662598
PPO_4,585120,entropy,-3.7837865352630615
PPO_4,598920,entropy,-3.756361246109009
PPO_4,612720,entropy,-3.7104032039642334
PPO_4,626520,entropy,-3.6601433753967285
PPO_4,640320,entropy,-3.6119837760925293
PPO_4,654120,entropy,-3.55867338180542
PPO_4,667920,entropy,-3.5608437061309814
PPO_4,681720,entropy,-3.6052725315093994
PPO_4,695520,entropy,-3.533252000808716
PPO_4,709320,entropy,-3.5136842727661133
PPO_4,723120,entropy,-3.5178844928741455
PPO_4,736920,entropy,-3.5418009757995605
PPO_4,750720,entropy,-3.5745577812194824
PPO_4,764520,entropy,-3.6370761394500732
PPO_4,778320,entropy,-3.694394588470459
PPO_4,792120,entropy,-3.6942431926727295
PPO_4,805920,entropy,-3.8033740520477295
PPO_4,819720,entropy,-3.7712485790252686
PPO_4,833520,entropy,-3.7111685276031494
PPO_4,847320,entropy,-3.6464407444000244
PPO_4,861120,entropy,-3.5585312843322754
PPO_4,874920,entropy,-3.487123966217041
PPO_4,888720,entropy,-3.436359167098999
PPO_4,902520,entropy,-3.348193645477295
PPO_4,916320,entropy,-3.2304039001464844
PPO_4,930120,entropy,-3.151388645172119
PPO_4,943920,entropy,-3.0651285648345947
PPO_4,957720,entropy,-2.940147638320923
PPO_4,971520,entropy,-2.7985551357269287
PPO_4,985320,entropy,-2.7065236568450928
PPO_4,999120,entropy,-2.630702257156372
PPO_4,1012920,entropy,-2.5460286140441895
PPO_4,1026720,entropy,-2.449667453765869
PPO_4,1040520,entropy,-2.3771300315856934
PPO_4,1054320,entropy,-2.337451219558716
PPO_4,1068120,entropy,-2.271505832672119
PPO_4,1081920,entropy,-2.179725170135498
PPO_4,1095720,entropy,-2.0888783931732178
PPO_4,1109520,entropy,-2.0187392234802246
PPO_4,1123320,entropy,-1.9497305154800415
PPO_4,1137120,entropy,-1.9275248050689697
PPO_4,1150920,entropy,-1.8800230026245117
PPO_4,1164720,entropy,-1.8182460069656372
PPO_4,1178520,entropy,-1.7253116369247437
PPO_4,1192320,entropy,-1.7035081386566162
PPO_4,1206120,entropy,-1.7151539325714111
PPO_4,1219920,entropy,-1.6858782768249512
PPO_4,1233720,entropy,-1.5752209424972534
PPO_4,1247520,entropy,-1.5389447212219238
PPO_4,1261320,entropy,-1.500138521194458
PPO_4,1275120,entropy,-1.516353726387024
PPO_4,1288920,entropy,-1.487646460533142
PPO_4,1302720,entropy,-1.415468692779541
PPO_4,1316520,entropy,-1.3262795209884644
PPO_4,1330320,entropy,-1.3194005489349365
PPO_4,1344120,entropy,-1.2734220027923584
PPO_4,1357920,entropy,-1.2688215970993042
PPO_4,1371720,entropy,-1.2232372760772705
PPO_4,1385520,entropy,-1.1927109956741333
PPO_4,1399320,entropy,-1.1816810369491577
PPO_4,1413120,entropy,-1.1688653230667114
PPO_4,1426920,entropy,-1.1434969902038574
PPO_4,1440720,entropy,-1.1031736135482788
PPO_4,1454520,entropy,-1.087699055671692
PPO_4,1468320,entropy,-1.0583851337432861
PPO_4,1482120,entropy,-1.0696479082107544
PPO_4,1495920,entropy,-1.0585190057754517
PPO_4,1509720,entropy,-1.0471229553222656
PPO_4,1523520,entropy,-1.024752140045166
PPO_4,1537320,entropy,-0.9444091320037842
PPO_4,1551120,entropy,-0.9531813859939575
PPO_4,1564920,entropy,-1.0190035104751587
PPO_4,1578720,entropy,-1.100127935409546
PPO_4,1592520,entropy,-1.0662124156951904
PPO_4,1606320,entropy,-1.010349154472351
PPO_4,1620120,entropy,-1.0511906147003174
PPO_4,1633920,entropy,-1.079198956489563
PPO_4,1647720,entropy,-1.051660180091858
PPO_4,1661520,entropy,-1.0209696292877197
PPO_4,1675320,entropy,-0.9791755676269531
PPO_4,1689120,entropy,-0.9711096286773682
PPO_4,1702920,entropy,-0.9335743188858032
PPO_4,1716720,entropy,-0.9144836664199829
PPO_4,1730520,entropy,-0.8588092923164368
PPO_4,1744320,entropy,-0.8917202353477478
PPO_4,1758120,entropy,-0.8932989239692688
PPO_4,1771920,entropy,-0.8332177996635437
PPO_4,1785720,entropy,-0.7119908928871155
PPO_4,1799520,entropy,-0.6666228771209717
PPO_4,1813320,entropy,-0.6266621947288513
PPO_4,1827120,entropy,-0.5599908232688904
PPO_4,1843680,entropy,-0.5185399055480957
PPO_4,1857480,entropy,-0.49143102765083313
PPO_4,1871280,entropy,-0.4605083465576172
PPO_4,1885080,entropy,-0.46368613839149475
PPO_4,1898880,entropy,-0.43832090497016907
PPO_4,1912680,entropy,-0.3868520259857178
PPO_4,1926480,entropy,-0.34499064087867737
PPO_4,1940280,entropy,-0.3313124477863312
PPO_4,1954080,entropy,-0.3545171022415161
PPO_4,1967880,entropy,-0.3598390221595764
PPO_4,1981680,entropy,-0.34766778349876404
PPO_4,1995480,entropy,-0.3608957529067993
PPO_4,2009280,entropy,-0.28547751903533936
PPO_4,2023080,entropy,-0.3329520523548126
PPO_4,2036880,entropy,-0.39187169075012207
PPO_4,2050680,entropy,-0.3756578266620636
PPO_4,2064480,entropy,-0.2860468327999115
PPO_4,2078280,entropy,-0.3098510205745697
PPO_4,2092080,entropy,-0.25325652956962585
PPO_4,2105880,entropy,-0.22135059535503387
PPO_4,2119680,entropy,-0.24746544659137726
PPO_4,2133480,entropy,-0.223501518368721
PPO_4,2147280,entropy,-0.22060918807983398
PPO_4,2161080,entropy,-0.13278740644454956
PPO_4,2174880,entropy,-0.08600502461194992
PPO_4,2188680,entropy,-0.03588942438364029
PPO_4,2202480,entropy,-0.026542412117123604
PPO_4,2216280,entropy,0.015670644119381905
PPO_4,2230080,entropy,0.041909996420145035
PPO_4,2243880,entropy,0.0349961556494236
PPO_4,2257680,entropy,-0.008045654743909836
PPO_4,2271480,entropy,0.04879653453826904
PPO_4,2285280,entropy,0.031758155673742294
PPO_4,2299080,entropy,0.007371776271611452
PPO_4,2312880,entropy,0.047158848494291306
PPO_4,2326680,entropy,0.03529144823551178
PPO_4,2340480,entropy,0.02046056091785431
PPO_4,2354280,entropy,0.0694057047367096
PPO_4,2368080,entropy,0.10288417339324951
PPO_4,2381880,entropy,0.21013213694095612
PPO_4,2395680,entropy,0.3034617006778717
PPO_4,2409480,entropy,0.36642593145370483
PPO_4,2423280,entropy,0.37814754247665405
PPO_4,2437080,entropy,0.38132017850875854
PPO_4,2450880,entropy,0.3894553780555725
PPO_4,2464680,entropy,0.4564609229564667
PPO_4,2478480,entropy,0.5000289678573608
PPO_4,2492280,entropy,0.5029799342155457
PPO_4,2506080,entropy,0.5126025080680847
PPO_4,2519880,entropy,0.5390511751174927
PPO_4,2533680,entropy,0.48947206139564514
PPO_4,2547480,entropy,0.5148938894271851
PPO_4,2561280,entropy,0.5076488256454468
PPO_4,2575080,entropy,0.5415710806846619
PPO_4,2588880,entropy,0.5950819849967957
PPO_4,2602680,entropy,0.6188727617263794
PPO_4,2616480,entropy,0.6364479064941406
PPO_4,2630280,entropy,0.6691732406616211
PPO_4,2644080,entropy,0.6682063341140747
PPO_4,2657880,entropy,0.5702637434005737
PPO_4,2671680,entropy,0.5305598378181458
PPO_4,2685480,entropy,0.5676293969154358
PPO_4,2699280,entropy,0.608017086982727
PPO_4,2713080,entropy,0.5271621346473694
PPO_4,2726880,entropy,0.4991348683834076
PPO_4,2740680,entropy,0.4982359707355499
PPO_4,2754480,entropy,0.4879949688911438
PPO_4,2768280,entropy,0.4522321820259094
PPO_4,2782080,entropy,0.44221651554107666
PPO_4,2795880,entropy,0.4153985381126404
PPO_4,2809680,entropy,0.3689813017845154
PPO_4,2823480,entropy,0.31755492091178894
PPO_4,2837280,entropy,0.30512577295303345
PPO_4,2851080,entropy,0.2913854122161865
PPO_4,2864880,entropy,0.33003705739974976
PPO_4,2878680,entropy,0.3540792465209961
PPO_4,2892480,entropy,0.3064405620098114
PPO_4,2906280,entropy,0.32224729657173157
PPO_4,2920080,entropy,0.379989355802536
PPO_4,2933880,entropy,0.38051101565361023
PPO_4,2947680,entropy,0.42148879170417786
PPO_4,2961480,entropy,0.37230661511421204
PPO_4,2975280,entropy,0.3840029537677765
PPO_4,2989080,entropy,0.37019601464271545
PPO_4,3002880,entropy,0.39569881558418274
PPO_4,3016680,entropy,0.4079040586948395
PPO_4,3030480,entropy,0.32494086027145386
PPO_4,3044280,entropy,0.35047832131385803
PPO_4,3058080,entropy,0.3319718837738037
PPO_4,3071880,entropy,0.33303576707839966
PPO_4,3085680,entropy,0.3521405756473541
PPO_4,3099480,entropy,0.3012215197086334
PPO_4,3113280,entropy,0.24844440817832947
PPO_4,3127080,entropy,0.24965950846672058
PPO_4,3140880,entropy,0.2293914407491684
PPO_4,3154680,entropy,0.204714834690094
PPO_4,3168480,entropy,0.1591612696647644
PPO_4,3182280,entropy,0.1722802370786667
PPO_4,3196080,entropy,0.1092597097158432
PPO_4,3209880,entropy,0.18299715220928192
PPO_4,3223680,entropy,0.15839925408363342
PPO_4,3237480,entropy,0.07869253307580948
PPO_4,3251280,entropy,0.03695670887827873
PPO_4,3265080,entropy,0.04366343840956688
PPO_4,3278880,entropy,-0.010195679031312466
PPO_4,3292680,entropy,-0.05375436693429947
PPO_4,3306480,entropy,-0.0778888538479805
PPO_4,3320280,entropy,-0.09308618307113647
PPO_4,3334080,entropy,-0.1342000961303711
PPO_4,3347880,entropy,-0.20849451422691345
PPO_4,3361680,entropy,-0.284985214471817
PPO_4,3375480,entropy,-0.2765744626522064
PPO_4,3389280,entropy,-0.3294093608856201
PPO_4,3403080,entropy,-0.33100590109825134
PPO_4,3416880,entropy,-0.33381274342536926
PPO_4,3430680,entropy,-0.3868160545825958
PPO_4,3444480,entropy,-0.39448922872543335
PPO_4,3458280,entropy,-0.3301469683647156
PPO_4,3472080,entropy,-0.37742987275123596
PPO_4,3485880,entropy,-0.3655259609222412
PPO_4,3499680,entropy,-0.27242371439933777
PPO_4,3513480,entropy,-0.292655348777771
PPO_4,3527280,entropy,-0.24729016423225403
PPO_4,3541080,entropy,-0.2837912440299988
PPO_4,3554880,entropy,-0.24727647006511688
PPO_4,3568680,entropy,-0.20960533618927002
PPO_4,3582480,entropy,-0.24552984535694122
PPO_4,3596280,entropy,-0.27084773778915405
PPO_4,3610080,entropy,-0.35222485661506653
PPO_4,3623880,entropy,-0.3256842792034149
PPO_4,3637680,entropy,-0.2862786054611206
PPO_4,3651480,entropy,-0.29830724000930786
PPO_4,3665280,entropy,-0.23838745057582855
PPO_4,3681840,entropy,-0.2214401364326477
PPO_4,3695640,entropy,-0.21370328962802887
PPO_4,3709440,entropy,-0.1529327630996704
PPO_4,3723240,entropy,-0.14296266436576843
PPO_4,3737040,entropy,-0.17633399367332458
PPO_4,3750840,entropy,-0.11737719923257828
PPO_4,3764640,entropy,-0.09459386020898819
PPO_4,3778440,entropy,-0.18178698420524597
PPO_4,3792240,entropy,-0.14392828941345215
PPO_4,3806040,entropy,-0.10261961817741394
PPO_4,3819840,entropy,-0.08517925441265106
PPO_4,3833640,entropy,-0.07524679601192474
PPO_4,3847440,entropy,-0.05127016082406044
PPO_4,3861240,entropy,-0.04558525234460831
PPO_4,3875040,entropy,0.019801998510956764
PPO_4,3888840,entropy,0.030550798401236534
PPO_4,3902640,entropy,0.0213161688297987
PPO_4,3916440,entropy,0.053042877465486526
PPO_4,3930240,entropy,0.04537002369761467
PPO_4,3944040,entropy,0.0358809232711792
PPO_4,3957840,entropy,0.05829710140824318
PPO_4,3971640,entropy,0.09968435764312744
PPO_4,3985440,entropy,0.1648797243833542
PPO_4,3999240,entropy,0.1710091382265091
PPO_4,4013040,entropy,0.17267689108848572
PPO_4,4026840,entropy,0.155357226729393
PPO_4,4040640,entropy,0.1738022416830063
PPO_4,4054440,entropy,0.18353408575057983
PPO_4,4068240,entropy,0.19092915952205658
PPO_4,4082040,entropy,0.2049485445022583
PPO_4,4095840,entropy,0.2419501096010208
PPO_4,4109640,entropy,0.19135314226150513
PPO_4,4123440,entropy,0.16236405074596405
PPO_4,4137240,entropy,0.2383725494146347
PPO_4,4151040,entropy,0.26206815242767334
PPO_4,4164840,entropy,0.2827715575695038
PPO_4,4178640,entropy,0.28630760312080383
PPO_4,4192440,entropy,0.26692262291908264
PPO_4,4206240,entropy,0.29730328917503357
PPO_4,4220040,entropy,0.2037709504365921
PPO_4,4233840,entropy,0.19709813594818115
PPO_4,4247640,entropy,0.2181544005870819
PPO_4,4261440,entropy,0.22899232804775238
PPO_4,4275240,entropy,0.29150575399398804
PPO_4,4289040,entropy,0.3059980869293213
PPO_4,4302840,entropy,0.3302784562110901
PPO_4,4316640,entropy,0.37129002809524536
PPO_4,4330440,entropy,0.3798906207084656
PPO_4,4344240,entropy,0.40863335132598877
PPO_4,4358040,entropy,0.3833661675453186
PPO_4,4371840,entropy,0.3560596704483032
PPO_4,4385640,entropy,0.3611120581626892
PPO_4,4399440,entropy,0.37516430020332336
PPO_4,4413240,entropy,0.46688663959503174
PPO_4,4427040,entropy,0.5310028791427612
PPO_4,4440840,entropy,0.5400858521461487
PPO_4,4454640,entropy,0.6071737408638
PPO_4,4468440,entropy,0.6348280906677246
PPO_4,4482240,entropy,0.6078261733055115
PPO_4,4496040,entropy,0.6212481260299683
PPO_4,4509840,entropy,0.5966824293136597
PPO_4,4523640,entropy,0.6095120906829834
PPO_4,4537440,entropy,0.5971249938011169
PPO_4,4551240,entropy,0.6389442086219788
PPO_4,4565040,entropy,0.6829541921615601
PPO_4,4578840,entropy,0.7136789560317993
PPO_4,4592640,entropy,0.7831974625587463
PPO_4,4606440,entropy,0.8211097717285156
PPO_4,4620240,entropy,0.7982013821601868
PPO_4,4634040,entropy,0.7849555611610413
PPO_4,4647840,entropy,0.7159393429756165
PPO_4,4661640,entropy,0.6425420045852661
PPO_4,4675440,entropy,0.6529321074485779
PPO_4,4689240,entropy,0.6355127096176147
PPO_4,4703040,entropy,0.6088995337486267
PPO_4,4716840,entropy,0.5508734583854675
PPO_4,4730640,entropy,0.5022874474525452
PPO_4,4744440,entropy,0.5154017806053162
PPO_4,4758240,entropy,0.5247628092765808
PPO_4,4772040,entropy,0.5315918326377869
PPO_4,4785840,entropy,0.5399699211120605
PPO_4,4799640,entropy,0.5814539194107056
PPO_4,4813440,entropy,0.6502876281738281
PPO_4,4827240,entropy,0.6359259486198425
PPO_4,4841040,entropy,0.5949349403381348
PPO_4,4854840,entropy,0.6085851788520813
PPO_4,4868640,entropy,0.6081528067588806
PPO_4,4882440,entropy,0.592806875705719
PPO_4,4896240,entropy,0.5639005899429321
PPO_4,4910040,entropy,0.4761902987957001
PPO_4,4923840,entropy,0.3953746259212494
PPO_4,4937640,entropy,0.4218888282775879
PPO_4,4951440,entropy,0.4450787603855133
PPO_4,4965240,entropy,0.47018325328826904
PPO_4,4979040,entropy,0.5030356645584106
PPO_4,4992840,entropy,0.5141347646713257
PPO_4,5006640,entropy,0.5153252482414246
PPO_4,5020440,entropy,0.5706800818443298
PPO_4,5034240,entropy,0.6625508666038513
PPO_4,5048040,entropy,0.6649128198623657
PPO_4,5061840,entropy,0.6763995289802551
PPO_4,5075640,entropy,0.6838316917419434
PPO_4,5089440,entropy,0.6948170065879822
PPO_4,5103240,entropy,0.7040891647338867
PPO_4,5117040,entropy,0.7362082004547119
PPO_4,5130840,entropy,0.7777185440063477
PPO_4,5144640,entropy,0.8265926837921143
PPO_4,5158440,entropy,0.8333890438079834
PPO_4,5172240,entropy,0.8550631403923035
PPO_4,5186040,entropy,0.8199867010116577
PPO_4,5199840,entropy,0.8028352856636047
PPO_4,5213640,entropy,0.7901980876922607
PPO_4,5227440,entropy,0.7691970467567444
PPO_4,5241240,entropy,0.8132315874099731
PPO_4,5255040,entropy,0.8317595720291138
PPO_4,5268840,entropy,0.8602058291435242
PPO_4,5282640,entropy,0.852032482624054
PPO_4,5296440,entropy,0.8908209800720215
PPO_4,5310240,entropy,0.841762363910675
PPO_4,5324040,entropy,0.8622620105743408
PPO_4,5337840,entropy,0.8407353758811951
PPO_4,5351640,entropy,0.8952256441116333
PPO_4,5365440,entropy,0.9192460179328918
PPO_4,5379240,entropy,0.9322347044944763
PPO_4,5393040,entropy,0.9531170129776001
PPO_4,5406840,entropy,0.9484586715698242
PPO_4,5420640,entropy,0.9319396018981934
PPO_4,5434440,entropy,0.8948195576667786
PPO_4,5448240,entropy,0.8866173624992371
PPO_4,5462040,entropy,0.936935544013977
PPO_4,5475840,entropy,0.9576115012168884
PPO_4,5489640,entropy,0.9479182362556458
PPO_4,5503440,entropy,0.9051529169082642
PPO_4,5520000,entropy,0.8901848793029785
PPO_4,5520,approx_kl,0.004948254209011793
PPO_4,19320,approx_kl,0.008415036834776402
PPO_4,33120,approx_kl,0.016675181686878204
PPO_4,46920,approx_kl,0.014153167605400085
PPO_4,60720,approx_kl,3.217786925802102e-08
PPO_4,74520,approx_kl,0.009943471290171146
PPO_4,88320,approx_kl,0.006310649216175079
PPO_4,102120,approx_kl,0.00025758962146937847
PPO_4,115920,approx_kl,9.5730240445846e-07
PPO_4,129720,approx_kl,0.01098796259611845
PPO_4,143520,approx_kl,0.003308218903839588
PPO_4,157320,approx_kl,0.0001299105933867395
PPO_4,171120,approx_kl,5.396379947342211e-07
PPO_4,184920,approx_kl,0.00347268208861351
PPO_4,198720,approx_kl,0.002617781050503254
PPO_4,212520,approx_kl,8.81274972925894e-05
PPO_4,226320,approx_kl,9.895883295030217e-07
PPO_4,240120,approx_kl,0.011284858919680119
PPO_4,253920,approx_kl,0.005214835051447153
PPO_4,267720,approx_kl,0.0004490445426199585
PPO_4,281520,approx_kl,9.898690223053563e-07
PPO_4,295320,approx_kl,0.014135316014289856
PPO_4,309120,approx_kl,0.0033891284838318825
PPO_4,322920,approx_kl,0.000457163987448439
PPO_4,336720,approx_kl,9.82159349405265e-07
PPO_4,350520,approx_kl,0.004473118111491203
PPO_4,364320,approx_kl,0.005684942007064819
PPO_4,378120,approx_kl,0.01593155600130558
PPO_4,391920,approx_kl,4.810548489331268e-06
PPO_4,405720,approx_kl,0.006838447879999876
PPO_4,419520,approx_kl,0.00953863188624382
PPO_4,433320,approx_kl,0.021892258897423744
PPO_4,447120,approx_kl,5.497729489434278e-06
PPO_4,460920,approx_kl,0.002424839185550809
PPO_4,474720,approx_kl,0.004686927888542414
PPO_4,488520,approx_kl,0.002378227189183235
PPO_4,502320,approx_kl,1.8736591300694272e-06
PPO_4,516120,approx_kl,0.0016916306922212243
PPO_4,529920,approx_kl,0.004991296213120222
PPO_4,543720,approx_kl,0.015349061228334904
PPO_4,557520,approx_kl,3.351310078869574e-05
PPO_4,571320,approx_kl,0.0037311504129320383
PPO_4,585120,approx_kl,0.006217846646904945
PPO_4,598920,approx_kl,0.0702650249004364
PPO_4,612720,approx_kl,0.00012861115101259202
PPO_4,626520,approx_kl,0.005959147121757269
PPO_4,640320,approx_kl,0.003938163630664349
PPO_4,654120,approx_kl,0.14551225304603577
PPO_4,667920,approx_kl,4.4317912397673354e-05
PPO_4,681720,approx_kl,0.0027612338308244944
PPO_4,695520,approx_kl,0.015372633934020996
PPO_4,709320,approx_kl,0.33641329407691956
PPO_4,723120,approx_kl,7.17714210622944e-05
PPO_4,736920,approx_kl,0.0032418693881481886
PPO_4,750720,approx_kl,0.007409289479255676
PPO_4,764520,approx_kl,0.002099313074722886
PPO_4,778320,approx_kl,4.1067080019274727e-05
PPO_4,792120,approx_kl,0.004850761964917183
PPO_4,805920,approx_kl,0.018177488818764687
PPO_4,819720,approx_kl,0.002590476768091321
PPO_4,833520,approx_kl,0.00020907494763378054
PPO_4,847320,approx_kl,0.004742708522826433
PPO_4,861120,approx_kl,0.006222843658179045
PPO_4,874920,approx_kl,0.0017673531547188759
PPO_4,888720,approx_kl,0.00027189304819330573
PPO_4,902520,approx_kl,0.006853929255157709
PPO_4,916320,approx_kl,0.005270183552056551
PPO_4,930120,approx_kl,0.001990493619814515
PPO_4,943920,approx_kl,0.0023774902801960707
PPO_4,957720,approx_kl,0.00535956397652626
PPO_4,971520,approx_kl,0.0033791784662753344
PPO_4,985320,approx_kl,0.003028168110176921
PPO_4,999120,approx_kl,0.005414379294961691
PPO_4,1012920,approx_kl,0.0040007298812270164
PPO_4,1026720,approx_kl,0.003943250048905611
PPO_4,1040520,approx_kl,0.006589643657207489
PPO_4,1054320,approx_kl,0.004294257611036301
PPO_4,1068120,approx_kl,0.007821716368198395
PPO_4,1081920,approx_kl,0.005449691321700811
PPO_4,1095720,approx_kl,0.006724754814058542
PPO_4,1109520,approx_kl,0.0008701059850864112
PPO_4,1123320,approx_kl,0.004322942346334457
PPO_4,1137120,approx_kl,0.004304202739149332
PPO_4,1150920,approx_kl,0.004409086424857378
PPO_4,1164720,approx_kl,0.001624066848307848
PPO_4,1178520,approx_kl,0.006463818717747927
PPO_4,1192320,approx_kl,0.008885598741471767
PPO_4,1206120,approx_kl,0.001994616584852338
PPO_4,1219920,approx_kl,0.002777518704533577
PPO_4,1233720,approx_kl,0.00863440427929163
PPO_4,1247520,approx_kl,0.00579924276098609
PPO_4,1261320,approx_kl,0.007564843166619539
PPO_4,1275120,approx_kl,0.007530396804213524
PPO_4,1288920,approx_kl,0.006106744986027479
PPO_4,1302720,approx_kl,0.005195933859795332
PPO_4,1316520,approx_kl,0.005645727273076773
PPO_4,1330320,approx_kl,0.009773368015885353
PPO_4,1344120,approx_kl,0.01034308597445488
PPO_4,1357920,approx_kl,0.009714687243103981
PPO_4,1371720,approx_kl,0.005032301414757967
PPO_4,1385520,approx_kl,0.007944445125758648
PPO_4,1399320,approx_kl,0.006141981575638056
PPO_4,1413120,approx_kl,0.005076244473457336
PPO_4,1426920,approx_kl,0.00428636884316802
PPO_4,1440720,approx_kl,0.0033009322360157967
PPO_4,1454520,approx_kl,0.008098899386823177
PPO_4,1468320,approx_kl,0.011608538217842579
PPO_4,1482120,approx_kl,0.015149910002946854
PPO_4,1495920,approx_kl,0.009553729556500912
PPO_4,1509720,approx_kl,0.011642609722912312
PPO_4,1523520,approx_kl,0.004501907620579004
PPO_4,1537320,approx_kl,0.0032375978771597147
PPO_4,1551120,approx_kl,0.0058806524612009525
PPO_4,1564920,approx_kl,0.0085584856569767
PPO_4,1578720,approx_kl,0.003063910873606801
PPO_4,1592520,approx_kl,0.004495740402489901
PPO_4,1606320,approx_kl,0.007133619859814644
PPO_4,1620120,approx_kl,0.015548747032880783
PPO_4,1633920,approx_kl,0.007435543928295374
PPO_4,1647720,approx_kl,0.01232170034199953
PPO_4,1661520,approx_kl,0.00478811701759696
PPO_4,1675320,approx_kl,0.00971768144518137
PPO_4,1689120,approx_kl,0.002621748484671116
PPO_4,1702920,approx_kl,0.0033566730562597513
PPO_4,1716720,approx_kl,0.004363690037280321
PPO_4,1730520,approx_kl,0.012712780386209488
PPO_4,1744320,approx_kl,0.005301008000969887
PPO_4,1758120,approx_kl,0.002084372565150261
PPO_4,1771920,approx_kl,0.0037001885939389467
PPO_4,1785720,approx_kl,0.014738745987415314
PPO_4,1799520,approx_kl,0.004731254186481237
PPO_4,1813320,approx_kl,0.012500602751970291
PPO_4,1827120,approx_kl,0.00414604926481843
PPO_4,1843680,approx_kl,0.0070253885351121426
PPO_4,1857480,approx_kl,0.0076766908168792725
PPO_4,1871280,approx_kl,0.004281593486666679
PPO_4,1885080,approx_kl,0.00997569877654314
PPO_4,1898880,approx_kl,0.006305212154984474
PPO_4,1912680,approx_kl,0.003256018040701747
PPO_4,1926480,approx_kl,0.008256916888058186
PPO_4,1940280,approx_kl,0.008608727715909481
PPO_4,1954080,approx_kl,0.006564659532159567
PPO_4,1967880,approx_kl,0.00792692881077528
PPO_4,1981680,approx_kl,0.009422872215509415
PPO_4,1995480,approx_kl,0.00579871004447341
PPO_4,2009280,approx_kl,0.004713073372840881
PPO_4,2023080,approx_kl,0.00852277409285307
PPO_4,2036880,approx_kl,0.008305875584483147
PPO_4,2050680,approx_kl,0.010740582831203938
PPO_4,2064480,approx_kl,0.009764664806425571
PPO_4,2078280,approx_kl,0.013437940739095211
PPO_4,2092080,approx_kl,0.0059388428926467896
PPO_4,2105880,approx_kl,0.016467059031128883
PPO_4,2119680,approx_kl,0.006304342765361071
PPO_4,2133480,approx_kl,0.0031076811719685793
PPO_4,2147280,approx_kl,0.005596468690782785
PPO_4,2161080,approx_kl,0.02082131616771221
PPO_4,2174880,approx_kl,0.005714815109968185
PPO_4,2188680,approx_kl,0.0028706614393740892
PPO_4,2202480,approx_kl,0.003721218788996339
PPO_4,2216280,approx_kl,0.00608323747292161
PPO_4,2230080,approx_kl,0.00499509135261178
PPO_4,2243880,approx_kl,0.002486004726961255
PPO_4,2257680,approx_kl,0.0060206204652786255
PPO_4,2271480,approx_kl,0.012937024235725403
PPO_4,2285280,approx_kl,0.005474971141666174
PPO_4,2299080,approx_kl,0.004660602658987045
PPO_4,2312880,approx_kl,0.006481630261987448
PPO_4,2326680,approx_kl,0.013470604084432125
PPO_4,2340480,approx_kl,0.00332172610796988
PPO_4,2354280,approx_kl,0.0033814634662121534
PPO_4,2368080,approx_kl,0.004356432240456343
PPO_4,2381880,approx_kl,0.01188137661665678
PPO_4,2395680,approx_kl,0.004204959142953157
PPO_4,2409480,approx_kl,0.01161445677280426
PPO_4,2423280,approx_kl,0.00558358384296298
PPO_4,2437080,approx_kl,0.02789616771042347
PPO_4,2450880,approx_kl,0.004998898599296808
PPO_4,2464680,approx_kl,0.002511868719011545
PPO_4,2478480,approx_kl,0.005525033455342054
PPO_4,2492280,approx_kl,0.02626909501850605
PPO_4,2506080,approx_kl,0.00595403416082263
PPO_4,2519880,approx_kl,0.00401273462921381
PPO_4,2533680,approx_kl,0.004287939518690109
PPO_4,2547480,approx_kl,0.006939150393009186
PPO_4,2561280,approx_kl,0.0038862163200974464
PPO_4,2575080,approx_kl,0.014117456041276455
PPO_4,2588880,approx_kl,0.007767295464873314
PPO_4,2602680,approx_kl,0.021668890491127968
PPO_4,2616480,approx_kl,0.00737694650888443
PPO_4,2630280,approx_kl,0.0038592058699578047
PPO_4,2644080,approx_kl,0.005309705156832933
PPO_4,2657880,approx_kl,0.014914266765117645
PPO_4,2671680,approx_kl,0.002965692663565278
PPO_4,2685480,approx_kl,0.003318157745525241
PPO_4,2699280,approx_kl,0.007447379175573587
PPO_4,2713080,approx_kl,0.009683541022241116
PPO_4,2726880,approx_kl,0.003889119252562523
PPO_4,2740680,approx_kl,0.006135267671197653
PPO_4,2754480,approx_kl,0.005091887433081865
PPO_4,2768280,approx_kl,0.012712989933788776
PPO_4,2782080,approx_kl,0.005533235147595406
PPO_4,2795880,approx_kl,0.010979353450238705
PPO_4,2809680,approx_kl,0.00489830644801259
PPO_4,2823480,approx_kl,0.008909610100090504
PPO_4,2837280,approx_kl,0.0032512403558939695
PPO_4,2851080,approx_kl,0.006126480642706156
PPO_4,2864880,approx_kl,0.008896141313016415
PPO_4,2878680,approx_kl,0.010118795558810234
PPO_4,2892480,approx_kl,0.005068853031843901
PPO_4,2906280,approx_kl,0.0068597388453781605
PPO_4,2920080,approx_kl,0.003496151650324464
PPO_4,2933880,approx_kl,0.008568759076297283
PPO_4,2947680,approx_kl,0.007645806297659874
PPO_4,2961480,approx_kl,0.008155523799359798
PPO_4,2975280,approx_kl,0.00507704121991992
PPO_4,2989080,approx_kl,0.012008843012154102
PPO_4,3002880,approx_kl,0.004264842253178358
PPO_4,3016680,approx_kl,0.004282545763999224
PPO_4,3030480,approx_kl,0.006500836927443743
PPO_4,3044280,approx_kl,0.008680654689669609
PPO_4,3058080,approx_kl,0.009050536900758743
PPO_4,3071880,approx_kl,0.003419500542804599
PPO_4,3085680,approx_kl,0.005627383943647146
PPO_4,3099480,approx_kl,0.0056950729340314865
PPO_4,3113280,approx_kl,0.00570394704118371
PPO_4,3127080,approx_kl,0.0036632500123232603
PPO_4,3140880,approx_kl,0.002452524146065116
PPO_4,3154680,approx_kl,0.00982008408755064
PPO_4,3168480,approx_kl,0.0045128329657018185
PPO_4,3182280,approx_kl,0.005371145438402891
PPO_4,3196080,approx_kl,0.005348759237676859
PPO_4,3209880,approx_kl,0.018836965784430504
PPO_4,3223680,approx_kl,0.005008416716009378
PPO_4,3237480,approx_kl,0.012714508920907974
PPO_4,3251280,approx_kl,0.004602257627993822
PPO_4,3265080,approx_kl,0.010553795844316483
PPO_4,3278880,approx_kl,0.005639516282826662
PPO_4,3292680,approx_kl,0.005383934825658798
PPO_4,3306480,approx_kl,0.002768022008240223
PPO_4,3320280,approx_kl,0.0036321773659437895
PPO_4,3334080,approx_kl,0.006521361414343119
PPO_4,3347880,approx_kl,0.005969101097434759
PPO_4,3361680,approx_kl,0.005354990717023611
PPO_4,3375480,approx_kl,0.013163617812097073
PPO_4,3389280,approx_kl,0.005107684526592493
PPO_4,3403080,approx_kl,0.008951353840529919
PPO_4,3416880,approx_kl,0.0020504717249423265
PPO_4,3430680,approx_kl,0.010490267537534237
PPO_4,3444480,approx_kl,0.007919903844594955
PPO_4,3458280,approx_kl,0.009900054894387722
PPO_4,3472080,approx_kl,0.005484649911522865
PPO_4,3485880,approx_kl,0.010258655063807964
PPO_4,3499680,approx_kl,0.006587539333850145
PPO_4,3513480,approx_kl,0.01855015754699707
PPO_4,3527280,approx_kl,0.005427539348602295
PPO_4,3541080,approx_kl,0.007097853813320398
PPO_4,3554880,approx_kl,0.004509711638092995
PPO_4,3568680,approx_kl,0.0037568716797977686
PPO_4,3582480,approx_kl,0.007629124913364649
PPO_4,3596280,approx_kl,0.01647104136645794
PPO_4,3610080,approx_kl,0.0045578437857329845
PPO_4,3623880,approx_kl,0.004594409838318825
PPO_4,3637680,approx_kl,0.007806779816746712
PPO_4,3651480,approx_kl,0.013637978583574295
PPO_4,3665280,approx_kl,0.004840675741434097
PPO_4,3681840,approx_kl,0.007497861515730619
PPO_4,3695640,approx_kl,0.016463324427604675
PPO_4,3709440,approx_kl,0.00554942712187767
PPO_4,3723240,approx_kl,0.010274653322994709
PPO_4,3737040,approx_kl,0.0034101756755262613
PPO_4,3750840,approx_kl,0.008869648911058903
PPO_4,3764640,approx_kl,0.004083894658833742
PPO_4,3778440,approx_kl,0.005771217402070761
PPO_4,3792240,approx_kl,0.0041055744513869286
PPO_4,3806040,approx_kl,0.020539535209536552
PPO_4,3819840,approx_kl,0.004753982648253441
PPO_4,3833640,approx_kl,0.013982267118990421
PPO_4,3847440,approx_kl,0.0022544022649526596
PPO_4,3861240,approx_kl,0.007253441959619522
PPO_4,3875040,approx_kl,0.006357859820127487
PPO_4,3888840,approx_kl,0.00993411522358656
PPO_4,3902640,approx_kl,0.004009039606899023
PPO_4,3916440,approx_kl,0.007290844339877367
PPO_4,3930240,approx_kl,0.006587771698832512
PPO_4,3944040,approx_kl,0.004937125835567713
PPO_4,3957840,approx_kl,0.000283116678474471
PPO_4,3971640,approx_kl,0.017640404403209686
PPO_4,3985440,approx_kl,0.009869125671684742
PPO_4,3999240,approx_kl,0.004681766033172607
PPO_4,4013040,approx_kl,0.004453939851373434
PPO_4,4026840,approx_kl,0.00952727161347866
PPO_4,4040640,approx_kl,0.0051926421001553535
PPO_4,4054440,approx_kl,0.01608406938612461
PPO_4,4068240,approx_kl,0.006874689366668463
PPO_4,4082040,approx_kl,0.007927575148642063
PPO_4,4095840,approx_kl,0.004884546622633934
PPO_4,4109640,approx_kl,0.0060930862091481686
PPO_4,4123440,approx_kl,0.002394968643784523
PPO_4,4137240,approx_kl,0.009270284324884415
PPO_4,4151040,approx_kl,0.0052980524487793446
PPO_4,4164840,approx_kl,0.004606785252690315
PPO_4,4178640,approx_kl,0.001425607712008059
PPO_4,4192440,approx_kl,0.00722172437235713
PPO_4,4206240,approx_kl,0.004935332573950291
PPO_4,4220040,approx_kl,0.004080046899616718
PPO_4,4233840,approx_kl,0.0027066662441939116
PPO_4,4247640,approx_kl,0.011540763080120087
PPO_4,4261440,approx_kl,0.0044725206680595875
PPO_4,4275240,approx_kl,0.0037867247592657804
PPO_4,4289040,approx_kl,0.003934643696993589
PPO_4,4302840,approx_kl,0.009893313981592655
PPO_4,4316640,approx_kl,0.0036160852760076523
PPO_4,4330440,approx_kl,0.0055495076812803745
PPO_4,4344240,approx_kl,0.004302638117223978
PPO_4,4358040,approx_kl,0.022735370323061943
PPO_4,4371840,approx_kl,0.004726518411189318
PPO_4,4385640,approx_kl,0.0060980492271482944
PPO_4,4399440,approx_kl,0.003980535548180342
PPO_4,4413240,approx_kl,0.01321057602763176
PPO_4,4427040,approx_kl,0.00453214393928647
PPO_4,4440840,approx_kl,0.005492611322551966
PPO_4,4454640,approx_kl,0.002825735369697213
PPO_4,4468440,approx_kl,0.006779147777706385
PPO_4,4482240,approx_kl,0.0037912223488092422
PPO_4,4496040,approx_kl,0.0078107197768986225
PPO_4,4509840,approx_kl,0.0016486801905557513
PPO_4,4523640,approx_kl,0.009314259514212608
PPO_4,4537440,approx_kl,0.003840850666165352
PPO_4,4551240,approx_kl,0.009517217986285686
PPO_4,4565040,approx_kl,0.0031882396433502436
PPO_4,4578840,approx_kl,0.012643060646951199
PPO_4,4592640,approx_kl,0.007439190987497568
PPO_4,4606440,approx_kl,0.010163769125938416
PPO_4,4620240,approx_kl,0.0007401983602903783
PPO_4,4634040,approx_kl,0.02503870613873005
PPO_4,4647840,approx_kl,0.004322632681578398
PPO_4,4661640,approx_kl,0.00945164542645216
PPO_4,4675440,approx_kl,0.0019507018150761724
PPO_4,4689240,approx_kl,0.021417120471596718
PPO_4,4703040,approx_kl,0.004522373899817467
PPO_4,4716840,approx_kl,0.0034532055724412203
PPO_4,4730640,approx_kl,0.002677774988114834
PPO_4,4744440,approx_kl,0.008949150331318378
PPO_4,4758240,approx_kl,0.006836072076112032
PPO_4,4772040,approx_kl,0.003323531709611416
PPO_4,4785840,approx_kl,0.006133317947387695
PPO_4,4799640,approx_kl,0.016469454392790794
PPO_4,4813440,approx_kl,0.0022172825410962105
PPO_4,4827240,approx_kl,0.004426059313118458
PPO_4,4841040,approx_kl,0.0016729878261685371
PPO_4,4854840,approx_kl,0.017566345632076263
PPO_4,4868640,approx_kl,0.005584146827459335
PPO_4,4882440,approx_kl,0.005085628479719162
PPO_4,4896240,approx_kl,0.0009880412835627794
PPO_4,4910040,approx_kl,0.017072638496756554
PPO_4,4923840,approx_kl,0.047199591994285583
PPO_4,4937640,approx_kl,0.0048324549570679665
PPO_4,4951440,approx_kl,0.0004942475934512913
PPO_4,4965240,approx_kl,0.0077117676846683025
PPO_4,4979040,approx_kl,0.007201267406344414
PPO_4,4992840,approx_kl,0.004455000162124634
PPO_4,5006640,approx_kl,0.00014911087055224925
PPO_4,5020440,approx_kl,0.009044096805155277
PPO_4,5034240,approx_kl,0.003116428619250655
PPO_4,5048040,approx_kl,0.005589935928583145
PPO_4,5061840,approx_kl,0.0015655281022191048
PPO_4,5075640,approx_kl,0.008257330395281315
PPO_4,5089440,approx_kl,0.004031869117170572
PPO_4,5103240,approx_kl,0.0028425792697817087
PPO_4,5117040,approx_kl,0.004823777358978987
PPO_4,5130840,approx_kl,0.010760513134300709
PPO_4,5144640,approx_kl,0.003029176266863942
PPO_4,5158440,approx_kl,0.00593184307217598
PPO_4,5172240,approx_kl,0.0032373180147260427
PPO_4,5186040,approx_kl,0.012294416315853596
PPO_4,5199840,approx_kl,0.0063321287743747234
PPO_4,5213640,approx_kl,0.0038885262329131365
PPO_4,5227440,approx_kl,0.0004577166691888124
PPO_4,5241240,approx_kl,0.010547763668000698
PPO_4,5255040,approx_kl,0.004789994563907385
PPO_4,5268840,approx_kl,0.005185412243008614
PPO_4,5282640,approx_kl,0.002121157944202423
PPO_4,5296440,approx_kl,0.026233673095703125
PPO_4,5310240,approx_kl,0.002985710510984063
PPO_4,5324040,approx_kl,0.004114039707928896
PPO_4,5337840,approx_kl,0.0028039070311933756
PPO_4,5351640,approx_kl,0.02474803477525711
PPO_4,5365440,approx_kl,0.003166409907862544
PPO_4,5379240,approx_kl,0.0052070883102715015
PPO_4,5393040,approx_kl,0.0015783746493980289
PPO_4,5406840,approx_kl,0.014249731786549091
PPO_4,5420640,approx_kl,0.006107404828071594
PPO_4,5434440,approx_kl,0.010995025746524334
PPO_4,5448240,approx_kl,0.0057633984833955765
PPO_4,5462040,approx_kl,0.007392898201942444
PPO_4,5475840,approx_kl,0.006582869682461023
PPO_4,5489640,approx_kl,0.028243759647011757
PPO_4,5503440,approx_kl,0.0005858500953763723
PPO_4,5520000,approx_kl,0.006907855626195669
PPO_4,5520,std,1.0086853504180908
PPO_4,19320,std,1.0005487203598022
PPO_4,33120,std,0.9844741821289062
PPO_4,46920,std,0.9950752258300781
PPO_4,60720,std,0.9664477705955505
PPO_4,74520,std,0.9693037867546082
PPO_4,88320,std,0.9504615664482117
PPO_4,102120,std,0.951871395111084
PPO_4,115920,std,0.9558818936347961
PPO_4,129720,std,0.9502704739570618
PPO_4,143520,std,0.9400385022163391
PPO_4,157320,std,0.9303943514823914
PPO_4,171120,std,0.9338967204093933
PPO_4,184920,std,0.9320510029792786
PPO_4,198720,std,0.9400351047515869
PPO_4,212520,std,0.9335286021232605
PPO_4,226320,std,0.9328448176383972
PPO_4,240120,std,0.9415619969367981
PPO_4,253920,std,0.9611145853996277
PPO_4,267720,std,0.9614712595939636
PPO_4,281520,std,0.9649715423583984
PPO_4,295320,std,0.9754447937011719
PPO_4,309120,std,0.9790359139442444
PPO_4,322920,std,0.9709737300872803
PPO_4,336720,std,0.9569482803344727
PPO_4,350520,std,0.9591943621635437
PPO_4,364320,std,0.9560670852661133
PPO_4,378120,std,0.9597945213317871
PPO_4,391920,std,0.9608179926872253
PPO_4,405720,std,0.9590473771095276
PPO_4,419520,std,0.9677374958992004
PPO_4,433320,std,0.9539881348609924
PPO_4,447120,std,0.9503860473632812
PPO_4,460920,std,0.9262781143188477
PPO_4,474720,std,0.9314999580383301
PPO_4,488520,std,0.9254250526428223
PPO_4,502320,std,0.9217917323112488
PPO_4,516120,std,0.9186584949493408
PPO_4,529920,std,0.9138731956481934
PPO_4,543720,std,0.9067273139953613
PPO_4,557520,std,0.910437822341919
PPO_4,571320,std,0.9009491801261902
PPO_4,585120,std,0.8844408988952637
PPO_4,598920,std,0.8850374221801758
PPO_4,612720,std,0.8709866404533386
PPO_4,626520,std,0.8560875058174133
PPO_4,640320,std,0.8385002017021179
PPO_4,654120,std,0.8255448341369629
PPO_4,667920,std,0.8285157084465027
PPO_4,681720,std,0.8371293544769287
PPO_4,695520,std,0.8201313018798828
PPO_4,709320,std,0.806111752986908
PPO_4,723120,std,0.8046193718910217
PPO_4,736920,std,0.8092946410179138
PPO_4,750720,std,0.8200462460517883
PPO_4,764520,std,0.8334577083587646
PPO_4,778320,std,0.8478448987007141
PPO_4,792120,std,0.84360671043396
PPO_4,805920,std,0.8800821304321289
PPO_4,819720,std,0.8676972389221191
PPO_4,833520,std,0.8489604592323303
PPO_4,847320,std,0.8220152854919434
PPO_4,861120,std,0.799218475818634
PPO_4,874920,std,0.7806870341300964
PPO_4,888720,std,0.765799343585968
PPO_4,902520,std,0.7365279197692871
PPO_4,916320,std,0.7110522389411926
PPO_4,930120,std,0.6941719651222229
PPO_4,943920,std,0.6736761927604675
PPO_4,957720,std,0.6397102475166321
PPO_4,971520,std,0.6139591336250305
PPO_4,985320,std,0.5968215465545654
PPO_4,999120,std,0.5816569924354553
PPO_4,1012920,std,0.561916172504425
PPO_4,1026720,std,0.5460386872291565
PPO_4,1040520,std,0.534401535987854
PPO_4,1054320,std,0.5274085998535156
PPO_4,1068120,std,0.5107710361480713
PPO_4,1081920,std,0.49956023693084717
PPO_4,1095720,std,0.4862125813961029
PPO_4,1109520,std,0.4754950702190399
PPO_4,1123320,std,0.4628808796405792
PPO_4,1137120,std,0.46087709069252014
PPO_4,1150920,std,0.45377710461616516
PPO_4,1164720,std,0.44501471519470215
PPO_4,1178520,std,0.43079128861427307
PPO_4,1192320,std,0.42943763732910156
PPO_4,1206120,std,0.4337073266506195
PPO_4,1219920,std,0.4308917820453644
PPO_4,1233720,std,0.41529977321624756
PPO_4,1247520,std,0.4141268730163574
PPO_4,1261320,std,0.4075718820095062
PPO_4,1275120,std,0.41050758957862854
PPO_4,1288920,std,0.4081418514251709
PPO_4,1302720,std,0.4002484083175659
PPO_4,1316520,std,0.3891341984272003
PPO_4,1330320,std,0.38961508870124817
PPO_4,1344120,std,0.38354554772377014
PPO_4,1357920,std,0.38319626450538635
PPO_4,1371720,std,0.37824955582618713
PPO_4,1385520,std,0.3756544291973114
PPO_4,1399320,std,0.3738631308078766
PPO_4,1413120,std,0.37189266085624695
PPO_4,1426920,std,0.37068232893943787
PPO_4,1440720,std,0.3682151138782501
PPO_4,1454520,std,0.3664585053920746
PPO_4,1468320,std,0.3600330054759979
PPO_4,1482120,std,0.3629133403301239
PPO_4,1495920,std,0.36145591735839844
PPO_4,1509720,std,0.3616531193256378
PPO_4,1523520,std,0.35687127709388733
PPO_4,1537320,std,0.3523454964160919
PPO_4,1551120,std,0.35479262471199036
PPO_4,1564920,std,0.3627370595932007
PPO_4,1578720,std,0.37492749094963074
PPO_4,1592520,std,0.3723468780517578
PPO_4,1606320,std,0.36549291014671326
PPO_4,1620120,std,0.37829700112342834
PPO_4,1633920,std,0.383674293756485
PPO_4,1647720,std,0.38001784682273865
PPO_4,1661520,std,0.3765769898891449
PPO_4,1675320,std,0.36586102843284607
PPO_4,1689120,std,0.3658318817615509
PPO_4,1702920,std,0.3601628839969635
PPO_4,1716720,std,0.35673198103904724
PPO_4,1730520,std,0.34774792194366455
PPO_4,1744320,std,0.35626837611198425
PPO_4,1758120,std,0.3528681695461273
PPO_4,1771920,std,0.3452122211456299
PPO_4,1785720,std,0.3340429365634918
PPO_4,1799520,std,0.3321462571620941
PPO_4,1813320,std,0.3293933570384979
PPO_4,1827120,std,0.3222140073776245
PPO_4,1843680,std,0.3196870982646942
PPO_4,1857480,std,0.31912118196487427
PPO_4,1871280,std,0.3166198134422302
PPO_4,1885080,std,0.3158128261566162
PPO_4,1898880,std,0.3200831413269043
PPO_4,1912680,std,0.3124091327190399
PPO_4,1926480,std,0.30824899673461914
PPO_4,1940280,std,0.30615854263305664
PPO_4,1954080,std,0.31017419695854187
PPO_4,1967880,std,0.3113099932670593
PPO_4,1981680,std,0.30888956785202026
PPO_4,1995480,std,0.3085673749446869
PPO_4,2009280,std,0.3009726107120514
PPO_4,2023080,std,0.30737993121147156
PPO_4,2036880,std,0.3139653503894806
PPO_4,2050680,std,0.3122003376483917
PPO_4,2064480,std,0.3027209937572479
PPO_4,2078280,std,0.3035581409931183
PPO_4,2092080,std,0.2972026467323303
PPO_4,2105880,std,0.2918459475040436
PPO_4,2119680,std,0.29111239314079285
PPO_4,2133480,std,0.284650593996048
PPO_4,2147280,std,0.28314757347106934
PPO_4,2161080,std,0.27144187688827515
PPO_4,2174880,std,0.2659663259983063
PPO_4,2188680,std,0.26039907336235046
PPO_4,2202480,std,0.2601203918457031
PPO_4,2216280,std,0.25635549426078796
PPO_4,2230080,std,0.2549930512905121
PPO_4,2243880,std,0.25767961144447327
PPO_4,2257680,std,0.26061272621154785
PPO_4,2271480,std,0.2567696273326874
PPO_4,2285280,std,0.26016145944595337
PPO_4,2299080,std,0.26012659072875977
PPO_4,2312880,std,0.25568148493766785
PPO_4,2326680,std,0.2581734359264374
PPO_4,2340480,std,0.2581247389316559
PPO_4,2354280,std,0.2543967664241791
PPO_4,2368080,std,0.25117361545562744
PPO_4,2381880,std,0.2419157475233078
PPO_4,2395680,std,0.2355121523141861
PPO_4,2409480,std,0.23213274776935577
PPO_4,2423280,std,0.23209454119205475
PPO_4,2437080,std,0.23424489796161652
PPO_4,2450880,std,0.23467890918254852
PPO_4,2464680,std,0.23123548924922943
PPO_4,2478480,std,0.227261483669281
PPO_4,2492280,std,0.229089617729187
PPO_4,2506080,std,0.227861687541008
PPO_4,2519880,std,0.22615277767181396
PPO_4,2533680,std,0.23002488911151886
PPO_4,2547480,std,0.2281806319952011
PPO_4,2561280,std,0.23011885583400726
PPO_4,2575080,std,0.23072530329227448
PPO_4,2588880,std,0.22931969165802002
PPO_4,2602680,std,0.22927738726139069
PPO_4,2616480,std,0.22873105108737946
PPO_4,2630280,std,0.2231147289276123
PPO_4,2644080,std,0.22385166585445404
PPO_4,2657880,std,0.23343169689178467
PPO_4,2671680,std,0.23554112017154694
PPO_4,2685480,std,0.23395496606826782
PPO_4,2699280,std,0.229578897356987
PPO_4,2713080,std,0.23853079974651337
PPO_4,2726880,std,0.24219448864459991
PPO_4,2740680,std,0.24266381561756134
PPO_4,2754480,std,0.2441682070493698
PPO_4,2768280,std,0.24670182168483734
PPO_4,2782080,std,0.24641184508800507
PPO_4,2795880,std,0.24684827029705048
PPO_4,2809680,std,0.2496495097875595
PPO_4,2823480,std,0.2530152499675751
PPO_4,2837280,std,0.2525158226490021
PPO_4,2851080,std,0.25471368432044983
PPO_4,2864880,std,0.252595990896225
PPO_4,2878680,std,0.24998129904270172
PPO_4,2892480,std,0.2577461898326874
PPO_4,2906280,std,0.2565067708492279
PPO_4,2920080,std,0.25102365016937256
PPO_4,2933880,std,0.24960972368717194
PPO_4,2947680,std,0.24478329718112946
PPO_4,2961480,std,0.25016850233078003
PPO_4,2975280,std,0.2469300776720047
PPO_4,2989080,std,0.2445821613073349
PPO_4,3002880,std,0.24408058822155
PPO_4,3016680,std,0.2432221919298172
PPO_4,3030480,std,0.24995942413806915
PPO_4,3044280,std,0.24823080003261566
PPO_4,3058080,std,0.2500302791595459
PPO_4,3071880,std,0.2506086528301239
PPO_4,3085680,std,0.24793291091918945
PPO_4,3099480,std,0.2499731183052063
PPO_4,3113280,std,0.254546195268631
PPO_4,3127080,std,0.25277411937713623
PPO_4,3140880,std,0.25548675656318665
PPO_4,3154680,std,0.26354601979255676
PPO_4,3168480,std,0.266677588224411
PPO_4,3182280,std,0.2660577595233917
PPO_4,3196080,std,0.2719809114933014
PPO_4,3209880,std,0.26348575949668884
PPO_4,3223680,std,0.2679022252559662
PPO_4,3237480,std,0.2747035026550293
PPO_4,3251280,std,0.2787720859050751
PPO_4,3265080,std,0.2739250957965851
PPO_4,3278880,std,0.27861401438713074
PPO_4,3292680,std,0.286549836397171
PPO_4,3306480,std,0.2856495678424835
PPO_4,3320280,std,0.2876727879047394
PPO_4,3334080,std,0.2931574881076813
PPO_4,3347880,std,0.30090558528900146
PPO_4,3361680,std,0.31253480911254883
PPO_4,3375480,std,0.31150034070014954
PPO_4,3389280,std,0.31801488995552063
PPO_4,3403080,std,0.3186679780483246
PPO_4,3416880,std,0.3147059381008148
PPO_4,3430680,std,0.3215186297893524
PPO_4,3444480,std,0.3264487683773041
PPO_4,3458280,std,0.31805166602134705
PPO_4,3472080,std,0.3264573812484741
PPO_4,3485880,std,0.3272654712200165
PPO_4,3499680,std,0.3197234570980072
PPO_4,3513480,std,0.3241419792175293
PPO_4,3527280,std,0.32072970271110535
PPO_4,3541080,std,0.3224092721939087
PPO_4,3554880,std,0.320189505815506
PPO_4,3568680,std,0.3204507827758789
PPO_4,3582480,std,0.32210874557495117
PPO_4,3596280,std,0.3275355398654938
PPO_4,3610080,std,0.33270442485809326
PPO_4,3623880,std,0.3333083987236023
PPO_4,3637680,std,0.3304440677165985
PPO_4,3651480,std,0.32870426774024963
PPO_4,3665280,std,0.3194160759449005
PPO_4,3681840,std,0.31784868240356445
PPO_4,3695640,std,0.3088628351688385
PPO_4,3709440,std,0.30228930711746216
PPO_4,3723240,std,0.3026149868965149
PPO_4,3737040,std,0.30908653140068054
PPO_4,3750840,std,0.3046067953109741
PPO_4,3764640,std,0.30081918835639954
PPO_4,3778440,std,0.305639386177063
PPO_4,3792240,std,0.302552729845047
PPO_4,3806040,std,0.29686763882637024
PPO_4,3819840,std,0.29087093472480774
PPO_4,3833640,std,0.29099318385124207
PPO_4,3847440,std,0.2897268831729889
PPO_4,3861240,std,0.28801631927490234
PPO_4,3875040,std,0.2819719612598419
PPO_4,3888840,std,0.2792699635028839
PPO_4,3902640,std,0.2778336703777313
PPO_4,3916440,std,0.2732143998146057
PPO_4,3930240,std,0.2775297462940216
PPO_4,3944040,std,0.2778746783733368
PPO_4,3957840,std,0.2746753990650177
PPO_4,3971640,std,0.27113160490989685
PPO_4,3985440,std,0.26568353176116943
PPO_4,3999240,std,0.26802489161491394
PPO_4,4013040,std,0.2686229646205902
PPO_4,4026840,std,0.2684873342514038
PPO_4,4040640,std,0.2686915695667267
PPO_4,4054440,std,0.26763060688972473
PPO_4,4068240,std,0.2683202028274536
PPO_4,4082040,std,0.2640615403652191
PPO_4,4095840,std,0.26394838094711304
PPO_4,4109640,std,0.26740190386772156
PPO_4,4123440,std,0.27079370617866516
PPO_4,4137240,std,0.2585661709308624
PPO_4,4151040,std,0.2556372582912445
PPO_4,4164840,std,0.2530156672000885
PPO_4,4178640,std,0.251230388879776
PPO_4,4192440,std,0.25031784176826477
PPO_4,4206240,std,0.2481907457113266
PPO_4,4220040,std,0.2557222545146942
PPO_4,4233840,std,0.2590208351612091
PPO_4,4247640,std,0.2570030093193054
PPO_4,4261440,std,0.2572043240070343
PPO_4,4275240,std,0.2525874078273773
PPO_4,4289040,std,0.25332871079444885
PPO_4,4302840,std,0.24835056066513062
PPO_4,4316640,std,0.24639002978801727
PPO_4,4330440,std,0.24522793292999268
PPO_4,4344240,std,0.24172687530517578
PPO_4,4358040,std,0.2460833638906479
PPO_4,4371840,std,0.2461264580488205
PPO_4,4385640,std,0.24344885349273682
PPO_4,4399440,std,0.241557776927948
PPO_4,4413240,std,0.23172946274280548
PPO_4,4427040,std,0.22791272401809692
PPO_4,4440840,std,0.22610585391521454
PPO_4,4454640,std,0.21925218403339386
PPO_4,4468440,std,0.2177451103925705
PPO_4,4482240,std,0.22134684026241302
PPO_4,4496040,std,0.2214951068162918
PPO_4,4509840,std,0.22266142070293427
PPO_4,4523640,std,0.21968473494052887
PPO_4,4537440,std,0.22016024589538574
PPO_4,4551240,std,0.2173309475183487
PPO_4,4565040,std,0.2130473107099533
PPO_4,4578840,std,0.20984400808811188
PPO_4,4592640,std,0.2033613920211792
PPO_4,4606440,std,0.20143890380859375
PPO_4,4620240,std,0.20354817807674408
PPO_4,4634040,std,0.20535485446453094
PPO_4,4647840,std,0.2128932625055313
PPO_4,4661640,std,0.21712811291217804
PPO_4,4675440,std,0.2151847928762436
PPO_4,4689240,std,0.21439678966999054
PPO_4,4703040,std,0.21631717681884766
PPO_4,4716840,std,0.22016091644763947
PPO_4,4730640,std,0.22329361736774445
PPO_4,4744440,std,0.2215498834848404
PPO_4,4758240,std,0.21955563127994537
PPO_4,4772040,std,0.217776820063591
PPO_4,4785840,std,0.2168511003255844
PPO_4,4799640,std,0.2119557112455368
PPO_4,4813440,std,0.20674817264080048
PPO_4,4827240,std,0.20844389498233795
PPO_4,4841040,std,0.21073301136493683
PPO_4,4854840,std,0.20796795189380646
PPO_4,4868640,std,0.20757126808166504
PPO_4,4882440,std,0.2077769786119461
PPO_4,4896240,std,0.20952379703521729
PPO_4,4910040,std,0.21806073188781738
PPO_4,4923840,std,0.22207050025463104
PPO_4,4937640,std,0.21965140104293823
PPO_4,4951440,std,0.21718943119049072
PPO_4,4965240,std,0.21349836885929108
PPO_4,4979040,std,0.21216081082820892
PPO_4,4992840,std,0.21134686470031738
PPO_4,5006640,std,0.21098841726779938
PPO_4,5020440,std,0.205020472407341
PPO_4,5034240,std,0.20078222453594208
PPO_4,5048040,std,0.20108695328235626
PPO_4,5061840,std,0.19959549605846405
PPO_4,5075640,std,0.19887490570545197
PPO_4,5089440,std,0.1976674348115921
PPO_4,5103240,std,0.19857670366764069
PPO_4,5117040,std,0.19712764024734497
PPO_4,5130840,std,0.19516615569591522
PPO_4,5144640,std,0.19236153364181519
PPO_4,5158440,std,0.19185419380664825
PPO_4,5172240,std,0.1903492957353592
PPO_4,5186040,std,0.19238866865634918
PPO_4,5199840,std,0.19342315196990967
PPO_4,5213640,std,0.19461689889431
PPO_4,5227440,std,0.19717514514923096
PPO_4,5241240,std,0.19505946338176727
PPO_4,5255040,std,0.19568932056427002
PPO_4,5268840,std,0.19264735281467438
PPO_4,5282640,std,0.19494222104549408
PPO_4,5296440,std,0.19234172999858856
PPO_4,5310240,std,0.1970067024230957
PPO_4,5324040,std,0.19594383239746094
PPO_4,5337840,std,0.19724275171756744
PPO_4,5351640,std,0.1908044070005417
PPO_4,5365440,std,0.19410867989063263
PPO_4,5379240,std,0.19391608238220215
PPO_4,5393040,std,0.19251753389835358
PPO_4,5406840,std,0.19567860662937164
PPO_4,5420640,std,0.19668622314929962
PPO_4,5434440,std,0.19929473102092743
PPO_4,5448240,std,0.20154477655887604
PPO_4,5462040,std,0.19688107073307037
PPO_4,5475840,std,0.1966947466135025
PPO_4,5489640,std,0.19783778488636017
PPO_4,5503440,std,0.20149992406368256
PPO_4,5520000,std,0.2031664401292801
PPO_5,11040,reward,-796.7800903320312
PPO_5,13800,reward,-796.7800903320312
PPO_5,19320,reward,-796.7800903320312
PPO_5,22080,reward,-1061.4520263671875
PPO_5,27600,reward,-1061.4520263671875
PPO_5,30360,reward,-1061.4520263671875
PPO_5,35880,reward,-1077.6788330078125
PPO_5,38640,reward,-1077.6788330078125
PPO_5,44160,reward,-968.0960693359375
PPO_5,46920,reward,-968.0960693359375
PPO_5,52440,reward,-968.0960693359375
PPO_5,55200,reward,-1051.2689208984375
PPO_5,60720,reward,-1051.2689208984375
PPO_5,63480,reward,-1051.2689208984375
PPO_5,69000,reward,-1213.3724365234375
PPO_5,71760,reward,-1213.3724365234375
PPO_5,77280,reward,-1318.3060302734375
PPO_5,82800,reward,-1318.3060302734375
PPO_5,85560,reward,-1318.3060302734375
PPO_5,91080,reward,-1312.390625
PPO_5,93840,reward,-1312.390625
PPO_5,99360,reward,-1320.5101318359375
PPO_5,102120,reward,-1320.5101318359375
PPO_5,107640,reward,-1320.5101318359375
PPO_5,110400,reward,-1354.078369140625
PPO_5,115920,reward,-1354.078369140625
PPO_5,118680,reward,-1354.078369140625
PPO_5,124200,reward,-1394.7779541015625
PPO_5,126960,reward,-1394.7779541015625
PPO_5,132480,reward,-1440.864990234375
PPO_5,135240,reward,-1440.864990234375
PPO_5,140760,reward,-1440.864990234375
PPO_5,146280,reward,-1447.5443115234375
PPO_5,149040,reward,-1447.5443115234375
PPO_5,154560,reward,-1426.2366943359375
PPO_5,157320,reward,-1426.2366943359375
PPO_5,162840,reward,-1426.2366943359375
PPO_5,165600,reward,-1427.17919921875
PPO_5,171120,reward,-1427.17919921875
PPO_5,173880,reward,-1427.17919921875
PPO_5,179400,reward,-1409.1690673828125
PPO_5,182160,reward,-1409.1690673828125
PPO_5,187680,reward,-1404.6668701171875
PPO_5,190440,reward,-1404.6668701171875
PPO_5,195960,reward,-1404.6668701171875
PPO_5,198720,reward,-1444.65966796875
PPO_5,204240,reward,-1444.65966796875
PPO_5,207000,reward,-1444.65966796875
PPO_5,212520,reward,-1435.6993408203125
PPO_5,218040,reward,-1435.6993408203125
PPO_5,220800,reward,-1411.028076171875
PPO_5,226320,reward,-1411.028076171875
PPO_5,229080,reward,-1411.028076171875
PPO_5,234600,reward,-1378.8787841796875
PPO_5,237360,reward,-1378.8787841796875
PPO_5,242880,reward,-1356.7275390625
PPO_5,245640,reward,-1356.7275390625
PPO_5,251160,reward,-1356.7275390625
PPO_5,253920,reward,-1300.2001953125
PPO_5,259440,reward,-1300.2001953125
PPO_5,262200,reward,-1300.2001953125
PPO_5,267720,reward,-1272.9378662109375
PPO_5,270480,reward,-1272.9378662109375
PPO_5,276000,reward,-1250.30517578125
PPO_5,281520,reward,-1250.30517578125
PPO_5,284280,reward,-1250.30517578125
PPO_5,289800,reward,-1181.032470703125
PPO_5,292560,reward,-1181.032470703125
PPO_5,298080,reward,-1126.2930908203125
PPO_5,300840,reward,-1126.2930908203125
PPO_5,306360,reward,-1126.2930908203125
PPO_5,309120,reward,-1091.9635009765625
PPO_5,314640,reward,-1091.9635009765625
PPO_5,317400,reward,-1091.9635009765625
PPO_5,322920,reward,-1027.318603515625
PPO_5,325680,reward,-1027.318603515625
PPO_5,331200,reward,-976.139892578125
PPO_5,333960,reward,-976.139892578125
PPO_5,339480,reward,-976.139892578125
PPO_5,342240,reward,-937.1431274414062
PPO_5,347760,reward,-937.1431274414062
PPO_5,353280,reward,-914.2630615234375
PPO_5,356040,reward,-914.2630615234375
PPO_5,361560,reward,-914.2630615234375
PPO_5,364320,reward,-879.1548461914062
PPO_5,369840,reward,-879.1548461914062
PPO_5,372600,reward,-879.1548461914062
PPO_5,378120,reward,-842.0198364257812
PPO_5,380880,reward,-842.0198364257812
PPO_5,386400,reward,-819.9307250976562
PPO_5,389160,reward,-819.9307250976562
PPO_5,394680,reward,-819.9307250976562
PPO_5,397440,reward,-800.3768310546875
PPO_5,402960,reward,-800.3768310546875
PPO_5,405720,reward,-800.3768310546875
PPO_5,411240,reward,-787.3279418945312
PPO_5,416760,reward,-787.3279418945312
PPO_5,419520,reward,-773.384765625
PPO_5,425040,reward,-773.384765625
PPO_5,427800,reward,-773.384765625
PPO_5,433320,reward,-750.3866577148438
PPO_5,436080,reward,-750.3866577148438
PPO_5,441600,reward,-723.7908935546875
PPO_5,444360,reward,-723.7908935546875
PPO_5,449880,reward,-723.7908935546875
PPO_5,452640,reward,-697.931640625
PPO_5,458160,reward,-697.931640625
PPO_5,460920,reward,-697.931640625
PPO_5,466440,reward,-664.4168090820312
PPO_5,469200,reward,-664.4168090820312
PPO_5,474720,reward,-630.4291381835938
PPO_5,477480,reward,-630.4291381835938
PPO_5,483000,reward,-630.4291381835938
PPO_5,488520,reward,-611.3325805664062
PPO_5,491280,reward,-611.3325805664062
PPO_5,496800,reward,-579.614501953125
PPO_5,499560,reward,-579.614501953125
PPO_5,505080,reward,-579.614501953125
PPO_5,507840,reward,-541.6292724609375
PPO_5,513360,reward,-541.6292724609375
PPO_5,516120,reward,-541.6292724609375
PPO_5,521640,reward,-478.0777893066406
PPO_5,524400,reward,-478.0777893066406
PPO_5,529920,reward,-424.1885986328125
PPO_5,532680,reward,-424.1885986328125
PPO_5,538200,reward,-424.1885986328125
PPO_5,540960,reward,-355.4476318359375
PPO_5,546480,reward,-355.4476318359375
PPO_5,552000,reward,-298.8548583984375
PPO_5,554760,reward,-298.8548583984375
PPO_5,560280,reward,-298.8548583984375
PPO_5,563040,reward,-247.7916717529297
PPO_5,568560,reward,-247.7916717529297
PPO_5,571320,reward,-247.7916717529297
PPO_5,576840,reward,-180.9864044189453
PPO_5,579600,reward,-180.9864044189453
PPO_5,585120,reward,-138.95697021484375
PPO_5,587880,reward,-138.95697021484375
PPO_5,593400,reward,-138.95697021484375
PPO_5,596160,reward,-91.03240966796875
PPO_5,601680,reward,-91.03240966796875
PPO_5,604440,reward,-91.03240966796875
PPO_5,609960,reward,-44.291622161865234
PPO_5,612720,reward,-44.291622161865234
PPO_5,618240,reward,13.316367149353027
PPO_5,623760,reward,13.316367149353027
PPO_5,626520,reward,13.316367149353027
PPO_5,632040,reward,67.20420837402344
PPO_5,634800,reward,67.20420837402344
PPO_5,640320,reward,122.78190612792969
PPO_5,643080,reward,122.78190612792969
PPO_5,648600,reward,122.78190612792969
PPO_5,651360,reward,168.7441864013672
PPO_5,656880,reward,168.7441864013672
PPO_5,659640,reward,168.7441864013672
PPO_5,665160,reward,217.1164093017578
PPO_5,667920,reward,217.1164093017578
PPO_5,673440,reward,261.498779296875
PPO_5,676200,reward,261.498779296875
PPO_5,681720,reward,261.498779296875
PPO_5,687240,reward,305.0390319824219
PPO_5,690000,reward,305.0390319824219
PPO_5,695520,reward,356.0776672363281
PPO_5,698280,reward,356.0776672363281
PPO_5,703800,reward,356.0776672363281
PPO_5,706560,reward,403.376953125
PPO_5,712080,reward,403.376953125
PPO_5,714840,reward,403.376953125
PPO_5,720360,reward,453.1605224609375
PPO_5,723120,reward,453.1605224609375
PPO_5,728640,reward,505.7837219238281
PPO_5,731400,reward,502.7993469238281
PPO_5,736920,reward,502.7993469238281
PPO_5,739680,reward,561.5570678710938
PPO_5,745200,reward,561.5570678710938
PPO_5,747960,reward,561.5570678710938
PPO_5,753480,reward,622.8978271484375
PPO_5,759000,reward,622.8978271484375
PPO_5,761760,reward,700.2505493164062
PPO_5,767280,reward,700.2505493164062
PPO_5,770040,reward,700.2505493164062
PPO_5,775560,reward,776.7943725585938
PPO_5,778320,reward,776.7943725585938
PPO_5,783840,reward,852.3833618164062
PPO_5,786600,reward,852.3833618164062
PPO_5,792120,reward,852.3833618164062
PPO_5,794880,reward,935.4901123046875
PPO_5,800400,reward,935.4901123046875
PPO_5,803160,reward,935.4901123046875
PPO_5,808680,reward,1011.3631591796875
PPO_5,811440,reward,1011.3631591796875
PPO_5,816960,reward,1098.9033203125
PPO_5,822480,reward,1098.9033203125
PPO_5,825240,reward,1098.9033203125
PPO_5,830760,reward,1175.82763671875
PPO_5,833520,reward,1175.82763671875
PPO_5,839040,reward,1250.7437744140625
PPO_5,841800,reward,1250.7437744140625
PPO_5,847320,reward,1250.7437744140625
PPO_5,850080,reward,1331.211669921875
PPO_5,855600,reward,1331.211669921875
PPO_5,858360,reward,1331.211669921875
PPO_5,863880,reward,1413.6573486328125
PPO_5,866640,reward,1413.6573486328125
PPO_5,872160,reward,1502.9229736328125
PPO_5,874920,reward,1502.9229736328125
PPO_5,880440,reward,1502.9229736328125
PPO_5,883200,reward,1587.713134765625
PPO_5,888720,reward,1587.713134765625
PPO_5,894240,reward,1673.5234375
PPO_5,897000,reward,1673.5234375
PPO_5,902520,reward,1673.5234375
PPO_5,905280,reward,1762.380126953125
PPO_5,910800,reward,1762.380126953125
PPO_5,913560,reward,1762.380126953125
PPO_5,919080,reward,1853.25537109375
PPO_5,921840,reward,1853.25537109375
PPO_5,927360,reward,1950.1630859375
PPO_5,930120,reward,1950.1630859375
PPO_5,935640,reward,1950.1630859375
PPO_5,938400,reward,2044.177734375
PPO_5,943920,reward,2044.177734375
PPO_5,946680,reward,2044.177734375
PPO_5,952200,reward,2135.380859375
PPO_5,957720,reward,2135.380859375
PPO_5,960480,reward,2225.734619140625
PPO_5,966000,reward,2225.734619140625
PPO_5,968760,reward,2225.734619140625
PPO_5,974280,reward,2313.31689453125
PPO_5,977040,reward,2313.31689453125
PPO_5,982560,reward,2400.757080078125
PPO_5,985320,reward,2400.757080078125
PPO_5,990840,reward,2400.757080078125
PPO_5,993600,reward,2483.35791015625
PPO_5,999120,reward,2483.35791015625
PPO_5,1001880,reward,2483.35791015625
PPO_5,1007400,reward,2568.931640625
PPO_5,1010160,reward,2568.931640625
PPO_5,1015680,reward,2651.201904296875
PPO_5,1018440,reward,2651.201904296875
PPO_5,1023960,reward,2651.201904296875
PPO_5,1029480,reward,2735.2255859375
PPO_5,1032240,reward,2735.2255859375
PPO_5,1037760,reward,2816.0478515625
PPO_5,1040520,reward,2816.0478515625
PPO_5,1046040,reward,2816.0478515625
PPO_5,1048800,reward,2901.726318359375
PPO_5,1054320,reward,2901.726318359375
PPO_5,1057080,reward,2901.726318359375
PPO_5,1062600,reward,2978.1162109375
PPO_5,1065360,reward,2978.1162109375
PPO_5,1070880,reward,3059.33544921875
PPO_5,1073640,reward,3059.33544921875
PPO_5,1079160,reward,3059.33544921875
PPO_5,1081920,reward,3134.07958984375
PPO_5,1087440,reward,3134.07958984375
PPO_5,1092960,reward,3208.85400390625
PPO_5,1095720,reward,3208.85400390625
PPO_5,1101240,reward,3208.85400390625
PPO_5,1104000,reward,3277.776123046875
PPO_5,1109520,reward,3277.776123046875
PPO_5,1112280,reward,3277.776123046875
PPO_5,1117800,reward,3341.411865234375
PPO_5,1120560,reward,3341.411865234375
PPO_5,1126080,reward,3447.826171875
PPO_5,1128840,reward,3447.826171875
PPO_5,1134360,reward,3447.826171875
PPO_5,1137120,reward,3557.806396484375
PPO_5,1142640,reward,3557.806396484375
PPO_5,1145400,reward,3557.806396484375
PPO_5,1150920,reward,3662.47607421875
PPO_5,1153680,reward,3662.47607421875
PPO_5,1159200,reward,3770.06884765625
PPO_5,1164720,reward,3770.06884765625
PPO_5,1167480,reward,3770.06884765625
PPO_5,1173000,reward,3877.60791015625
PPO_5,1175760,reward,3877.60791015625
PPO_5,1181280,reward,3988.237060546875
PPO_5,1184040,reward,3988.237060546875
PPO_5,1189560,reward,3988.237060546875
PPO_5,1192320,reward,4105.91796875
PPO_5,1197840,reward,4105.91796875
PPO_5,1200600,reward,4105.91796875
PPO_5,1206120,reward,4215.609375
PPO_5,1208880,reward,4215.609375
PPO_5,1214400,reward,4330.3125
PPO_5,1217160,reward,4330.3125
PPO_5,1222680,reward,4330.3125
PPO_5,1228200,reward,4446.4443359375
PPO_5,1230960,reward,4446.4443359375
PPO_5,1236480,reward,4562.681640625
PPO_5,1239240,reward,4562.681640625
PPO_5,1244760,reward,4562.681640625
PPO_5,1247520,reward,4679.10302734375
PPO_5,1253040,reward,4679.10302734375
PPO_5,1255800,reward,4679.10302734375
PPO_5,1261320,reward,4791.73046875
PPO_5,1264080,reward,4791.73046875
PPO_5,1269600,reward,4902.1611328125
PPO_5,1272360,reward,4902.1611328125
PPO_5,1277880,reward,4902.1611328125
PPO_5,1280640,reward,5018.01708984375
PPO_5,1286160,reward,5018.01708984375
PPO_5,1288920,reward,5018.01708984375
PPO_5,1294440,reward,5131.51318359375
PPO_5,1299960,reward,5131.51318359375
PPO_5,1302720,reward,5249.35009765625
PPO_5,1308240,reward,5249.35009765625
PPO_5,1311000,reward,5249.35009765625
PPO_5,1316520,reward,5372.994140625
PPO_5,1319280,reward,5372.994140625
PPO_5,1324800,reward,5484.8427734375
PPO_5,1327560,reward,5484.8427734375
PPO_5,1333080,reward,5484.8427734375
PPO_5,1335840,reward,5598.23095703125
PPO_5,1341360,reward,5598.23095703125
PPO_5,1344120,reward,5598.23095703125
PPO_5,1349640,reward,5710.8056640625
PPO_5,1352400,reward,5710.8056640625
PPO_5,1357920,reward,5817.0
PPO_5,1363440,reward,5817.0
PPO_5,1366200,reward,5817.0
PPO_5,1371720,reward,5923.00244140625
PPO_5,1374480,reward,5923.00244140625
PPO_5,1380000,reward,6035.6484375
PPO_5,1382760,reward,6035.6484375
PPO_5,1388280,reward,6035.6484375
PPO_5,1391040,reward,6148.3125
PPO_5,1396560,reward,6148.3125
PPO_5,1399320,reward,6148.3125
PPO_5,1404840,reward,6247.43701171875
PPO_5,1407600,reward,6247.43701171875
PPO_5,1413120,reward,6352.49609375
PPO_5,1415880,reward,6352.49609375
PPO_5,1421400,reward,6352.49609375
PPO_5,1424160,reward,6460.72802734375
PPO_5,1429680,reward,6460.72802734375
PPO_5,1435200,reward,6560.81689453125
PPO_5,1437960,reward,6560.81689453125
PPO_5,1443480,reward,6560.81689453125
PPO_5,1446240,reward,6659.1103515625
PPO_5,1451760,reward,6659.1103515625
PPO_5,1454520,reward,6659.1103515625
PPO_5,1460040,reward,6760.82373046875
PPO_5,1462800,reward,6760.82373046875
PPO_5,1468320,reward,6865.30322265625
PPO_5,1471080,reward,6865.30322265625
PPO_5,1476600,reward,6865.30322265625
PPO_5,1479360,reward,6963.0556640625
PPO_5,1484880,reward,6963.0556640625
PPO_5,1487640,reward,6963.0556640625
PPO_5,1493160,reward,7060.140625
PPO_5,1498680,reward,7060.140625
PPO_5,1501440,reward,7162.3544921875
PPO_5,1506960,reward,7162.3544921875
PPO_5,1509720,reward,7162.3544921875
PPO_5,1515240,reward,7263.49169921875
PPO_5,1518000,reward,7263.49169921875
PPO_5,1523520,reward,7361.7138671875
PPO_5,1526280,reward,7361.7138671875
PPO_5,1531800,reward,7361.7138671875
PPO_5,1534560,reward,7463.1044921875
PPO_5,1540080,reward,7463.1044921875
PPO_5,1542840,reward,7463.1044921875
PPO_5,1548360,reward,7558.60107421875
PPO_5,1551120,reward,7558.60107421875
PPO_5,1556640,reward,7654.8740234375
PPO_5,1559400,reward,7654.8740234375
PPO_5,1564920,reward,7654.8740234375
PPO_5,1570440,reward,7756.2490234375
PPO_5,1573200,reward,7756.2490234375
PPO_5,1578720,reward,7853.56396484375
PPO_5,1581480,reward,7853.56396484375
PPO_5,1587000,reward,7853.56396484375
PPO_5,1589760,reward,7947.01318359375
PPO_5,1595280,reward,7947.01318359375
PPO_5,1598040,reward,7947.01318359375
PPO_5,1603560,reward,8049.39794921875
PPO_5,1606320,reward,8049.39794921875
PPO_5,1611840,reward,8148.3173828125
PPO_5,1614600,reward,8148.3173828125
PPO_5,1620120,reward,8148.3173828125
PPO_5,1622880,reward,8245.96484375
PPO_5,1628400,reward,8245.96484375
PPO_5,1633920,reward,8327.16015625
PPO_5,1636680,reward,8327.16015625
PPO_5,1642200,reward,8327.16015625
PPO_5,1644960,reward,8414.5283203125
PPO_5,1650480,reward,8414.5283203125
PPO_5,1653240,reward,8414.5283203125
PPO_5,1658760,reward,8494.9794921875
PPO_5,1661520,reward,8494.9794921875
PPO_5,1667040,reward,8583.73046875
PPO_5,1669800,reward,8583.73046875
PPO_5,1675320,reward,8583.73046875
PPO_5,1678080,reward,8668.9892578125
PPO_5,1683600,reward,8668.9892578125
PPO_5,1686360,reward,8668.9892578125
PPO_5,1691880,reward,8749.9404296875
PPO_5,1697400,reward,8749.9404296875
PPO_5,5520,value_loss,1.367915391921997
PPO_5,8280,value_loss,5.7599638239480555e-05
PPO_5,13800,value_loss,1.7219094038009644
PPO_5,16560,value_loss,0.7775312662124634
PPO_5,22080,value_loss,0.00012379743566270918
PPO_5,24840,value_loss,1.3619716167449951
PPO_5,30360,value_loss,0.00046326249139383435
PPO_5,33120,value_loss,8.050763426581398e-05
PPO_5,38640,value_loss,0.6426401734352112
PPO_5,41400,value_loss,0.00020818870689254254
PPO_5,46920,value_loss,1.0872585773468018
PPO_5,49680,value_loss,0.5600135326385498
PPO_5,55200,value_loss,2.2523203369928524e-05
PPO_5,57960,value_loss,1.0313713550567627
PPO_5,63480,value_loss,2.072013921861071e-05
PPO_5,69000,value_loss,0.975675642490387
PPO_5,71760,value_loss,0.38501882553100586
PPO_5,77280,value_loss,6.846042379038408e-05
PPO_5,80040,value_loss,0.8930472135543823
PPO_5,85560,value_loss,4.469864143175073e-05
PPO_5,88320,value_loss,0.0001457900507375598
PPO_5,93840,value_loss,0.24085083603858948
PPO_5,96600,value_loss,7.598358206450939e-05
PPO_5,102120,value_loss,0.7222573757171631
PPO_5,104880,value_loss,0.20088227093219757
PPO_5,110400,value_loss,0.0002010533062275499
PPO_5,113160,value_loss,0.6516396403312683
PPO_5,118680,value_loss,0.00023014750331640244
PPO_5,124200,value_loss,0.5498219728469849
PPO_5,126960,value_loss,0.09121571481227875
PPO_5,132480,value_loss,0.0002560890861786902
PPO_5,135240,value_loss,0.48093727231025696
PPO_5,140760,value_loss,0.00024882174329832196
PPO_5,143520,value_loss,0.0002313753793714568
PPO_5,149040,value_loss,0.03372576832771301
PPO_5,151800,value_loss,0.00034779522684402764
PPO_5,157320,value_loss,0.34068822860717773
PPO_5,160080,value_loss,0.018741052597761154
PPO_5,165600,value_loss,0.0003699068911373615
PPO_5,168360,value_loss,0.30204856395721436
PPO_5,173880,value_loss,0.000483091949718073
PPO_5,176640,value_loss,0.0004915876197628677
PPO_5,182160,value_loss,0.008206794038414955
PPO_5,187680,value_loss,0.00032478265347890556
PPO_5,190440,value_loss,0.20879878103733063
PPO_5,195960,value_loss,0.000587746559176594
PPO_5,198720,value_loss,0.00045955972746014595
PPO_5,204240,value_loss,0.005058815237134695
PPO_5,207000,value_loss,0.0002903168788179755
PPO_5,212520,value_loss,0.14036859571933746
PPO_5,215280,value_loss,0.007354012690484524
PPO_5,220800,value_loss,0.0003893611137755215
PPO_5,223560,value_loss,0.11696113646030426
PPO_5,229080,value_loss,0.0004893098375760019
PPO_5,231840,value_loss,0.0003545631770975888
PPO_5,237360,value_loss,0.008606642484664917
PPO_5,242880,value_loss,0.0004185622383374721
PPO_5,245640,value_loss,0.10218958556652069
PPO_5,251160,value_loss,0.0005106662283651531
PPO_5,253920,value_loss,0.00041709348442964256
PPO_5,259440,value_loss,0.008039863780140877
PPO_5,262200,value_loss,0.0003735545324161649
PPO_5,267720,value_loss,0.08438294380903244
PPO_5,270480,value_loss,0.007141041569411755
PPO_5,276000,value_loss,0.0003465356712695211
PPO_5,278760,value_loss,0.06989088654518127
PPO_5,284280,value_loss,0.0006478575523942709
PPO_5,287040,value_loss,0.00047022345825098455
PPO_5,292560,value_loss,0.005695911590009928
PPO_5,298080,value_loss,0.0005203200853429735
PPO_5,300840,value_loss,0.042985204607248306
PPO_5,306360,value_loss,0.0004714982642326504
PPO_5,309120,value_loss,0.0003505645727273077
PPO_5,314640,value_loss,0.004938563797622919
PPO_5,317400,value_loss,0.0004926748224534094
PPO_5,322920,value_loss,0.029802966862916946
PPO_5,325680,value_loss,0.004527933895587921
PPO_5,331200,value_loss,0.0006777017842978239
PPO_5,333960,value_loss,0.03244920074939728
PPO_5,339480,value_loss,0.00023976614465937018
PPO_5,342240,value_loss,0.00041683338349685073
PPO_5,347760,value_loss,0.004874881822615862
PPO_5,350520,value_loss,0.0002512834034860134
PPO_5,356040,value_loss,0.03244825452566147
PPO_5,361560,value_loss,0.00024223761283792555
PPO_5,364320,value_loss,0.00044181360863149166
PPO_5,369840,value_loss,0.003011369379237294
PPO_5,372600,value_loss,0.00022225797874853015
PPO_5,378120,value_loss,0.021355854347348213
PPO_5,380880,value_loss,0.002761763520538807
PPO_5,386400,value_loss,0.0006746316212229431
PPO_5,389160,value_loss,0.025272537022829056
PPO_5,394680,value_loss,0.00021336271311156452
PPO_5,397440,value_loss,0.0002822481910698116
PPO_5,402960,value_loss,0.0016023076605051756
PPO_5,405720,value_loss,0.00032844761153683066
PPO_5,411240,value_loss,0.0166529081761837
PPO_5,416760,value_loss,0.00031571867293678224
PPO_5,419520,value_loss,0.00043445953633636236
PPO_5,425040,value_loss,0.0015644958475604653
PPO_5,427800,value_loss,0.0003229219582863152
PPO_5,433320,value_loss,0.013678176328539848
PPO_5,436080,value_loss,0.0014777450123801827
PPO_5,441600,value_loss,0.0003351296472828835
PPO_5,444360,value_loss,0.013229855336248875
PPO_5,449880,value_loss,0.00019835827697534114
PPO_5,452640,value_loss,0.00027405706350691617
PPO_5,458160,value_loss,0.001407491508871317
PPO_5,460920,value_loss,0.00019689122564159334
PPO_5,466440,value_loss,0.01062279473990202
PPO_5,469200,value_loss,0.0007566272979602218
PPO_5,474720,value_loss,0.00024651052081026137
PPO_5,480240,value_loss,0.0009225971298292279
PPO_5,483000,value_loss,0.00019667706510517746
PPO_5,488520,value_loss,0.010197363793849945
PPO_5,491280,value_loss,0.0008186373161152005
PPO_5,496800,value_loss,0.00022086525859776884
PPO_5,499560,value_loss,0.009348763152956963
PPO_5,505080,value_loss,0.0001655343221500516
PPO_5,507840,value_loss,0.00024023267906159163
PPO_5,513360,value_loss,0.000661411031614989
PPO_5,516120,value_loss,0.00011894886119989678
PPO_5,521640,value_loss,0.006541477516293526
PPO_5,524400,value_loss,0.0011000180384144187
PPO_5,529920,value_loss,0.00022967082622926682
PPO_5,535440,value_loss,0.0005038473755121231
PPO_5,538200,value_loss,0.00012106398935429752
PPO_5,543720,value_loss,0.0049035819247365
PPO_5,546480,value_loss,0.0009545601787976921
PPO_5,552000,value_loss,0.0001552428147988394
PPO_5,554760,value_loss,0.005026431288570166
PPO_5,560280,value_loss,0.0001387744559906423
PPO_5,563040,value_loss,0.00023396742471959442
PPO_5,568560,value_loss,0.0004880447522737086
PPO_5,571320,value_loss,9.705031698103994e-05
PPO_5,576840,value_loss,0.004673775285482407
PPO_5,579600,value_loss,0.00040261654066853225
PPO_5,585120,value_loss,0.00015067640924826264
PPO_5,590640,value_loss,0.00035809437395073473
PPO_5,593400,value_loss,0.00016083157970570028
PPO_5,598920,value_loss,0.0034074699506163597
PPO_5,601680,value_loss,0.0004454379086382687
PPO_5,607200,value_loss,0.00023798082838766277
PPO_5,609960,value_loss,0.0031276624649763107
PPO_5,615480,value_loss,0.00017858922365121543
PPO_5,618240,value_loss,0.0003109329263679683
PPO_5,623760,value_loss,0.0002780139911919832
PPO_5,626520,value_loss,0.00020180839055683464
PPO_5,632040,value_loss,0.00282403826713562
PPO_5,634800,value_loss,0.00029767854721285403
PPO_5,640320,value_loss,0.0001678531407378614
PPO_5,643080,value_loss,0.003289364743977785
PPO_5,648600,value_loss,0.0001908119593281299
PPO_5,654120,value_loss,0.0032045235857367516
PPO_5,656880,value_loss,0.0003026694757863879
PPO_5,662400,value_loss,0.00024091126397252083
PPO_5,665160,value_loss,0.002804253716021776
PPO_5,670680,value_loss,0.0002972623333334923
PPO_5,673440,value_loss,0.00022610186715610325
PPO_5,678960,value_loss,0.00024098038556985557
PPO_5,681720,value_loss,0.0001310571242356673
PPO_5,687240,value_loss,0.002576676430180669
PPO_5,690000,value_loss,0.00022892715060152113
PPO_5,695520,value_loss,0.00010016976011684164
PPO_5,698280,value_loss,0.002488848753273487
PPO_5,703800,value_loss,0.00011005229316651821
PPO_5,709320,value_loss,0.0023057523649185896
PPO_5,712080,value_loss,0.00019361650629434735
PPO_5,717600,value_loss,7.560076483059675e-05
PPO_5,720360,value_loss,0.0023816030006855726
PPO_5,725880,value_loss,4.9460250011179596e-05
PPO_5,728640,value_loss,3.487685171421617e-05
PPO_5,734160,value_loss,0.000836427672766149
PPO_5,736920,value_loss,0.00013498144107870758
PPO_5,742440,value_loss,0.0032011878211051226
PPO_5,745200,value_loss,0.0006336115184240043
PPO_5,750720,value_loss,0.00025248120073229074
PPO_5,753480,value_loss,0.002300029620528221
PPO_5,759000,value_loss,0.0001339855807600543
PPO_5,764520,value_loss,0.0017661923775449395
PPO_5,767280,value_loss,0.0004285148170311004
PPO_5,772800,value_loss,0.00034341923310421407
PPO_5,775560,value_loss,0.001540105091407895
PPO_5,781080,value_loss,9.256977500626817e-05
PPO_5,783840,value_loss,0.0003122214402537793
PPO_5,789360,value_loss,0.00039338224451057613
PPO_5,792120,value_loss,7.72592393332161e-05
PPO_5,797640,value_loss,0.0012741745449602604
PPO_5,800400,value_loss,0.0004149462329223752
PPO_5,805920,value_loss,0.0003888987412210554
PPO_5,808680,value_loss,0.0011173406383022666
PPO_5,814200,value_loss,7.708193879807368e-05
PPO_5,816960,value_loss,0.00023188930936157703
PPO_5,822480,value_loss,0.00018787647422868758
PPO_5,828000,value_loss,8.844606054481119e-05
PPO_5,830760,value_loss,0.0009338127565570176
PPO_5,836280,value_loss,9.137027518590912e-05
PPO_5,839040,value_loss,0.00011923694546567276
PPO_5,844560,value_loss,0.00010625134746078402
PPO_5,847320,value_loss,0.0001340154412901029
PPO_5,852840,value_loss,0.0006414767121896148
PPO_5,855600,value_loss,0.00012911486555822194
PPO_5,861120,value_loss,9.018338460009545e-05
PPO_5,863880,value_loss,0.0005792747251689434
PPO_5,869400,value_loss,1.7703765479382128e-05
PPO_5,872160,value_loss,0.00013569147267844528
PPO_5,877680,value_loss,0.00014530519547406584
PPO_5,883200,value_loss,5.1013055781368166e-05
PPO_5,885960,value_loss,0.0006010135402902961
PPO_5,891480,value_loss,1.9842913388856687e-05
PPO_5,894240,value_loss,3.479378210613504e-05
PPO_5,899760,value_loss,7.529326103394851e-05
PPO_5,902520,value_loss,7.11588654667139e-05
PPO_5,908040,value_loss,0.0005895679350942373
PPO_5,910800,value_loss,0.00011118048132630065
PPO_5,916320,value_loss,0.00013649956963490695
PPO_5,919080,value_loss,0.0006820342969149351
PPO_5,924600,value_loss,2.875405152735766e-05
PPO_5,927360,value_loss,4.7692905354779214e-05
PPO_5,932880,value_loss,8.238526788773015e-05
PPO_5,935640,value_loss,1.8034141248790547e-05
PPO_5,941160,value_loss,0.0006255385233089328
PPO_5,946680,value_loss,4.0579892811365426e-05
PPO_5,949440,value_loss,4.709999484475702e-05
PPO_5,954960,value_loss,6.241411756491289e-05
PPO_5,957720,value_loss,4.283458474674262e-05
PPO_5,963240,value_loss,0.0008781592478044331
PPO_5,966000,value_loss,6.997714808676392e-05
PPO_5,971520,value_loss,0.00011553536023711786
PPO_5,974280,value_loss,0.000852176162879914
PPO_5,979800,value_loss,3.7920890463283285e-05
PPO_5,982560,value_loss,3.910744999302551e-05
PPO_5,988080,value_loss,4.278104461263865e-05
PPO_5,990840,value_loss,2.2588985302718356e-05
PPO_5,996360,value_loss,0.0006821605493314564
PPO_5,1001880,value_loss,2.1100897356518544e-05
PPO_5,1004640,value_loss,3.1578962079947814e-05
PPO_5,1010160,value_loss,4.63916985609103e-05
PPO_5,1012920,value_loss,3.219998689019121e-05
PPO_5,1018440,value_loss,0.0006028515635989606
PPO_5,1021200,value_loss,5.310815686243586e-05
PPO_5,1026720,value_loss,4.1686165786813945e-05
PPO_5,1029480,value_loss,0.0005318528274074197
PPO_5,1035000,value_loss,4.155882925260812e-05
PPO_5,1037760,value_loss,1.965199044207111e-05
PPO_5,1043280,value_loss,3.300179014331661e-05
PPO_5,1046040,value_loss,3.9267797546926886e-05
PPO_5,1051560,value_loss,0.0004173340857960284
PPO_5,1057080,value_loss,4.862519199377857e-05
PPO_5,1059840,value_loss,1.0136015589523595e-05
PPO_5,1065360,value_loss,3.3891450584633276e-05
PPO_5,1068120,value_loss,6.09977578278631e-05
PPO_5,1073640,value_loss,0.00042729839333333075
PPO_5,1076400,value_loss,2.5235427528969012e-05
PPO_5,1081920,value_loss,8.059317224251572e-06
PPO_5,1084680,value_loss,0.00040498937596566975
PPO_5,1090200,value_loss,2.3994789444259368e-05
PPO_5,1092960,value_loss,1.1607138731051236e-05
PPO_5,1098480,value_loss,2.4818609745125286e-05
PPO_5,1101240,value_loss,1.8798065866576508e-05
PPO_5,1106760,value_loss,0.00045391995809040964
PPO_5,1109520,value_loss,3.321738768136129e-05
PPO_5,1115040,value_loss,4.456409078557044e-05
PPO_5,1120560,value_loss,3.2480173103976995e-05
PPO_5,1123320,value_loss,1.1837255442515016e-05
PPO_5,1128840,value_loss,0.00039172242395579815
PPO_5,1131600,value_loss,3.423895395826548e-05
PPO_5,1137120,value_loss,6.415836105588824e-05
PPO_5,1139880,value_loss,0.00041322840843349695
PPO_5,1145400,value_loss,2.687544110813178e-05
PPO_5,1148160,value_loss,1.9140050426358357e-05
PPO_5,1153680,value_loss,6.319516978692263e-05
PPO_5,1156440,value_loss,4.1147126466967165e-05
PPO_5,1161960,value_loss,0.0004979773657396436
PPO_5,1164720,value_loss,4.793377229361795e-05
PPO_5,1170240,value_loss,9.397700523550157e-06
PPO_5,1175760,value_loss,2.68342573690461e-05
PPO_5,1178520,value_loss,9.328009036835283e-05
PPO_5,1184040,value_loss,0.0005190320080146194
PPO_5,1186800,value_loss,2.6356896341894753e-05
PPO_5,1192320,value_loss,6.33489480605931e-06
PPO_5,1195080,value_loss,0.0004347541544120759
PPO_5,1200600,value_loss,0.0012873508967459202
PPO_5,1203360,value_loss,0.0002532479411456734
PPO_5,1208880,value_loss,2.776040491880849e-05
PPO_5,1211640,value_loss,0.00015814942889846861
PPO_5,1217160,value_loss,0.0004678594705183059
PPO_5,1219920,value_loss,2.0797375327674672e-05
PPO_5,1225440,value_loss,1.9294757294119336e-05
PPO_5,1230960,value_loss,2.708379724936094e-05
PPO_5,1233720,value_loss,2.8263759304536507e-05
PPO_5,1239240,value_loss,0.00047993368934839964
PPO_5,1242000,value_loss,4.583658301271498e-05
PPO_5,1247520,value_loss,6.726273227286583e-07
PPO_5,1250280,value_loss,0.00046701455721631646
PPO_5,1255800,value_loss,8.806582627585158e-06
PPO_5,1258560,value_loss,3.1608818972017616e-05
PPO_5,1264080,value_loss,2.2658326997770928e-05
PPO_5,1266840,value_loss,1.7070946341846138e-05
PPO_5,1272360,value_loss,0.00043914656271226704
PPO_5,1275120,value_loss,6.829539779573679e-05
PPO_5,1280640,value_loss,0.00014377955812960863
PPO_5,1283400,value_loss,0.0004076000477652997
PPO_5,1288920,value_loss,2.2493115466204472e-05
PPO_5,1294440,value_loss,0.0004522064118646085
PPO_5,1297200,value_loss,3.487646608846262e-05
PPO_5,1302720,value_loss,3.0764200346311554e-05
PPO_5,1305480,value_loss,0.0004145014099776745
PPO_5,1311000,value_loss,8.487756531394552e-06
PPO_5,1313760,value_loss,0.00020681577734649181
PPO_5,1319280,value_loss,3.229408321203664e-05
PPO_5,1322040,value_loss,2.083281742670806e-06
PPO_5,1327560,value_loss,0.00032660216675139964
PPO_5,1330320,value_loss,5.0734368414850906e-05
PPO_5,1335840,value_loss,0.00013499187480192631
PPO_5,1338600,value_loss,0.0003946595825254917
PPO_5,1344120,value_loss,5.135825995239429e-05
PPO_5,1349640,value_loss,0.00046888666111044586
PPO_5,1352400,value_loss,4.116276977583766e-05
PPO_5,1357920,value_loss,3.9372698665829375e-05
PPO_5,1360680,value_loss,0.00032587337773293257
PPO_5,1366200,value_loss,2.208972000516951e-05
PPO_5,1368960,value_loss,4.183910641586408e-05
PPO_5,1374480,value_loss,5.0302896852372214e-05
PPO_5,1377240,value_loss,1.2588498975674156e-05
PPO_5,1382760,value_loss,0.0003830633359029889
PPO_5,1385520,value_loss,5.010149470763281e-05
PPO_5,1391040,value_loss,1.2517762115749065e-05
PPO_5,1393800,value_loss,0.000315795186907053
PPO_5,1399320,value_loss,7.131505844881758e-05
PPO_5,1402080,value_loss,2.0764571672771126e-05
PPO_5,1407600,value_loss,5.2930699894204736e-05
PPO_5,1413120,value_loss,9.608644904801622e-05
PPO_5,1415880,value_loss,0.0004291017248760909
PPO_5,1421400,value_loss,9.395083907293156e-06
PPO_5,1424160,value_loss,4.315547994337976e-05
PPO_5,1429680,value_loss,5.042551129008643e-05
PPO_5,1432440,value_loss,1.4018326510267798e-05
PPO_5,1437960,value_loss,0.0003818100958596915
PPO_5,1440720,value_loss,5.1377031923038885e-05
PPO_5,1446240,value_loss,4.535933112492785e-05
PPO_5,1449000,value_loss,0.0004472079162951559
PPO_5,1454520,value_loss,2.2715494196745567e-05
PPO_5,1457280,value_loss,2.5805224140640348e-05
PPO_5,1462800,value_loss,2.917177334893495e-05
PPO_5,1468320,value_loss,2.8811689844587818e-05
PPO_5,1471080,value_loss,0.00030432120547629893
PPO_5,1476600,value_loss,2.3360136765404604e-05
PPO_5,1479360,value_loss,1.0908747754001524e-05
PPO_5,1484880,value_loss,3.6568304494721815e-05
PPO_5,1487640,value_loss,4.9003083404386416e-05
PPO_5,1493160,value_loss,0.0002915854856837541
PPO_5,1495920,value_loss,2.4819821192068048e-05
PPO_5,1501440,value_loss,1.4226337953004986e-05
PPO_5,1504200,value_loss,0.0002790960425045341
PPO_5,1509720,value_loss,1.713547680992633e-05
PPO_5,1512480,value_loss,2.8001488317386247e-05
PPO_5,1518000,value_loss,3.634902532212436e-05
PPO_5,1523520,value_loss,4.7433655709028244e-05
PPO_5,1526280,value_loss,0.00022948061814531684
PPO_5,1531800,value_loss,2.3093598429113626e-05
PPO_5,1534560,value_loss,3.755768193514086e-05
PPO_5,1540080,value_loss,5.724150105379522e-05
PPO_5,1542840,value_loss,2.6004734536400065e-05
PPO_5,1548360,value_loss,0.0002776859619189054
PPO_5,1551120,value_loss,4.658131001633592e-05
PPO_5,1556640,value_loss,2.958412005682476e-05
PPO_5,1559400,value_loss,0.0003035619738511741
PPO_5,1564920,value_loss,1.2015139873255976e-05
PPO_5,1567680,value_loss,1.933784551511053e-05
PPO_5,1573200,value_loss,3.541245314409025e-05
PPO_5,1575960,value_loss,3.817499873548513e-06
PPO_5,1581480,value_loss,0.0002665612264536321
PPO_5,1587000,value_loss,0.00011177486157976091
PPO_5,1589760,value_loss,1.5959032680257224e-05
PPO_5,1595280,value_loss,2.5135350369964726e-05
PPO_5,1598040,value_loss,4.4101980165578425e-06
PPO_5,1603560,value_loss,0.00025950136478058994
PPO_5,1606320,value_loss,3.1371710065286607e-05
PPO_5,1611840,value_loss,1.8425309463054873e-05
PPO_5,1614600,value_loss,0.0002901279367506504
PPO_5,1620120,value_loss,8.434554911218584e-05
PPO_5,1622880,value_loss,2.8585376639966853e-05
PPO_5,1628400,value_loss,3.427713818382472e-05
PPO_5,1631160,value_loss,3.3497042295493884e-06
PPO_5,1636680,value_loss,0.00018774790805764496
PPO_5,1642200,value_loss,4.74567195851705e-06
PPO_5,1644960,value_loss,3.630217179306783e-05
PPO_5,1650480,value_loss,8.383404201595113e-05
PPO_5,1653240,value_loss,3.740926695172675e-05
PPO_5,1658760,value_loss,0.0001836261071730405
PPO_5,1661520,value_loss,3.0743511160835624e-05
PPO_5,1667040,value_loss,7.969610464897414e-07
PPO_5,1669800,value_loss,0.0002264914510305971
PPO_5,1675320,value_loss,8.079457620624453e-05
PPO_5,1678080,value_loss,8.028356205613818e-06
PPO_5,1683600,value_loss,2.704040343814995e-05
PPO_5,1686360,value_loss,3.0277387850219384e-06
PPO_5,1691880,value_loss,0.00017779317568056285
PPO_5,1697400,value_loss,1.4492180753222783e-06
PPO_5,5520,explained_variance,0.2024613618850708
PPO_5,8280,explained_variance,0.9687338471412659
PPO_5,13800,explained_variance,0.0002225041389465332
PPO_5,16560,explained_variance,0.037840843200683594
PPO_5,22080,explained_variance,0.9664159417152405
PPO_5,24840,explained_variance,0.11063432693481445
PPO_5,30360,explained_variance,0.9453815221786499
PPO_5,33120,explained_variance,0.9683679342269897
PPO_5,38640,explained_variance,0.26607584953308105
PPO_5,41400,explained_variance,0.947027325630188
PPO_5,46920,explained_variance,0.2956780791282654
PPO_5,49680,explained_variance,0.3954628109931946
PPO_5,55200,explained_variance,0.9550814628601074
PPO_5,57960,explained_variance,0.37472963333129883
PPO_5,63480,explained_variance,0.9564847946166992
PPO_5,69000,explained_variance,0.44089484214782715
PPO_5,71760,explained_variance,0.6246199011802673
PPO_5,77280,explained_variance,0.9590361714363098
PPO_5,80040,explained_variance,0.5133888721466064
PPO_5,85560,explained_variance,0.9679879546165466
PPO_5,88320,explained_variance,0.9615707397460938
PPO_5,93840,explained_variance,0.7906826734542847
PPO_5,96600,explained_variance,0.9650290608406067
PPO_5,102120,explained_variance,0.6328110098838806
PPO_5,104880,explained_variance,0.8390849828720093
PPO_5,110400,explained_variance,0.9628791213035583
PPO_5,113160,explained_variance,0.6876413822174072
PPO_5,118680,explained_variance,0.960944652557373
PPO_5,124200,explained_variance,0.7373895645141602
PPO_5,126960,explained_variance,0.9303537011146545
PPO_5,132480,explained_variance,0.9650043249130249
PPO_5,135240,explained_variance,0.7760083079338074
PPO_5,140760,explained_variance,0.956994891166687
PPO_5,143520,explained_variance,0.9663116931915283
PPO_5,149040,explained_variance,0.9728394746780396
PPO_5,151800,explained_variance,0.9558660984039307
PPO_5,157320,explained_variance,0.841270387172699
PPO_5,160080,explained_variance,0.9838590621948242
PPO_5,165600,explained_variance,0.9666712284088135
PPO_5,168360,explained_variance,0.8602101802825928
PPO_5,173880,explained_variance,0.9554396867752075
PPO_5,176640,explained_variance,0.9668650031089783
PPO_5,182160,explained_variance,0.9928133487701416
PPO_5,187680,explained_variance,0.9654197692871094
PPO_5,190440,explained_variance,0.9027668833732605
PPO_5,195960,explained_variance,0.955733060836792
PPO_5,198720,explained_variance,0.9655934572219849
PPO_5,204240,explained_variance,0.9943980574607849
PPO_5,207000,explained_variance,0.9558378458023071
PPO_5,212520,explained_variance,0.9323541522026062
PPO_5,215280,explained_variance,0.9920423030853271
PPO_5,220800,explained_variance,0.964323103427887
PPO_5,223560,explained_variance,0.9432691931724548
PPO_5,229080,explained_variance,0.9549366235733032
PPO_5,231840,explained_variance,0.9656165838241577
PPO_5,237360,explained_variance,0.9901367425918579
PPO_5,242880,explained_variance,0.9662589430809021
PPO_5,245640,explained_variance,0.9508763551712036
PPO_5,251160,explained_variance,0.9549765586853027
PPO_5,253920,explained_variance,0.9677487015724182
PPO_5,259440,explained_variance,0.9901899695396423
PPO_5,262200,explained_variance,0.9553719162940979
PPO_5,267720,explained_variance,0.9592709541320801
PPO_5,270480,explained_variance,0.9906609058380127
PPO_5,276000,explained_variance,0.9648075103759766
PPO_5,278760,explained_variance,0.9660305976867676
PPO_5,284280,explained_variance,0.9563276767730713
PPO_5,287040,explained_variance,0.9658152461051941
PPO_5,292560,explained_variance,0.991762101650238
PPO_5,298080,explained_variance,0.9663562774658203
PPO_5,300840,explained_variance,0.9782037138938904
PPO_5,306360,explained_variance,0.9566611051559448
PPO_5,309120,explained_variance,0.9664022922515869
PPO_5,314640,explained_variance,0.9920646548271179
PPO_5,317400,explained_variance,0.9568315148353577
PPO_5,322920,explained_variance,0.9844714403152466
PPO_5,325680,explained_variance,0.9921465516090393
PPO_5,331200,explained_variance,0.9664150476455688
PPO_5,333960,explained_variance,0.9837466478347778
PPO_5,339480,explained_variance,0.9587055444717407
PPO_5,342240,explained_variance,0.9671512246131897
PPO_5,347760,explained_variance,0.9922338128089905
PPO_5,350520,explained_variance,0.9593690037727356
PPO_5,356040,explained_variance,0.9840853214263916
PPO_5,361560,explained_variance,0.9593174457550049
PPO_5,364320,explained_variance,0.9659021496772766
PPO_5,369840,explained_variance,0.9945012927055359
PPO_5,372600,explained_variance,0.9584371447563171
PPO_5,378120,explained_variance,0.9889438152313232
PPO_5,380880,explained_variance,0.9942097663879395
PPO_5,386400,explained_variance,0.9672829508781433
PPO_5,389160,explained_variance,0.9875968098640442
PPO_5,394680,explained_variance,0.958240270614624
PPO_5,397440,explained_variance,0.963453471660614
PPO_5,402960,explained_variance,0.9961382746696472
PPO_5,405720,explained_variance,0.9570989608764648
PPO_5,411240,explained_variance,0.9914873838424683
PPO_5,416760,explained_variance,0.9559670090675354
PPO_5,419520,explained_variance,0.9612560868263245
PPO_5,425040,explained_variance,0.9957792162895203
PPO_5,427800,explained_variance,0.9560335278511047
PPO_5,433320,explained_variance,0.9931039214134216
PPO_5,436080,explained_variance,0.9959359765052795
PPO_5,441600,explained_variance,0.9630057215690613
PPO_5,444360,explained_variance,0.9935672283172607
PPO_5,449880,explained_variance,0.9569036364555359
PPO_5,452640,explained_variance,0.9653359651565552
PPO_5,458160,explained_variance,0.9968168139457703
PPO_5,460920,explained_variance,0.9566428065299988
PPO_5,466440,explained_variance,0.9946205615997314
PPO_5,469200,explained_variance,0.9977400302886963
PPO_5,474720,explained_variance,0.9643130898475647
PPO_5,480240,explained_variance,0.9973424673080444
PPO_5,483000,explained_variance,0.9568192362785339
PPO_5,488520,explained_variance,0.995069682598114
PPO_5,491280,explained_variance,0.9979935884475708
PPO_5,496800,explained_variance,0.9664449691772461
PPO_5,499560,explained_variance,0.995361864566803
PPO_5,505080,explained_variance,0.9570406079292297
PPO_5,507840,explained_variance,0.9621687531471252
PPO_5,513360,explained_variance,0.9980940222740173
PPO_5,516120,explained_variance,0.957961916923523
PPO_5,521640,explained_variance,0.9966732263565063
PPO_5,524400,explained_variance,0.9975181221961975
PPO_5,529920,explained_variance,0.9633873105049133
PPO_5,535440,explained_variance,0.9983089566230774
PPO_5,538200,explained_variance,0.9589275121688843
PPO_5,543720,explained_variance,0.9973961114883423
PPO_5,546480,explained_variance,0.9980268478393555
PPO_5,552000,explained_variance,0.9640697836875916
PPO_5,554760,explained_variance,0.9973214268684387
PPO_5,560280,explained_variance,0.9574137926101685
PPO_5,563040,explained_variance,0.96721351146698
PPO_5,568560,explained_variance,0.9986909031867981
PPO_5,571320,explained_variance,0.9583321809768677
PPO_5,576840,explained_variance,0.9977225065231323
PPO_5,579600,explained_variance,0.9988636374473572
PPO_5,585120,explained_variance,0.9626821875572205
PPO_5,590640,explained_variance,0.9988223910331726
PPO_5,593400,explained_variance,0.9565862417221069
PPO_5,598920,explained_variance,0.9979175329208374
PPO_5,601680,explained_variance,0.9986838102340698
PPO_5,607200,explained_variance,0.9617409706115723
PPO_5,609960,explained_variance,0.9982537627220154
PPO_5,615480,explained_variance,0.955946683883667
PPO_5,618240,explained_variance,0.9616949558258057
PPO_5,623760,explained_variance,0.9988404512405396
PPO_5,626520,explained_variance,0.9556772112846375
PPO_5,632040,explained_variance,0.9983662366867065
PPO_5,634800,explained_variance,0.9988951683044434
PPO_5,640320,explained_variance,0.9620601534843445
PPO_5,643080,explained_variance,0.9983108639717102
PPO_5,648600,explained_variance,0.9550554156303406
PPO_5,654120,explained_variance,0.9983413219451904
PPO_5,656880,explained_variance,0.9989356398582458
PPO_5,662400,explained_variance,0.9596484303474426
PPO_5,665160,explained_variance,0.9984849095344543
PPO_5,670680,explained_variance,0.9546135067939758
PPO_5,673440,explained_variance,0.959143877029419
PPO_5,678960,explained_variance,0.999152421951294
PPO_5,681720,explained_variance,0.9550461769104004
PPO_5,687240,explained_variance,0.9986069202423096
PPO_5,690000,explained_variance,0.9992722272872925
PPO_5,695520,explained_variance,0.9624719023704529
PPO_5,698280,explained_variance,0.99868243932724
PPO_5,703800,explained_variance,0.9562393426895142
PPO_5,709320,explained_variance,0.9988211393356323
PPO_5,712080,explained_variance,0.999437689781189
PPO_5,717600,explained_variance,0.967068612575531
PPO_5,720360,explained_variance,0.9987151622772217
PPO_5,725880,explained_variance,0.9565079212188721
PPO_5,728640,explained_variance,0.9653216600418091
PPO_5,734160,explained_variance,0.9991838932037354
PPO_5,736920,explained_variance,0.9614005088806152
PPO_5,742440,explained_variance,0.9981927871704102
PPO_5,745200,explained_variance,0.9994447827339172
PPO_5,750720,explained_variance,0.9424615502357483
PPO_5,753480,explained_variance,0.9987672567367554
PPO_5,759000,explained_variance,0.9653114676475525
PPO_5,764520,explained_variance,0.9987541437149048
PPO_5,767280,explained_variance,0.9996010065078735
PPO_5,772800,explained_variance,0.9530308842658997
PPO_5,775560,explained_variance,0.9991520643234253
PPO_5,781080,explained_variance,0.963954746723175
PPO_5,783840,explained_variance,0.9517377614974976
PPO_5,789360,explained_variance,0.9994879961013794
PPO_5,792120,explained_variance,0.9675124883651733
PPO_5,797640,explained_variance,0.9992820024490356
PPO_5,800400,explained_variance,0.9995406866073608
PPO_5,805920,explained_variance,0.9483034014701843
PPO_5,808680,explained_variance,0.9993579387664795
PPO_5,814200,explained_variance,0.9644792675971985
PPO_5,816960,explained_variance,0.9474404454231262
PPO_5,822480,explained_variance,0.9998200535774231
PPO_5,828000,explained_variance,0.9748700261116028
PPO_5,830760,explained_variance,0.9994069933891296
PPO_5,836280,explained_variance,0.9622464179992676
PPO_5,839040,explained_variance,0.9727229475975037
PPO_5,844560,explained_variance,0.9999025464057922
PPO_5,847320,explained_variance,0.9647488594055176
PPO_5,852840,explained_variance,0.9995604157447815
PPO_5,855600,explained_variance,0.9998457431793213
PPO_5,861120,explained_variance,0.9635537266731262
PPO_5,863880,explained_variance,0.999609649181366
PPO_5,869400,explained_variance,0.964255154132843
PPO_5,872160,explained_variance,0.95364910364151
PPO_5,877680,explained_variance,0.9997687339782715
PPO_5,883200,explained_variance,0.9664421081542969
PPO_5,885960,explained_variance,0.999650776386261
PPO_5,891480,explained_variance,0.961758017539978
PPO_5,894240,explained_variance,0.9743531346321106
PPO_5,899760,explained_variance,0.9998779296875
PPO_5,902520,explained_variance,0.9582404494285583
PPO_5,908040,explained_variance,0.9996323585510254
PPO_5,910800,explained_variance,0.9998968839645386
PPO_5,916320,explained_variance,0.952286958694458
PPO_5,919080,explained_variance,0.9996057748794556
PPO_5,924600,explained_variance,0.9628263115882874
PPO_5,927360,explained_variance,0.9816106557846069
PPO_5,932880,explained_variance,0.9998985528945923
PPO_5,935640,explained_variance,0.9574329853057861
PPO_5,941160,explained_variance,0.9996258616447449
PPO_5,946680,explained_variance,0.9613877534866333
PPO_5,949440,explained_variance,0.9791468977928162
PPO_5,954960,explained_variance,0.999930202960968
PPO_5,957720,explained_variance,0.9650077819824219
PPO_5,963240,explained_variance,0.9994792342185974
PPO_5,966000,explained_variance,0.9999300241470337
PPO_5,971520,explained_variance,0.9515234231948853
PPO_5,974280,explained_variance,0.9995428323745728
PPO_5,979800,explained_variance,0.9631728529930115
PPO_5,982560,explained_variance,0.9720035195350647
PPO_5,988080,explained_variance,0.9999678134918213
PPO_5,990840,explained_variance,0.9632251858711243
PPO_5,996360,explained_variance,0.9996433258056641
PPO_5,1001880,explained_variance,0.96168053150177
PPO_5,1004640,explained_variance,0.9800753593444824
PPO_5,1010160,explained_variance,0.9999585747718811
PPO_5,1012920,explained_variance,0.9579142928123474
PPO_5,1018440,explained_variance,0.9996447563171387
PPO_5,1021200,explained_variance,0.9998800158500671
PPO_5,1026720,explained_variance,0.9619701504707336
PPO_5,1029480,explained_variance,0.9996439814567566
PPO_5,1035000,explained_variance,0.9619801044464111
PPO_5,1037760,explained_variance,0.978470504283905
PPO_5,1043280,explained_variance,0.9999328255653381
PPO_5,1046040,explained_variance,0.9606355428695679
PPO_5,1051560,explained_variance,0.9997485876083374
PPO_5,1057080,explained_variance,0.9547758102416992
PPO_5,1059840,explained_variance,0.9718325734138489
PPO_5,1065360,explained_variance,0.9999051690101624
PPO_5,1068120,explained_variance,0.9605897068977356
PPO_5,1073640,explained_variance,0.9997369050979614
PPO_5,1076400,explained_variance,0.9999300837516785
PPO_5,1081920,explained_variance,0.9749859571456909
PPO_5,1084680,explained_variance,0.9997416734695435
PPO_5,1090200,explained_variance,0.9562680125236511
PPO_5,1092960,explained_variance,0.9768709540367126
PPO_5,1098480,explained_variance,0.9999518990516663
PPO_5,1101240,explained_variance,0.9524171352386475
PPO_5,1106760,explained_variance,0.9997233748435974
PPO_5,1109520,explained_variance,0.9999447464942932
PPO_5,1115040,explained_variance,0.9675233364105225
PPO_5,1120560,explained_variance,0.999910831451416
PPO_5,1123320,explained_variance,0.9540702700614929
PPO_5,1128840,explained_variance,0.9997599124908447
PPO_5,1131600,explained_variance,0.9999309182167053
PPO_5,1137120,explained_variance,0.9688909649848938
PPO_5,1139880,explained_variance,0.9997352957725525
PPO_5,1145400,explained_variance,0.9524291753768921
PPO_5,1148160,explained_variance,0.967204749584198
PPO_5,1153680,explained_variance,0.9999181032180786
PPO_5,1156440,explained_variance,0.9533999562263489
PPO_5,1161960,explained_variance,0.9997532367706299
PPO_5,1164720,explained_variance,0.9998838901519775
PPO_5,1170240,explained_variance,0.972510576248169
PPO_5,1175760,explained_variance,0.9999396204948425
PPO_5,1178520,explained_variance,0.9551032781600952
PPO_5,1184040,explained_variance,0.9996669888496399
PPO_5,1186800,explained_variance,0.9999529123306274
PPO_5,1192320,explained_variance,0.9719470739364624
PPO_5,1195080,explained_variance,0.9997369050979614
PPO_5,1200600,explained_variance,0.9417147040367126
PPO_5,1203360,explained_variance,0.9522677063941956
PPO_5,1208880,explained_variance,0.9999306797981262
PPO_5,1211640,explained_variance,0.9624351263046265
PPO_5,1217160,explained_variance,0.9997279644012451
PPO_5,1219920,explained_variance,0.9999560117721558
PPO_5,1225440,explained_variance,0.952623188495636
PPO_5,1230960,explained_variance,0.9999264478683472
PPO_5,1233720,explained_variance,0.9500979781150818
PPO_5,1239240,explained_variance,0.99971604347229
PPO_5,1242000,explained_variance,0.999878466129303
PPO_5,1247520,explained_variance,0.979852020740509
PPO_5,1250280,explained_variance,0.9997320771217346
PPO_5,1255800,explained_variance,0.9432242512702942
PPO_5,1258560,explained_variance,0.9523400068283081
PPO_5,1264080,explained_variance,0.9999384880065918
PPO_5,1266840,explained_variance,0.9493780136108398
PPO_5,1272360,explained_variance,0.9997456669807434
PPO_5,1275120,explained_variance,0.999909520149231
PPO_5,1280640,explained_variance,0.9556909799575806
PPO_5,1283400,explained_variance,0.9997648596763611
PPO_5,1288920,explained_variance,0.9400151371955872
PPO_5,1294440,explained_variance,0.9997067451477051
PPO_5,1297200,explained_variance,0.9999048113822937
PPO_5,1302720,explained_variance,0.9571453332901001
PPO_5,1305480,explained_variance,0.9997406005859375
PPO_5,1311000,explained_variance,0.9394265413284302
PPO_5,1313760,explained_variance,0.9562363624572754
PPO_5,1319280,explained_variance,0.9999012351036072
PPO_5,1322040,explained_variance,0.9400959014892578
PPO_5,1327560,explained_variance,0.9997779130935669
PPO_5,1330320,explained_variance,0.9998168349266052
PPO_5,1335840,explained_variance,0.9587026238441467
PPO_5,1338600,explained_variance,0.9997124671936035
PPO_5,1344120,explained_variance,0.9448182582855225
PPO_5,1349640,explained_variance,0.9996620416641235
PPO_5,1352400,explained_variance,0.9998727440834045
PPO_5,1357920,explained_variance,0.9580196142196655
PPO_5,1360680,explained_variance,0.9997663497924805
PPO_5,1366200,explained_variance,0.9421238899230957
PPO_5,1368960,explained_variance,0.9578191041946411
PPO_5,1374480,explained_variance,0.9998427629470825
PPO_5,1377240,explained_variance,0.9421187043190002
PPO_5,1382760,explained_variance,0.9997552633285522
PPO_5,1385520,explained_variance,0.9998741149902344
PPO_5,1391040,explained_variance,0.957269549369812
PPO_5,1393800,explained_variance,0.9997851848602295
PPO_5,1399320,explained_variance,0.941317081451416
PPO_5,1402080,explained_variance,0.958017885684967
PPO_5,1407600,explained_variance,0.9998324513435364
PPO_5,1413120,explained_variance,0.9599844217300415
PPO_5,1415880,explained_variance,0.9997285604476929
PPO_5,1421400,explained_variance,0.9472430944442749
PPO_5,1424160,explained_variance,0.9590983986854553
PPO_5,1429680,explained_variance,0.9998512268066406
PPO_5,1432440,explained_variance,0.9487672448158264
PPO_5,1437960,explained_variance,0.9997140169143677
PPO_5,1440720,explained_variance,0.9998502135276794
PPO_5,1446240,explained_variance,0.9586578607559204
PPO_5,1449000,explained_variance,0.9996815919876099
PPO_5,1454520,explained_variance,0.9503648281097412
PPO_5,1457280,explained_variance,0.9565982222557068
PPO_5,1462800,explained_variance,0.999914824962616
PPO_5,1468320,explained_variance,0.9582912921905518
PPO_5,1471080,explained_variance,0.999777615070343
PPO_5,1476600,explained_variance,0.9514005184173584
PPO_5,1479360,explained_variance,0.9558155536651611
PPO_5,1484880,explained_variance,0.9998747706413269
PPO_5,1487640,explained_variance,0.9476182460784912
PPO_5,1493160,explained_variance,0.999779224395752
PPO_5,1495920,explained_variance,0.9999352693557739
PPO_5,1501440,explained_variance,0.9579210877418518
PPO_5,1504200,explained_variance,0.9998162984848022
PPO_5,1509720,explained_variance,0.9479828476905823
PPO_5,1512480,explained_variance,0.9579372406005859
PPO_5,1518000,explained_variance,0.999923050403595
PPO_5,1523520,explained_variance,0.9572973251342773
PPO_5,1526280,explained_variance,0.9998151659965515
PPO_5,1531800,explained_variance,0.9477447271347046
PPO_5,1534560,explained_variance,0.9598841071128845
PPO_5,1540080,explained_variance,0.9998011589050293
PPO_5,1542840,explained_variance,0.9491950869560242
PPO_5,1548360,explained_variance,0.999737024307251
PPO_5,1551120,explained_variance,0.9998738169670105
PPO_5,1556640,explained_variance,0.9611048102378845
PPO_5,1559400,explained_variance,0.9997361302375793
PPO_5,1564920,explained_variance,0.9502275586128235
PPO_5,1567680,explained_variance,0.9609311819076538
PPO_5,1573200,explained_variance,0.9999224543571472
PPO_5,1575960,explained_variance,0.9550078511238098
PPO_5,1581480,explained_variance,0.9998040795326233
PPO_5,1587000,explained_variance,0.9528705477714539
PPO_5,1589760,explained_variance,0.959869384765625
PPO_5,1595280,explained_variance,0.9999338388442993
PPO_5,1598040,explained_variance,0.952065110206604
PPO_5,1603560,explained_variance,0.9998129606246948
PPO_5,1606320,explained_variance,0.9999064207077026
PPO_5,1611840,explained_variance,0.9597839713096619
PPO_5,1614600,explained_variance,0.9997903108596802
PPO_5,1620120,explained_variance,0.9516280293464661
PPO_5,1622880,explained_variance,0.9597001075744629
PPO_5,1628400,explained_variance,0.9998757243156433
PPO_5,1631160,explained_variance,0.9532819390296936
PPO_5,1636680,explained_variance,0.999860405921936
PPO_5,1642200,explained_variance,0.9534277319908142
PPO_5,1644960,explained_variance,0.9454390406608582
PPO_5,1650480,explained_variance,0.9999189972877502
PPO_5,1653240,explained_variance,0.9512950778007507
PPO_5,1658760,explained_variance,0.999889612197876
PPO_5,1661520,explained_variance,0.9999499320983887
PPO_5,1667040,explained_variance,0.9804354906082153
PPO_5,1669800,explained_variance,0.9998636841773987
PPO_5,1675320,explained_variance,0.9420503973960876
PPO_5,1678080,explained_variance,0.9722866415977478
PPO_5,1683600,explained_variance,0.9999762773513794
PPO_5,1686360,explained_variance,0.9345117807388306
PPO_5,1691880,explained_variance,0.9998904466629028
PPO_5,1697400,explained_variance,0.9456779360771179
PPO_5,5520,entropy,-4.25478982925415
PPO_5,8280,entropy,-4.254385471343994
PPO_5,13800,entropy,-4.254022598266602
PPO_5,16560,entropy,-4.26176118850708
PPO_5,22080,entropy,-4.247175216674805
PPO_5,24840,entropy,-4.243893146514893
PPO_5,30360,entropy,-4.226528167724609
PPO_5,33120,entropy,-4.219244956970215
PPO_5,38640,entropy,-4.217482566833496
PPO_5,41400,entropy,-4.222329616546631
PPO_5,46920,entropy,-4.247396945953369
PPO_5,49680,entropy,-4.252775192260742
PPO_5,55200,entropy,-4.2810444831848145
PPO_5,57960,entropy,-4.284134864807129
PPO_5,63480,entropy,-4.2993855476379395
PPO_5,69000,entropy,-4.296088218688965
PPO_5,71760,entropy,-4.303988456726074
PPO_5,77280,entropy,-4.3228888511657715
PPO_5,80040,entropy,-4.3297014236450195
PPO_5,85560,entropy,-4.314190864562988
PPO_5,88320,entropy,-4.300590991973877
PPO_5,93840,entropy,-4.282564640045166
PPO_5,96600,entropy,-4.300126552581787
PPO_5,102120,entropy,-4.318914413452148
PPO_5,104880,entropy,-4.313286781311035
PPO_5,110400,entropy,-4.327829837799072
PPO_5,113160,entropy,-4.32220458984375
PPO_5,118680,entropy,-4.324473857879639
PPO_5,124200,entropy,-4.331594467163086
PPO_5,126960,entropy,-4.336393356323242
PPO_5,132480,entropy,-4.35546350479126
PPO_5,135240,entropy,-4.358010292053223
PPO_5,140760,entropy,-4.369831085205078
PPO_5,143520,entropy,-4.37997579574585
PPO_5,149040,entropy,-4.394347667694092
PPO_5,151800,entropy,-4.409317493438721
PPO_5,157320,entropy,-4.44248104095459
PPO_5,160080,entropy,-4.440476417541504
PPO_5,165600,entropy,-4.430091857910156
PPO_5,168360,entropy,-4.428279399871826
PPO_5,173880,entropy,-4.417414665222168
PPO_5,176640,entropy,-4.394028186798096
PPO_5,182160,entropy,-4.395288944244385
PPO_5,187680,entropy,-4.4230265617370605
PPO_5,190440,entropy,-4.427015781402588
PPO_5,195960,entropy,-4.448298454284668
PPO_5,198720,entropy,-4.448022842407227
PPO_5,204240,entropy,-4.447207450866699
PPO_5,207000,entropy,-4.451895713806152
PPO_5,212520,entropy,-4.469363212585449
PPO_5,215280,entropy,-4.472586154937744
PPO_5,220800,entropy,-4.5037736892700195
PPO_5,223560,entropy,-4.520081520080566
PPO_5,229080,entropy,-4.54346227645874
PPO_5,231840,entropy,-4.564255237579346
PPO_5,237360,entropy,-4.578045845031738
PPO_5,242880,entropy,-4.580992221832275
PPO_5,245640,entropy,-4.590703010559082
PPO_5,251160,entropy,-4.606808662414551
PPO_5,253920,entropy,-4.622099876403809
PPO_5,259440,entropy,-4.652665615081787
PPO_5,262200,entropy,-4.667501926422119
PPO_5,267720,entropy,-4.6937713623046875
PPO_5,270480,entropy,-4.699527263641357
PPO_5,276000,entropy,-4.7131476402282715
PPO_5,278760,entropy,-4.719942569732666
PPO_5,284280,entropy,-4.738274097442627
PPO_5,287040,entropy,-4.752987861633301
PPO_5,292560,entropy,-4.774840354919434
PPO_5,298080,entropy,-4.801113605499268
PPO_5,300840,entropy,-4.802479267120361
PPO_5,306360,entropy,-4.827664852142334
PPO_5,309120,entropy,-4.8455328941345215
PPO_5,314640,entropy,-4.865676403045654
PPO_5,317400,entropy,-4.875772476196289
PPO_5,322920,entropy,-4.884171962738037
PPO_5,325680,entropy,-4.8899006843566895
PPO_5,331200,entropy,-4.887111186981201
PPO_5,333960,entropy,-4.882370471954346
PPO_5,339480,entropy,-4.8817667961120605
PPO_5,342240,entropy,-4.88560152053833
PPO_5,347760,entropy,-4.891758918762207
PPO_5,350520,entropy,-4.902585506439209
PPO_5,356040,entropy,-4.92536735534668
PPO_5,361560,entropy,-4.927794933319092
PPO_5,364320,entropy,-4.9283766746521
PPO_5,369840,entropy,-4.9210286140441895
PPO_5,372600,entropy,-4.9186177253723145
PPO_5,378120,entropy,-4.935352802276611
PPO_5,380880,entropy,-4.950991153717041
PPO_5,386400,entropy,-4.971129417419434
PPO_5,389160,entropy,-4.974550724029541
PPO_5,394680,entropy,-4.970434665679932
PPO_5,397440,entropy,-4.978132247924805
PPO_5,402960,entropy,-4.9850311279296875
PPO_5,405720,entropy,-4.982051849365234
PPO_5,411240,entropy,-4.997277736663818
PPO_5,416760,entropy,-5.012842178344727
PPO_5,419520,entropy,-5.0243072509765625
PPO_5,425040,entropy,-5.034031867980957
PPO_5,427800,entropy,-5.034095764160156
PPO_5,433320,entropy,-5.0296244621276855
PPO_5,436080,entropy,-5.031896591186523
PPO_5,441600,entropy,-5.0581135749816895
PPO_5,444360,entropy,-5.061191082000732
PPO_5,449880,entropy,-5.076455116271973
PPO_5,452640,entropy,-5.090381622314453
PPO_5,458160,entropy,-5.105618000030518
PPO_5,460920,entropy,-5.110250949859619
PPO_5,466440,entropy,-5.117703914642334
PPO_5,469200,entropy,-5.119505882263184
PPO_5,474720,entropy,-5.128146648406982
PPO_5,480240,entropy,-5.152579307556152
PPO_5,483000,entropy,-5.148782730102539
PPO_5,488520,entropy,-5.175623893737793
PPO_5,491280,entropy,-5.188390731811523
PPO_5,496800,entropy,-5.194535255432129
PPO_5,499560,entropy,-5.198175430297852
PPO_5,505080,entropy,-5.201627254486084
PPO_5,507840,entropy,-5.201814651489258
PPO_5,513360,entropy,-5.223924160003662
PPO_5,516120,entropy,-5.216692924499512
PPO_5,521640,entropy,-5.220142364501953
PPO_5,524400,entropy,-5.229437828063965
PPO_5,529920,entropy,-5.229877948760986
PPO_5,535440,entropy,-5.242024898529053
PPO_5,538200,entropy,-5.241376876831055
PPO_5,543720,entropy,-5.253122806549072
PPO_5,546480,entropy,-5.263854026794434
PPO_5,552000,entropy,-5.2805705070495605
PPO_5,554760,entropy,-5.297153949737549
PPO_5,560280,entropy,-5.305129528045654
PPO_5,563040,entropy,-5.3084611892700195
PPO_5,568560,entropy,-5.343094825744629
PPO_5,571320,entropy,-5.3501763343811035
PPO_5,576840,entropy,-5.3587422370910645
PPO_5,579600,entropy,-5.357987403869629
PPO_5,585120,entropy,-5.373317241668701
PPO_5,590640,entropy,-5.404454708099365
PPO_5,593400,entropy,-5.408144474029541
PPO_5,598920,entropy,-5.415346622467041
PPO_5,601680,entropy,-5.418792247772217
PPO_5,607200,entropy,-5.404826641082764
PPO_5,609960,entropy,-5.409287929534912
PPO_5,615480,entropy,-5.399886608123779
PPO_5,618240,entropy,-5.402605056762695
PPO_5,623760,entropy,-5.420750141143799
PPO_5,626520,entropy,-5.421328067779541
PPO_5,632040,entropy,-5.422654151916504
PPO_5,634800,entropy,-5.444579124450684
PPO_5,640320,entropy,-5.459977149963379
PPO_5,643080,entropy,-5.476078033447266
PPO_5,648600,entropy,-5.475945472717285
PPO_5,654120,entropy,-5.479506969451904
PPO_5,656880,entropy,-5.486191272735596
PPO_5,662400,entropy,-5.461205005645752
PPO_5,665160,entropy,-5.450052738189697
PPO_5,670680,entropy,-5.446642875671387
PPO_5,673440,entropy,-5.459109783172607
PPO_5,678960,entropy,-5.505821228027344
PPO_5,681720,entropy,-5.525481224060059
PPO_5,687240,entropy,-5.552199363708496
PPO_5,690000,entropy,-5.556620121002197
PPO_5,695520,entropy,-5.572321891784668
PPO_5,698280,entropy,-5.576193809509277
PPO_5,703800,entropy,-5.587680816650391
PPO_5,709320,entropy,-5.589405059814453
PPO_5,712080,entropy,-5.593069553375244
PPO_5,717600,entropy,-5.5909905433654785
PPO_5,720360,entropy,-5.592944145202637
PPO_5,725880,entropy,-5.610693454742432
PPO_5,728640,entropy,-5.607245445251465
PPO_5,734160,entropy,-5.520220756530762
PPO_5,736920,entropy,-5.530167102813721
PPO_5,742440,entropy,-5.538536548614502
PPO_5,745200,entropy,-5.555384635925293
PPO_5,750720,entropy,-5.575662136077881
PPO_5,753480,entropy,-5.580665588378906
PPO_5,759000,entropy,-5.5673627853393555
PPO_5,764520,entropy,-5.57858419418335
PPO_5,767280,entropy,-5.5818610191345215
PPO_5,772800,entropy,-5.591323375701904
PPO_5,775560,entropy,-5.5812602043151855
PPO_5,781080,entropy,-5.595088005065918
PPO_5,783840,entropy,-5.604623317718506
PPO_5,789360,entropy,-5.621829032897949
PPO_5,792120,entropy,-5.618399620056152
PPO_5,797640,entropy,-5.581705570220947
PPO_5,800400,entropy,-5.579594135284424
PPO_5,805920,entropy,-5.58039665222168
PPO_5,808680,entropy,-5.584699630737305
PPO_5,814200,entropy,-5.561254024505615
PPO_5,816960,entropy,-5.551681041717529
PPO_5,822480,entropy,-5.558590888977051
PPO_5,828000,entropy,-5.5757222175598145
PPO_5,830760,entropy,-5.591146945953369
PPO_5,836280,entropy,-5.5826568603515625
PPO_5,839040,entropy,-5.592261791229248
PPO_5,844560,entropy,-5.6043620109558105
PPO_5,847320,entropy,-5.595743179321289
PPO_5,852840,entropy,-5.581357002258301
PPO_5,855600,entropy,-5.579349994659424
PPO_5,861120,entropy,-5.571608066558838
PPO_5,863880,entropy,-5.580430507659912
PPO_5,869400,entropy,-5.583289623260498
PPO_5,872160,entropy,-5.574728965759277
PPO_5,877680,entropy,-5.568696975708008
PPO_5,883200,entropy,-5.548432350158691
PPO_5,885960,entropy,-5.54491662979126
PPO_5,891480,entropy,-5.539573669433594
PPO_5,894240,entropy,-5.543588161468506
PPO_5,899760,entropy,-5.553768157958984
PPO_5,902520,entropy,-5.558866500854492
PPO_5,908040,entropy,-5.545465469360352
PPO_5,910800,entropy,-5.541929244995117
PPO_5,916320,entropy,-5.563119411468506
PPO_5,919080,entropy,-5.558737277984619
PPO_5,924600,entropy,-5.546786308288574
PPO_5,927360,entropy,-5.540252208709717
PPO_5,932880,entropy,-5.54421329498291
PPO_5,935640,entropy,-5.547083377838135
PPO_5,941160,entropy,-5.56060266494751
PPO_5,946680,entropy,-5.545602321624756
PPO_5,949440,entropy,-5.542047500610352
PPO_5,954960,entropy,-5.54587984085083
PPO_5,957720,entropy,-5.542142391204834
PPO_5,963240,entropy,-5.531630516052246
PPO_5,966000,entropy,-5.536448955535889
PPO_5,971520,entropy,-5.547956466674805
PPO_5,974280,entropy,-5.558695316314697
PPO_5,979800,entropy,-5.559271812438965
PPO_5,982560,entropy,-5.566938400268555
PPO_5,988080,entropy,-5.559346675872803
PPO_5,990840,entropy,-5.559264659881592
PPO_5,996360,entropy,-5.554490566253662
PPO_5,1001880,entropy,-5.557008743286133
PPO_5,1004640,entropy,-5.561865329742432
PPO_5,1010160,entropy,-5.547995567321777
PPO_5,1012920,entropy,-5.543729782104492
PPO_5,1018440,entropy,-5.536004066467285
PPO_5,1021200,entropy,-5.534503936767578
PPO_5,1026720,entropy,-5.531578063964844
PPO_5,1029480,entropy,-5.527163028717041
PPO_5,1035000,entropy,-5.523704528808594
PPO_5,1037760,entropy,-5.51097297668457
PPO_5,1043280,entropy,-5.520378589630127
PPO_5,1046040,entropy,-5.524405479431152
PPO_5,1051560,entropy,-5.534559726715088
PPO_5,1057080,entropy,-5.538629531860352
PPO_5,1059840,entropy,-5.5525922775268555
PPO_5,1065360,entropy,-5.557209491729736
PPO_5,1068120,entropy,-5.558445930480957
PPO_5,1073640,entropy,-5.5719780921936035
PPO_5,1076400,entropy,-5.572299003601074
PPO_5,1081920,entropy,-5.57266902923584
PPO_5,1084680,entropy,-5.583929538726807
PPO_5,1090200,entropy,-5.603063583374023
PPO_5,1092960,entropy,-5.6169514656066895
PPO_5,1098480,entropy,-5.6293158531188965
PPO_5,1101240,entropy,-5.639211177825928
PPO_5,1106760,entropy,-5.646109580993652
PPO_5,1109520,entropy,-5.652966499328613
PPO_5,1115040,entropy,-5.675904273986816
PPO_5,1120560,entropy,-5.697592735290527
PPO_5,1123320,entropy,-5.7134504318237305
PPO_5,1128840,entropy,-5.715879917144775
PPO_5,1131600,entropy,-5.7215681076049805
PPO_5,1137120,entropy,-5.733967304229736
PPO_5,1139880,entropy,-5.73298978805542
PPO_5,1145400,entropy,-5.717352867126465
PPO_5,1148160,entropy,-5.734578609466553
PPO_5,1153680,entropy,-5.7406392097473145
PPO_5,1156440,entropy,-5.741305351257324
PPO_5,1161960,entropy,-5.751364231109619
PPO_5,1164720,entropy,-5.748223781585693
PPO_5,1170240,entropy,-5.780603408813477
PPO_5,1175760,entropy,-5.818154811859131
PPO_5,1178520,entropy,-5.813141345977783
PPO_5,1184040,entropy,-5.805175304412842
PPO_5,1186800,entropy,-5.797699451446533
PPO_5,1192320,entropy,-5.795745849609375
PPO_5,1195080,entropy,-5.792378902435303
PPO_5,1200600,entropy,-5.79630708694458
PPO_5,1203360,entropy,-5.808750629425049
PPO_5,1208880,entropy,-5.815188884735107
PPO_5,1211640,entropy,-5.828595161437988
PPO_5,1217160,entropy,-5.843885898590088
PPO_5,1219920,entropy,-5.849802017211914
PPO_5,1225440,entropy,-5.855695724487305
PPO_5,1230960,entropy,-5.863768100738525
PPO_5,1233720,entropy,-5.882223606109619
PPO_5,1239240,entropy,-5.910353183746338
PPO_5,1242000,entropy,-5.908547878265381
PPO_5,1247520,entropy,-5.926316738128662
PPO_5,1250280,entropy,-5.935178279876709
PPO_5,1255800,entropy,-5.941100597381592
PPO_5,1258560,entropy,-5.934276580810547
PPO_5,1264080,entropy,-5.944058418273926
PPO_5,1266840,entropy,-5.944143772125244
PPO_5,1272360,entropy,-5.957528591156006
PPO_5,1275120,entropy,-5.968789100646973
PPO_5,1280640,entropy,-5.97945499420166
PPO_5,1283400,entropy,-5.989328384399414
PPO_5,1288920,entropy,-6.004319190979004
PPO_5,1294440,entropy,-6.031574726104736
PPO_5,1297200,entropy,-6.0322160720825195
PPO_5,1302720,entropy,-6.026124000549316
PPO_5,1305480,entropy,-6.041081428527832
PPO_5,1311000,entropy,-6.043276309967041
PPO_5,1313760,entropy,-6.033577919006348
PPO_5,1319280,entropy,-6.0236029624938965
PPO_5,1322040,entropy,-6.0254011154174805
PPO_5,1327560,entropy,-6.0283522605896
PPO_5,1330320,entropy,-6.0246171951293945
PPO_5,1335840,entropy,-6.02516508102417
PPO_5,1338600,entropy,-6.035599231719971
PPO_5,1344120,entropy,-6.05311393737793
PPO_5,1349640,entropy,-6.076212406158447
PPO_5,1352400,entropy,-6.068324565887451
PPO_5,1357920,entropy,-6.054579734802246
PPO_5,1360680,entropy,-6.065415859222412
PPO_5,1366200,entropy,-6.076837062835693
PPO_5,1368960,entropy,-6.083085060119629
PPO_5,1374480,entropy,-6.062695503234863
PPO_5,1377240,entropy,-6.059091567993164
PPO_5,1382760,entropy,-6.07820463180542
PPO_5,1385520,entropy,-6.074317455291748
PPO_5,1391040,entropy,-6.082218647003174
PPO_5,1393800,entropy,-6.086925983428955
PPO_5,1399320,entropy,-6.091220855712891
PPO_5,1402080,entropy,-6.0950446128845215
PPO_5,1407600,entropy,-6.099767208099365
PPO_5,1413120,entropy,-6.0879082679748535
PPO_5,1415880,entropy,-6.09761381149292
PPO_5,1421400,entropy,-6.112750053405762
PPO_5,1424160,entropy,-6.115575790405273
PPO_5,1429680,entropy,-6.117671489715576
PPO_5,1432440,entropy,-6.127479553222656
PPO_5,1437960,entropy,-6.138584613800049
PPO_5,1440720,entropy,-6.144691467285156
PPO_5,1446240,entropy,-6.139676094055176
PPO_5,1449000,entropy,-6.135767459869385
PPO_5,1454520,entropy,-6.137948036193848
PPO_5,1457280,entropy,-6.143668174743652
PPO_5,1462800,entropy,-6.144779682159424
PPO_5,1468320,entropy,-6.143906593322754
PPO_5,1471080,entropy,-6.151597023010254
PPO_5,1476600,entropy,-6.1522064208984375
PPO_5,1479360,entropy,-6.162445068359375
PPO_5,1484880,entropy,-6.167463779449463
PPO_5,1487640,entropy,-6.173807621002197
PPO_5,1493160,entropy,-6.179072380065918
PPO_5,1495920,entropy,-6.184977054595947
PPO_5,1501440,entropy,-6.195307731628418
PPO_5,1504200,entropy,-6.1992316246032715
PPO_5,1509720,entropy,-6.199756622314453
PPO_5,1512480,entropy,-6.19844388961792
PPO_5,1518000,entropy,-6.209928035736084
PPO_5,1523520,entropy,-6.22896146774292
PPO_5,1526280,entropy,-6.2334208488464355
PPO_5,1531800,entropy,-6.2548675537109375
PPO_5,1534560,entropy,-6.256507873535156
PPO_5,1540080,entropy,-6.263980865478516
PPO_5,1542840,entropy,-6.264725685119629
PPO_5,1548360,entropy,-6.257541656494141
PPO_5,1551120,entropy,-6.2546281814575195
PPO_5,1556640,entropy,-6.239737033843994
PPO_5,1559400,entropy,-6.233208656311035
PPO_5,1564920,entropy,-6.229953765869141
PPO_5,1567680,entropy,-6.231598377227783
PPO_5,1573200,entropy,-6.260128021240234
PPO_5,1575960,entropy,-6.26037073135376
PPO_5,1581480,entropy,-6.264155387878418
PPO_5,1587000,entropy,-6.2529473304748535
PPO_5,1589760,entropy,-6.248390197753906
PPO_5,1595280,entropy,-6.2374138832092285
PPO_5,1598040,entropy,-6.242195129394531
PPO_5,1603560,entropy,-6.246644020080566
PPO_5,1606320,entropy,-6.250821113586426
PPO_5,1611840,entropy,-6.2468719482421875
PPO_5,1614600,entropy,-6.2446699142456055
PPO_5,1620120,entropy,-6.242414474487305
PPO_5,1622880,entropy,-6.249527931213379
PPO_5,1628400,entropy,-6.263265609741211
PPO_5,1631160,entropy,-6.269465446472168
PPO_5,1636680,entropy,-6.264815330505371
PPO_5,1642200,entropy,-6.255404949188232
PPO_5,1644960,entropy,-6.258721828460693
PPO_5,1650480,entropy,-6.245065689086914
PPO_5,1653240,entropy,-6.243992328643799
PPO_5,1658760,entropy,-6.238129615783691
PPO_5,1661520,entropy,-6.237052917480469
PPO_5,1667040,entropy,-6.231714248657227
PPO_5,1669800,entropy,-6.226742267608643
PPO_5,1675320,entropy,-6.2227463722229
PPO_5,1678080,entropy,-6.226357460021973
PPO_5,1683600,entropy,-6.2277374267578125
PPO_5,1686360,entropy,-6.228814125061035
PPO_5,1691880,entropy,-6.221595287322998
PPO_5,1697400,entropy,-6.215836048126221
PPO_5,5520,approx_kl,0.003979634027928114
PPO_5,8280,approx_kl,0.0043356092646718025
PPO_5,13800,approx_kl,0.0031763247679919004
PPO_5,16560,approx_kl,0.002949788235127926
PPO_5,22080,approx_kl,0.00533425435423851
PPO_5,24840,approx_kl,0.0036620385944843292
PPO_5,30360,approx_kl,0.005503468681126833
PPO_5,33120,approx_kl,0.006353281904011965
PPO_5,38640,approx_kl,0.003857853589579463
PPO_5,41400,approx_kl,0.003880149917677045
PPO_5,46920,approx_kl,0.0030732955783605576
PPO_5,49680,approx_kl,0.003834069473668933
PPO_5,55200,approx_kl,0.004016772378236055
PPO_5,57960,approx_kl,0.003778480226173997
PPO_5,63480,approx_kl,0.003036048263311386
PPO_5,69000,approx_kl,0.0021110838279128075
PPO_5,71760,approx_kl,0.0024707261472940445
PPO_5,77280,approx_kl,0.004599190782755613
PPO_5,80040,approx_kl,0.005413862410932779
PPO_5,85560,approx_kl,0.004217568784952164
PPO_5,88320,approx_kl,0.005012147128582001
PPO_5,93840,approx_kl,0.002417869633063674
PPO_5,96600,approx_kl,0.0024074900429695845
PPO_5,102120,approx_kl,0.004249321762472391
PPO_5,104880,approx_kl,0.007213497068732977
PPO_5,110400,approx_kl,0.003036048961803317
PPO_5,113160,approx_kl,0.005206644535064697
PPO_5,118680,approx_kl,0.005231674760580063
PPO_5,124200,approx_kl,0.010129322297871113
PPO_5,126960,approx_kl,0.003784156171604991
PPO_5,132480,approx_kl,0.0038862398359924555
PPO_5,135240,approx_kl,0.00545134162530303
PPO_5,140760,approx_kl,0.003935414832085371
PPO_5,143520,approx_kl,0.0027032995130866766
PPO_5,149040,approx_kl,0.004586304072290659
PPO_5,151800,approx_kl,0.004485143814235926
PPO_5,157320,approx_kl,0.0065056090243160725
PPO_5,160080,approx_kl,0.00252330768853426
PPO_5,165600,approx_kl,0.0033958780113607645
PPO_5,168360,approx_kl,0.004723723977804184
PPO_5,173880,approx_kl,0.0038629944901913404
PPO_5,176640,approx_kl,0.0040099844336509705
PPO_5,182160,approx_kl,0.005652843043208122
PPO_5,187680,approx_kl,0.0028903763741254807
PPO_5,190440,approx_kl,0.0018798914970830083
PPO_5,195960,approx_kl,0.005015060771256685
PPO_5,198720,approx_kl,0.004290278535336256
PPO_5,204240,approx_kl,0.0046212016604840755
PPO_5,207000,approx_kl,0.0038312189280986786
PPO_5,212520,approx_kl,0.002625358058139682
PPO_5,215280,approx_kl,0.004025391768664122
PPO_5,220800,approx_kl,0.0040344656445086
PPO_5,223560,approx_kl,0.004912405274808407
PPO_5,229080,approx_kl,0.005769035313278437
PPO_5,231840,approx_kl,0.005242250859737396
PPO_5,237360,approx_kl,0.003358211601153016
PPO_5,242880,approx_kl,0.004167415201663971
PPO_5,245640,approx_kl,0.004193115513771772
PPO_5,251160,approx_kl,0.003474312135949731
PPO_5,253920,approx_kl,0.004712939728051424
PPO_5,259440,approx_kl,0.003565100021660328
PPO_5,262200,approx_kl,0.003308407962322235
PPO_5,267720,approx_kl,0.004336943384259939
PPO_5,270480,approx_kl,0.003350363112986088
PPO_5,276000,approx_kl,0.00408930005505681
PPO_5,278760,approx_kl,0.004429866559803486
PPO_5,284280,approx_kl,0.004408371169120073
PPO_5,287040,approx_kl,0.004550033714622259
PPO_5,292560,approx_kl,0.005931427236646414
PPO_5,298080,approx_kl,0.004552624188363552
PPO_5,300840,approx_kl,0.005511357914656401
PPO_5,306360,approx_kl,0.004315829370170832
PPO_5,309120,approx_kl,0.005506556481122971
PPO_5,314640,approx_kl,0.004258751403540373
PPO_5,317400,approx_kl,0.0030121018644422293
PPO_5,322920,approx_kl,0.0033605608623474836
PPO_5,325680,approx_kl,0.004726900719106197
PPO_5,331200,approx_kl,0.0034941595513373613
PPO_5,333960,approx_kl,0.003326048841699958
PPO_5,339480,approx_kl,0.005480719730257988
PPO_5,342240,approx_kl,0.0035684911999851465
PPO_5,347760,approx_kl,0.0026392322033643723
PPO_5,350520,approx_kl,0.004452903289347887
PPO_5,356040,approx_kl,0.006014994811266661
PPO_5,361560,approx_kl,0.002878145081922412
PPO_5,364320,approx_kl,0.003140975022688508
PPO_5,369840,approx_kl,0.0029016640037298203
PPO_5,372600,approx_kl,0.004994384478777647
PPO_5,378120,approx_kl,0.004012002144008875
PPO_5,380880,approx_kl,0.0042707049287855625
PPO_5,386400,approx_kl,0.0036853898782283068
PPO_5,389160,approx_kl,0.004158012103289366
PPO_5,394680,approx_kl,0.004933759104460478
PPO_5,397440,approx_kl,0.004150215070694685
PPO_5,402960,approx_kl,0.0036438817624002695
PPO_5,405720,approx_kl,0.0048355781473219395
PPO_5,411240,approx_kl,0.004245133604854345
PPO_5,416760,approx_kl,0.003775895806029439
PPO_5,419520,approx_kl,0.004255092702805996
PPO_5,425040,approx_kl,0.004413592163473368
PPO_5,427800,approx_kl,0.003999016713351011
PPO_5,433320,approx_kl,0.00395628996193409
PPO_5,436080,approx_kl,0.006122160702943802
PPO_5,441600,approx_kl,0.0048929317854344845
PPO_5,444360,approx_kl,0.005192197393625975
PPO_5,449880,approx_kl,0.003213484538719058
PPO_5,452640,approx_kl,0.0025426216889172792
PPO_5,458160,approx_kl,0.004057730548083782
PPO_5,460920,approx_kl,0.003577122464776039
PPO_5,466440,approx_kl,0.005367653910070658
PPO_5,469200,approx_kl,0.004690626170486212
PPO_5,474720,approx_kl,0.003964378032833338
PPO_5,480240,approx_kl,0.00432175537571311
PPO_5,483000,approx_kl,0.002996674505993724
PPO_5,488520,approx_kl,0.0025874730199575424
PPO_5,491280,approx_kl,0.005731739103794098
PPO_5,496800,approx_kl,0.004822348710149527
PPO_5,499560,approx_kl,0.003017097944393754
PPO_5,505080,approx_kl,0.0028240568935871124
PPO_5,507840,approx_kl,0.0044688014313578606
PPO_5,513360,approx_kl,0.005539851728826761
PPO_5,516120,approx_kl,0.0048702615313231945
PPO_5,521640,approx_kl,0.004842542577534914
PPO_5,524400,approx_kl,0.004924369975924492
PPO_5,529920,approx_kl,0.005544102285057306
PPO_5,535440,approx_kl,0.006822487805038691
PPO_5,538200,approx_kl,0.003013271139934659
PPO_5,543720,approx_kl,0.0025569770950824022
PPO_5,546480,approx_kl,0.00401358911767602
PPO_5,552000,approx_kl,0.003409281140193343
PPO_5,554760,approx_kl,0.002996874274685979
PPO_5,560280,approx_kl,0.004587127361446619
PPO_5,563040,approx_kl,0.004853110294789076
PPO_5,568560,approx_kl,0.006854057312011719
PPO_5,571320,approx_kl,0.004225033801048994
PPO_5,576840,approx_kl,0.0037376333493739367
PPO_5,579600,approx_kl,0.006493744906038046
PPO_5,585120,approx_kl,0.0054064481519162655
PPO_5,590640,approx_kl,0.0047175101935863495
PPO_5,593400,approx_kl,0.004530659411102533
PPO_5,598920,approx_kl,0.005009315442293882
PPO_5,601680,approx_kl,0.005379908252507448
PPO_5,607200,approx_kl,0.005262141581624746
PPO_5,609960,approx_kl,0.006592816207557917
PPO_5,615480,approx_kl,0.003253975184634328
PPO_5,618240,approx_kl,0.005455842707306147
PPO_5,623760,approx_kl,0.003898079739883542
PPO_5,626520,approx_kl,0.003164065768942237
PPO_5,632040,approx_kl,0.00575565779581666
PPO_5,634800,approx_kl,0.004810471087694168
PPO_5,640320,approx_kl,0.006409200374037027
PPO_5,643080,approx_kl,0.005148306488990784
PPO_5,648600,approx_kl,0.0034993758890777826
PPO_5,654120,approx_kl,0.00300021399743855
PPO_5,656880,approx_kl,0.0028587831184267998
PPO_5,662400,approx_kl,0.0053044892847537994
PPO_5,665160,approx_kl,0.0049649979919195175
PPO_5,670680,approx_kl,0.0049570477567613125
PPO_5,673440,approx_kl,0.0036625664215534925
PPO_5,678960,approx_kl,0.0036922693252563477
PPO_5,681720,approx_kl,0.0034589848946779966
PPO_5,687240,approx_kl,0.0040080067701637745
PPO_5,690000,approx_kl,0.004004685208201408
PPO_5,695520,approx_kl,0.0050430698320269585
PPO_5,698280,approx_kl,0.005701795220375061
PPO_5,703800,approx_kl,0.003473657416179776
PPO_5,709320,approx_kl,0.001073243678547442
PPO_5,712080,approx_kl,0.00439123809337616
PPO_5,717600,approx_kl,0.00243551773019135
PPO_5,720360,approx_kl,0.006285201758146286
PPO_5,725880,approx_kl,0.004798149224370718
PPO_5,728640,approx_kl,0.00495888339355588
PPO_5,734160,approx_kl,0.004249017219990492
PPO_5,736920,approx_kl,0.005047681275755167
PPO_5,742440,approx_kl,0.004132095258682966
PPO_5,745200,approx_kl,0.001786398352123797
PPO_5,750720,approx_kl,0.005314414855092764
PPO_5,753480,approx_kl,0.0052671004086732864
PPO_5,759000,approx_kl,0.00337973702698946
PPO_5,764520,approx_kl,0.006147533189505339
PPO_5,767280,approx_kl,0.0038466639816761017
PPO_5,772800,approx_kl,0.004621159750968218
PPO_5,775560,approx_kl,0.004609860014170408
PPO_5,781080,approx_kl,0.002470301231369376
PPO_5,783840,approx_kl,0.0052559287287294865
PPO_5,789360,approx_kl,0.004652668256312609
PPO_5,792120,approx_kl,0.003494018455967307
PPO_5,797640,approx_kl,0.004910495597869158
PPO_5,800400,approx_kl,0.005737155210226774
PPO_5,805920,approx_kl,0.0021670556161552668
PPO_5,808680,approx_kl,0.008043196052312851
PPO_5,814200,approx_kl,0.0046828738413751125
PPO_5,816960,approx_kl,0.006090477574616671
PPO_5,822480,approx_kl,0.0037441712338477373
PPO_5,828000,approx_kl,0.004985459614545107
PPO_5,830760,approx_kl,0.00859569851309061
PPO_5,836280,approx_kl,0.0036721767392009497
PPO_5,839040,approx_kl,0.0034345975145697594
PPO_5,844560,approx_kl,0.00541549501940608
PPO_5,847320,approx_kl,0.005095188040286303
PPO_5,852840,approx_kl,0.004521915689110756
PPO_5,855600,approx_kl,0.005044978577643633
PPO_5,861120,approx_kl,0.0034400715958327055
PPO_5,863880,approx_kl,0.008072433061897755
PPO_5,869400,approx_kl,0.002842711517587304
PPO_5,872160,approx_kl,0.0038656319957226515
PPO_5,877680,approx_kl,0.005561550613492727
PPO_5,883200,approx_kl,0.004640498198568821
PPO_5,885960,approx_kl,0.004780878778547049
PPO_5,891480,approx_kl,0.002653771312907338
PPO_5,894240,approx_kl,0.005223339889198542
PPO_5,899760,approx_kl,0.00404208293184638
PPO_5,902520,approx_kl,0.004629139322787523
PPO_5,908040,approx_kl,0.007102880161255598
PPO_5,910800,approx_kl,0.004650695249438286
PPO_5,916320,approx_kl,0.005109602119773626
PPO_5,919080,approx_kl,0.006370363757014275
PPO_5,924600,approx_kl,0.0037885017227381468
PPO_5,927360,approx_kl,0.003366620047017932
PPO_5,932880,approx_kl,0.0047617447562515736
PPO_5,935640,approx_kl,0.004783515818417072
PPO_5,941160,approx_kl,0.006338238250464201
PPO_5,946680,approx_kl,0.0025183360558003187
PPO_5,949440,approx_kl,0.0035513227339833975
PPO_5,954960,approx_kl,0.008562459610402584
PPO_5,957720,approx_kl,0.003983490634709597
PPO_5,963240,approx_kl,0.00503582926467061
PPO_5,966000,approx_kl,0.006360982079058886
PPO_5,971520,approx_kl,0.004614642355591059
PPO_5,974280,approx_kl,0.004331749863922596
PPO_5,979800,approx_kl,0.004028176423162222
PPO_5,982560,approx_kl,0.00457575311884284
PPO_5,988080,approx_kl,0.006029761862009764
PPO_5,990840,approx_kl,0.0036276679020375013
PPO_5,996360,approx_kl,0.005384812131524086
PPO_5,1001880,approx_kl,0.004922524560242891
PPO_5,1004640,approx_kl,0.004233778920024633
PPO_5,1010160,approx_kl,0.0050118607468903065
PPO_5,1012920,approx_kl,0.003482792293652892
PPO_5,1018440,approx_kl,0.006840573623776436
PPO_5,1021200,approx_kl,0.003721709595993161
PPO_5,1026720,approx_kl,0.0035798426251858473
PPO_5,1029480,approx_kl,0.0036259714979678392
PPO_5,1035000,approx_kl,0.004402784164994955
PPO_5,1037760,approx_kl,0.002597014419734478
PPO_5,1043280,approx_kl,0.005930544342845678
PPO_5,1046040,approx_kl,0.004386990796774626
PPO_5,1051560,approx_kl,0.0051221419125795364
PPO_5,1057080,approx_kl,0.005073048174381256
PPO_5,1059840,approx_kl,0.003611275926232338
PPO_5,1065360,approx_kl,0.005841508507728577
PPO_5,1068120,approx_kl,0.003743591485545039
PPO_5,1073640,approx_kl,0.008403509855270386
PPO_5,1076400,approx_kl,0.0037047395016998053
PPO_5,1081920,approx_kl,0.0030093148816376925
PPO_5,1084680,approx_kl,0.004188127350062132
PPO_5,1090200,approx_kl,0.0018475535325706005
PPO_5,1092960,approx_kl,0.002795363776385784
PPO_5,1098480,approx_kl,0.005185856018215418
PPO_5,1101240,approx_kl,0.0014229974476620555
PPO_5,1106760,approx_kl,0.004025003407150507
PPO_5,1109520,approx_kl,0.005209680646657944
PPO_5,1115040,approx_kl,0.005089671816676855
PPO_5,1120560,approx_kl,0.005038440693169832
PPO_5,1123320,approx_kl,0.0036743164528161287
PPO_5,1128840,approx_kl,0.007051635067909956
PPO_5,1131600,approx_kl,0.004969917703419924
PPO_5,1137120,approx_kl,0.003624778939411044
PPO_5,1139880,approx_kl,0.0062263645231723785
PPO_5,1145400,approx_kl,0.002894231118261814
PPO_5,1148160,approx_kl,0.0030475780367851257
PPO_5,1153680,approx_kl,0.004613790195435286
PPO_5,1156440,approx_kl,0.005330084357410669
PPO_5,1161960,approx_kl,0.0062423893250525
PPO_5,1164720,approx_kl,0.0064095985144376755
PPO_5,1170240,approx_kl,0.0029927126597613096
PPO_5,1175760,approx_kl,0.005586658138781786
PPO_5,1178520,approx_kl,0.0020729510579258204
PPO_5,1184040,approx_kl,0.00546366348862648
PPO_5,1186800,approx_kl,0.004983674269169569
PPO_5,1192320,approx_kl,0.0030960619915276766
PPO_5,1195080,approx_kl,0.004199155140668154
PPO_5,1200600,approx_kl,0.0038963444530963898
PPO_5,1203360,approx_kl,0.005368359386920929
PPO_5,1208880,approx_kl,0.005471550393849611
PPO_5,1211640,approx_kl,0.00512222433462739
PPO_5,1217160,approx_kl,0.005765967536717653
PPO_5,1219920,approx_kl,0.006191596854478121
PPO_5,1225440,approx_kl,0.005068695172667503
PPO_5,1230960,approx_kl,0.004925079178065062
PPO_5,1233720,approx_kl,0.002025814726948738
PPO_5,1239240,approx_kl,0.005563627928495407
PPO_5,1242000,approx_kl,0.006035173777490854
PPO_5,1247520,approx_kl,0.005417834501713514
PPO_5,1250280,approx_kl,0.00787763949483633
PPO_5,1255800,approx_kl,0.0038502097595483065
PPO_5,1258560,approx_kl,0.004290514159947634
PPO_5,1264080,approx_kl,0.005427135154604912
PPO_5,1266840,approx_kl,0.004273861180990934
PPO_5,1272360,approx_kl,0.005057865288108587
PPO_5,1275120,approx_kl,0.003983232658356428
PPO_5,1280640,approx_kl,0.0034865187481045723
PPO_5,1283400,approx_kl,0.004792776424437761
PPO_5,1288920,approx_kl,0.004266498144716024
PPO_5,1294440,approx_kl,0.00561274541541934
PPO_5,1297200,approx_kl,0.00567919947206974
PPO_5,1302720,approx_kl,0.004200468305498362
PPO_5,1305480,approx_kl,0.0027213196735829115
PPO_5,1311000,approx_kl,0.004398441407829523
PPO_5,1313760,approx_kl,0.00502770533785224
PPO_5,1319280,approx_kl,0.005133173894137144
PPO_5,1322040,approx_kl,0.0038246612530201674
PPO_5,1327560,approx_kl,0.006975219119340181
PPO_5,1330320,approx_kl,0.007065695244818926
PPO_5,1335840,approx_kl,0.002729669213294983
PPO_5,1338600,approx_kl,0.00603417819365859
PPO_5,1344120,approx_kl,0.004184512421488762
PPO_5,1349640,approx_kl,0.005227229092270136
PPO_5,1352400,approx_kl,0.003570516826584935
PPO_5,1357920,approx_kl,0.0044317711144685745
PPO_5,1360680,approx_kl,0.0057928250171244144
PPO_5,1366200,approx_kl,0.004610860254615545
PPO_5,1368960,approx_kl,0.002768920501694083
PPO_5,1374480,approx_kl,0.0058758738450706005
PPO_5,1377240,approx_kl,0.004454737063497305
PPO_5,1382760,approx_kl,0.005623998586088419
PPO_5,1385520,approx_kl,0.004687247797846794
PPO_5,1391040,approx_kl,0.005578158888965845
PPO_5,1393800,approx_kl,0.005346683785319328
PPO_5,1399320,approx_kl,0.0038408057298511267
PPO_5,1402080,approx_kl,0.004888301715254784
PPO_5,1407600,approx_kl,0.004645409528166056
PPO_5,1413120,approx_kl,0.0049497997388243675
PPO_5,1415880,approx_kl,0.006093891803175211
PPO_5,1421400,approx_kl,0.0020361768547445536
PPO_5,1424160,approx_kl,0.003924042452126741
PPO_5,1429680,approx_kl,0.004844276234507561
PPO_5,1432440,approx_kl,0.005780264735221863
PPO_5,1437960,approx_kl,0.00486558536067605
PPO_5,1440720,approx_kl,0.005249686073511839
PPO_5,1446240,approx_kl,0.0023743438068777323
PPO_5,1449000,approx_kl,0.004029534291476011
PPO_5,1454520,approx_kl,0.003359767608344555
PPO_5,1457280,approx_kl,0.004977567587047815
PPO_5,1462800,approx_kl,0.004068911075592041
PPO_5,1468320,approx_kl,0.0053790961392223835
PPO_5,1471080,approx_kl,0.005906959995627403
PPO_5,1476600,approx_kl,0.004221576731652021
PPO_5,1479360,approx_kl,0.004815910942852497
PPO_5,1484880,approx_kl,0.004228963982313871
PPO_5,1487640,approx_kl,0.004341894760727882
PPO_5,1493160,approx_kl,0.005686861928552389
PPO_5,1495920,approx_kl,0.005496195983141661
PPO_5,1501440,approx_kl,0.005175137426704168
PPO_5,1504200,approx_kl,0.005411416757851839
PPO_5,1509720,approx_kl,0.0033389900345355272
PPO_5,1512480,approx_kl,0.0042763687670230865
PPO_5,1518000,approx_kl,0.004436093848198652
PPO_5,1523520,approx_kl,0.005394347012042999
PPO_5,1526280,approx_kl,0.003165546106174588
PPO_5,1531800,approx_kl,0.002383328741416335
PPO_5,1534560,approx_kl,0.005072647240012884
PPO_5,1540080,approx_kl,0.003076730063185096
PPO_5,1542840,approx_kl,0.004868855234235525
PPO_5,1548360,approx_kl,0.004855682607740164
PPO_5,1551120,approx_kl,0.004318846855312586
PPO_5,1556640,approx_kl,0.004035094752907753
PPO_5,1559400,approx_kl,0.005345710087567568
PPO_5,1564920,approx_kl,0.0037296537775546312
PPO_5,1567680,approx_kl,0.004526815842837095
PPO_5,1573200,approx_kl,0.006154671311378479
PPO_5,1575960,approx_kl,0.003679882036522031
PPO_5,1581480,approx_kl,0.006278375629335642
PPO_5,1587000,approx_kl,0.0052728778682649136
PPO_5,1589760,approx_kl,0.003638847963884473
PPO_5,1595280,approx_kl,0.0030231233686208725
PPO_5,1598040,approx_kl,0.0041942535899579525
PPO_5,1603560,approx_kl,0.004486439283937216
PPO_5,1606320,approx_kl,0.004560103174299002
PPO_5,1611840,approx_kl,0.005710187833756208
PPO_5,1614600,approx_kl,0.005749119445681572
PPO_5,1620120,approx_kl,0.0020325619261711836
PPO_5,1622880,approx_kl,0.004105470143258572
PPO_5,1628400,approx_kl,0.004666127730160952
PPO_5,1631160,approx_kl,0.004434068687260151
PPO_5,1636680,approx_kl,0.0056430562399327755
PPO_5,1642200,approx_kl,0.005296537186950445
PPO_5,1644960,approx_kl,0.006032835692167282
PPO_5,1650480,approx_kl,0.003755062585696578
PPO_5,1653240,approx_kl,0.005164786241948605
PPO_5,1658760,approx_kl,0.0034703228157013655
PPO_5,1661520,approx_kl,0.0040280502289533615
PPO_5,1667040,approx_kl,0.003548896173015237
PPO_5,1669800,approx_kl,0.004541051108390093
PPO_5,1675320,approx_kl,0.002723282901570201
PPO_5,1678080,approx_kl,0.003870865097269416
PPO_5,1683600,approx_kl,0.0048949881456792355
PPO_5,1686360,approx_kl,0.004999896045774221
PPO_5,1691880,approx_kl,0.0046357582323253155
PPO_5,1697400,approx_kl,0.003922599833458662
PPO_5,5520,std,0.9982773661613464
PPO_5,8280,std,0.99981689453125
PPO_5,13800,std,1.0016214847564697
PPO_5,16560,std,1.001421332359314
PPO_5,22080,std,0.9965927004814148
PPO_5,24840,std,0.9949061274528503
PPO_5,30360,std,0.9889645576477051
PPO_5,33120,std,0.9865352511405945
PPO_5,38640,std,0.9872466921806335
PPO_5,41400,std,0.9900278449058533
PPO_5,46920,std,0.9966891407966614
PPO_5,49680,std,1.002158284187317
PPO_5,55200,std,1.008764386177063
PPO_5,57960,std,1.0101147890090942
PPO_5,63480,std,1.0129328966140747
PPO_5,69000,std,1.0145578384399414
PPO_5,71760,std,1.0167949199676514
PPO_5,77280,std,1.0247770547866821
PPO_5,80040,std,1.0237188339233398
PPO_5,85560,std,1.0177713632583618
PPO_5,88320,std,1.011469841003418
PPO_5,93840,std,1.0106687545776367
PPO_5,96600,std,1.0188316106796265
PPO_5,102120,std,1.0194764137268066
PPO_5,104880,std,1.0189329385757446
PPO_5,110400,std,1.023618221282959
PPO_5,113160,std,1.0210273265838623
PPO_5,118680,std,1.0234302282333374
PPO_5,124200,std,1.0258339643478394
PPO_5,126960,std,1.0279814004898071
PPO_5,132480,std,1.03500235080719
PPO_5,135240,std,1.0335720777511597
PPO_5,140760,std,1.040304183959961
PPO_5,143520,std,1.0443620681762695
PPO_5,149040,std,1.0489848852157593
PPO_5,151800,std,1.0563610792160034
PPO_5,157320,std,1.0647103786468506
PPO_5,160080,std,1.061224102973938
PPO_5,165600,std,1.0596843957901
PPO_5,168360,std,1.0583192110061646
PPO_5,173880,std,1.0511080026626587
PPO_5,176640,std,1.0431393384933472
PPO_5,182160,std,1.051510214805603
PPO_5,187680,std,1.057125210762024
PPO_5,190440,std,1.0601894855499268
PPO_5,195960,std,1.0664163827896118
PPO_5,198720,std,1.0670015811920166
PPO_5,204240,std,1.0669764280319214
PPO_5,207000,std,1.069872260093689
PPO_5,212520,std,1.074257493019104
PPO_5,215280,std,1.0768980979919434
PPO_5,220800,std,1.090572476387024
PPO_5,223560,std,1.0937718152999878
PPO_5,229080,std,1.1061416864395142
PPO_5,231840,std,1.1099153757095337
PPO_5,237360,std,1.1148914098739624
PPO_5,242880,std,1.1180063486099243
PPO_5,245640,std,1.1187185049057007
PPO_5,251160,std,1.1282715797424316
PPO_5,253920,std,1.133145809173584
PPO_5,259440,std,1.147127389907837
PPO_5,262200,std,1.149519681930542
PPO_5,267720,std,1.1592750549316406
PPO_5,270480,std,1.1626187562942505
PPO_5,276000,std,1.1671797037124634
PPO_5,278760,std,1.170688509941101
PPO_5,284280,std,1.1782046556472778
PPO_5,287040,std,1.1875766515731812
PPO_5,292560,std,1.1930506229400635
PPO_5,298080,std,1.2018194198608398
PPO_5,300840,std,1.201830506324768
PPO_5,306360,std,1.217128872871399
PPO_5,309120,std,1.2212578058242798
PPO_5,314640,std,1.2315016984939575
PPO_5,317400,std,1.2311487197875977
PPO_5,322920,std,1.2369331121444702
PPO_5,325680,std,1.2373076677322388
PPO_5,331200,std,1.234951376914978
PPO_5,333960,std,1.233852744102478
PPO_5,339480,std,1.2354447841644287
PPO_5,342240,std,1.2358661890029907
PPO_5,347760,std,1.2396533489227295
PPO_5,350520,std,1.2453986406326294
PPO_5,356040,std,1.2516249418258667
PPO_5,361560,std,1.253041386604309
PPO_5,364320,std,1.2536797523498535
PPO_5,369840,std,1.2494049072265625
PPO_5,372600,std,1.2481108903884888
PPO_5,378120,std,1.259409785270691
PPO_5,380880,std,1.2651325464248657
PPO_5,386400,std,1.2727460861206055
PPO_5,389160,std,1.2708240747451782
PPO_5,394680,std,1.2724220752716064
PPO_5,397440,std,1.2753077745437622
PPO_5,402960,std,1.27640962600708
PPO_5,405720,std,1.2760752439498901
PPO_5,411240,std,1.2817891836166382
PPO_5,416760,std,1.2918890714645386
PPO_5,419520,std,1.295973777770996
PPO_5,425040,std,1.2979302406311035
PPO_5,427800,std,1.3008050918579102
PPO_5,433320,std,1.2973946332931519
PPO_5,436080,std,1.3012328147888184
PPO_5,441600,std,1.3108216524124146
PPO_5,444360,std,1.3119463920593262
PPO_5,449880,std,1.321625828742981
PPO_5,452640,std,1.3258655071258545
PPO_5,458160,std,1.3325549364089966
PPO_5,460920,std,1.3315809965133667
PPO_5,466440,std,1.3378251791000366
PPO_5,469200,std,1.3340803384780884
PPO_5,474720,std,1.3436838388442993
PPO_5,480240,std,1.3486002683639526
PPO_5,483000,std,1.3529243469238281
PPO_5,488520,std,1.3664034605026245
PPO_5,491280,std,1.3710161447525024
PPO_5,496800,std,1.3728779554367065
PPO_5,499560,std,1.373935580253601
PPO_5,505080,std,1.3719907999038696
PPO_5,507840,std,1.3795604705810547
PPO_5,513360,std,1.382698655128479
PPO_5,516120,std,1.3800077438354492
PPO_5,521640,std,1.3859786987304688
PPO_5,524400,std,1.3883657455444336
PPO_5,529920,std,1.3882136344909668
PPO_5,535440,std,1.3941768407821655
PPO_5,538200,std,1.3894001245498657
PPO_5,543720,std,1.399624228477478
PPO_5,546480,std,1.4048458337783813
PPO_5,552000,std,1.415770411491394
PPO_5,554760,std,1.4201265573501587
PPO_5,560280,std,1.421129584312439
PPO_5,563040,std,1.426386833190918
PPO_5,568560,std,1.4378093481063843
PPO_5,571320,std,1.4472461938858032
PPO_5,576840,std,1.4473425149917603
PPO_5,579600,std,1.4437274932861328
PPO_5,585120,std,1.458978533744812
PPO_5,590640,std,1.4704679250717163
PPO_5,593400,std,1.470625877380371
PPO_5,598920,std,1.4756110906600952
PPO_5,601680,std,1.4737194776535034
PPO_5,607200,std,1.4704302549362183
PPO_5,609960,std,1.4724305868148804
PPO_5,615480,std,1.4656084775924683
PPO_5,618240,std,1.4720945358276367
PPO_5,623760,std,1.4750877618789673
PPO_5,626520,std,1.481618046760559
PPO_5,632040,std,1.4823039770126343
PPO_5,634800,std,1.4964812994003296
PPO_5,640320,std,1.4999643564224243
PPO_5,643080,std,1.5074962377548218
PPO_5,648600,std,1.5035873651504517
PPO_5,654120,std,1.5046768188476562
PPO_5,656880,std,1.5139967203140259
PPO_5,662400,std,1.4908896684646606
PPO_5,665160,std,1.4904948472976685
PPO_5,670680,std,1.4890645742416382
PPO_5,673440,std,1.5017461776733398
PPO_5,678960,std,1.522666573524475
PPO_5,681720,std,1.5341917276382446
PPO_5,687240,std,1.542211651802063
PPO_5,690000,std,1.5441635847091675
PPO_5,695520,std,1.5524396896362305
PPO_5,698280,std,1.553849697113037
PPO_5,703800,std,1.5609955787658691
PPO_5,709320,std,1.5628544092178345
PPO_5,712080,std,1.5590640306472778
PPO_5,717600,std,1.5598297119140625
PPO_5,720360,std,1.5646179914474487
PPO_5,725880,std,1.5698661804199219
PPO_5,728640,std,1.568284034729004
PPO_5,734160,std,1.5321321487426758
PPO_5,736920,std,1.5355358123779297
PPO_5,742440,std,1.5422195196151733
PPO_5,745200,std,1.5505752563476562
PPO_5,750720,std,1.5600533485412598
PPO_5,753480,std,1.5566104650497437
PPO_5,759000,std,1.5544624328613281
PPO_5,764520,std,1.558078408241272
PPO_5,767280,std,1.5640754699707031
PPO_5,772800,std,1.5609655380249023
PPO_5,775560,std,1.5606532096862793
PPO_5,781080,std,1.5691581964492798
PPO_5,783840,std,1.5758672952651978
PPO_5,789360,std,1.5821069478988647
PPO_5,792120,std,1.5763975381851196
PPO_5,797640,std,1.5610257387161255
PPO_5,800400,std,1.5590128898620605
PPO_5,805920,std,1.5625501871109009
PPO_5,808680,std,1.5627225637435913
PPO_5,814200,std,1.5473448038101196
PPO_5,816960,std,1.5469902753829956
PPO_5,822480,std,1.5505151748657227
PPO_5,828000,std,1.5644983053207397
PPO_5,830760,std,1.567064881324768
PPO_5,836280,std,1.5648177862167358
PPO_5,839040,std,1.5698398351669312
PPO_5,844560,std,1.5723732709884644
PPO_5,847320,std,1.5681337118148804
PPO_5,852840,std,1.5618863105773926
PPO_5,855600,std,1.5611095428466797
PPO_5,861120,std,1.5609155893325806
PPO_5,863880,std,1.5619090795516968
PPO_5,869400,std,1.5665464401245117
PPO_5,872160,std,1.551979660987854
PPO_5,877680,std,1.557680606842041
PPO_5,883200,std,1.545541763305664
PPO_5,885960,std,1.545070767402649
PPO_5,891480,std,1.5433869361877441
PPO_5,894240,std,1.549123764038086
PPO_5,899760,std,1.5540462732315063
PPO_5,902520,std,1.551852822303772
PPO_5,908040,std,1.5475858449935913
PPO_5,910800,std,1.5422996282577515
PPO_5,916320,std,1.557144284248352
PPO_5,919080,std,1.5538028478622437
PPO_5,924600,std,1.5480338335037231
PPO_5,927360,std,1.5473960638046265
PPO_5,932880,std,1.5502573251724243
PPO_5,935640,std,1.5574458837509155
PPO_5,941160,std,1.5586581230163574
PPO_5,946680,std,1.551425576210022
PPO_5,949440,std,1.5501829385757446
PPO_5,954960,std,1.5503157377243042
PPO_5,957720,std,1.549759864807129
PPO_5,963240,std,1.5468463897705078
PPO_5,966000,std,1.5482698678970337
PPO_5,971520,std,1.5602582693099976
PPO_5,974280,std,1.5554571151733398
PPO_5,979800,std,1.562991976737976
PPO_5,982560,std,1.564597249031067
PPO_5,988080,std,1.555945873260498
PPO_5,990840,std,1.5597127676010132
PPO_5,996360,std,1.555820107460022
PPO_5,1001880,std,1.5587244033813477
PPO_5,1004640,std,1.5569877624511719
PPO_5,1010160,std,1.5492221117019653
PPO_5,1012920,std,1.5500158071517944
PPO_5,1018440,std,1.543653964996338
PPO_5,1021200,std,1.5445003509521484
PPO_5,1026720,std,1.5432666540145874
PPO_5,1029480,std,1.5385526418685913
PPO_5,1035000,std,1.5362180471420288
PPO_5,1037760,std,1.5272592306137085
PPO_5,1043280,std,1.536379337310791
PPO_5,1046040,std,1.5436691045761108
PPO_5,1051560,std,1.5468964576721191
PPO_5,1057080,std,1.5509787797927856
PPO_5,1059840,std,1.5564789772033691
PPO_5,1065360,std,1.5550540685653687
PPO_5,1068120,std,1.559357762336731
PPO_5,1073640,std,1.56344735622406
PPO_5,1076400,std,1.5644077062606812
PPO_5,1081920,std,1.5663307905197144
PPO_5,1084680,std,1.573646903038025
PPO_5,1090200,std,1.5855745077133179
PPO_5,1092960,std,1.5879062414169312
PPO_5,1098480,std,1.5977824926376343
PPO_5,1101240,std,1.5981831550598145
PPO_5,1106760,std,1.6033636331558228
PPO_5,1109520,std,1.6057332754135132
PPO_5,1115040,std,1.623304009437561
PPO_5,1120560,std,1.634935736656189
PPO_5,1123320,std,1.641507625579834
PPO_5,1128840,std,1.6423317193984985
PPO_5,1131600,std,1.6452040672302246
PPO_5,1137120,std,1.6517667770385742
PPO_5,1139880,std,1.6465296745300293
PPO_5,1145400,std,1.6478995084762573
PPO_5,1148160,std,1.6528387069702148
PPO_5,1153680,std,1.6552391052246094
PPO_5,1156440,std,1.6580487489700317
PPO_5,1161960,std,1.6622778177261353
PPO_5,1164720,std,1.6640866994857788
PPO_5,1170240,std,1.685846209526062
PPO_5,1175760,std,1.7017854452133179
PPO_5,1178520,std,1.698172688484192
PPO_5,1184040,std,1.6938010454177856
PPO_5,1186800,std,1.6898468732833862
PPO_5,1192320,std,1.6901707649230957
PPO_5,1195080,std,1.6860116720199585
PPO_5,1200600,std,1.6926196813583374
PPO_5,1203360,std,1.7013940811157227
PPO_5,1208880,std,1.705733299255371
PPO_5,1211640,std,1.710434913635254
PPO_5,1217160,std,1.7187590599060059
PPO_5,1219920,std,1.7217698097229004
PPO_5,1225440,std,1.7242568731307983
PPO_5,1230960,std,1.733022689819336
PPO_5,1233720,std,1.7481263875961304
PPO_5,1239240,std,1.7561897039413452
PPO_5,1242000,std,1.7549651861190796
PPO_5,1247520,std,1.7765706777572632
PPO_5,1250280,std,1.7738646268844604
PPO_5,1255800,std,1.7766729593276978
PPO_5,1258560,std,1.772110939025879
PPO_5,1264080,std,1.7799135446548462
PPO_5,1266840,std,1.7822993993759155
PPO_5,1272360,std,1.7926626205444336
PPO_5,1275120,std,1.7991148233413696
PPO_5,1280640,std,1.8045252561569214
PPO_5,1283400,std,1.8111578226089478
PPO_5,1288920,std,1.8194736242294312
PPO_5,1294440,std,1.8339309692382812
PPO_5,1297200,std,1.832651138305664
PPO_5,1302720,std,1.8354688882827759
PPO_5,1305480,std,1.8396682739257812
PPO_5,1311000,std,1.8385244607925415
PPO_5,1313760,std,1.832445502281189
PPO_5,1319280,std,1.829433560371399
PPO_5,1322040,std,1.8328956365585327
PPO_5,1327560,std,1.8344227075576782
PPO_5,1330320,std,1.8297085762023926
PPO_5,1335840,std,1.8384560346603394
PPO_5,1338600,std,1.8432732820510864
PPO_5,1344120,std,1.8527120351791382
PPO_5,1349640,std,1.861960768699646
PPO_5,1352400,std,1.853405475616455
PPO_5,1357920,std,1.8559643030166626
PPO_5,1360680,std,1.8602852821350098
PPO_5,1366200,std,1.870216965675354
PPO_5,1368960,std,1.8661330938339233
PPO_5,1374480,std,1.8536710739135742
PPO_5,1377240,std,1.8551044464111328
PPO_5,1382760,std,1.8642572164535522
PPO_5,1385520,std,1.864079475402832
PPO_5,1391040,std,1.8716377019882202
PPO_5,1393800,std,1.869503378868103
PPO_5,1399320,std,1.8738932609558105
PPO_5,1402080,std,1.8811575174331665
PPO_5,1407600,std,1.8797062635421753
PPO_5,1413120,std,1.8721895217895508
PPO_5,1415880,std,1.882703185081482
PPO_5,1421400,std,1.8868948221206665
PPO_5,1424160,std,1.8891719579696655
PPO_5,1429680,std,1.8918333053588867
PPO_5,1432440,std,1.898450255393982
PPO_5,1437960,std,1.905295968055725
PPO_5,1440720,std,1.9056638479232788
PPO_5,1446240,std,1.9004894495010376
PPO_5,1449000,std,1.8973289728164673
PPO_5,1454520,std,1.9018793106079102
PPO_5,1457280,std,1.9053765535354614
PPO_5,1462800,std,1.905625820159912
PPO_5,1468320,std,1.912319302558899
PPO_5,1471080,std,1.9132448434829712
PPO_5,1476600,std,1.9175081253051758
PPO_5,1479360,std,1.9225140810012817
PPO_5,1484880,std,1.9239935874938965
PPO_5,1487640,std,1.926806092262268
PPO_5,1493160,std,1.9314762353897095
PPO_5,1495920,std,1.9293543100357056
PPO_5,1501440,std,1.9405864477157593
PPO_5,1504200,std,1.9465686082839966
PPO_5,1509720,std,1.943050742149353
PPO_5,1512480,std,1.939984679222107
PPO_5,1518000,std,1.9504276514053345
PPO_5,1523520,std,1.962814450263977
PPO_5,1526280,std,1.968053936958313
PPO_5,1531800,std,1.9792919158935547
PPO_5,1534560,std,1.98255455493927
PPO_5,1540080,std,1.9869097471237183
PPO_5,1542840,std,1.9879546165466309
PPO_5,1548360,std,1.9867874383926392
PPO_5,1551120,std,1.9760818481445312
PPO_5,1556640,std,1.9712194204330444
PPO_5,1559400,std,1.9649434089660645
PPO_5,1564920,std,1.9663567543029785
PPO_5,1567680,std,1.9694757461547852
PPO_5,1573200,std,1.990308165550232
PPO_5,1575960,std,1.9839719533920288
PPO_5,1581480,std,1.992894172668457
PPO_5,1587000,std,1.977763295173645
PPO_5,1589760,std,1.9735075235366821
PPO_5,1595280,std,1.9724736213684082
PPO_5,1598040,std,1.9757438898086548
PPO_5,1603560,std,1.9808300733566284
PPO_5,1606320,std,1.9825057983398438
PPO_5,1611840,std,1.9791969060897827
PPO_5,1614600,std,1.980716586112976
PPO_5,1620120,std,1.9803918600082397
PPO_5,1622880,std,1.9847580194473267
PPO_5,1628400,std,1.9956616163253784
PPO_5,1631160,std,1.9937483072280884
PPO_5,1636680,std,1.9947234392166138
PPO_5,1642200,std,1.9910435676574707
PPO_5,1644960,std,1.9933511018753052
PPO_5,1650480,std,1.9851270914077759
PPO_5,1653240,std,1.9834014177322388
PPO_5,1658760,std,1.9815374612808228
PPO_5,1661520,std,1.982815146446228
PPO_5,1667040,std,1.9771867990493774
PPO_5,1669800,std,1.9768791198730469
PPO_5,1675320,std,1.980210781097412
PPO_5,1678080,std,1.9791096448898315
PPO_5,1683600,std,1.9822767972946167
PPO_5,1686360,std,1.9810377359390259
PPO_5,1691880,std,1.9706920385360718
PPO_5,1697400,std,1.9721726179122925
PPO_6,11040,reward,-804.5179443359375
PPO_6,24840,reward,-928.937744140625
PPO_6,38640,reward,-1243.0654296875
PPO_6,52440,reward,-1357.355224609375
PPO_6,66240,reward,-1320.714599609375
PPO_6,80040,reward,-1407.5582275390625
PPO_6,93840,reward,-1487.2322998046875
PPO_6,107640,reward,-1591.58154296875
PPO_6,121440,reward,-1797.3782958984375
PPO_6,135240,reward,-1813.9512939453125
PPO_6,149040,reward,-1870.6444091796875
PPO_6,162840,reward,-1873.6005859375
PPO_6,176640,reward,-1937.1729736328125
PPO_6,190440,reward,-1975.21337890625
PPO_6,204240,reward,-1972.2130126953125
PPO_6,218040,reward,-1921.122802734375
PPO_6,231840,reward,-1824.1573486328125
PPO_6,245640,reward,-1824.241943359375
PPO_6,259440,reward,-1824.548095703125
PPO_6,273240,reward,-1790.1009521484375
PPO_6,287040,reward,-1842.572265625
PPO_6,300840,reward,-1891.7464599609375
PPO_6,314640,reward,-1949.920166015625
PPO_6,328440,reward,-2017.595947265625
PPO_6,342240,reward,-2099.85009765625
PPO_6,356040,reward,-2098.425537109375
PPO_6,369840,reward,-2106.417724609375
PPO_6,383640,reward,-2120.38671875
PPO_6,397440,reward,-2152.262939453125
PPO_6,411240,reward,-2195.94677734375
PPO_6,425040,reward,-2247.571533203125
PPO_6,438840,reward,-2293.604248046875
PPO_6,452640,reward,-2402.439453125
PPO_6,466440,reward,-2454.424560546875
PPO_6,480240,reward,-2493.238037109375
PPO_6,494040,reward,-2526.188720703125
PPO_6,507840,reward,-2593.833984375
PPO_6,521640,reward,-2632.2861328125
PPO_6,535440,reward,-2682.565673828125
PPO_6,549240,reward,-2724.25
PPO_6,563040,reward,-2824.72021484375
PPO_6,576840,reward,-2872.527587890625
PPO_6,590640,reward,-2916.194091796875
PPO_6,604440,reward,-2951.354736328125
PPO_6,618240,reward,-3023.0478515625
PPO_6,632040,reward,-3057.463623046875
PPO_6,645840,reward,-3080.33349609375
PPO_6,659640,reward,-3098.222412109375
PPO_6,673440,reward,-3126.879150390625
PPO_6,687240,reward,-3153.052978515625
PPO_6,701040,reward,-3159.893798828125
PPO_6,714840,reward,-3174.84814453125
PPO_6,728640,reward,-3206.177978515625
PPO_6,742440,reward,-3212.619140625
PPO_6,756240,reward,-3206.10546875
PPO_6,770040,reward,-3193.1826171875
PPO_6,783840,reward,-3143.12255859375
PPO_6,797640,reward,-3107.734375
PPO_6,811440,reward,-3075.517578125
PPO_6,825240,reward,-3042.7529296875
PPO_6,839040,reward,-2964.2802734375
PPO_6,852840,reward,-2925.025390625
PPO_6,866640,reward,-2889.03564453125
PPO_6,880440,reward,-2852.47412109375
PPO_6,894240,reward,-2789.7607421875
PPO_6,908040,reward,-2754.6982421875
PPO_6,921840,reward,-2726.7177734375
PPO_6,935640,reward,-2700.132080078125
PPO_6,949440,reward,-2633.052001953125
PPO_6,963240,reward,-2604.285888671875
PPO_6,977040,reward,-2568.738037109375
PPO_6,990840,reward,-2535.381591796875
PPO_6,1004640,reward,-2476.935791015625
PPO_6,1018440,reward,-2453.71435546875
PPO_6,1032240,reward,-2430.97021484375
PPO_6,1046040,reward,-2411.10107421875
PPO_6,1059840,reward,-2371.099609375
PPO_6,1073640,reward,-2344.5712890625
PPO_6,1087440,reward,-2313.001953125
PPO_6,1101240,reward,-2280.35595703125
PPO_6,1115040,reward,-2226.96484375
PPO_6,1128840,reward,-2215.951171875
PPO_6,1142640,reward,-2189.36328125
PPO_6,1156440,reward,-2164.21923828125
PPO_6,1170240,reward,-2111.148681640625
PPO_6,1184040,reward,-2077.20166015625
PPO_6,1197840,reward,-2030.2034912109375
PPO_6,1211640,reward,-1985.164794921875
PPO_6,1225440,reward,-1891.1707763671875
PPO_6,1239240,reward,-1843.66748046875
PPO_6,1253040,reward,-1789.5469970703125
PPO_6,1266840,reward,-1739.1199951171875
PPO_6,1280640,reward,-1628.247314453125
PPO_6,1294440,reward,-1568.46923828125
PPO_6,1308240,reward,-1510.1231689453125
PPO_6,1322040,reward,-1458.9661865234375
PPO_6,1335840,reward,-1362.4349365234375
PPO_6,1349640,reward,-1301.4874267578125
PPO_6,1363440,reward,-1242.8336181640625
PPO_6,1377240,reward,-1185.5654296875
PPO_6,1391040,reward,-1040.20849609375
PPO_6,1404840,reward,-954.6163330078125
PPO_6,1418640,reward,-861.9049072265625
PPO_6,1432440,reward,-769.953857421875
PPO_6,1446240,reward,-592.1983642578125
PPO_6,1460040,reward,-513.9428100585938
PPO_6,1473840,reward,-432.3387756347656
PPO_6,1487640,reward,-350.6849365234375
PPO_6,1501440,reward,-180.51116943359375
PPO_6,1515240,reward,-85.54618072509766
PPO_6,1529040,reward,12.264486312866211
PPO_6,1542840,reward,110.96537780761719
PPO_6,1556640,reward,318.16375732421875
PPO_6,1570440,reward,419.3869934082031
PPO_6,1584240,reward,516.69140625
PPO_6,1598040,reward,614.3809814453125
PPO_6,1611840,reward,811.019287109375
PPO_6,1625640,reward,911.6665649414062
PPO_6,1639440,reward,1020.7064208984375
PPO_6,1653240,reward,1128.7161865234375
PPO_6,1667040,reward,1355.01025390625
PPO_6,1680840,reward,1472.453857421875
PPO_6,1694640,reward,1584.2991943359375
PPO_6,1708440,reward,1700.2012939453125
PPO_6,1722240,reward,1924.275634765625
PPO_6,1736040,reward,2038.629150390625
PPO_6,1749840,reward,2145.77001953125
PPO_6,1763640,reward,2249.962158203125
PPO_6,1777440,reward,2453.318359375
PPO_6,1791240,reward,2566.42724609375
PPO_6,1805040,reward,2668.91943359375
PPO_6,1818840,reward,2774.464111328125
PPO_6,1832640,reward,2986.81591796875
PPO_6,1846440,reward,3085.5693359375
PPO_6,1860240,reward,3173.1240234375
PPO_6,1874040,reward,3260.03759765625
PPO_6,1887840,reward,3410.468505859375
PPO_6,1901640,reward,3484.305908203125
PPO_6,1915440,reward,3561.910400390625
PPO_6,1929240,reward,3639.878173828125
PPO_6,1943040,reward,3791.58154296875
PPO_6,1956840,reward,3870.531005859375
PPO_6,1970640,reward,3944.120361328125
PPO_6,1984440,reward,4019.252685546875
PPO_6,1998240,reward,4173.9853515625
PPO_6,2012040,reward,4245.220703125
PPO_6,2025840,reward,4325.0361328125
PPO_6,2039640,reward,4407.04638671875
PPO_6,2053440,reward,4558.84375
PPO_6,2067240,reward,4638.60498046875
PPO_6,2081040,reward,4714.50830078125
PPO_6,2094840,reward,4791.37890625
PPO_6,2108640,reward,4956.8486328125
PPO_6,2122440,reward,5039.8369140625
PPO_6,2136240,reward,5126.29248046875
PPO_6,2150040,reward,5214.197265625
PPO_6,2163840,reward,5389.0009765625
PPO_6,2177640,reward,5476.2314453125
PPO_6,2191440,reward,5555.96728515625
PPO_6,2205240,reward,5635.26123046875
PPO_6,2219040,reward,5788.5009765625
PPO_6,2232840,reward,5876.73095703125
PPO_6,2246640,reward,5957.16064453125
PPO_6,2260440,reward,6036.544921875
PPO_6,2274240,reward,6180.37109375
PPO_6,2288040,reward,6252.92529296875
PPO_6,2301840,reward,6317.74267578125
PPO_6,2315640,reward,6384.47802734375
PPO_6,2329440,reward,6522.00146484375
PPO_6,2343240,reward,6584.2529296875
PPO_6,2357040,reward,6644.95068359375
PPO_6,2370840,reward,6704.01904296875
PPO_6,2384640,reward,6819.3564453125
PPO_6,2398440,reward,6874.8896484375
PPO_6,2412240,reward,6926.2763671875
PPO_6,2426040,reward,6975.16943359375
PPO_6,2439840,reward,7078.6162109375
PPO_6,2453640,reward,7129.81982421875
PPO_6,2467440,reward,7181.984375
PPO_6,2481240,reward,7228.0517578125
PPO_6,2495040,reward,7325.85986328125
PPO_6,2508840,reward,7368.294921875
PPO_6,2522640,reward,7404.28173828125
PPO_6,2536440,reward,7444.86474609375
PPO_6,2550240,reward,7522.16943359375
PPO_6,2564040,reward,7559.45556640625
PPO_6,2577840,reward,7599.30078125
PPO_6,2591640,reward,7641.01025390625
PPO_6,2605440,reward,7724.14013671875
PPO_6,2619240,reward,7765.79052734375
PPO_6,2633040,reward,7809.9013671875
PPO_6,2646840,reward,7852.22265625
PPO_6,2660640,reward,7929.1787109375
PPO_6,2674440,reward,7970.8642578125
PPO_6,2688240,reward,8012.55859375
PPO_6,2702040,reward,8049.796875
PPO_6,2715840,reward,8131.1279296875
PPO_6,2729640,reward,8173.66943359375
PPO_6,2743440,reward,8217.7060546875
PPO_6,2757240,reward,8261.0322265625
PPO_6,2771040,reward,8345.7373046875
PPO_6,2784840,reward,8388.4130859375
PPO_6,2798640,reward,8435.4404296875
PPO_6,2812440,reward,8475.0458984375
PPO_6,2826240,reward,8560.693359375
PPO_6,2840040,reward,8604.173828125
PPO_6,2853840,reward,8647.4033203125
PPO_6,2867640,reward,8692.642578125
PPO_6,2881440,reward,8785.14453125
PPO_6,2895240,reward,8828.2958984375
PPO_6,2909040,reward,8871.2666015625
PPO_6,2922840,reward,8916.115234375
PPO_6,2936640,reward,9011.94140625
PPO_6,2950440,reward,9061.150390625
PPO_6,2964240,reward,9113.42578125
PPO_6,2978040,reward,9160.2822265625
PPO_6,2991840,reward,9267.52734375
PPO_6,3005640,reward,9313.224609375
PPO_6,3019440,reward,9357.673828125
PPO_6,3033240,reward,9396.935546875
PPO_6,3047040,reward,9473.291015625
PPO_6,3060840,reward,9507.0009765625
PPO_6,3074640,reward,9546.7197265625
PPO_6,3088440,reward,9585.3603515625
PPO_6,3102240,reward,9663.318359375
PPO_6,3116040,reward,9702.169921875
PPO_6,3129840,reward,9740.248046875
PPO_6,3143640,reward,9776.453125
PPO_6,3157440,reward,9844.9248046875
PPO_6,3171240,reward,9878.0439453125
PPO_6,3185040,reward,9909.98046875
PPO_6,3198840,reward,9943.787109375
PPO_6,3212640,reward,10003.080078125
PPO_6,3226440,reward,10036.5234375
PPO_6,3240240,reward,10066.4833984375
PPO_6,3254040,reward,10096.85546875
PPO_6,3267840,reward,10157.2802734375
PPO_6,3281640,reward,10181.859375
PPO_6,3295440,reward,10206.1650390625
PPO_6,3309240,reward,10230.41015625
PPO_6,3323040,reward,10277.1337890625
PPO_6,3336840,reward,10298.8115234375
PPO_6,3350640,reward,10320.8505859375
PPO_6,3364440,reward,10343.208984375
PPO_6,3378240,reward,10386.6943359375
PPO_6,3392040,reward,10407.30078125
PPO_6,3405840,reward,10424.3564453125
PPO_6,3419640,reward,10442.421875
PPO_6,3433440,reward,10481.509765625
PPO_6,3447240,reward,10497.892578125
PPO_6,3461040,reward,10515.90625
PPO_6,3474840,reward,10531.24609375
PPO_6,3488640,reward,10560.90625
PPO_6,3502440,reward,10573.4453125
PPO_6,3516240,reward,10589.794921875
PPO_6,3530040,reward,10607.9892578125
PPO_6,3543840,reward,10645.6416015625
PPO_6,3557640,reward,10660.5693359375
PPO_6,3571440,reward,10677.4755859375
PPO_6,3585240,reward,10695.0859375
PPO_6,3599040,reward,10721.4873046875
PPO_6,3612840,reward,10737.6357421875
PPO_6,3626640,reward,10755.88671875
PPO_6,3640440,reward,10776.2392578125
PPO_6,3654240,reward,10814.25390625
PPO_6,3668040,reward,10833.033203125
PPO_6,3681840,reward,10850.8173828125
PPO_6,3695640,reward,10871.55859375
PPO_6,3709440,reward,10903.6640625
PPO_6,3723240,reward,10922.662109375
PPO_6,3737040,reward,10941.1083984375
PPO_6,3750840,reward,10959.68359375
PPO_6,3764640,reward,11005.9453125
PPO_6,3778440,reward,11027.5439453125
PPO_6,3792240,reward,11047.62890625
PPO_6,3806040,reward,11070.0029296875
PPO_6,3819840,reward,11107.72265625
PPO_6,3833640,reward,11125.798828125
PPO_6,3847440,reward,11140.083984375
PPO_6,3861240,reward,11153.33984375
PPO_6,3875040,reward,11181.203125
PPO_6,3888840,reward,11190.8525390625
PPO_6,3902640,reward,11200.513671875
PPO_6,3916440,reward,11209.4638671875
PPO_6,3930240,reward,11232.0458984375
PPO_6,3944040,reward,11238.919921875
PPO_6,3957840,reward,11247.1015625
PPO_6,3971640,reward,11252.1279296875
PPO_6,3985440,reward,11265.3046875
PPO_6,3999240,reward,11273.544921875
PPO_6,4013040,reward,11280.6826171875
PPO_6,4026840,reward,11289.2568359375
PPO_6,4040640,reward,11296.9970703125
PPO_6,4054440,reward,11303.66015625
PPO_6,4068240,reward,11309.255859375
PPO_6,4082040,reward,11315.5126953125
PPO_6,4095840,reward,11318.7158203125
PPO_6,4109640,reward,11322.470703125
PPO_6,4123440,reward,11324.720703125
PPO_6,4137240,reward,11331.7529296875
PPO_6,4151040,reward,11341.806640625
PPO_6,4164840,reward,11346.716796875
PPO_6,4178640,reward,11352.0439453125
PPO_6,4192440,reward,11357.5322265625
PPO_6,4206240,reward,11367.44140625
PPO_6,4220040,reward,11375.2587890625
PPO_6,4233840,reward,11380.1298828125
PPO_6,4247640,reward,11385.76171875
PPO_6,4261440,reward,11403.744140625
PPO_6,4275240,reward,11412.90625
PPO_6,4289040,reward,11419.9609375
PPO_6,4302840,reward,11426.3701171875
PPO_6,4316640,reward,11442.15234375
PPO_6,4330440,reward,11448.640625
PPO_6,4344240,reward,11456.958984375
PPO_6,4358040,reward,11464.4267578125
PPO_6,4371840,reward,11479.8603515625
PPO_6,4385640,reward,11487.4326171875
PPO_6,4399440,reward,11498.130859375
PPO_6,4413240,reward,11507.748046875
PPO_6,4427040,reward,11531.30859375
PPO_6,4440840,reward,11545.5732421875
PPO_6,4454640,reward,11559.611328125
PPO_6,4468440,reward,11574.2861328125
PPO_6,4482240,reward,11606.453125
PPO_6,4496040,reward,11622.796875
PPO_6,4509840,reward,11638.521484375
PPO_6,4523640,reward,11656.36328125
PPO_6,4537440,reward,11686.357421875
PPO_6,4551240,reward,11702.0361328125
PPO_6,4565040,reward,11714.755859375
PPO_6,4578840,reward,11728.814453125
PPO_6,4592640,reward,11759.0947265625
PPO_6,4606440,reward,11775.705078125
PPO_6,4620240,reward,11787.0009765625
PPO_6,4634040,reward,11796.7626953125
PPO_6,4647840,reward,11815.9228515625
PPO_6,4661640,reward,11827.1787109375
PPO_6,4675440,reward,11837.375
PPO_6,4689240,reward,11847.1298828125
PPO_6,4703040,reward,11870.4365234375
PPO_6,4716840,reward,11881.5380859375
PPO_6,4730640,reward,11894.359375
PPO_6,4744440,reward,11904.94140625
PPO_6,4758240,reward,11926.85546875
PPO_6,4772040,reward,11936.884765625
PPO_6,4785840,reward,11947.0009765625
PPO_6,4799640,reward,11953.5830078125
PPO_6,4813440,reward,11971.2275390625
PPO_6,4827240,reward,11979.890625
PPO_6,4841040,reward,11985.701171875
PPO_6,4854840,reward,11991.4208984375
PPO_6,4868640,reward,12005.458984375
PPO_6,4882440,reward,12015.494140625
PPO_6,4896240,reward,12023.8916015625
PPO_6,4910040,reward,12032.2724609375
PPO_6,4923840,reward,12047.8525390625
PPO_6,4937640,reward,12056.3994140625
PPO_6,4951440,reward,12063.4228515625
PPO_6,4965240,reward,12071.2724609375
PPO_6,4979040,reward,12086.5654296875
PPO_6,4992840,reward,12093.732421875
PPO_6,5006640,reward,12102.0673828125
PPO_6,5020440,reward,12110.5712890625
PPO_6,5034240,reward,12129.72265625
PPO_6,5048040,reward,12141.416015625
PPO_6,5061840,reward,12153.548828125
PPO_6,5075640,reward,12166.916015625
PPO_6,5089440,reward,12193.9462890625
PPO_6,5103240,reward,12206.6416015625
PPO_6,5117040,reward,12218.7783203125
PPO_6,5130840,reward,12231.2724609375
PPO_6,5144640,reward,12260.8349609375
PPO_6,5158440,reward,12272.5947265625
PPO_6,5172240,reward,12284.9013671875
PPO_6,5186040,reward,12299.46875
PPO_6,5199840,reward,12328.484375
PPO_6,5213640,reward,12343.423828125
PPO_6,5227440,reward,12358.9267578125
PPO_6,5241240,reward,12372.80859375
PPO_6,5255040,reward,12400.376953125
PPO_6,5268840,reward,12413.7333984375
PPO_6,5282640,reward,12425.9990234375
PPO_6,5296440,reward,12438.4384765625
PPO_6,5310240,reward,12467.150390625
PPO_6,5324040,reward,12481.4677734375
PPO_6,5337840,reward,12495.3046875
PPO_6,5351640,reward,12509.091796875
PPO_6,5365440,reward,12535.7783203125
PPO_6,5379240,reward,12549.2275390625
PPO_6,5393040,reward,12562.5732421875
PPO_6,5406840,reward,12575.740234375
PPO_6,5420640,reward,12601.0517578125
PPO_6,5434440,reward,12616.2021484375
PPO_6,5448240,reward,12629.0380859375
PPO_6,5462040,reward,12644.123046875
PPO_6,5475840,reward,12674.18359375
PPO_6,5489640,reward,12688.36328125
PPO_6,5503440,reward,12701.908203125
PPO_6,5520000,reward,12729.08203125
PPO_6,5520,value_loss,1.3988416194915771
PPO_6,19320,value_loss,0.0007050802232697606
PPO_6,33120,value_loss,8.373962191399187e-05
PPO_6,46920,value_loss,1.083310842514038
PPO_6,60720,value_loss,0.4709840416908264
PPO_6,74520,value_loss,6.512137042591348e-05
PPO_6,88320,value_loss,4.5268781832419336e-05
PPO_6,102120,value_loss,0.706051230430603
PPO_6,115920,value_loss,0.15870195627212524
PPO_6,129720,value_loss,6.111874245107174e-05
PPO_6,143520,value_loss,0.00010074636520585045
PPO_6,157320,value_loss,0.3883196711540222
PPO_6,171120,value_loss,0.03765323385596275
PPO_6,184920,value_loss,0.00019025283108931035
PPO_6,198720,value_loss,0.00022147934942040592
PPO_6,212520,value_loss,0.2295026034116745
PPO_6,226320,value_loss,0.005961534567177296
PPO_6,240120,value_loss,0.00013119565846864134
PPO_6,253920,value_loss,0.00023253446852322668
PPO_6,267720,value_loss,0.14898623526096344
PPO_6,281520,value_loss,0.005297624506056309
PPO_6,295320,value_loss,0.00024618598399683833
PPO_6,309120,value_loss,0.00043025132617913187
PPO_6,322920,value_loss,0.08823834359645844
PPO_6,336720,value_loss,0.005764119792729616
PPO_6,350520,value_loss,7.771763921482489e-05
PPO_6,364320,value_loss,0.0004094583273399621
PPO_6,378120,value_loss,0.04484855383634567
PPO_6,391920,value_loss,0.006306839175522327
PPO_6,405720,value_loss,0.00019284682639408857
PPO_6,419520,value_loss,0.000373609276721254
PPO_6,433320,value_loss,0.026817578822374344
PPO_6,447120,value_loss,0.003269418142735958
PPO_6,460920,value_loss,0.0002743333752732724
PPO_6,474720,value_loss,0.0006634521414525807
PPO_6,488520,value_loss,0.02234368771314621
PPO_6,502320,value_loss,0.00453499611467123
PPO_6,516120,value_loss,0.00020422073430381715
PPO_6,529920,value_loss,0.0003531819093041122
PPO_6,543720,value_loss,0.01921648532152176
PPO_6,557520,value_loss,0.001180895371362567
PPO_6,571320,value_loss,0.0002006230060942471
PPO_6,585120,value_loss,0.00012491016241256148
PPO_6,598920,value_loss,0.015638623386621475
PPO_6,612720,value_loss,0.0011533807264640927
PPO_6,626520,value_loss,8.571315265726298e-05
PPO_6,640320,value_loss,7.00047894497402e-05
PPO_6,654120,value_loss,0.023735327646136284
PPO_6,667920,value_loss,0.001308867009356618
PPO_6,681720,value_loss,5.556399264605716e-05
PPO_6,695520,value_loss,2.7700238206307404e-05
PPO_6,709320,value_loss,0.02139761485159397
PPO_6,723120,value_loss,0.000389894557883963
PPO_6,736920,value_loss,0.00013579969527199864
PPO_6,750720,value_loss,1.842932942963671e-05
PPO_6,764520,value_loss,0.014265758916735649
PPO_6,778320,value_loss,0.0003636492765508592
PPO_6,792120,value_loss,0.00011414495384087786
PPO_6,805920,value_loss,6.25534521532245e-05
PPO_6,819720,value_loss,0.006881877779960632
PPO_6,833520,value_loss,0.00018390698824077845
PPO_6,847320,value_loss,4.2312592995585874e-05
PPO_6,861120,value_loss,3.769912291318178e-05
PPO_6,874920,value_loss,0.004939469508826733
PPO_6,888720,value_loss,0.0001890857092803344
PPO_6,902520,value_loss,1.732352757244371e-05
PPO_6,916320,value_loss,7.671897765249014e-05
PPO_6,930120,value_loss,0.003095215419307351
PPO_6,943920,value_loss,0.00023889548901934177
PPO_6,957720,value_loss,5.65809132240247e-05
PPO_6,971520,value_loss,0.0006704891566187143
PPO_6,985320,value_loss,0.0020392409060150385
PPO_6,999120,value_loss,0.00014869697042740881
PPO_6,1012920,value_loss,2.7168964152224362e-05
PPO_6,1026720,value_loss,0.00022551645815838128
PPO_6,1040520,value_loss,0.0022348822094500065
PPO_6,1054320,value_loss,9.362881974084303e-05
PPO_6,1068120,value_loss,6.209426373970928e-06
PPO_6,1081920,value_loss,2.7224963560001925e-05
PPO_6,1095720,value_loss,0.0011588640045374632
PPO_6,1109520,value_loss,0.00016480741032864898
PPO_6,1123320,value_loss,2.3425760446116328e-05
PPO_6,1137120,value_loss,9.32834063860355e-06
PPO_6,1150920,value_loss,0.0018599049653857946
PPO_6,1164720,value_loss,8.842002716846764e-05
PPO_6,1178520,value_loss,3.8872778532095253e-05
PPO_6,1192320,value_loss,3.6769724829355255e-05
PPO_6,1206120,value_loss,0.0011870539747178555
PPO_6,1219920,value_loss,0.0001231406640727073
PPO_6,1233720,value_loss,2.9869273930671625e-05
PPO_6,1247520,value_loss,1.9988128769909963e-05
PPO_6,1261320,value_loss,0.0006036660051904619
PPO_6,1275120,value_loss,5.797627818537876e-05
PPO_6,1288920,value_loss,4.48421087639872e-05
PPO_6,1302720,value_loss,1.1778796761063859e-05
PPO_6,1316520,value_loss,0.0006141338963061571
PPO_6,1330320,value_loss,0.00013814120029564947
PPO_6,1344120,value_loss,0.0005324484664015472
PPO_6,1357920,value_loss,2.1545260096900165e-05
PPO_6,1371720,value_loss,0.000789340992923826
PPO_6,1385520,value_loss,4.8171725211432204e-05
PPO_6,1399320,value_loss,0.00010097199265146628
PPO_6,1413120,value_loss,1.152944332716288e-05
PPO_6,1426920,value_loss,0.0003445375186856836
PPO_6,1440720,value_loss,9.13445110199973e-05
PPO_6,1454520,value_loss,5.7794495660346e-06
PPO_6,1468320,value_loss,2.846958886948414e-05
PPO_6,1482120,value_loss,0.0003262371174059808
PPO_6,1495920,value_loss,5.4470408940687776e-05
PPO_6,1509720,value_loss,3.8393631257349625e-05
PPO_6,1523520,value_loss,8.020574568945449e-06
PPO_6,1537320,value_loss,0.0003019898140337318
PPO_6,1551120,value_loss,0.00010418304009363055
PPO_6,1564920,value_loss,1.2269575563550461e-05
PPO_6,1578720,value_loss,5.5929162044776604e-05
PPO_6,1592520,value_loss,0.0002783991221804172
PPO_6,1606320,value_loss,0.00016428361414000392
PPO_6,1620120,value_loss,1.9855757273035124e-05
PPO_6,1633920,value_loss,1.8914852262241766e-05
PPO_6,1647720,value_loss,0.000163523611263372
PPO_6,1661520,value_loss,4.547922435449436e-05
PPO_6,1675320,value_loss,1.6052914361353032e-05
PPO_6,1689120,value_loss,4.45645810032147e-06
PPO_6,1702920,value_loss,0.000176326502696611
PPO_6,1716720,value_loss,0.00018548859225120395
PPO_6,1730520,value_loss,7.125122010620544e-06
PPO_6,1744320,value_loss,2.8126657980465097e-06
PPO_6,1758120,value_loss,0.0005072111380286515
PPO_6,1771920,value_loss,0.00021198134345468134
PPO_6,1785720,value_loss,1.1231352800677996e-05
PPO_6,1799520,value_loss,8.030277967918664e-06
PPO_6,1813320,value_loss,0.0003526275104377419
PPO_6,1827120,value_loss,0.00020651730301324278
PPO_6,1843680,value_loss,1.2069872354913969e-05
PPO_6,1857480,value_loss,0.00014436956553254277
PPO_6,1871280,value_loss,0.00016834473353810608
PPO_6,1885080,value_loss,6.530813698191196e-05
PPO_6,1898880,value_loss,1.6674886865075678e-05
PPO_6,1912680,value_loss,0.00012503043399192393
PPO_6,1926480,value_loss,0.00010736654803622514
PPO_6,1940280,value_loss,6.705424766551005e-06
PPO_6,1954080,value_loss,1.1973196706094313e-05
PPO_6,1967880,value_loss,0.00015996456204447895
PPO_6,1981680,value_loss,0.00012840382987633348
PPO_6,1995480,value_loss,7.3615487963252235e-06
PPO_6,2009280,value_loss,1.8898999769589864e-05
PPO_6,2023080,value_loss,6.224877870408818e-05
PPO_6,2036880,value_loss,9.69257962424308e-05
PPO_6,2050680,value_loss,1.3241278793429956e-05
PPO_6,2064480,value_loss,1.679005436017178e-05
PPO_6,2078280,value_loss,8.76035846886225e-05
PPO_6,2092080,value_loss,9.673160820966586e-05
PPO_6,2105880,value_loss,1.1575721146073192e-05
PPO_6,2119680,value_loss,1.0760186341940425e-05
PPO_6,2133480,value_loss,4.156167779001407e-05
PPO_6,2147280,value_loss,8.337919280165806e-05
PPO_6,2161080,value_loss,1.0586547432467341e-05
PPO_6,2174880,value_loss,1.9241591871832497e-05
PPO_6,2188680,value_loss,4.8954923840938136e-05
PPO_6,2202480,value_loss,0.00010786072380142286
PPO_6,2216280,value_loss,2.9365244699874893e-05
PPO_6,2230080,value_loss,8.881045687303413e-06
PPO_6,2243880,value_loss,2.8699065296677873e-05
PPO_6,2257680,value_loss,9.118236630456522e-05
PPO_6,2271480,value_loss,3.3870372135424986e-05
PPO_6,2285280,value_loss,1.1088405699410941e-05
PPO_6,2299080,value_loss,6.648566341027617e-05
PPO_6,2312880,value_loss,6.943904736544937e-05
PPO_6,2326680,value_loss,3.0893366783857346e-05
PPO_6,2340480,value_loss,1.9460479961708188e-05
PPO_6,2354280,value_loss,0.00010405338980490342
PPO_6,2368080,value_loss,6.140008918009698e-05
PPO_6,2381880,value_loss,6.1806326812074985e-06
PPO_6,2395680,value_loss,2.370713082200382e-05
PPO_6,2409480,value_loss,1.8839777112589218e-05
PPO_6,2423280,value_loss,3.6617679143091664e-05
PPO_6,2437080,value_loss,1.72556028701365e-05
PPO_6,2450880,value_loss,1.326405254076235e-05
PPO_6,2464680,value_loss,2.6208690542262048e-05
PPO_6,2478480,value_loss,3.874425237881951e-05
PPO_6,2492280,value_loss,4.136122515774332e-05
PPO_6,2506080,value_loss,7.263027782755671e-06
PPO_6,2519880,value_loss,1.5976736904121935e-05
PPO_6,2533680,value_loss,3.674735489767045e-05
PPO_6,2547480,value_loss,2.96863800031133e-05
PPO_6,2561280,value_loss,1.2935699942318024e-06
PPO_6,2575080,value_loss,1.150220850831829e-05
PPO_6,2588880,value_loss,3.2091429602587596e-05
PPO_6,2602680,value_loss,4.607141818269156e-06
PPO_6,2616480,value_loss,1.1475607607280836e-05
PPO_6,2630280,value_loss,8.2237042079214e-05
PPO_6,2644080,value_loss,2.7923995730816387e-05
PPO_6,2657880,value_loss,1.1922077646886464e-05
PPO_6,2671680,value_loss,9.197565304930322e-06
PPO_6,2685480,value_loss,9.913528629112989e-06
PPO_6,2699280,value_loss,1.8176730009145103e-05
PPO_6,2713080,value_loss,6.0800281062256545e-05
PPO_6,2726880,value_loss,6.454189133364707e-06
PPO_6,2740680,value_loss,5.868467269465327e-05
PPO_6,2754480,value_loss,8.28425709187286e-06
PPO_6,2768280,value_loss,7.101496157702059e-05
PPO_6,2782080,value_loss,5.256085205473937e-05
PPO_6,2795880,value_loss,1.0782932804431766e-05
PPO_6,2809680,value_loss,7.41817575544701e-06
PPO_6,2823480,value_loss,1.2565169527078979e-06
PPO_6,2837280,value_loss,3.885870398789848e-07
PPO_6,2851080,value_loss,7.1364902396453544e-06
PPO_6,2864880,value_loss,8.691984476172365e-06
PPO_6,2878680,value_loss,4.744507896248251e-05
PPO_6,2892480,value_loss,7.319659744098317e-06
PPO_6,2906280,value_loss,9.502135981165338e-06
PPO_6,2920080,value_loss,1.7510039469925687e-05
PPO_6,2933880,value_loss,2.3167790459410753e-06
PPO_6,2947680,value_loss,6.545203177665826e-06
PPO_6,2961480,value_loss,4.20421565650031e-06
PPO_6,2975280,value_loss,8.59977171785431e-06
PPO_6,2989080,value_loss,3.40903497999534e-05
PPO_6,3002880,value_loss,2.7300733563606627e-05
PPO_6,3016680,value_loss,7.038463536446216e-06
PPO_6,3030480,value_loss,5.174347279535141e-06
PPO_6,3044280,value_loss,1.2248980283402489e-06
PPO_6,3058080,value_loss,1.4299906979431398e-05
PPO_6,3071880,value_loss,1.3055308954790235e-05
PPO_6,3085680,value_loss,4.799516318598762e-06
PPO_6,3099480,value_loss,5.454359325085534e-06
PPO_6,3113280,value_loss,1.1173057828273159e-05
PPO_6,3127080,value_loss,1.3497024156094994e-05
PPO_6,3140880,value_loss,5.354168024496175e-06
PPO_6,3154680,value_loss,1.8132092009182088e-05
PPO_6,3168480,value_loss,3.0958952265791595e-05
PPO_6,3182280,value_loss,6.142111033113906e-06
PPO_6,3196080,value_loss,4.856019131693756e-06
PPO_6,3209880,value_loss,1.409149035680457e-06
PPO_6,3223680,value_loss,2.489674989192281e-05
PPO_6,3237480,value_loss,1.9799364963546395e-05
PPO_6,3251280,value_loss,6.2753065321885515e-06
PPO_6,3265080,value_loss,1.8948738897961448e-06
PPO_6,3278880,value_loss,2.505907104932703e-05
PPO_6,3292680,value_loss,1.6141062587848864e-05
PPO_6,3306480,value_loss,6.796046363888308e-06
PPO_6,3320280,value_loss,5.214580141910119e-06
PPO_6,3334080,value_loss,1.6181479622900952e-06
PPO_6,3347880,value_loss,3.2295338314725086e-05
PPO_6,3361680,value_loss,8.61678290675627e-06
PPO_6,3375480,value_loss,6.130019755801186e-06
PPO_6,3389280,value_loss,1.4893111028868589e-06
PPO_6,3403080,value_loss,3.9949551137397066e-05
PPO_6,3416880,value_loss,1.8141170585295185e-05
PPO_6,3430680,value_loss,9.47922671912238e-06
PPO_6,3444480,value_loss,4.547477601590799e-06
PPO_6,3458280,value_loss,6.658426627836889e-06
PPO_6,3472080,value_loss,1.2974885976291262e-05
PPO_6,3485880,value_loss,1.2865958751717699e-06
PPO_6,3499680,value_loss,5.28698410562356e-06
PPO_6,3513480,value_loss,8.141020953189582e-05
PPO_6,3527280,value_loss,5.6783588661346585e-05
PPO_6,3541080,value_loss,8.837509994918946e-06
PPO_6,3554880,value_loss,3.267326974309981e-05
PPO_6,3568680,value_loss,2.3800776034477167e-05
PPO_6,3582480,value_loss,1.1799143067037221e-05
PPO_6,3596280,value_loss,4.1598602251724515e-07
PPO_6,3610080,value_loss,4.37859671365004e-06
PPO_6,3623880,value_loss,1.2654313650273252e-05
PPO_6,3637680,value_loss,3.937333531212062e-06
PPO_6,3651480,value_loss,6.626779850193998e-06
PPO_6,3665280,value_loss,9.647926162870135e-06
PPO_6,3681840,value_loss,4.586386239679996e-06
PPO_6,3695640,value_loss,6.3148349909170065e-06
PPO_6,3709440,value_loss,5.047438753535971e-05
PPO_6,3723240,value_loss,1.3595329619420227e-05
PPO_6,3737040,value_loss,3.673588025776553e-06
PPO_6,3750840,value_loss,1.1095738955191337e-05
PPO_6,3764640,value_loss,9.161831258097664e-06
PPO_6,3778440,value_loss,1.266215622308664e-05
PPO_6,3792240,value_loss,5.657607289322186e-06
PPO_6,3806040,value_loss,1.5671608707634732e-05
PPO_6,3819840,value_loss,6.546565145981731e-06
PPO_6,3833640,value_loss,2.5270901460316963e-06
PPO_6,3847440,value_loss,3.351891336933477e-06
PPO_6,3861240,value_loss,7.684192269152845e-07
PPO_6,3875040,value_loss,3.7951731428620405e-06
PPO_6,3888840,value_loss,1.5120679108804325e-06
PPO_6,3902640,value_loss,2.1172638753341744e-06
PPO_6,3916440,value_loss,4.012337285530521e-06
PPO_6,3930240,value_loss,6.649080432907795e-07
PPO_6,3944040,value_loss,1.732844248181209e-05
PPO_6,3957840,value_loss,7.1968156589719e-06
PPO_6,3971640,value_loss,3.4931890695588663e-06
PPO_6,3985440,value_loss,2.6427849775245704e-07
PPO_6,3999240,value_loss,5.891736236662837e-06
PPO_6,4013040,value_loss,5.445389888336649e-06
PPO_6,4026840,value_loss,1.0978292266372591e-06
PPO_6,4040640,value_loss,1.702458757790737e-05
PPO_6,4054440,value_loss,7.644796824024525e-06
PPO_6,4068240,value_loss,2.2628044007433346e-06
PPO_6,4082040,value_loss,1.2244582876519416e-06
PPO_6,4095840,value_loss,9.79936885414645e-06
PPO_6,4109640,value_loss,1.5450260661964421e-06
PPO_6,4123440,value_loss,2.1661107894033194e-06
PPO_6,4137240,value_loss,8.319075277540833e-06
PPO_6,4151040,value_loss,2.3714478629699443e-06
PPO_6,4164840,value_loss,2.2282176814769628e-06
PPO_6,4178640,value_loss,2.3974057512532454e-06
PPO_6,4192440,value_loss,3.6247911339160055e-07
PPO_6,4206240,value_loss,2.8775988880624936e-07
PPO_6,4220040,value_loss,4.22358107243781e-06
PPO_6,4233840,value_loss,2.2839797111373628e-06
PPO_6,4247640,value_loss,1.8515800547902472e-05
PPO_6,4261440,value_loss,3.6194666108713136e-07
PPO_6,4275240,value_loss,5.483069799083751e-06
PPO_6,4289040,value_loss,2.410080014669802e-06
PPO_6,4302840,value_loss,2.70667641188993e-07
PPO_6,4316640,value_loss,1.6989636151265586e-06
PPO_6,4330440,value_loss,3.2140223993337713e-06
PPO_6,4344240,value_loss,1.915493385240552e-06
PPO_6,4358040,value_loss,2.3553482719762542e-07
PPO_6,4371840,value_loss,7.377431302302284e-06
PPO_6,4385640,value_loss,1.6464343843836104e-06
PPO_6,4399440,value_loss,2.0618908820324577e-06
PPO_6,4413240,value_loss,3.809252802966512e-06
PPO_6,4427040,value_loss,3.7480958781088702e-06
PPO_6,4440840,value_loss,4.730505679617636e-06
PPO_6,4454640,value_loss,3.335587052788469e-06
PPO_6,4468440,value_loss,3.2175857995753177e-06
PPO_6,4482240,value_loss,1.5154619177337736e-06
PPO_6,4496040,value_loss,1.6842851664478076e-06
PPO_6,4509840,value_loss,2.1020841813879088e-06
PPO_6,4523640,value_loss,1.9066663980993326e-06
PPO_6,4537440,value_loss,1.5848125940465252e-06
PPO_6,4551240,value_loss,8.107199391815811e-06
PPO_6,4565040,value_loss,3.0817316201137146e-06
PPO_6,4578840,value_loss,7.738436238469149e-07
PPO_6,4592640,value_loss,7.993390340743645e-07
PPO_6,4606440,value_loss,1.0142055543838069e-05
PPO_6,4620240,value_loss,3.8043017411837354e-06
PPO_6,4634040,value_loss,3.6636160416492203e-07
PPO_6,4647840,value_loss,8.535464530723402e-07
PPO_6,4661640,value_loss,8.011388672457542e-06
PPO_6,4675440,value_loss,4.204423476039665e-06
PPO_6,4689240,value_loss,1.7949258790395106e-07
PPO_6,4703040,value_loss,2.1407290660135914e-06
PPO_6,4716840,value_loss,2.855328830264625e-06
PPO_6,4730640,value_loss,3.577491042960901e-06
PPO_6,4744440,value_loss,2.345709475548574e-07
PPO_6,4758240,value_loss,2.253996171930339e-06
PPO_6,4772040,value_loss,3.563025757102878e-06
PPO_6,4785840,value_loss,2.576224687800277e-06
PPO_6,4799640,value_loss,1.8110215478372993e-06
PPO_6,4813440,value_loss,5.996710683575657e-07
PPO_6,4827240,value_loss,5.539168341783807e-06
PPO_6,4841040,value_loss,2.574488235040917e-06
PPO_6,4854840,value_loss,7.693767543059948e-07
PPO_6,4868640,value_loss,1.4472917655439232e-06
PPO_6,4882440,value_loss,6.3414345277124085e-06
PPO_6,4896240,value_loss,1.7748922118698829e-06
PPO_6,4910040,value_loss,1.5625242895112024e-06
PPO_6,4923840,value_loss,9.488606451668602e-07
PPO_6,4937640,value_loss,3.162499524478335e-06
PPO_6,4951440,value_loss,2.5595143142709276e-06
PPO_6,4965240,value_loss,9.417788078280864e-07
PPO_6,4979040,value_loss,3.2615909617561556e-07
PPO_6,4992840,value_loss,1.2888400533483946e-06
PPO_6,5006640,value_loss,2.431479970255168e-06
PPO_6,5020440,value_loss,9.127566045208368e-07
PPO_6,5034240,value_loss,1.9425183381827082e-06
PPO_6,5048040,value_loss,1.4378314290297567e-06
PPO_6,5061840,value_loss,2.143931396858534e-06
PPO_6,5075640,value_loss,4.1630929104030656e-07
PPO_6,5089440,value_loss,1.0818720284078154e-06
PPO_6,5103240,value_loss,6.760690666851588e-06
PPO_6,5117040,value_loss,2.0785885226359824e-06
PPO_6,5130840,value_loss,1.1043697440982214e-06
PPO_6,5144640,value_loss,1.4689063618789078e-06
PPO_6,5158440,value_loss,2.6505845198698808e-06
PPO_6,5172240,value_loss,2.057787014564383e-06
PPO_6,5186040,value_loss,1.2739394605887355e-06
PPO_6,5199840,value_loss,1.1513409390317975e-06
PPO_6,5213640,value_loss,1.5261280168488156e-06
PPO_6,5227440,value_loss,1.7642142893237178e-06
PPO_6,5241240,value_loss,7.468920557585079e-07
PPO_6,5255040,value_loss,9.92585682979552e-07
PPO_6,5268840,value_loss,1.8540844166636816e-06
PPO_6,5282640,value_loss,2.573270876382594e-06
PPO_6,5296440,value_loss,9.02740168839955e-07
PPO_6,5310240,value_loss,4.456552744613873e-07
PPO_6,5324040,value_loss,1.208975959343661e-06
PPO_6,5337840,value_loss,1.8693848460316076e-06
PPO_6,5351640,value_loss,7.178085752457264e-07
PPO_6,5365440,value_loss,1.4075953913561534e-06
PPO_6,5379240,value_loss,3.2309133075614227e-06
PPO_6,5393040,value_loss,2.6809498194779735e-06
PPO_6,5406840,value_loss,4.485872864279372e-07
PPO_6,5420640,value_loss,9.797404345590621e-07
PPO_6,5434440,value_loss,1.3253193174023181e-06
PPO_6,5448240,value_loss,2.225574462499935e-06
PPO_6,5462040,value_loss,5.692675699719985e-07
PPO_6,5475840,value_loss,5.543888619286008e-07
PPO_6,5489640,value_loss,2.557116204116028e-06
PPO_6,5503440,value_loss,1.989849351957673e-06
PPO_6,5520000,value_loss,9.063394941222214e-07
PPO_6,5520,explained_variance,0.41232526302337646
PPO_6,19320,explained_variance,0.9469269514083862
PPO_6,33120,explained_variance,0.9675846695899963
PPO_6,46920,explained_variance,0.27435600757598877
PPO_6,60720,explained_variance,0.5142878293991089
PPO_6,74520,explained_variance,0.9485288858413696
PPO_6,88320,explained_variance,0.965825080871582
PPO_6,102120,explained_variance,0.6160423159599304
PPO_6,115920,explained_variance,0.8661392331123352
PPO_6,129720,explained_variance,0.9725620746612549
PPO_6,143520,explained_variance,0.9574362635612488
PPO_6,157320,explained_variance,0.8091670274734497
PPO_6,171120,explained_variance,0.969964325428009
PPO_6,184920,explained_variance,0.9603045582771301
PPO_6,198720,explained_variance,0.9593919515609741
PPO_6,212520,explained_variance,0.8936091661453247
PPO_6,226320,explained_variance,0.9941818118095398
PPO_6,240120,explained_variance,0.9633659720420837
PPO_6,253920,explained_variance,0.9592010974884033
PPO_6,267720,explained_variance,0.933175802230835
PPO_6,281520,explained_variance,0.9940159320831299
PPO_6,295320,explained_variance,0.9613184332847595
PPO_6,309120,explained_variance,0.9699419736862183
PPO_6,322920,explained_variance,0.9613779187202454
PPO_6,336720,explained_variance,0.9929585456848145
PPO_6,350520,explained_variance,0.9674035310745239
PPO_6,364320,explained_variance,0.9665448665618896
PPO_6,378120,explained_variance,0.9802075624465942
PPO_6,391920,explained_variance,0.9927107691764832
PPO_6,405720,explained_variance,0.9607028961181641
PPO_6,419520,explained_variance,0.9601815938949585
PPO_6,433320,explained_variance,0.9879557490348816
PPO_6,447120,explained_variance,0.9963086247444153
PPO_6,460920,explained_variance,0.9646525382995605
PPO_6,474720,explained_variance,0.9641091227531433
PPO_6,488520,explained_variance,0.9903493523597717
PPO_6,502320,explained_variance,0.9957959055900574
PPO_6,516120,explained_variance,0.9567435383796692
PPO_6,529920,explained_variance,0.9445183277130127
PPO_6,543720,explained_variance,0.9915890693664551
PPO_6,557520,explained_variance,0.9985817074775696
PPO_6,571320,explained_variance,0.9549218416213989
PPO_6,585120,explained_variance,0.9681042432785034
PPO_6,598920,explained_variance,0.992994487285614
PPO_6,612720,explained_variance,0.9991925954818726
PPO_6,626520,explained_variance,0.9473922252655029
PPO_6,640320,explained_variance,0.964164137840271
PPO_6,654120,explained_variance,0.9895656108856201
PPO_6,667920,explained_variance,0.9981781840324402
PPO_6,681720,explained_variance,0.9483456611633301
PPO_6,695520,explained_variance,0.9708483815193176
PPO_6,709320,explained_variance,0.9907481670379639
PPO_6,723120,explained_variance,0.9994600415229797
PPO_6,736920,explained_variance,0.9491559863090515
PPO_6,750720,explained_variance,0.9673073291778564
PPO_6,764520,explained_variance,0.99347984790802
PPO_6,778320,explained_variance,0.9994778633117676
PPO_6,792120,explained_variance,0.9461416602134705
PPO_6,805920,explained_variance,0.9716013073921204
PPO_6,819720,explained_variance,0.9967854619026184
PPO_6,833520,explained_variance,0.999560534954071
PPO_6,847320,explained_variance,0.9568227529525757
PPO_6,861120,explained_variance,0.9677167534828186
PPO_6,874920,explained_variance,0.9973928928375244
PPO_6,888720,explained_variance,0.9993082880973816
PPO_6,902520,explained_variance,0.9552366733551025
PPO_6,916320,explained_variance,0.9720130562782288
PPO_6,930120,explained_variance,0.9983173608779907
PPO_6,943920,explained_variance,0.9993048310279846
PPO_6,957720,explained_variance,0.9561589956283569
PPO_6,971520,explained_variance,0.9709926247596741
PPO_6,985320,explained_variance,0.9989863634109497
PPO_6,999120,explained_variance,0.9995688199996948
PPO_6,1012920,explained_variance,0.9577072858810425
PPO_6,1026720,explained_variance,0.9706234931945801
PPO_6,1040520,explained_variance,0.9985669851303101
PPO_6,1054320,explained_variance,0.9997398257255554
PPO_6,1068120,explained_variance,0.9546728134155273
PPO_6,1081920,explained_variance,0.9729608297348022
PPO_6,1095720,explained_variance,0.9990879893302917
PPO_6,1109520,explained_variance,0.9996160864830017
PPO_6,1123320,explained_variance,0.9569602608680725
PPO_6,1137120,explained_variance,0.9577957391738892
PPO_6,1150920,explained_variance,0.9988566637039185
PPO_6,1164720,explained_variance,0.9998096227645874
PPO_6,1178520,explained_variance,0.9593886733055115
PPO_6,1192320,explained_variance,0.9738560318946838
PPO_6,1206120,explained_variance,0.9989335536956787
PPO_6,1219920,explained_variance,0.9997477531433105
PPO_6,1233720,explained_variance,0.9679102301597595
PPO_6,1247520,explained_variance,0.9726654887199402
PPO_6,1261320,explained_variance,0.9995077848434448
PPO_6,1275120,explained_variance,0.9999143481254578
PPO_6,1288920,explained_variance,0.961432158946991
PPO_6,1302720,explained_variance,0.9682161211967468
PPO_6,1316520,explained_variance,0.9994612336158752
PPO_6,1330320,explained_variance,0.9996245503425598
PPO_6,1344120,explained_variance,0.9598577618598938
PPO_6,1357920,explained_variance,0.9701735973358154
PPO_6,1371720,explained_variance,0.9992700219154358
PPO_6,1385520,explained_variance,0.9998650550842285
PPO_6,1399320,explained_variance,0.957019567489624
PPO_6,1413120,explained_variance,0.9764087200164795
PPO_6,1426920,explained_variance,0.9996870756149292
PPO_6,1440720,explained_variance,0.9998099207878113
PPO_6,1454520,explained_variance,0.9612738490104675
PPO_6,1468320,explained_variance,0.9607422351837158
PPO_6,1482120,explained_variance,0.9996891021728516
PPO_6,1495920,explained_variance,0.9999138116836548
PPO_6,1509720,explained_variance,0.9410011768341064
PPO_6,1523520,explained_variance,0.9632347822189331
PPO_6,1537320,explained_variance,0.9996109008789062
PPO_6,1551120,explained_variance,0.9998366832733154
PPO_6,1564920,explained_variance,0.951801061630249
PPO_6,1578720,explained_variance,0.9610425233840942
PPO_6,1592520,explained_variance,0.9995442628860474
PPO_6,1606320,explained_variance,0.9996151924133301
PPO_6,1620120,explained_variance,0.9244089126586914
PPO_6,1633920,explained_variance,0.9659527540206909
PPO_6,1647720,explained_variance,0.9998571872711182
PPO_6,1661520,explained_variance,0.9999819397926331
PPO_6,1675320,explained_variance,0.9468121528625488
PPO_6,1689120,explained_variance,0.9665765762329102
PPO_6,1702920,explained_variance,0.9996564388275146
PPO_6,1716720,explained_variance,0.9995856285095215
PPO_6,1730520,explained_variance,0.9545939564704895
PPO_6,1744320,explained_variance,0.9746109843254089
PPO_6,1758120,explained_variance,0.9989591240882874
PPO_6,1771920,explained_variance,0.999739944934845
PPO_6,1785720,explained_variance,0.9502897262573242
PPO_6,1799520,explained_variance,0.9800671339035034
PPO_6,1813320,explained_variance,0.9990504384040833
PPO_6,1827120,explained_variance,0.9995526075363159
PPO_6,1843680,explained_variance,0.9772404432296753
PPO_6,1857480,explained_variance,0.9995715022087097
PPO_6,1871280,explained_variance,0.9996858239173889
PPO_6,1885080,explained_variance,0.950442910194397
PPO_6,1898880,explained_variance,0.9693976044654846
PPO_6,1912680,explained_variance,0.9997965693473816
PPO_6,1926480,explained_variance,0.9998346567153931
PPO_6,1940280,explained_variance,0.9570908546447754
PPO_6,1954080,explained_variance,0.9736309051513672
PPO_6,1967880,explained_variance,0.9995724558830261
PPO_6,1981680,explained_variance,0.9998915195465088
PPO_6,1995480,explained_variance,0.9567137956619263
PPO_6,2009280,explained_variance,0.9674416780471802
PPO_6,2023080,explained_variance,0.9998357892036438
PPO_6,2036880,explained_variance,0.9998321533203125
PPO_6,2050680,explained_variance,0.9502691626548767
PPO_6,2064480,explained_variance,0.9710320830345154
PPO_6,2078280,explained_variance,0.9998700022697449
PPO_6,2092080,explained_variance,0.9999292492866516
PPO_6,2105880,explained_variance,0.9544547200202942
PPO_6,2119680,explained_variance,0.9622836112976074
PPO_6,2133480,explained_variance,0.9999440908432007
PPO_6,2147280,explained_variance,0.999941885471344
PPO_6,2161080,explained_variance,0.9531735181808472
PPO_6,2174880,explained_variance,0.9720878601074219
PPO_6,2188680,explained_variance,0.9998772144317627
PPO_6,2202480,explained_variance,0.9999398589134216
PPO_6,2216280,explained_variance,0.9477273225784302
PPO_6,2230080,explained_variance,0.9691704511642456
PPO_6,2243880,explained_variance,0.9999148845672607
PPO_6,2257680,explained_variance,0.9999188780784607
PPO_6,2271480,explained_variance,0.9389981031417847
PPO_6,2285280,explained_variance,0.9624871015548706
PPO_6,2299080,explained_variance,0.9997361898422241
PPO_6,2312880,explained_variance,0.99992835521698
PPO_6,2326680,explained_variance,0.9185842871665955
PPO_6,2340480,explained_variance,0.9629510045051575
PPO_6,2354280,explained_variance,0.9995701909065247
PPO_6,2368080,explained_variance,0.9999419450759888
PPO_6,2381880,explained_variance,0.9691691398620605
PPO_6,2395680,explained_variance,0.9692701101303101
PPO_6,2409480,explained_variance,0.9999372959136963
PPO_6,2423280,explained_variance,0.9999668598175049
PPO_6,2437080,explained_variance,0.6621133685112
PPO_6,2450880,explained_variance,0.9795311689376831
PPO_6,2464680,explained_variance,0.9998763799667358
PPO_6,2478480,explained_variance,0.9999609589576721
PPO_6,2492280,explained_variance,0.8843091130256653
PPO_6,2506080,explained_variance,0.9608289003372192
PPO_6,2519880,explained_variance,0.9999163746833801
PPO_6,2533680,explained_variance,0.9999653697013855
PPO_6,2547480,explained_variance,0.8273438215255737
PPO_6,2561280,explained_variance,0.950162410736084
PPO_6,2575080,explained_variance,0.9999656081199646
PPO_6,2588880,explained_variance,0.9999775290489197
PPO_6,2602680,explained_variance,0.9509351253509521
PPO_6,2616480,explained_variance,0.9703803062438965
PPO_6,2630280,explained_variance,0.9997405409812927
PPO_6,2644080,explained_variance,0.9999566078186035
PPO_6,2657880,explained_variance,0.9399116039276123
PPO_6,2671680,explained_variance,0.9300942420959473
PPO_6,2685480,explained_variance,0.9999570846557617
PPO_6,2699280,explained_variance,0.9999831318855286
PPO_6,2713080,explained_variance,0.9516336917877197
PPO_6,2726880,explained_variance,0.9036358594894409
PPO_6,2740680,explained_variance,0.9999741911888123
PPO_6,2754480,explained_variance,0.9999932646751404
PPO_6,2768280,explained_variance,0.8872750401496887
PPO_6,2782080,explained_variance,0.9659860730171204
PPO_6,2795880,explained_variance,0.9999666810035706
PPO_6,2809680,explained_variance,0.9999945759773254
PPO_6,2823480,explained_variance,0.9838947057723999
PPO_6,2837280,explained_variance,0.9947955012321472
PPO_6,2851080,explained_variance,0.9999858736991882
PPO_6,2864880,explained_variance,0.9999915957450867
PPO_6,2878680,explained_variance,0.9599234461784363
PPO_6,2892480,explained_variance,0.9962032437324524
PPO_6,2906280,explained_variance,0.9999794363975525
PPO_6,2920080,explained_variance,0.9999939203262329
PPO_6,2933880,explained_variance,0.9540272951126099
PPO_6,2947680,explained_variance,0.9851969480514526
PPO_6,2961480,explained_variance,0.9999875426292419
PPO_6,2975280,explained_variance,0.999993085861206
PPO_6,2989080,explained_variance,0.9770152568817139
PPO_6,3002880,explained_variance,0.9830443859100342
PPO_6,3016680,explained_variance,0.9999778866767883
PPO_6,3030480,explained_variance,0.9999896287918091
PPO_6,3044280,explained_variance,0.9843109846115112
PPO_6,3058080,explained_variance,0.9807702898979187
PPO_6,3071880,explained_variance,0.9999381899833679
PPO_6,3085680,explained_variance,0.9999933242797852
PPO_6,3099480,explained_variance,0.9691874980926514
PPO_6,3113280,explained_variance,0.9774247407913208
PPO_6,3127080,explained_variance,0.9999638795852661
PPO_6,3140880,explained_variance,0.9999921917915344
PPO_6,3154680,explained_variance,0.9670872688293457
PPO_6,3168480,explained_variance,0.9777649641036987
PPO_6,3182280,explained_variance,0.9999802708625793
PPO_6,3196080,explained_variance,0.9999902844429016
PPO_6,3209880,explained_variance,0.9670218229293823
PPO_6,3223680,explained_variance,0.9778690934181213
PPO_6,3237480,explained_variance,0.9999523162841797
PPO_6,3251280,explained_variance,0.9999848008155823
PPO_6,3265080,explained_variance,0.9670780301094055
PPO_6,3278880,explained_variance,0.9787929058074951
PPO_6,3292680,explained_variance,0.9999508857727051
PPO_6,3306480,explained_variance,0.9999876618385315
PPO_6,3320280,explained_variance,0.9682703614234924
PPO_6,3334080,explained_variance,0.9771203994750977
PPO_6,3347880,explained_variance,0.9998738169670105
PPO_6,3361680,explained_variance,0.9999876618385315
PPO_6,3375480,explained_variance,0.9676443934440613
PPO_6,3389280,explained_variance,0.9778940081596375
PPO_6,3403080,explained_variance,0.9998835325241089
PPO_6,3416880,explained_variance,0.9999884366989136
PPO_6,3430680,explained_variance,0.9678541421890259
PPO_6,3444480,explained_variance,0.9738622307777405
PPO_6,3458280,explained_variance,0.9999761581420898
PPO_6,3472080,explained_variance,0.9999864101409912
PPO_6,3485880,explained_variance,0.9673643112182617
PPO_6,3499680,explained_variance,0.974191427230835
PPO_6,3513480,explained_variance,0.999657154083252
PPO_6,3527280,explained_variance,0.9999159574508667
PPO_6,3541080,explained_variance,0.9666749835014343
PPO_6,3554880,explained_variance,0.9721059799194336
PPO_6,3568680,explained_variance,0.9999074339866638
PPO_6,3582480,explained_variance,0.9999769926071167
PPO_6,3596280,explained_variance,0.9711199402809143
PPO_6,3610080,explained_variance,0.9632097482681274
PPO_6,3623880,explained_variance,0.9999578595161438
PPO_6,3637680,explained_variance,0.9999924898147583
PPO_6,3651480,explained_variance,0.9872676730155945
PPO_6,3665280,explained_variance,0.9963175058364868
PPO_6,3681840,explained_variance,0.9999924898147583
PPO_6,3695640,explained_variance,0.976230800151825
PPO_6,3709440,explained_variance,0.9950258731842041
PPO_6,3723240,explained_variance,0.9999256134033203
PPO_6,3737040,explained_variance,0.9999943375587463
PPO_6,3750840,explained_variance,0.9448332190513611
PPO_6,3764640,explained_variance,0.9967559576034546
PPO_6,3778440,explained_variance,0.9999498724937439
PPO_6,3792240,explained_variance,0.9999929666519165
PPO_6,3806040,explained_variance,0.9578482508659363
PPO_6,3819840,explained_variance,0.9982925653457642
PPO_6,3833640,explained_variance,0.9999899864196777
PPO_6,3847440,explained_variance,0.9999942779541016
PPO_6,3861240,explained_variance,0.9786065220832825
PPO_6,3875040,explained_variance,0.9928724765777588
PPO_6,3888840,explained_variance,0.9999958276748657
PPO_6,3902640,explained_variance,0.9999979734420776
PPO_6,3916440,explained_variance,0.9936804175376892
PPO_6,3930240,explained_variance,0.993079423904419
PPO_6,3944040,explained_variance,0.9999674558639526
PPO_6,3957840,explained_variance,0.9999961256980896
PPO_6,3971640,explained_variance,0.9657881855964661
PPO_6,3985440,explained_variance,0.9928758144378662
PPO_6,3999240,explained_variance,0.9999665021896362
PPO_6,4013040,explained_variance,0.9999945759773254
PPO_6,4026840,explained_variance,0.9619308710098267
PPO_6,4040640,explained_variance,0.9937449097633362
PPO_6,4054440,explained_variance,0.9999833703041077
PPO_6,4068240,explained_variance,0.9999983310699463
PPO_6,4082040,explained_variance,0.9929935932159424
PPO_6,4095840,explained_variance,0.9987421631813049
PPO_6,4109640,explained_variance,0.9999956488609314
PPO_6,4123440,explained_variance,0.9999982714653015
PPO_6,4137240,explained_variance,0.9902929067611694
PPO_6,4151040,explained_variance,0.9986599683761597
PPO_6,4164840,explained_variance,0.9999938607215881
PPO_6,4178640,explained_variance,0.9999974370002747
PPO_6,4192440,explained_variance,0.9835466146469116
PPO_6,4206240,explained_variance,0.9973046779632568
PPO_6,4220040,explained_variance,0.9999866485595703
PPO_6,4233840,explained_variance,0.9999969005584717
PPO_6,4247640,explained_variance,0.9904598593711853
PPO_6,4261440,explained_variance,0.9949502944946289
PPO_6,4275240,explained_variance,0.9999940395355225
PPO_6,4289040,explained_variance,0.9999968409538269
PPO_6,4302840,explained_variance,0.9803491234779358
PPO_6,4316640,explained_variance,0.9974798560142517
PPO_6,4330440,explained_variance,0.9999924898147583
PPO_6,4344240,explained_variance,0.9999980330467224
PPO_6,4358040,explained_variance,0.9711452722549438
PPO_6,4371840,explained_variance,0.9910581111907959
PPO_6,4385640,explained_variance,0.9999948143959045
PPO_6,4399440,explained_variance,0.9999991059303284
PPO_6,4413240,explained_variance,0.9807775020599365
PPO_6,4427040,explained_variance,0.9930866360664368
PPO_6,4440840,explained_variance,0.9999790787696838
PPO_6,4454640,explained_variance,0.9999960660934448
PPO_6,4468440,explained_variance,0.970767617225647
PPO_6,4482240,explained_variance,0.9921233654022217
PPO_6,4496040,explained_variance,0.9999942779541016
PPO_6,4509840,explained_variance,0.9999974966049194
PPO_6,4523640,explained_variance,0.9867405295372009
PPO_6,4537440,explained_variance,0.9900124073028564
PPO_6,4551240,explained_variance,0.9999656677246094
PPO_6,4565040,explained_variance,0.9999954700469971
PPO_6,4578840,explained_variance,0.9881088137626648
PPO_6,4592640,explained_variance,0.9905664324760437
PPO_6,4606440,explained_variance,0.999969482421875
PPO_6,4620240,explained_variance,0.9999960064888
PPO_6,4634040,explained_variance,0.9889792799949646
PPO_6,4647840,explained_variance,0.9907094836235046
PPO_6,4661640,explained_variance,0.9999725818634033
PPO_6,4675440,explained_variance,0.999994158744812
PPO_6,4689240,explained_variance,0.9822425842285156
PPO_6,4703040,explained_variance,0.996078372001648
PPO_6,4716840,explained_variance,0.9999947547912598
PPO_6,4730640,explained_variance,0.9999915361404419
PPO_6,4744440,explained_variance,0.9732567071914673
PPO_6,4758240,explained_variance,0.9920508861541748
PPO_6,4772040,explained_variance,0.9999856352806091
PPO_6,4785840,explained_variance,0.9999967813491821
PPO_6,4799640,explained_variance,0.9878078103065491
PPO_6,4813440,explained_variance,0.9909388422966003
PPO_6,4827240,explained_variance,0.9999721646308899
PPO_6,4841040,explained_variance,0.9999968409538269
PPO_6,4854840,explained_variance,0.985020637512207
PPO_6,4868640,explained_variance,0.9911174178123474
PPO_6,4882440,explained_variance,0.9999634623527527
PPO_6,4896240,explained_variance,0.9999980330467224
PPO_6,4910040,explained_variance,0.9840087890625
PPO_6,4923840,explained_variance,0.993861734867096
PPO_6,4937640,explained_variance,0.9999887347221375
PPO_6,4951440,explained_variance,0.9999977946281433
PPO_6,4965240,explained_variance,0.9894481897354126
PPO_6,4979040,explained_variance,0.9954865574836731
PPO_6,4992840,explained_variance,0.9999967217445374
PPO_6,5006640,explained_variance,0.9999985694885254
PPO_6,5020440,explained_variance,0.9848544597625732
PPO_6,5034240,explained_variance,0.9928602576255798
PPO_6,5048040,explained_variance,0.9999935626983643
PPO_6,5061840,explained_variance,0.9999974370002747
PPO_6,5075640,explained_variance,0.9874895215034485
PPO_6,5089440,explained_variance,0.9940547347068787
PPO_6,5103240,explained_variance,0.9999620318412781
PPO_6,5117040,explained_variance,0.999997079372406
PPO_6,5130840,explained_variance,0.9822824001312256
PPO_6,5144640,explained_variance,0.9904349446296692
PPO_6,5158440,explained_variance,0.999988317489624
PPO_6,5172240,explained_variance,0.9999974966049194
PPO_6,5186040,explained_variance,0.9818375706672668
PPO_6,5199840,explained_variance,0.9909547567367554
PPO_6,5213640,explained_variance,0.9999940991401672
PPO_6,5227440,explained_variance,0.9999982118606567
PPO_6,5241240,explained_variance,0.9829534888267517
PPO_6,5255040,explained_variance,0.9930295944213867
PPO_6,5268840,explained_variance,0.9999934434890747
PPO_6,5282640,explained_variance,0.9999967217445374
PPO_6,5296440,explained_variance,0.9832998514175415
PPO_6,5310240,explained_variance,0.9934340119361877
PPO_6,5324040,explained_variance,0.9999973773956299
PPO_6,5337840,explained_variance,0.9999982714653015
PPO_6,5351640,explained_variance,0.9808561205863953
PPO_6,5365440,explained_variance,0.993009626865387
PPO_6,5379240,explained_variance,0.9999876022338867
PPO_6,5393040,explained_variance,0.9999966025352478
PPO_6,5406840,explained_variance,0.9827253818511963
PPO_6,5420640,explained_variance,0.9933347105979919
PPO_6,5434440,explained_variance,0.9999967813491821
PPO_6,5448240,explained_variance,0.9999979138374329
PPO_6,5462040,explained_variance,0.9814348220825195
PPO_6,5475840,explained_variance,0.9944053292274475
PPO_6,5489640,explained_variance,0.9999954104423523
PPO_6,5503440,explained_variance,0.999998152256012
PPO_6,5520000,explained_variance,0.9941479563713074
PPO_6,5520,entropy,-4.258691787719727
PPO_6,19320,entropy,-4.305299282073975
PPO_6,33120,entropy,-4.328206539154053
PPO_6,46920,entropy,-4.345299243927002
PPO_6,60720,entropy,-4.374905586242676
PPO_6,74520,entropy,-4.396913051605225
PPO_6,88320,entropy,-4.467034816741943
PPO_6,102120,entropy,-4.47995138168335
PPO_6,115920,entropy,-4.474499225616455
PPO_6,129720,entropy,-4.484927177429199
PPO_6,143520,entropy,-4.5168609619140625
PPO_6,157320,entropy,-4.561128616333008
PPO_6,171120,entropy,-4.5633721351623535
PPO_6,184920,entropy,-4.608006954193115
PPO_6,198720,entropy,-4.60341215133667
PPO_6,212520,entropy,-4.662524700164795
PPO_6,226320,entropy,-4.717657089233398
PPO_6,240120,entropy,-4.71616792678833
PPO_6,253920,entropy,-4.697126865386963
PPO_6,267720,entropy,-4.748518943786621
PPO_6,281520,entropy,-4.798050880432129
PPO_6,295320,entropy,-4.838802814483643
PPO_6,309120,entropy,-4.873781204223633
PPO_6,322920,entropy,-4.93681526184082
PPO_6,336720,entropy,-4.968965530395508
PPO_6,350520,entropy,-5.0016255378723145
PPO_6,364320,entropy,-5.0418829917907715
PPO_6,378120,entropy,-5.055976867675781
PPO_6,391920,entropy,-5.07163667678833
PPO_6,405720,entropy,-5.0551347732543945
PPO_6,419520,entropy,-5.132359981536865
PPO_6,433320,entropy,-5.154650688171387
PPO_6,447120,entropy,-5.170168876647949
PPO_6,460920,entropy,-5.179553031921387
PPO_6,474720,entropy,-5.206188201904297
PPO_6,488520,entropy,-5.246312141418457
PPO_6,502320,entropy,-5.265631675720215
PPO_6,516120,entropy,-5.29272985458374
PPO_6,529920,entropy,-5.324522018432617
PPO_6,543720,entropy,-5.358415603637695
PPO_6,557520,entropy,-5.405719757080078
PPO_6,571320,entropy,-5.390869617462158
PPO_6,585120,entropy,-5.441497325897217
PPO_6,598920,entropy,-5.478346347808838
PPO_6,612720,entropy,-5.509085655212402
PPO_6,626520,entropy,-5.544816970825195
PPO_6,640320,entropy,-5.593225955963135
PPO_6,654120,entropy,-5.622244358062744
PPO_6,667920,entropy,-5.6215667724609375
PPO_6,681720,entropy,-5.636391639709473
PPO_6,695520,entropy,-5.676131725311279
PPO_6,709320,entropy,-5.692625045776367
PPO_6,723120,entropy,-5.716061115264893
PPO_6,736920,entropy,-5.753100872039795
PPO_6,750720,entropy,-5.759758472442627
PPO_6,764520,entropy,-5.794614791870117
PPO_6,778320,entropy,-5.83550500869751
PPO_6,792120,entropy,-5.871012210845947
PPO_6,805920,entropy,-5.923613548278809
PPO_6,819720,entropy,-5.965000629425049
PPO_6,833520,entropy,-5.97703218460083
PPO_6,847320,entropy,-6.033627986907959
PPO_6,861120,entropy,-6.067750930786133
PPO_6,874920,entropy,-6.106572151184082
PPO_6,888720,entropy,-6.15368127822876
PPO_6,902520,entropy,-6.174532890319824
PPO_6,916320,entropy,-6.210610389709473
PPO_6,930120,entropy,-6.262562274932861
PPO_6,943920,entropy,-6.284433364868164
PPO_6,957720,entropy,-6.35123348236084
PPO_6,971520,entropy,-6.403779029846191
PPO_6,985320,entropy,-6.407997131347656
PPO_6,999120,entropy,-6.42933464050293
PPO_6,1012920,entropy,-6.445699691772461
PPO_6,1026720,entropy,-6.476720333099365
PPO_6,1040520,entropy,-6.534298419952393
PPO_6,1054320,entropy,-6.547857761383057
PPO_6,1068120,entropy,-6.571690082550049
PPO_6,1081920,entropy,-6.598273277282715
PPO_6,1095720,entropy,-6.648521900177002
PPO_6,1109520,entropy,-6.690865516662598
PPO_6,1123320,entropy,-6.704627990722656
PPO_6,1137120,entropy,-6.693410396575928
PPO_6,1150920,entropy,-6.700290679931641
PPO_6,1164720,entropy,-6.730606555938721
PPO_6,1178520,entropy,-6.732119560241699
PPO_6,1192320,entropy,-6.78580904006958
PPO_6,1206120,entropy,-6.819858551025391
PPO_6,1219920,entropy,-6.858719348907471
PPO_6,1233720,entropy,-6.876075744628906
PPO_6,1247520,entropy,-6.9089579582214355
PPO_6,1261320,entropy,-6.934629440307617
PPO_6,1275120,entropy,-6.90633487701416
PPO_6,1288920,entropy,-6.91167688369751
PPO_6,1302720,entropy,-6.902627944946289
PPO_6,1316520,entropy,-6.942779064178467
PPO_6,1330320,entropy,-6.966922760009766
PPO_6,1344120,entropy,-7.004952430725098
PPO_6,1357920,entropy,-7.019064426422119
PPO_6,1371720,entropy,-7.0425615310668945
PPO_6,1385520,entropy,-7.061366558074951
PPO_6,1399320,entropy,-7.065502166748047
PPO_6,1413120,entropy,-7.145005226135254
PPO_6,1426920,entropy,-7.171951770782471
PPO_6,1440720,entropy,-7.178555965423584
PPO_6,1454520,entropy,-7.196516036987305
PPO_6,1468320,entropy,-7.246892929077148
PPO_6,1482120,entropy,-7.254960536956787
PPO_6,1495920,entropy,-7.279812335968018
PPO_6,1509720,entropy,-7.279496192932129
PPO_6,1523520,entropy,-7.309750080108643
PPO_6,1537320,entropy,-7.324742317199707
PPO_6,1551120,entropy,-7.366649150848389
PPO_6,1564920,entropy,-7.405233860015869
PPO_6,1578720,entropy,-7.438058853149414
PPO_6,1592520,entropy,-7.455984592437744
PPO_6,1606320,entropy,-7.507444858551025
PPO_6,1620120,entropy,-7.528079986572266
PPO_6,1633920,entropy,-7.560889720916748
PPO_6,1647720,entropy,-7.598239421844482
PPO_6,1661520,entropy,-7.626997470855713
PPO_6,1675320,entropy,-7.665101051330566
PPO_6,1689120,entropy,-7.702986717224121
PPO_6,1702920,entropy,-7.73128604888916
PPO_6,1716720,entropy,-7.719569206237793
PPO_6,1730520,entropy,-7.739025592803955
PPO_6,1744320,entropy,-7.734467506408691
PPO_6,1758120,entropy,-7.7283477783203125
PPO_6,1771920,entropy,-7.729678153991699
PPO_6,1785720,entropy,-7.767269134521484
PPO_6,1799520,entropy,-7.762018203735352
PPO_6,1813320,entropy,-7.779849052429199
PPO_6,1827120,entropy,-7.814740180969238
PPO_6,1843680,entropy,-7.834913730621338
PPO_6,1857480,entropy,-7.837956428527832
PPO_6,1871280,entropy,-7.83733606338501
PPO_6,1885080,entropy,-7.817041873931885
PPO_6,1898880,entropy,-7.831838607788086
PPO_6,1912680,entropy,-7.83009672164917
PPO_6,1926480,entropy,-7.813686370849609
PPO_6,1940280,entropy,-7.813327789306641
PPO_6,1954080,entropy,-7.850166320800781
PPO_6,1967880,entropy,-7.865724086761475
PPO_6,1981680,entropy,-7.917883396148682
PPO_6,1995480,entropy,-7.959987640380859
PPO_6,2009280,entropy,-7.968146324157715
PPO_6,2023080,entropy,-7.985590934753418
PPO_6,2036880,entropy,-8.023252487182617
PPO_6,2050680,entropy,-8.02060604095459
PPO_6,2064480,entropy,-8.030824661254883
PPO_6,2078280,entropy,-8.034501075744629
PPO_6,2092080,entropy,-8.051109313964844
PPO_6,2105880,entropy,-8.065896987915039
PPO_6,2119680,entropy,-8.065808296203613
PPO_6,2133480,entropy,-8.080130577087402
PPO_6,2147280,entropy,-8.076014518737793
PPO_6,2161080,entropy,-8.084700584411621
PPO_6,2174880,entropy,-8.103399276733398
PPO_6,2188680,entropy,-8.119504928588867
PPO_6,2202480,entropy,-8.137950897216797
PPO_6,2216280,entropy,-8.142762184143066
PPO_6,2230080,entropy,-8.146438598632812
PPO_6,2243880,entropy,-8.178876876831055
PPO_6,2257680,entropy,-8.181844711303711
PPO_6,2271480,entropy,-8.197208404541016
PPO_6,2285280,entropy,-8.207082748413086
PPO_6,2299080,entropy,-8.203166007995605
PPO_6,2312880,entropy,-8.213730812072754
PPO_6,2326680,entropy,-8.239945411682129
PPO_6,2340480,entropy,-8.274116516113281
PPO_6,2354280,entropy,-8.29326343536377
PPO_6,2368080,entropy,-8.336276054382324
PPO_6,2381880,entropy,-8.321537017822266
PPO_6,2395680,entropy,-8.343221664428711
PPO_6,2409480,entropy,-8.36173152923584
PPO_6,2423280,entropy,-8.37183666229248
PPO_6,2437080,entropy,-8.385698318481445
PPO_6,2450880,entropy,-8.390530586242676
PPO_6,2464680,entropy,-8.411276817321777
PPO_6,2478480,entropy,-8.41898250579834
PPO_6,2492280,entropy,-8.42769718170166
PPO_6,2506080,entropy,-8.432290077209473
PPO_6,2519880,entropy,-8.41401195526123
PPO_6,2533680,entropy,-8.416975021362305
PPO_6,2547480,entropy,-8.407816886901855
PPO_6,2561280,entropy,-8.39021110534668
PPO_6,2575080,entropy,-8.385041236877441
PPO_6,2588880,entropy,-8.436412811279297
PPO_6,2602680,entropy,-8.425359725952148
PPO_6,2616480,entropy,-8.419801712036133
PPO_6,2630280,entropy,-8.447920799255371
PPO_6,2644080,entropy,-8.489720344543457
PPO_6,2657880,entropy,-8.513988494873047
PPO_6,2671680,entropy,-8.512138366699219
PPO_6,2685480,entropy,-8.543517112731934
PPO_6,2699280,entropy,-8.567475318908691
PPO_6,2713080,entropy,-8.574512481689453
PPO_6,2726880,entropy,-8.578633308410645
PPO_6,2740680,entropy,-8.575868606567383
PPO_6,2754480,entropy,-8.578472137451172
PPO_6,2768280,entropy,-8.584863662719727
PPO_6,2782080,entropy,-8.597512245178223
PPO_6,2795880,entropy,-8.586945533752441
PPO_6,2809680,entropy,-8.587538719177246
PPO_6,2823480,entropy,-8.599023818969727
PPO_6,2837280,entropy,-8.601173400878906
PPO_6,2851080,entropy,-8.613273620605469
PPO_6,2864880,entropy,-8.611870765686035
PPO_6,2878680,entropy,-8.594637870788574
PPO_6,2892480,entropy,-8.591136932373047
PPO_6,2906280,entropy,-8.573164939880371
PPO_6,2920080,entropy,-8.582817077636719
PPO_6,2933880,entropy,-8.58073902130127
PPO_6,2947680,entropy,-8.586127281188965
PPO_6,2961480,entropy,-8.580728530883789
PPO_6,2975280,entropy,-8.599928855895996
PPO_6,2989080,entropy,-8.612688064575195
PPO_6,3002880,entropy,-8.642215728759766
PPO_6,3016680,entropy,-8.649855613708496
PPO_6,3030480,entropy,-8.654824256896973
PPO_6,3044280,entropy,-8.65179443359375
PPO_6,3058080,entropy,-8.661255836486816
PPO_6,3071880,entropy,-8.680069923400879
PPO_6,3085680,entropy,-8.695046424865723
PPO_6,3099480,entropy,-8.711092948913574
PPO_6,3113280,entropy,-8.715936660766602
PPO_6,3127080,entropy,-8.735220909118652
PPO_6,3140880,entropy,-8.73218059539795
PPO_6,3154680,entropy,-8.749587059020996
PPO_6,3168480,entropy,-8.764492988586426
PPO_6,3182280,entropy,-8.779151916503906
PPO_6,3196080,entropy,-8.789397239685059
PPO_6,3209880,entropy,-8.807623863220215
PPO_6,3223680,entropy,-8.830937385559082
PPO_6,3237480,entropy,-8.85152816772461
PPO_6,3251280,entropy,-8.878498077392578
PPO_6,3265080,entropy,-8.893418312072754
PPO_6,3278880,entropy,-8.912835121154785
PPO_6,3292680,entropy,-8.919625282287598
PPO_6,3306480,entropy,-8.947157859802246
PPO_6,3320280,entropy,-8.940924644470215
PPO_6,3334080,entropy,-8.951497077941895
PPO_6,3347880,entropy,-8.95803451538086
PPO_6,3361680,entropy,-8.975801467895508
PPO_6,3375480,entropy,-8.997442245483398
PPO_6,3389280,entropy,-9.0009183883667
PPO_6,3403080,entropy,-9.01382827758789
PPO_6,3416880,entropy,-9.022735595703125
PPO_6,3430680,entropy,-9.029570579528809
PPO_6,3444480,entropy,-9.037714958190918
PPO_6,3458280,entropy,-9.043645858764648
PPO_6,3472080,entropy,-9.048062324523926
PPO_6,3485880,entropy,-9.058747291564941
PPO_6,3499680,entropy,-9.064697265625
PPO_6,3513480,entropy,-9.069363594055176
PPO_6,3527280,entropy,-9.079440116882324
PPO_6,3541080,entropy,-9.078189849853516
PPO_6,3554880,entropy,-9.097480773925781
PPO_6,3568680,entropy,-9.10778522491455
PPO_6,3582480,entropy,-9.124675750732422
PPO_6,3596280,entropy,-9.128737449645996
PPO_6,3610080,entropy,-9.124677658081055
PPO_6,3623880,entropy,-9.118671417236328
PPO_6,3637680,entropy,-9.13342571258545
PPO_6,3651480,entropy,-9.145981788635254
PPO_6,3665280,entropy,-9.149430274963379
PPO_6,3681840,entropy,-9.160719871520996
PPO_6,3695640,entropy,-9.172342300415039
PPO_6,3709440,entropy,-9.1976900100708
PPO_6,3723240,entropy,-9.197005271911621
PPO_6,3737040,entropy,-9.201187133789062
PPO_6,3750840,entropy,-9.205400466918945
PPO_6,3764640,entropy,-9.202108383178711
PPO_6,3778440,entropy,-9.207111358642578
PPO_6,3792240,entropy,-9.225351333618164
PPO_6,3806040,entropy,-9.229748725891113
PPO_6,3819840,entropy,-9.24280071258545
PPO_6,3833640,entropy,-9.24062728881836
PPO_6,3847440,entropy,-9.253829002380371
PPO_6,3861240,entropy,-9.25667953491211
PPO_6,3875040,entropy,-9.269832611083984
PPO_6,3888840,entropy,-9.271439552307129
PPO_6,3902640,entropy,-9.286712646484375
PPO_6,3916440,entropy,-9.305327415466309
PPO_6,3930240,entropy,-9.316217422485352
PPO_6,3944040,entropy,-9.329498291015625
PPO_6,3957840,entropy,-9.339775085449219
PPO_6,3971640,entropy,-9.352045059204102
PPO_6,3985440,entropy,-9.355257987976074
PPO_6,3999240,entropy,-9.36054801940918
PPO_6,4013040,entropy,-9.36560344696045
PPO_6,4026840,entropy,-9.366842269897461
PPO_6,4040640,entropy,-9.384102821350098
PPO_6,4054440,entropy,-9.391992568969727
PPO_6,4068240,entropy,-9.384480476379395
PPO_6,4082040,entropy,-9.386037826538086
PPO_6,4095840,entropy,-9.389907836914062
PPO_6,4109640,entropy,-9.378592491149902
PPO_6,4123440,entropy,-9.374611854553223
PPO_6,4137240,entropy,-9.387697219848633
PPO_6,4151040,entropy,-9.403604507446289
PPO_6,4164840,entropy,-9.403707504272461
PPO_6,4178640,entropy,-9.415970802307129
PPO_6,4192440,entropy,-9.4194974899292
PPO_6,4206240,entropy,-9.416475296020508
PPO_6,4220040,entropy,-9.41517448425293
PPO_6,4233840,entropy,-9.416237831115723
PPO_6,4247640,entropy,-9.420649528503418
PPO_6,4261440,entropy,-9.422733306884766
PPO_6,4275240,entropy,-9.433698654174805
PPO_6,4289040,entropy,-9.446589469909668
PPO_6,4302840,entropy,-9.453145027160645
PPO_6,4316640,entropy,-9.452019691467285
PPO_6,4330440,entropy,-9.454577445983887
PPO_6,4344240,entropy,-9.463224411010742
PPO_6,4358040,entropy,-9.464970588684082
PPO_6,4371840,entropy,-9.467056274414062
PPO_6,4385640,entropy,-9.47986125946045
PPO_6,4399440,entropy,-9.47839069366455
PPO_6,4413240,entropy,-9.473821640014648
PPO_6,4427040,entropy,-9.481511116027832
PPO_6,4440840,entropy,-9.488231658935547
PPO_6,4454640,entropy,-9.493037223815918
PPO_6,4468440,entropy,-9.499900817871094
PPO_6,4482240,entropy,-9.509222030639648
PPO_6,4496040,entropy,-9.510744094848633
PPO_6,4509840,entropy,-9.516977310180664
PPO_6,4523640,entropy,-9.52691650390625
PPO_6,4537440,entropy,-9.532967567443848
PPO_6,4551240,entropy,-9.539841651916504
PPO_6,4565040,entropy,-9.551240921020508
PPO_6,4578840,entropy,-9.557061195373535
PPO_6,4592640,entropy,-9.565916061401367
PPO_6,4606440,entropy,-9.571793556213379
PPO_6,4620240,entropy,-9.574965476989746
PPO_6,4634040,entropy,-9.584863662719727
PPO_6,4647840,entropy,-9.587522506713867
PPO_6,4661640,entropy,-9.598946571350098
PPO_6,4675440,entropy,-9.608366012573242
PPO_6,4689240,entropy,-9.61075496673584
PPO_6,4703040,entropy,-9.616336822509766
PPO_6,4716840,entropy,-9.623503684997559
PPO_6,4730640,entropy,-9.629621505737305
PPO_6,4744440,entropy,-9.62462329864502
PPO_6,4758240,entropy,-9.626171112060547
PPO_6,4772040,entropy,-9.630002975463867
PPO_6,4785840,entropy,-9.630154609680176
PPO_6,4799640,entropy,-9.640264511108398
PPO_6,4813440,entropy,-9.645270347595215
PPO_6,4827240,entropy,-9.646646499633789
PPO_6,4841040,entropy,-9.648857116699219
PPO_6,4854840,entropy,-9.655708312988281
PPO_6,4868640,entropy,-9.658403396606445
PPO_6,4882440,entropy,-9.658071517944336
PPO_6,4896240,entropy,-9.65998649597168
PPO_6,4910040,entropy,-9.664973258972168
PPO_6,4923840,entropy,-9.666220664978027
PPO_6,4937640,entropy,-9.672042846679688
PPO_6,4951440,entropy,-9.677289962768555
PPO_6,4965240,entropy,-9.678594589233398
PPO_6,4979040,entropy,-9.682951927185059
PPO_6,4992840,entropy,-9.684900283813477
PPO_6,5006640,entropy,-9.690074920654297
PPO_6,5020440,entropy,-9.691230773925781
PPO_6,5034240,entropy,-9.69239616394043
PPO_6,5048040,entropy,-9.691670417785645
PPO_6,5061840,entropy,-9.692619323730469
PPO_6,5075640,entropy,-9.695772171020508
PPO_6,5089440,entropy,-9.697161674499512
PPO_6,5103240,entropy,-9.699912071228027
PPO_6,5117040,entropy,-9.70097541809082
PPO_6,5130840,entropy,-9.703615188598633
PPO_6,5144640,entropy,-9.70592975616455
PPO_6,5158440,entropy,-9.705259323120117
PPO_6,5172240,entropy,-9.709068298339844
PPO_6,5186040,entropy,-9.710165023803711
PPO_6,5199840,entropy,-9.712890625
PPO_6,5213640,entropy,-9.715425491333008
PPO_6,5227440,entropy,-9.717621803283691
PPO_6,5241240,entropy,-9.717819213867188
PPO_6,5255040,entropy,-9.72081470489502
PPO_6,5268840,entropy,-9.722065925598145
PPO_6,5282640,entropy,-9.724554061889648
PPO_6,5296440,entropy,-9.7264404296875
PPO_6,5310240,entropy,-9.72664737701416
PPO_6,5324040,entropy,-9.727429389953613
PPO_6,5337840,entropy,-9.727649688720703
PPO_6,5351640,entropy,-9.72790241241455
PPO_6,5365440,entropy,-9.728754997253418
PPO_6,5379240,entropy,-9.728754997253418
PPO_6,5393040,entropy,-9.729844093322754
PPO_6,5406840,entropy,-9.730011940002441
PPO_6,5420640,entropy,-9.730447769165039
PPO_6,5434440,entropy,-9.730703353881836
PPO_6,5448240,entropy,-9.730669975280762
PPO_6,5462040,entropy,-9.731378555297852
PPO_6,5475840,entropy,-9.731513023376465
PPO_6,5489640,entropy,-9.731642723083496
PPO_6,5503440,entropy,-9.73151969909668
PPO_6,5520000,entropy,-9.731574058532715
PPO_6,5520,approx_kl,0.00413925526663661
PPO_6,19320,approx_kl,0.004351920448243618
PPO_6,33120,approx_kl,0.005375423934310675
PPO_6,46920,approx_kl,0.0033524578902870417
PPO_6,60720,approx_kl,0.002517813118174672
PPO_6,74520,approx_kl,0.005277613643556833
PPO_6,88320,approx_kl,0.006304106209427118
PPO_6,102120,approx_kl,0.002931163879111409
PPO_6,115920,approx_kl,0.004775550682097673
PPO_6,129720,approx_kl,0.003354140790179372
PPO_6,143520,approx_kl,0.005701020825654268
PPO_6,157320,approx_kl,0.004263254348188639
PPO_6,171120,approx_kl,0.0038618494290858507
PPO_6,184920,approx_kl,0.004499888513237238
PPO_6,198720,approx_kl,0.0034681910183280706
PPO_6,212520,approx_kl,0.005286563653498888
PPO_6,226320,approx_kl,0.005144124384969473
PPO_6,240120,approx_kl,0.005034413654357195
PPO_6,253920,approx_kl,0.0042673093266785145
PPO_6,267720,approx_kl,0.0052467528730630875
PPO_6,281520,approx_kl,0.0050321039743721485
PPO_6,295320,approx_kl,0.005620897281914949
PPO_6,309120,approx_kl,0.004194142296910286
PPO_6,322920,approx_kl,0.002922329818829894
PPO_6,336720,approx_kl,0.0059539093635976315
PPO_6,350520,approx_kl,0.003937446977943182
PPO_6,364320,approx_kl,0.00498084956780076
PPO_6,378120,approx_kl,0.0027911958750337362
PPO_6,391920,approx_kl,0.004289747681468725
PPO_6,405720,approx_kl,0.0037918060552328825
PPO_6,419520,approx_kl,0.005086985416710377
PPO_6,433320,approx_kl,0.004723660182207823
PPO_6,447120,approx_kl,0.0029815854504704475
PPO_6,460920,approx_kl,0.006490670144557953
PPO_6,474720,approx_kl,0.003075823886319995
PPO_6,488520,approx_kl,0.0032330297399312258
PPO_6,502320,approx_kl,0.006022283807396889
PPO_6,516120,approx_kl,0.00527154328301549
PPO_6,529920,approx_kl,0.004901567008346319
PPO_6,543720,approx_kl,0.003599190153181553
PPO_6,557520,approx_kl,0.003603515913709998
PPO_6,571320,approx_kl,0.004090537782758474
PPO_6,585120,approx_kl,0.0035662122536450624
PPO_6,598920,approx_kl,0.0034569159615784883
PPO_6,612720,approx_kl,0.005710222292691469
PPO_6,626520,approx_kl,0.003729581832885742
PPO_6,640320,approx_kl,0.0036904914304614067
PPO_6,654120,approx_kl,0.0019910645205527544
PPO_6,667920,approx_kl,0.004869444295763969
PPO_6,681720,approx_kl,0.005047065671533346
PPO_6,695520,approx_kl,0.002797028748318553
PPO_6,709320,approx_kl,0.005834486335515976
PPO_6,723120,approx_kl,0.003985600080341101
PPO_6,736920,approx_kl,0.004246040713042021
PPO_6,750720,approx_kl,0.0024873698130249977
PPO_6,764520,approx_kl,0.0032345398794859648
PPO_6,778320,approx_kl,0.004990216810256243
PPO_6,792120,approx_kl,0.004587475210428238
PPO_6,805920,approx_kl,0.0037037308793514967
PPO_6,819720,approx_kl,0.004205051809549332
PPO_6,833520,approx_kl,0.0024885970633476973
PPO_6,847320,approx_kl,0.004845219198614359
PPO_6,861120,approx_kl,0.004953792784363031
PPO_6,874920,approx_kl,0.003074105829000473
PPO_6,888720,approx_kl,0.005225921515375376
PPO_6,902520,approx_kl,0.005258361343294382
PPO_6,916320,approx_kl,0.00222698668949306
PPO_6,930120,approx_kl,0.004625008441507816
PPO_6,943920,approx_kl,0.004560376051813364
PPO_6,957720,approx_kl,0.003885573474690318
PPO_6,971520,approx_kl,0.0023223741445690393
PPO_6,985320,approx_kl,0.002933537820354104
PPO_6,999120,approx_kl,0.004991484340280294
PPO_6,1012920,approx_kl,0.004472008440643549
PPO_6,1026720,approx_kl,0.0038265318144112825
PPO_6,1040520,approx_kl,0.004237901885062456
PPO_6,1054320,approx_kl,0.004795330110937357
PPO_6,1068120,approx_kl,0.004274856299161911
PPO_6,1081920,approx_kl,0.002874220721423626
PPO_6,1095720,approx_kl,0.004802255425602198
PPO_6,1109520,approx_kl,0.005426195915788412
PPO_6,1123320,approx_kl,0.0038746993523091078
PPO_6,1137120,approx_kl,0.002808390883728862
PPO_6,1150920,approx_kl,0.00481272442266345
PPO_6,1164720,approx_kl,0.006289966404438019
PPO_6,1178520,approx_kl,0.004018981941044331
PPO_6,1192320,approx_kl,0.005153982900083065
PPO_6,1206120,approx_kl,0.0036036099772900343
PPO_6,1219920,approx_kl,0.004210270941257477
PPO_6,1233720,approx_kl,0.005254677031189203
PPO_6,1247520,approx_kl,0.0038792481645941734
PPO_6,1261320,approx_kl,0.0034493934363126755
PPO_6,1275120,approx_kl,0.007954140193760395
PPO_6,1288920,approx_kl,0.005930015817284584
PPO_6,1302720,approx_kl,0.003933076746761799
PPO_6,1316520,approx_kl,0.006252001505345106
PPO_6,1330320,approx_kl,0.005597792565822601
PPO_6,1344120,approx_kl,0.0037154124584048986
PPO_6,1357920,approx_kl,0.003279151627793908
PPO_6,1371720,approx_kl,0.003830242669209838
PPO_6,1385520,approx_kl,0.008508170954883099
PPO_6,1399320,approx_kl,0.005614923778921366
PPO_6,1413120,approx_kl,0.003187475958839059
PPO_6,1426920,approx_kl,0.0036120337899774313
PPO_6,1440720,approx_kl,0.005329898092895746
PPO_6,1454520,approx_kl,0.0041123852133750916
PPO_6,1468320,approx_kl,0.0036029822658747435
PPO_6,1482120,approx_kl,0.0036346467677503824
PPO_6,1495920,approx_kl,0.0028395410627126694
PPO_6,1509720,approx_kl,0.004842272028326988
PPO_6,1523520,approx_kl,0.004078953992575407
PPO_6,1537320,approx_kl,0.004117419943213463
PPO_6,1551120,approx_kl,0.005579032469540834
PPO_6,1564920,approx_kl,0.00722745805978775
PPO_6,1578720,approx_kl,0.0040160841308534145
PPO_6,1592520,approx_kl,0.003842786652967334
PPO_6,1606320,approx_kl,0.0023148544132709503
PPO_6,1620120,approx_kl,0.005606627091765404
PPO_6,1633920,approx_kl,0.0071792942471802235
PPO_6,1647720,approx_kl,0.004108991473913193
PPO_6,1661520,approx_kl,0.004996027331799269
PPO_6,1675320,approx_kl,0.004763693083077669
PPO_6,1689120,approx_kl,0.004646128509193659
PPO_6,1702920,approx_kl,0.004571240395307541
PPO_6,1716720,approx_kl,0.006068361923098564
PPO_6,1730520,approx_kl,0.004064713604748249
PPO_6,1744320,approx_kl,0.004489805083721876
PPO_6,1758120,approx_kl,0.004565807990729809
PPO_6,1771920,approx_kl,0.006436541676521301
PPO_6,1785720,approx_kl,0.006097984965890646
PPO_6,1799520,approx_kl,0.004581632558256388
PPO_6,1813320,approx_kl,0.002623669570311904
PPO_6,1827120,approx_kl,0.003621211973950267
PPO_6,1843680,approx_kl,0.0016236994415521622
PPO_6,1857480,approx_kl,0.00560670904815197
PPO_6,1871280,approx_kl,0.0037317255046218634
PPO_6,1885080,approx_kl,0.0056663318537175655
PPO_6,1898880,approx_kl,0.0026901799719780684
PPO_6,1912680,approx_kl,0.0024991717655211687
PPO_6,1926480,approx_kl,0.0043502491898834705
PPO_6,1940280,approx_kl,0.0032861819490790367
PPO_6,1954080,approx_kl,0.006419766694307327
PPO_6,1967880,approx_kl,0.0017076499061658978
PPO_6,1981680,approx_kl,0.003177969716489315
PPO_6,1995480,approx_kl,0.003984480164945126
PPO_6,2009280,approx_kl,0.00477919215336442
PPO_6,2023080,approx_kl,0.002364102751016617
PPO_6,2036880,approx_kl,0.004944310989230871
PPO_6,2050680,approx_kl,0.003308609127998352
PPO_6,2064480,approx_kl,0.006473241373896599
PPO_6,2078280,approx_kl,0.00397404795512557
PPO_6,2092080,approx_kl,0.00285164057277143
PPO_6,2105880,approx_kl,0.0012851741630584002
PPO_6,2119680,approx_kl,0.004773444961756468
PPO_6,2133480,approx_kl,0.002985835075378418
PPO_6,2147280,approx_kl,0.004677850753068924
PPO_6,2161080,approx_kl,0.004848027136176825
PPO_6,2174880,approx_kl,0.005586355924606323
PPO_6,2188680,approx_kl,0.0031509387772530317
PPO_6,2202480,approx_kl,0.001921401359140873
PPO_6,2216280,approx_kl,0.005484106484800577
PPO_6,2230080,approx_kl,0.0034968301188200712
PPO_6,2243880,approx_kl,0.004341465421020985
PPO_6,2257680,approx_kl,0.0026522595435380936
PPO_6,2271480,approx_kl,0.0033648216631263494
PPO_6,2285280,approx_kl,0.002186681143939495
PPO_6,2299080,approx_kl,0.002749307779595256
PPO_6,2312880,approx_kl,0.0021415906958281994
PPO_6,2326680,approx_kl,0.0025904790963977575
PPO_6,2340480,approx_kl,0.005520906765013933
PPO_6,2354280,approx_kl,0.004092161078006029
PPO_6,2368080,approx_kl,0.0010964378016069531
PPO_6,2381880,approx_kl,0.0034070906694978476
PPO_6,2395680,approx_kl,0.004210065118968487
PPO_6,2409480,approx_kl,0.004334792494773865
PPO_6,2423280,approx_kl,0.0014116269303485751
PPO_6,2437080,approx_kl,0.0036243025679141283
PPO_6,2450880,approx_kl,0.006596334278583527
PPO_6,2464680,approx_kl,0.002606121590360999
PPO_6,2478480,approx_kl,0.002304232446476817
PPO_6,2492280,approx_kl,0.006013084668666124
PPO_6,2506080,approx_kl,0.0015137045411393046
PPO_6,2519880,approx_kl,0.0032939526718109846
PPO_6,2533680,approx_kl,0.004367237910628319
PPO_6,2547480,approx_kl,0.005431199446320534
PPO_6,2561280,approx_kl,0.0012101101456210017
PPO_6,2575080,approx_kl,0.0034970950800925493
PPO_6,2588880,approx_kl,0.002529898891225457
PPO_6,2602680,approx_kl,0.00553227448835969
PPO_6,2616480,approx_kl,0.004086743574589491
PPO_6,2630280,approx_kl,0.0034486809745430946
PPO_6,2644080,approx_kl,0.0015009524067863822
PPO_6,2657880,approx_kl,0.004689399618655443
PPO_6,2671680,approx_kl,0.0013394402340054512
PPO_6,2685480,approx_kl,0.002762834308668971
PPO_6,2699280,approx_kl,0.0035151818301528692
PPO_6,2713080,approx_kl,0.0018677295884117484
PPO_6,2726880,approx_kl,0.0033277207985520363
PPO_6,2740680,approx_kl,0.0029012009035795927
PPO_6,2754480,approx_kl,0.005227496847510338
PPO_6,2768280,approx_kl,0.0034978564362972975
PPO_6,2782080,approx_kl,0.0015524899354204535
PPO_6,2795880,approx_kl,0.0030605264473706484
PPO_6,2809680,approx_kl,0.0023208551574498415
PPO_6,2823480,approx_kl,0.005411576479673386
PPO_6,2837280,approx_kl,0.002445380901917815
PPO_6,2851080,approx_kl,0.003881811862811446
PPO_6,2864880,approx_kl,0.004453510977327824
PPO_6,2878680,approx_kl,0.004683616105467081
PPO_6,2892480,approx_kl,0.0018501123413443565
PPO_6,2906280,approx_kl,0.00464895972982049
PPO_6,2920080,approx_kl,0.0023164802696555853
PPO_6,2933880,approx_kl,0.0031921714544296265
PPO_6,2947680,approx_kl,0.0040687331929802895
PPO_6,2961480,approx_kl,0.0032506377901881933
PPO_6,2975280,approx_kl,0.003069988451898098
PPO_6,2989080,approx_kl,0.003862137207761407
PPO_6,3002880,approx_kl,0.002417580923065543
PPO_6,3016680,approx_kl,0.0038532728794962168
PPO_6,3030480,approx_kl,0.003721591318026185
PPO_6,3044280,approx_kl,0.004340325016528368
PPO_6,3058080,approx_kl,0.0011881160316988826
PPO_6,3071880,approx_kl,0.004063755739480257
PPO_6,3085680,approx_kl,0.005229298025369644
PPO_6,3099480,approx_kl,0.0026523645501583815
PPO_6,3113280,approx_kl,0.0025560359936207533
PPO_6,3127080,approx_kl,0.004120470490306616
PPO_6,3140880,approx_kl,0.002118658972904086
PPO_6,3154680,approx_kl,0.004352906718850136
PPO_6,3168480,approx_kl,0.004204948898404837
PPO_6,3182280,approx_kl,0.0042783524841070175
PPO_6,3196080,approx_kl,0.0022606905549764633
PPO_6,3209880,approx_kl,0.0027305937837809324
PPO_6,3223680,approx_kl,0.002167814876884222
PPO_6,3237480,approx_kl,0.004905837122350931
PPO_6,3251280,approx_kl,0.0012109812814742327
PPO_6,3265080,approx_kl,0.0035386057570576668
PPO_6,3278880,approx_kl,0.0032527344301342964
PPO_6,3292680,approx_kl,0.0028411608655005693
PPO_6,3306480,approx_kl,0.001787658897228539
PPO_6,3320280,approx_kl,0.003338484326377511
PPO_6,3334080,approx_kl,0.0013837412698194385
PPO_6,3347880,approx_kl,0.003550136461853981
PPO_6,3361680,approx_kl,0.001043291762471199
PPO_6,3375480,approx_kl,0.0032276443671435118
PPO_6,3389280,approx_kl,0.0014929919270798564
PPO_6,3403080,approx_kl,0.002331450581550598
PPO_6,3416880,approx_kl,0.001321983989328146
PPO_6,3430680,approx_kl,0.0037262411788105965
PPO_6,3444480,approx_kl,0.003000475699082017
PPO_6,3458280,approx_kl,0.0036020101979374886
PPO_6,3472080,approx_kl,0.0012188759865239263
PPO_6,3485880,approx_kl,0.003003711812198162
PPO_6,3499680,approx_kl,0.003576568327844143
PPO_6,3513480,approx_kl,0.0008317814208567142
PPO_6,3527280,approx_kl,0.0013055253075435758
PPO_6,3541080,approx_kl,0.0035885311663150787
PPO_6,3554880,approx_kl,0.0012149079702794552
PPO_6,3568680,approx_kl,0.0029782720375806093
PPO_6,3582480,approx_kl,0.0018633728614076972
PPO_6,3596280,approx_kl,0.0014971391065046191
PPO_6,3610080,approx_kl,0.0018463354790583253
PPO_6,3623880,approx_kl,0.0018350789323449135
PPO_6,3637680,approx_kl,0.0010001430055126548
PPO_6,3651480,approx_kl,0.002248915610834956
PPO_6,3665280,approx_kl,0.00300037139095366
PPO_6,3681840,approx_kl,0.00047735567204654217
PPO_6,3695640,approx_kl,0.0043257796205580235
PPO_6,3709440,approx_kl,0.0034568223636597395
PPO_6,3723240,approx_kl,0.0026610165368765593
PPO_6,3737040,approx_kl,0.0006877615232951939
PPO_6,3750840,approx_kl,0.0014236135175451636
PPO_6,3764640,approx_kl,0.002293464494869113
PPO_6,3778440,approx_kl,0.002601728541776538
PPO_6,3792240,approx_kl,0.003683909773826599
PPO_6,3806040,approx_kl,0.000421827775426209
PPO_6,3819840,approx_kl,0.0015689736464992166
PPO_6,3833640,approx_kl,0.002492070896551013
PPO_6,3847440,approx_kl,0.0007667457102797925
PPO_6,3861240,approx_kl,0.004019662272185087
PPO_6,3875040,approx_kl,0.003285486251115799
PPO_6,3888840,approx_kl,0.0014538000104948878
PPO_6,3902640,approx_kl,0.0022350482176989317
PPO_6,3916440,approx_kl,0.004274080973118544
PPO_6,3930240,approx_kl,0.0007501344080083072
PPO_6,3944040,approx_kl,0.0030086208134889603
PPO_6,3957840,approx_kl,0.002661304548382759
PPO_6,3971640,approx_kl,0.0023995456285774708
PPO_6,3985440,approx_kl,0.001484264968894422
PPO_6,3999240,approx_kl,0.000969430897384882
PPO_6,4013040,approx_kl,0.0011691133258864284
PPO_6,4026840,approx_kl,0.0027331251185387373
PPO_6,4040640,approx_kl,0.0007351727108471096
PPO_6,4054440,approx_kl,0.001399773289449513
PPO_6,4068240,approx_kl,0.0016799523727968335
PPO_6,4082040,approx_kl,0.0017519878456369042
PPO_6,4095840,approx_kl,0.00284375436604023
PPO_6,4109640,approx_kl,0.002595739671960473
PPO_6,4123440,approx_kl,0.002074027433991432
PPO_6,4137240,approx_kl,0.0006850297213532031
PPO_6,4151040,approx_kl,0.0025029578246176243
PPO_6,4164840,approx_kl,0.001985233509913087
PPO_6,4178640,approx_kl,0.0012888956116512418
PPO_6,4192440,approx_kl,0.0017928102752193809
PPO_6,4206240,approx_kl,0.001150136231444776
PPO_6,4220040,approx_kl,0.0005468644667416811
PPO_6,4233840,approx_kl,0.0006329239695332944
PPO_6,4247640,approx_kl,0.002092725597321987
PPO_6,4261440,approx_kl,0.0008958491962403059
PPO_6,4275240,approx_kl,0.0014756973832845688
PPO_6,4289040,approx_kl,0.0015851442003622651
PPO_6,4302840,approx_kl,0.0028859374579042196
PPO_6,4316640,approx_kl,0.0008949187467806041
PPO_6,4330440,approx_kl,0.0013617161894217134
PPO_6,4344240,approx_kl,0.0003596078313421458
PPO_6,4358040,approx_kl,0.0017135700909420848
PPO_6,4371840,approx_kl,0.0009736527572385967
PPO_6,4385640,approx_kl,0.0008691088296473026
PPO_6,4399440,approx_kl,0.00035205608583055437
PPO_6,4413240,approx_kl,0.0006177507457323372
PPO_6,4427040,approx_kl,0.001105154980905354
PPO_6,4440840,approx_kl,0.002110752509906888
PPO_6,4454640,approx_kl,0.0002986244799103588
PPO_6,4468440,approx_kl,0.001994250575080514
PPO_6,4482240,approx_kl,0.0019309846684336662
PPO_6,4496040,approx_kl,0.0010965679539367557
PPO_6,4509840,approx_kl,0.00010288251360179856
PPO_6,4523640,approx_kl,0.0011425946140661836
PPO_6,4537440,approx_kl,0.0011396779445931315
PPO_6,4551240,approx_kl,0.0026467747520655394
PPO_6,4565040,approx_kl,9.057447459781542e-05
PPO_6,4578840,approx_kl,0.0026317418087273836
PPO_6,4592640,approx_kl,0.000996698741801083
PPO_6,4606440,approx_kl,0.0007505750400014222
PPO_6,4620240,approx_kl,0.0004536014748737216
PPO_6,4634040,approx_kl,0.00047995662316679955
PPO_6,4647840,approx_kl,0.0003314563073217869
PPO_6,4661640,approx_kl,0.0007727022166363895
PPO_6,4675440,approx_kl,0.00013640687393490225
PPO_6,4689240,approx_kl,0.0020660769660025835
PPO_6,4703040,approx_kl,0.000994445406831801
PPO_6,4716840,approx_kl,0.0015237553743645549
PPO_6,4730640,approx_kl,0.00013244592992123216
PPO_6,4744440,approx_kl,0.001424949150532484
PPO_6,4758240,approx_kl,0.00011388087295927107
PPO_6,4772040,approx_kl,0.0011196957202628255
PPO_6,4785840,approx_kl,0.00037388867349363863
PPO_6,4799640,approx_kl,0.0006977564771659672
PPO_6,4813440,approx_kl,0.0015185731463134289
PPO_6,4827240,approx_kl,0.00040254180203191936
PPO_6,4841040,approx_kl,0.00020114518702030182
PPO_6,4854840,approx_kl,0.0013847911031916738
PPO_6,4868640,approx_kl,0.0009329975000582635
PPO_6,4882440,approx_kl,0.002190549159422517
PPO_6,4896240,approx_kl,9.595535811968148e-05
PPO_6,4910040,approx_kl,0.00012012724619125947
PPO_6,4923840,approx_kl,0.0009047787170857191
PPO_6,4937640,approx_kl,0.0016386626521125436
PPO_6,4951440,approx_kl,5.1438051741570234e-05
PPO_6,4965240,approx_kl,0.0011831842130050063
PPO_6,4979040,approx_kl,4.705463197751669e-06
PPO_6,4992840,approx_kl,0.00013093020243104547
PPO_6,5006640,approx_kl,0.0002298205508850515
PPO_6,5020440,approx_kl,0.00017943284183274955
PPO_6,5034240,approx_kl,0.00011910372995771468
PPO_6,5048040,approx_kl,0.0001723465247778222
PPO_6,5061840,approx_kl,0.0002609915391076356
PPO_6,5075640,approx_kl,0.00019393896218389273
PPO_6,5089440,approx_kl,5.093156869406812e-05
PPO_6,5103240,approx_kl,0.00033356170752085745
PPO_6,5117040,approx_kl,3.6973648093407974e-05
PPO_6,5130840,approx_kl,5.7381304941372946e-05
PPO_6,5144640,approx_kl,6.530801329063252e-05
PPO_6,5158440,approx_kl,0.00021500723960343748
PPO_6,5172240,approx_kl,9.38138909987174e-05
PPO_6,5186040,approx_kl,0.0014730450930073857
PPO_6,5199840,approx_kl,4.433091089595109e-05
PPO_6,5213640,approx_kl,0.0014118943363428116
PPO_6,5227440,approx_kl,0.00023968024470377713
PPO_6,5241240,approx_kl,1.323192918789573e-05
PPO_6,5255040,approx_kl,2.687469714146573e-05
PPO_6,5268840,approx_kl,6.235365435713902e-05
PPO_6,5282640,approx_kl,2.5896037186612375e-05
PPO_6,5296440,approx_kl,0.0001721108565106988
PPO_6,5310240,approx_kl,5.368456641008379e-06
PPO_6,5324040,approx_kl,4.8704230721341446e-05
PPO_6,5337840,approx_kl,8.421834536420647e-06
PPO_6,5351640,approx_kl,2.7600925022852607e-05
PPO_6,5365440,approx_kl,1.212367078551324e-05
PPO_6,5379240,approx_kl,5.306712046149187e-05
PPO_6,5393040,approx_kl,8.838936992106028e-06
PPO_6,5406840,approx_kl,0.00015351844194810838
PPO_6,5420640,approx_kl,1.159128896688344e-05
PPO_6,5434440,approx_kl,0.00023062965192366391
PPO_6,5448240,approx_kl,4.7373164306918625e-06
PPO_6,5462040,approx_kl,5.680711183231324e-06
PPO_6,5475840,approx_kl,1.2657995966947055e-06
PPO_6,5489640,approx_kl,1.0289576266586664e-06
PPO_6,5503440,approx_kl,2.0218067220412195e-07
PPO_6,5520000,approx_kl,5.010245107683886e-09
PPO_6,5520,std,1.0019603967666626
PPO_6,19320,std,1.0156437158584595
PPO_6,33120,std,1.0248796939849854
PPO_6,46920,std,1.0334912538528442
PPO_6,60720,std,1.0407557487487793
PPO_6,74520,std,1.048195481300354
PPO_6,88320,std,1.0776152610778809
PPO_6,102120,std,1.0765005350112915
PPO_6,115920,std,1.0748060941696167
PPO_6,129720,std,1.0776158571243286
PPO_6,143520,std,1.0932763814926147
PPO_6,157320,std,1.101845145225525
PPO_6,171120,std,1.1098061800003052
PPO_6,184920,std,1.1273666620254517
PPO_6,198720,std,1.125893235206604
PPO_6,212520,std,1.146346926689148
PPO_6,226320,std,1.1667622327804565
PPO_6,240120,std,1.1670485734939575
PPO_6,253920,std,1.158910870552063
PPO_6,267720,std,1.1815779209136963
PPO_6,281520,std,1.2015329599380493
PPO_6,295320,std,1.2146458625793457
PPO_6,309120,std,1.23296058177948
PPO_6,322920,std,1.2544296979904175
PPO_6,336720,std,1.2696794271469116
PPO_6,350520,std,1.2812515497207642
PPO_6,364320,std,1.3061274290084839
PPO_6,378120,std,1.3065770864486694
PPO_6,391920,std,1.3133797645568848
PPO_6,405720,std,1.3064301013946533
PPO_6,419520,std,1.3405297994613647
PPO_6,433320,std,1.352378010749817
PPO_6,447120,std,1.3530157804489136
PPO_6,460920,std,1.368003249168396
PPO_6,474720,std,1.3763469457626343
PPO_6,488520,std,1.3951834440231323
PPO_6,502320,std,1.4021058082580566
PPO_6,516120,std,1.4132517576217651
PPO_6,529920,std,1.4302934408187866
PPO_6,543720,std,1.4459967613220215
PPO_6,557520,std,1.47132408618927
PPO_6,571320,std,1.4637647867202759
PPO_6,585120,std,1.4895344972610474
PPO_6,598920,std,1.5102447271347046
PPO_6,612720,std,1.518397331237793
PPO_6,626520,std,1.5427323579788208
PPO_6,640320,std,1.5608049631118774
PPO_6,654120,std,1.5790003538131714
PPO_6,667920,std,1.5771965980529785
PPO_6,681720,std,1.58281672000885
PPO_6,695520,std,1.601489543914795
PPO_6,709320,std,1.6165151596069336
PPO_6,723120,std,1.6235030889511108
PPO_6,736920,std,1.6503149271011353
PPO_6,750720,std,1.651075005531311
PPO_6,764520,std,1.6742337942123413
PPO_6,778320,std,1.6956205368041992
PPO_6,792120,std,1.7140237092971802
PPO_6,805920,std,1.7442127466201782
PPO_6,819720,std,1.7691725492477417
PPO_6,833520,std,1.7688484191894531
PPO_6,847320,std,1.812745451927185
PPO_6,861120,std,1.8289235830307007
PPO_6,874920,std,1.8530761003494263
PPO_6,888720,std,1.8867098093032837
PPO_6,902520,std,1.8976351022720337
PPO_6,916320,std,1.9234963655471802
PPO_6,930120,std,1.951359748840332
PPO_6,943920,std,1.9709097146987915
PPO_6,957720,std,2.017411231994629
PPO_6,971520,std,2.048368453979492
PPO_6,985320,std,2.0524213314056396
PPO_6,999120,std,2.0673828125
PPO_6,1012920,std,2.077544927597046
PPO_6,1026720,std,2.1020443439483643
PPO_6,1040520,std,2.139805555343628
PPO_6,1054320,std,2.1493375301361084
PPO_6,1068120,std,2.1662349700927734
PPO_6,1081920,std,2.18894100189209
PPO_6,1095720,std,2.2243595123291016
PPO_6,1109520,std,2.252060890197754
PPO_6,1123320,std,2.2652080059051514
PPO_6,1137120,std,2.252140760421753
PPO_6,1150920,std,2.263089418411255
PPO_6,1164720,std,2.2857189178466797
PPO_6,1178520,std,2.2934558391571045
PPO_6,1192320,std,2.326875925064087
PPO_6,1206120,std,2.3518218994140625
PPO_6,1219920,std,2.3831136226654053
PPO_6,1233720,std,2.399364471435547
PPO_6,1247520,std,2.432999610900879
PPO_6,1261320,std,2.448110342025757
PPO_6,1275120,std,2.4239766597747803
PPO_6,1288920,std,2.428215742111206
PPO_6,1302720,std,2.4292702674865723
PPO_6,1316520,std,2.458622694015503
PPO_6,1330320,std,2.4798433780670166
PPO_6,1344120,std,2.511552095413208
PPO_6,1357920,std,2.523158311843872
PPO_6,1371720,std,2.546895742416382
PPO_6,1385520,std,2.5605056285858154
PPO_6,1399320,std,2.5658953189849854
PPO_6,1413120,std,2.6394035816192627
PPO_6,1426920,std,2.6557393074035645
PPO_6,1440720,std,2.658982992172241
PPO_6,1454520,std,2.6798934936523438
PPO_6,1468320,std,2.725895881652832
PPO_6,1482120,std,2.7209112644195557
PPO_6,1495920,std,2.7490742206573486
PPO_6,1509720,std,2.7566769123077393
PPO_6,1523520,std,2.7814769744873047
PPO_6,1537320,std,2.7878453731536865
PPO_6,1551120,std,2.8385848999023438
PPO_6,1564920,std,2.8828563690185547
PPO_6,1578720,std,2.908630132675171
PPO_6,1592520,std,2.9290378093719482
PPO_6,1606320,std,2.980184555053711
PPO_6,1620120,std,3.0028884410858154
PPO_6,1633920,std,3.046544313430786
PPO_6,1647720,std,3.073507070541382
PPO_6,1661520,std,3.1045100688934326
PPO_6,1675320,std,3.143566131591797
PPO_6,1689120,std,3.171703338623047
PPO_6,1702920,std,3.20577073097229
PPO_6,1716720,std,3.1969473361968994
PPO_6,1730520,std,3.2072556018829346
PPO_6,1744320,std,3.2028846740722656
PPO_6,1758120,std,3.1998865604400635
PPO_6,1771920,std,3.191587448120117
PPO_6,1785720,std,3.2501630783081055
PPO_6,1799520,std,3.2420499324798584
PPO_6,1813320,std,3.2602016925811768
PPO_6,1827120,std,3.296952486038208
PPO_6,1843680,std,3.3116941452026367
PPO_6,1857480,std,3.325700044631958
PPO_6,1871280,std,3.328720808029175
PPO_6,1885080,std,3.3056652545928955
PPO_6,1898880,std,3.315810441970825
PPO_6,1912680,std,3.3170242309570312
PPO_6,1926480,std,3.2998390197753906
PPO_6,1940280,std,3.2944676876068115
PPO_6,1954080,std,3.3457021713256836
PPO_6,1967880,std,3.3653714656829834
PPO_6,1981680,std,3.426236152648926
PPO_6,1995480,std,3.460852861404419
PPO_6,2009280,std,3.4813950061798096
PPO_6,2023080,std,3.5064189434051514
PPO_6,2036880,std,3.55263614654541
PPO_6,2050680,std,3.5540010929107666
PPO_6,2064480,std,3.5738525390625
PPO_6,2078280,std,3.5722148418426514
PPO_6,2092080,std,3.593585968017578
PPO_6,2105880,std,3.619542121887207
PPO_6,2119680,std,3.6104729175567627
PPO_6,2133480,std,3.623600721359253
PPO_6,2147280,std,3.6313869953155518
PPO_6,2161080,std,3.6413161754608154
PPO_6,2174880,std,3.6802914142608643
PPO_6,2188680,std,3.6949355602264404
PPO_6,2202480,std,3.7105350494384766
PPO_6,2216280,std,3.7252883911132812
PPO_6,2230080,std,3.72635555267334
PPO_6,2243880,std,3.773461103439331
PPO_6,2257680,std,3.7715375423431396
PPO_6,2271480,std,3.790243148803711
PPO_6,2285280,std,3.8049628734588623
PPO_6,2299080,std,3.8142871856689453
PPO_6,2312880,std,3.8259382247924805
PPO_6,2326680,std,3.8577044010162354
PPO_6,2340480,std,3.9161717891693115
PPO_6,2354280,std,3.9390504360198975
PPO_6,2368080,std,3.9860715866088867
PPO_6,2381880,std,3.971604585647583
PPO_6,2395680,std,4.003082752227783
PPO_6,2409480,std,4.027855396270752
PPO_6,2423280,std,4.041586399078369
PPO_6,2437080,std,4.05210542678833
PPO_6,2450880,std,4.06284761428833
PPO_6,2464680,std,4.089903354644775
PPO_6,2478480,std,4.1107683181762695
PPO_6,2492280,std,4.123311996459961
PPO_6,2506080,std,4.121736526489258
PPO_6,2519880,std,4.098379135131836
PPO_6,2533680,std,4.101837635040283
PPO_6,2547480,std,4.084909915924072
PPO_6,2561280,std,4.0627827644348145
PPO_6,2575080,std,4.062490463256836
PPO_6,2588880,std,4.14027738571167
PPO_6,2602680,std,4.117671966552734
PPO_6,2616480,std,4.120983600616455
PPO_6,2630280,std,4.16408109664917
PPO_6,2644080,std,4.225114822387695
PPO_6,2657880,std,4.256046295166016
PPO_6,2671680,std,4.258327007293701
PPO_6,2685480,std,4.309187412261963
PPO_6,2699280,std,4.34099006652832
PPO_6,2713080,std,4.36223840713501
PPO_6,2726880,std,4.358841419219971
PPO_6,2740680,std,4.373007774353027
PPO_6,2754480,std,4.3817901611328125
PPO_6,2768280,std,4.38300895690918
PPO_6,2782080,std,4.406270980834961
PPO_6,2795880,std,4.389028549194336
PPO_6,2809680,std,4.410836696624756
PPO_6,2823480,std,4.426502704620361
PPO_6,2837280,std,4.432640552520752
PPO_6,2851080,std,4.44851541519165
PPO_6,2864880,std,4.460561752319336
PPO_6,2878680,std,4.442513942718506
PPO_6,2892480,std,4.457046031951904
PPO_6,2906280,std,4.4391632080078125
PPO_6,2920080,std,4.451372146606445
PPO_6,2933880,std,4.447399139404297
PPO_6,2947680,std,4.458093166351318
PPO_6,2961480,std,4.445583820343018
PPO_6,2975280,std,4.470430374145508
PPO_6,2989080,std,4.489125728607178
PPO_6,3002880,std,4.522165298461914
PPO_6,3016680,std,4.544166088104248
PPO_6,3030480,std,4.552744388580322
PPO_6,3044280,std,4.554349422454834
PPO_6,3058080,std,4.575884819030762
PPO_6,3071880,std,4.604243755340576
PPO_6,3085680,std,4.62227201461792
PPO_6,3099480,std,4.63754415512085
PPO_6,3113280,std,4.642604827880859
PPO_6,3127080,std,4.670311450958252
PPO_6,3140880,std,4.66544771194458
PPO_6,3154680,std,4.7024664878845215
PPO_6,3168480,std,4.718956470489502
PPO_6,3182280,std,4.752580642700195
PPO_6,3196080,std,4.759428024291992
PPO_6,3209880,std,4.796188831329346
PPO_6,3223680,std,4.8208489418029785
PPO_6,3237480,std,4.847462177276611
PPO_6,3251280,std,4.8997392654418945
PPO_6,3265080,std,4.931205749511719
PPO_6,3278880,std,4.946171283721924
PPO_6,3292680,std,4.963613986968994
PPO_6,3306480,std,4.991441249847412
PPO_6,3320280,std,4.982012748718262
PPO_6,3334080,std,5.003672122955322
PPO_6,3347880,std,5.029535293579102
PPO_6,3361680,std,5.071972846984863
PPO_6,3375480,std,5.1047210693359375
PPO_6,3389280,std,5.113977432250977
PPO_6,3403080,std,5.138777256011963
PPO_6,3416880,std,5.157676696777344
PPO_6,3430680,std,5.178249835968018
PPO_6,3444480,std,5.204646587371826
PPO_6,3458280,std,5.207981109619141
PPO_6,3472080,std,5.215146064758301
PPO_6,3485880,std,5.2430739402771
PPO_6,3499680,std,5.2572526931762695
PPO_6,3513480,std,5.265506267547607
PPO_6,3527280,std,5.277050018310547
PPO_6,3541080,std,5.279345989227295
PPO_6,3554880,std,5.321272850036621
PPO_6,3568680,std,5.3410725593566895
PPO_6,3582480,std,5.375017166137695
PPO_6,3596280,std,5.39648962020874
PPO_6,3610080,std,5.387380123138428
PPO_6,3623880,std,5.39011812210083
PPO_6,3637680,std,5.435291767120361
PPO_6,3651480,std,5.465478420257568
PPO_6,3665280,std,5.475240230560303
PPO_6,3681840,std,5.48978853225708
PPO_6,3695640,std,5.520029067993164
PPO_6,3709440,std,5.559927463531494
PPO_6,3723240,std,5.56903600692749
PPO_6,3737040,std,5.5721893310546875
PPO_6,3750840,std,5.578031063079834
PPO_6,3764640,std,5.5878214836120605
PPO_6,3778440,std,5.588286876678467
PPO_6,3792240,std,5.633635997772217
PPO_6,3806040,std,5.640583038330078
PPO_6,3819840,std,5.67477560043335
PPO_6,3833640,std,5.6777024269104
PPO_6,3847440,std,5.712560176849365
PPO_6,3861240,std,5.721023082733154
PPO_6,3875040,std,5.748643398284912
PPO_6,3888840,std,5.757649898529053
PPO_6,3902640,std,5.789094924926758
PPO_6,3916440,std,5.8181610107421875
PPO_6,3930240,std,5.837907314300537
PPO_6,3944040,std,5.870021820068359
PPO_6,3957840,std,5.890861511230469
PPO_6,3971640,std,5.920337200164795
PPO_6,3985440,std,5.927520751953125
PPO_6,3999240,std,5.93372106552124
PPO_6,4013040,std,5.955015659332275
PPO_6,4026840,std,5.950705051422119
PPO_6,4040640,std,5.976560115814209
PPO_6,4054440,std,6.004375457763672
PPO_6,4068240,std,5.986631393432617
PPO_6,4082040,std,5.997413635253906
PPO_6,4095840,std,6.0006561279296875
PPO_6,4109640,std,5.980501651763916
PPO_6,4123440,std,5.962039470672607
PPO_6,4137240,std,5.991479396820068
PPO_6,4151040,std,6.030195713043213
PPO_6,4164840,std,6.028195858001709
PPO_6,4178640,std,6.063211917877197
PPO_6,4192440,std,6.067694187164307
PPO_6,4206240,std,6.077874660491943
PPO_6,4220040,std,6.0748138427734375
PPO_6,4233840,std,6.0757622718811035
PPO_6,4247640,std,6.079633712768555
PPO_6,4261440,std,6.0948333740234375
PPO_6,4275240,std,6.1164116859436035
PPO_6,4289040,std,6.153999328613281
PPO_6,4302840,std,6.163054943084717
PPO_6,4316640,std,6.157451629638672
PPO_6,4330440,std,6.163270473480225
PPO_6,4344240,std,6.182444095611572
PPO_6,4358040,std,6.185617923736572
PPO_6,4371840,std,6.192416667938232
PPO_6,4385640,std,6.217380523681641
PPO_6,4399440,std,6.216278076171875
PPO_6,4413240,std,6.213111400604248
PPO_6,4427040,std,6.227700710296631
PPO_6,4440840,std,6.2372307777404785
PPO_6,4454640,std,6.2547149658203125
PPO_6,4468440,std,6.277589321136475
PPO_6,4482240,std,6.2867512702941895
PPO_6,4496040,std,6.282358646392822
PPO_6,4509840,std,6.297022342681885
PPO_6,4523640,std,6.316450595855713
PPO_6,4537440,std,6.329426288604736
PPO_6,4551240,std,6.3401336669921875
PPO_6,4565040,std,6.3565239906311035
PPO_6,4578840,std,6.370750904083252
PPO_6,4592640,std,6.38882303237915
PPO_6,4606440,std,6.395005702972412
PPO_6,4620240,std,6.4024834632873535
PPO_6,4634040,std,6.427669525146484
PPO_6,4647840,std,6.434579849243164
PPO_6,4661640,std,6.459378719329834
PPO_6,4675440,std,6.4752326011657715
PPO_6,4689240,std,6.476441860198975
PPO_6,4703040,std,6.494455814361572
PPO_6,4716840,std,6.503583908081055
PPO_6,4730640,std,6.511232376098633
PPO_6,4744440,std,6.500326633453369
PPO_6,4758240,std,6.498929500579834
PPO_6,4772040,std,6.503645420074463
PPO_6,4785840,std,6.507320404052734
PPO_6,4799640,std,6.528133392333984
PPO_6,4813440,std,6.531735897064209
PPO_6,4827240,std,6.535068511962891
PPO_6,4841040,std,6.5423150062561035
PPO_6,4854840,std,6.55781888961792
PPO_6,4868640,std,6.561228275299072
PPO_6,4882440,std,6.566217422485352
PPO_6,4896240,std,6.568060398101807
PPO_6,4910040,std,6.585046768188477
PPO_6,4923840,std,6.586053371429443
PPO_6,4937640,std,6.601444244384766
PPO_6,4951440,std,6.6051177978515625
PPO_6,4965240,std,6.610443592071533
PPO_6,4979040,std,6.622477054595947
PPO_6,4992840,std,6.626039028167725
PPO_6,5006640,std,6.636820316314697
PPO_6,5020440,std,6.638387680053711
PPO_6,5034240,std,6.645737171173096
PPO_6,5048040,std,6.6444525718688965
PPO_6,5061840,std,6.647458553314209
PPO_6,5075640,std,6.653993129730225
PPO_6,5089440,std,6.656734466552734
PPO_6,5103240,std,6.664225101470947
PPO_6,5117040,std,6.6639404296875
PPO_6,5130840,std,6.670653820037842
PPO_6,5144640,std,6.6768341064453125
PPO_6,5158440,std,6.6773858070373535
PPO_6,5172240,std,6.684668064117432
PPO_6,5186040,std,6.688177585601807
PPO_6,5199840,std,6.695554256439209
PPO_6,5213640,std,6.7025299072265625
PPO_6,5227440,std,6.706180572509766
PPO_6,5241240,std,6.705039978027344
PPO_6,5255040,std,6.711480617523193
PPO_6,5268840,std,6.713982105255127
PPO_6,5282640,std,6.7174973487854
PPO_6,5296440,std,6.723677158355713
PPO_6,5310240,std,6.724457263946533
PPO_6,5324040,std,6.724839687347412
PPO_6,5337840,std,6.724440097808838
PPO_6,5351640,std,6.7256317138671875
PPO_6,5365440,std,6.727228164672852
PPO_6,5379240,std,6.728555202484131
PPO_6,5393040,std,6.7305908203125
PPO_6,5406840,std,6.730996608734131
PPO_6,5420640,std,6.732089996337891
PPO_6,5434440,std,6.7323384284973145
PPO_6,5448240,std,6.7320027351379395
PPO_6,5462040,std,6.7337565422058105
PPO_6,5475840,std,6.734349727630615
PPO_6,5489640,std,6.734795093536377
PPO_6,5503440,std,6.734318256378174
PPO_6,5520000,std,6.734485149383545
PPO_7,11040,reward,-4668.5849609375
PPO_7,16560,reward,-4668.5849609375
PPO_7,22080,reward,-3442.39404296875
PPO_7,30360,reward,-3442.39404296875
PPO_7,35880,reward,-1886.7083740234375
PPO_7,44160,reward,-353.88580322265625
PPO_7,49680,reward,-353.88580322265625
PPO_7,55200,reward,1040.066650390625
PPO_7,63480,reward,1040.066650390625
PPO_7,69000,reward,2197.5419921875
PPO_7,77280,reward,3153.053466796875
PPO_7,82800,reward,3153.053466796875
PPO_7,88320,reward,3999.371337890625
PPO_7,96600,reward,3999.371337890625
PPO_7,102120,reward,4750.32763671875
PPO_7,110400,reward,5364.70703125
PPO_7,115920,reward,5364.70703125
PPO_7,124200,reward,5942.6923828125
PPO_7,129720,reward,5942.6923828125
PPO_7,135240,reward,6443.7744140625
PPO_7,143520,reward,6895.16845703125
PPO_7,149040,reward,6895.16845703125
PPO_7,157320,reward,7316.86083984375
PPO_7,162840,reward,7316.86083984375
PPO_7,168360,reward,7708.61083984375
PPO_7,176640,reward,8054.60205078125
PPO_7,182160,reward,8054.60205078125
PPO_7,190440,reward,8398.357421875
PPO_7,195960,reward,8398.357421875
PPO_7,201480,reward,8748.8017578125
PPO_7,209760,reward,9078.271484375
PPO_7,215280,reward,9078.271484375
PPO_7,223560,reward,9398.580078125
PPO_7,229080,reward,9398.580078125
PPO_7,237360,reward,9695.7197265625
PPO_7,242880,reward,9997.595703125
PPO_7,248400,reward,9997.595703125
PPO_7,256680,reward,10299.927734375
PPO_7,262200,reward,10299.927734375
PPO_7,270480,reward,10587.7451171875
PPO_7,276000,reward,10866.8818359375
PPO_7,281520,reward,10866.8818359375
PPO_7,289800,reward,11128.2353515625
PPO_7,295320,reward,11128.2353515625
PPO_7,303600,reward,11373.943359375
PPO_7,309120,reward,11609.072265625
PPO_7,317400,reward,11609.072265625
PPO_7,322920,reward,11843.509765625
PPO_7,328440,reward,11843.509765625
PPO_7,336720,reward,12081.6708984375
PPO_7,342240,reward,12303.123046875
PPO_7,350520,reward,12303.123046875
PPO_7,356040,reward,12522.0771484375
PPO_7,361560,reward,12522.0771484375
PPO_7,369840,reward,12741.201171875
PPO_7,375360,reward,12948.5234375
PPO_7,383640,reward,12948.5234375
PPO_7,389160,reward,13149.8017578125
PPO_7,394680,reward,13149.8017578125
PPO_7,402960,reward,13339.7568359375
PPO_7,408480,reward,13527.646484375
PPO_7,416760,reward,13527.646484375
PPO_7,422280,reward,13712.1630859375
PPO_7,430560,reward,13893.37109375
PPO_7,436080,reward,13893.37109375
PPO_7,441600,reward,14073.986328125
PPO_7,449880,reward,14073.986328125
PPO_7,455400,reward,14250.6533203125
PPO_7,463680,reward,14420.6142578125
PPO_7,469200,reward,14420.6142578125
PPO_7,474720,reward,14586.9521484375
PPO_7,483000,reward,14586.9521484375
PPO_7,488520,reward,14748.1826171875
PPO_7,496800,reward,14905.0205078125
PPO_7,502320,reward,14905.0205078125
PPO_7,510600,reward,15060.1064453125
PPO_7,516120,reward,15060.1064453125
PPO_7,521640,reward,15212.0107421875
PPO_7,529920,reward,15359.0380859375
PPO_7,535440,reward,15359.0380859375
PPO_7,543720,reward,15501.587890625
PPO_7,549240,reward,15501.587890625
PPO_7,554760,reward,15643.1884765625
PPO_7,563040,reward,15784.0
PPO_7,568560,reward,15784.0
PPO_7,576840,reward,15920.44921875
PPO_7,582360,reward,15920.44921875
PPO_7,587880,reward,16057.287109375
PPO_7,596160,reward,16192.2822265625
PPO_7,601680,reward,16192.2822265625
PPO_7,609960,reward,16327.2041015625
PPO_7,615480,reward,16327.2041015625
PPO_7,623760,reward,16458.416015625
PPO_7,629280,reward,16588.341796875
PPO_7,634800,reward,16588.341796875
PPO_7,643080,reward,16713.8125
PPO_7,648600,reward,16713.8125
PPO_7,656880,reward,16836.27734375
PPO_7,662400,reward,16956.232421875
PPO_7,667920,reward,16956.232421875
PPO_7,676200,reward,17074.578125
PPO_7,681720,reward,17074.578125
PPO_7,690000,reward,17187.755859375
PPO_7,695520,reward,17301.73828125
PPO_7,703800,reward,17301.73828125
PPO_7,709320,reward,17413.111328125
PPO_7,714840,reward,17413.111328125
PPO_7,723120,reward,17523.314453125
PPO_7,728640,reward,17629.12890625
PPO_7,736920,reward,17629.12890625
PPO_7,742440,reward,17733.373046875
PPO_7,747960,reward,17733.373046875
PPO_7,756240,reward,17834.462890625
PPO_7,761760,reward,17934.20703125
PPO_7,770040,reward,17934.20703125
PPO_7,775560,reward,18032.078125
PPO_7,781080,reward,18032.078125
PPO_7,789360,reward,18127.138671875
PPO_7,794880,reward,18218.833984375
PPO_7,803160,reward,18218.833984375
PPO_7,808680,reward,18311.248046875
PPO_7,816960,reward,18400.171875
PPO_7,822480,reward,18400.171875
PPO_7,828000,reward,18489.984375
PPO_7,836280,reward,18489.984375
PPO_7,841800,reward,18577.439453125
PPO_7,850080,reward,18662.345703125
PPO_7,855600,reward,18662.345703125
PPO_7,861120,reward,18744.4453125
PPO_7,869400,reward,18744.4453125
PPO_7,874920,reward,18826.40234375
PPO_7,883200,reward,18906.453125
PPO_7,888720,reward,18906.453125
PPO_7,897000,reward,18983.98046875
PPO_7,902520,reward,18983.98046875
PPO_7,908040,reward,19059.974609375
PPO_7,916320,reward,19134.53125
PPO_7,921840,reward,19134.53125
PPO_7,930120,reward,19208.396484375
PPO_7,935640,reward,19208.396484375
PPO_7,941160,reward,19280.8984375
PPO_7,949440,reward,19351.669921875
PPO_7,954960,reward,19351.669921875
PPO_7,963240,reward,19420.685546875
PPO_7,968760,reward,19420.685546875
PPO_7,974280,reward,19488.458984375
PPO_7,982560,reward,19554.55078125
PPO_7,988080,reward,19554.55078125
PPO_7,996360,reward,19618.591796875
PPO_7,1001880,reward,19618.591796875
PPO_7,1010160,reward,19682.017578125
PPO_7,1015680,reward,19743.982421875
PPO_7,1021200,reward,19743.982421875
PPO_7,1029480,reward,19805.244140625
PPO_7,1035000,reward,19805.244140625
PPO_7,1043280,reward,19865.24609375
PPO_7,1048800,reward,19923.283203125
PPO_7,1054320,reward,19923.283203125
PPO_7,1062600,reward,19981.044921875
PPO_7,1068120,reward,19981.044921875
PPO_7,1076400,reward,20036.6640625
PPO_7,1081920,reward,20093.060546875
PPO_7,1087440,reward,20093.060546875
PPO_7,1095720,reward,20147.88671875
PPO_7,1101240,reward,20147.88671875
PPO_7,1109520,reward,20201.794921875
PPO_7,1115040,reward,20504.291015625
PPO_7,1123320,reward,20504.291015625
PPO_7,1128840,reward,20783.00390625
PPO_7,1134360,reward,20783.00390625
PPO_7,1142640,reward,21027.64453125
PPO_7,1148160,reward,21242.138671875
PPO_7,1156440,reward,21242.138671875
PPO_7,1161960,reward,21433.861328125
PPO_7,1167480,reward,21433.861328125
PPO_7,1175760,reward,21611.751953125
PPO_7,1181280,reward,21781.447265625
PPO_7,1189560,reward,21781.447265625
PPO_7,1195080,reward,21940.283203125
PPO_7,1203360,reward,22091.44921875
PPO_7,1208880,reward,22091.44921875
PPO_7,1214400,reward,22241.30859375
PPO_7,1222680,reward,22241.30859375
PPO_7,1228200,reward,22383.46875
PPO_7,1236480,reward,22523.66796875
PPO_7,1242000,reward,22523.66796875
PPO_7,1247520,reward,22660.388671875
PPO_7,1255800,reward,22660.388671875
PPO_7,1261320,reward,22792.69140625
PPO_7,1269600,reward,22921.33203125
PPO_7,1275120,reward,22921.33203125
PPO_7,1280640,reward,23049.14453125
PPO_7,1288920,reward,23049.14453125
PPO_7,1294440,reward,23170.50390625
PPO_7,1302720,reward,23284.287109375
PPO_7,1308240,reward,23284.287109375
PPO_7,1316520,reward,23394.73828125
PPO_7,1322040,reward,23394.73828125
PPO_7,1327560,reward,23500.26171875
PPO_7,1335840,reward,23604.51953125
PPO_7,1341360,reward,23604.51953125
PPO_7,1349640,reward,23702.140625
PPO_7,1355160,reward,23702.140625
PPO_7,1360680,reward,23793.05859375
PPO_7,1368960,reward,23881.8671875
PPO_7,1374480,reward,23881.8671875
PPO_7,1382760,reward,23967.333984375
PPO_7,1388280,reward,23967.333984375
PPO_7,1396560,reward,24051.103515625
PPO_7,1402080,reward,24133.701171875
PPO_7,1407600,reward,24133.701171875
PPO_7,1415880,reward,24214.291015625
PPO_7,1421400,reward,24214.291015625
PPO_7,1429680,reward,24291.02734375
PPO_7,1435200,reward,24361.115234375
PPO_7,1440720,reward,24361.115234375
PPO_7,1449000,reward,24431.162109375
PPO_7,1454520,reward,24431.162109375
PPO_7,1462800,reward,24498.90234375
PPO_7,1468320,reward,24562.41796875
PPO_7,1473840,reward,24562.41796875
PPO_7,1482120,reward,24625.546875
PPO_7,1487640,reward,24625.546875
PPO_7,1495920,reward,24687.26953125
PPO_7,1501440,reward,24749.201171875
PPO_7,1509720,reward,24749.201171875
PPO_7,1515240,reward,24808.140625
PPO_7,1520760,reward,24808.140625
PPO_7,1529040,reward,24864.37109375
PPO_7,1534560,reward,24918.09375
PPO_7,1542840,reward,24918.09375
PPO_7,1548360,reward,24968.4765625
PPO_7,1553880,reward,24968.4765625
PPO_7,1562160,reward,25018.169921875
PPO_7,1567680,reward,25066.474609375
PPO_7,1575960,reward,25066.474609375
PPO_7,1581480,reward,25113.630859375
PPO_7,1589760,reward,25158.783203125
PPO_7,1595280,reward,25158.783203125
PPO_7,1600800,reward,25203.09765625
PPO_7,1609080,reward,25203.09765625
PPO_7,1614600,reward,25245.458984375
PPO_7,1622880,reward,25285.38671875
PPO_7,1628400,reward,25285.38671875
PPO_7,1633920,reward,25325.474609375
PPO_7,1642200,reward,25325.474609375
PPO_7,1647720,reward,25365.09765625
PPO_7,1656000,reward,25402.05859375
PPO_7,1661520,reward,25402.05859375
PPO_7,1667040,reward,25436.6640625
PPO_7,1675320,reward,25436.6640625
PPO_7,1680840,reward,25470.48046875
PPO_7,1689120,reward,25501.54296875
PPO_7,1694640,reward,25501.54296875
PPO_7,1702920,reward,25530.544921875
PPO_7,1708440,reward,25530.544921875
PPO_7,1713960,reward,25556.06640625
PPO_7,1722240,reward,25581.337890625
PPO_7,1727760,reward,25581.337890625
PPO_7,1736040,reward,25604.546875
PPO_7,1741560,reward,25604.546875
PPO_7,1747080,reward,25627.90234375
PPO_7,1755360,reward,25650.798828125
PPO_7,1760880,reward,25650.798828125
PPO_7,1769160,reward,25671.9609375
PPO_7,1774680,reward,25671.9609375
PPO_7,1782960,reward,25692.4609375
PPO_7,1788480,reward,25713.05859375
PPO_7,1794000,reward,25713.05859375
PPO_7,1802280,reward,25731.72265625
PPO_7,1807800,reward,25731.72265625
PPO_7,1816080,reward,25748.080078125
PPO_7,1821600,reward,25764.708984375
PPO_7,1827120,reward,25764.708984375
PPO_7,1835400,reward,25782.482421875
PPO_7,1840920,reward,25782.482421875
PPO_7,1849200,reward,25799.22265625
PPO_7,1854720,reward,25816.626953125
PPO_7,1860240,reward,25816.626953125
PPO_7,1868520,reward,25832.755859375
PPO_7,1874040,reward,25832.755859375
PPO_7,1882320,reward,25848.416015625
PPO_7,1887840,reward,25864.1328125
PPO_7,1896120,reward,25864.1328125
PPO_7,1901640,reward,25879.751953125
PPO_7,1907160,reward,25879.751953125
PPO_7,1915440,reward,25893.61328125
PPO_7,1920960,reward,25908.7578125
PPO_7,1929240,reward,25908.7578125
PPO_7,1934760,reward,25921.49609375
PPO_7,1940280,reward,25921.49609375
PPO_7,1948560,reward,25934.513671875
PPO_7,1954080,reward,25947.998046875
PPO_7,1962360,reward,25947.998046875
PPO_7,1967880,reward,25962.326171875
PPO_7,1973400,reward,25962.326171875
PPO_7,1981680,reward,25975.0859375
PPO_7,1987200,reward,25987.408203125
PPO_7,1995480,reward,25987.408203125
PPO_7,2001000,reward,26000.458984375
PPO_7,2009280,reward,26013.23828125
PPO_7,2014800,reward,26013.23828125
PPO_7,2020320,reward,26025.712890625
PPO_7,2028600,reward,26025.712890625
PPO_7,2034120,reward,26037.19140625
PPO_7,2042400,reward,26048.91796875
PPO_7,2047920,reward,26048.91796875
PPO_7,2053440,reward,26060.384765625
PPO_7,2061720,reward,26060.384765625
PPO_7,2067240,reward,26071.873046875
PPO_7,2075520,reward,26082.822265625
PPO_7,2081040,reward,26082.822265625
PPO_7,2089320,reward,26093.611328125
PPO_7,2094840,reward,26093.611328125
PPO_7,2100360,reward,26105.146484375
PPO_7,2108640,reward,26115.90234375
PPO_7,2114160,reward,26115.90234375
PPO_7,2122440,reward,26127.001953125
PPO_7,2127960,reward,26127.001953125
PPO_7,2133480,reward,26136.66796875
PPO_7,2141760,reward,26146.1953125
PPO_7,2147280,reward,26146.1953125
PPO_7,2155560,reward,26156.447265625
PPO_7,2161080,reward,26156.447265625
PPO_7,2166600,reward,26165.474609375
PPO_7,2174880,reward,26175.796875
PPO_7,2180400,reward,26175.796875
PPO_7,2188680,reward,26184.37890625
PPO_7,2194200,reward,26184.37890625
PPO_7,2202480,reward,26193.42578125
PPO_7,2208000,reward,26202.669921875
PPO_7,2213520,reward,26202.669921875
PPO_7,2221800,reward,26211.583984375
PPO_7,2227320,reward,26211.583984375
PPO_7,2235600,reward,26219.55859375
PPO_7,2241120,reward,26227.359375
PPO_7,2246640,reward,26227.359375
PPO_7,2254920,reward,26235.08203125
PPO_7,2260440,reward,26235.08203125
PPO_7,2268720,reward,26241.625
PPO_7,2274240,reward,26248.791015625
PPO_7,2282520,reward,26248.791015625
PPO_7,2288040,reward,26254.998046875
PPO_7,2293560,reward,26254.998046875
PPO_7,2301840,reward,26261.90625
PPO_7,2307360,reward,26267.890625
PPO_7,2315640,reward,26267.890625
PPO_7,2321160,reward,26274.263671875
PPO_7,2326680,reward,26274.263671875
PPO_7,2334960,reward,26279.599609375
PPO_7,2340480,reward,26284.236328125
PPO_7,2348760,reward,26284.236328125
PPO_7,2354280,reward,26289.02734375
PPO_7,2359800,reward,26289.02734375
PPO_7,2368080,reward,26293.080078125
PPO_7,2373600,reward,26296.953125
PPO_7,2381880,reward,26296.953125
PPO_7,2387400,reward,26301.47265625
PPO_7,2395680,reward,26305.681640625
PPO_7,2401200,reward,26305.681640625
PPO_7,2406720,reward,26309.19921875
PPO_7,2415000,reward,26309.19921875
PPO_7,2420520,reward,26313.294921875
PPO_7,2428800,reward,26317.166015625
PPO_7,2434320,reward,26317.166015625
PPO_7,2439840,reward,26320.81640625
PPO_7,2448120,reward,26320.81640625
PPO_7,2453640,reward,26323.59765625
PPO_7,2461920,reward,26326.9453125
PPO_7,2467440,reward,26326.9453125
PPO_7,2475720,reward,26329.974609375
PPO_7,2481240,reward,26329.974609375
PPO_7,2486760,reward,26332.65234375
PPO_7,2495040,reward,26336.40234375
PPO_7,2500560,reward,26336.40234375
PPO_7,2508840,reward,26339.92578125
PPO_7,2514360,reward,26339.92578125
PPO_7,2519880,reward,26343.69921875
PPO_7,2528160,reward,26346.8125
PPO_7,2533680,reward,26346.8125
PPO_7,2541960,reward,26351.095703125
PPO_7,2547480,reward,26351.095703125
PPO_7,2553000,reward,26355.974609375
PPO_7,2561280,reward,26359.044921875
PPO_7,2566800,reward,26359.044921875
PPO_7,2575080,reward,26362.19140625
PPO_7,2580600,reward,26362.19140625
PPO_7,2588880,reward,26365.6328125
PPO_7,2594400,reward,26368.931640625
PPO_7,2599920,reward,26368.931640625
PPO_7,2608200,reward,26371.59765625
PPO_7,2613720,reward,26371.59765625
PPO_7,2622000,reward,26374.61328125
PPO_7,2627520,reward,26377.4375
PPO_7,2633040,reward,26377.4375
PPO_7,2641320,reward,26380.697265625
PPO_7,2646840,reward,26380.697265625
PPO_7,2655120,reward,26383.595703125
PPO_7,2660640,reward,26385.240234375
PPO_7,2668920,reward,26385.240234375
PPO_7,5520,value_loss,0.4942074418067932
PPO_7,11040,value_loss,0.03797127678990364
PPO_7,16560,value_loss,0.015445714816451073
PPO_7,24840,value_loss,0.0020447312854230404
PPO_7,30360,value_loss,0.007334454450756311
PPO_7,38640,value_loss,0.0028144579846411943
PPO_7,44160,value_loss,0.0017629131907597184
PPO_7,49680,value_loss,0.004292719066143036
PPO_7,57960,value_loss,0.003201710293069482
PPO_7,63480,value_loss,0.0039442237466573715
PPO_7,71760,value_loss,0.00907592661678791
PPO_7,77280,value_loss,0.002502644434571266
PPO_7,85560,value_loss,0.004425480496138334
PPO_7,91080,value_loss,0.002689034678041935
PPO_7,96600,value_loss,0.003776870435103774
PPO_7,104880,value_loss,0.004007525276392698
PPO_7,110400,value_loss,0.001183779793791473
PPO_7,118680,value_loss,0.0028984583914279938
PPO_7,124200,value_loss,0.003151229815557599
PPO_7,129720,value_loss,0.0024011926725506783
PPO_7,138000,value_loss,0.0023372070863842964
PPO_7,143520,value_loss,0.001542946556583047
PPO_7,151800,value_loss,0.001885957201011479
PPO_7,157320,value_loss,0.00216960278339684
PPO_7,165600,value_loss,0.0014160488499328494
PPO_7,171120,value_loss,0.0017553550424054265
PPO_7,176640,value_loss,0.0014690074604004622
PPO_7,184920,value_loss,0.0017586107132956386
PPO_7,190440,value_loss,0.0011426276760175824
PPO_7,198720,value_loss,0.0013997901696711779
PPO_7,204240,value_loss,0.0017554366495460272
PPO_7,209760,value_loss,0.0013105020625516772
PPO_7,218040,value_loss,0.0014711578842252493
PPO_7,223560,value_loss,0.0007999184890650213
PPO_7,231840,value_loss,0.0012038340792059898
PPO_7,237360,value_loss,0.001789296860806644
PPO_7,245640,value_loss,0.0006599324406124651
PPO_7,251160,value_loss,0.001067120349034667
PPO_7,256680,value_loss,0.0008218726143240929
PPO_7,264960,value_loss,0.0010976927587762475
PPO_7,270480,value_loss,0.0012816382804885507
PPO_7,278760,value_loss,0.0006114591378718615
PPO_7,284280,value_loss,0.0008032327168621123
PPO_7,289800,value_loss,0.0005494957440532744
PPO_7,298080,value_loss,0.0009588038083165884
PPO_7,303600,value_loss,0.0008702209452167153
PPO_7,311880,value_loss,0.0005891367327421904
PPO_7,317400,value_loss,0.000765932840295136
PPO_7,325680,value_loss,0.0008771163993515074
PPO_7,331200,value_loss,0.0009835053933784366
PPO_7,336720,value_loss,0.0006349491304717958
PPO_7,345000,value_loss,0.0004752043751068413
PPO_7,350520,value_loss,0.0006149435648694634
PPO_7,358800,value_loss,0.0006960759637877345
PPO_7,364320,value_loss,0.001036578556522727
PPO_7,372600,value_loss,0.0005717307794839144
PPO_7,378120,value_loss,0.0003907540813088417
PPO_7,383640,value_loss,0.0004368451191112399
PPO_7,391920,value_loss,0.0004534273175522685
PPO_7,397440,value_loss,0.0009161817142739892
PPO_7,405720,value_loss,0.00037896004505455494
PPO_7,411240,value_loss,0.00025672989431768656
PPO_7,416760,value_loss,0.0003446931659709662
PPO_7,425040,value_loss,0.0004245841992087662
PPO_7,430560,value_loss,0.0007048092666082084
PPO_7,438840,value_loss,0.0003498723090160638
PPO_7,444360,value_loss,0.00017143654986284673
PPO_7,452640,value_loss,0.0007856845040805638
PPO_7,458160,value_loss,0.00033104943577200174
PPO_7,463680,value_loss,0.0009133156854659319
PPO_7,471960,value_loss,0.00027919045533053577
PPO_7,477480,value_loss,0.00013238718383945525
PPO_7,485760,value_loss,0.0006618856568820775
PPO_7,491280,value_loss,0.0002948381588794291
PPO_7,496800,value_loss,0.0007265370222739875
PPO_7,505080,value_loss,0.00019787954806815833
PPO_7,510600,value_loss,5.8934187109116465e-05
PPO_7,518880,value_loss,0.0006187825929373503
PPO_7,524400,value_loss,0.0002161965676350519
PPO_7,532680,value_loss,6.83191537973471e-05
PPO_7,538200,value_loss,0.0001288978528464213
PPO_7,543720,value_loss,7.366147474385798e-05
PPO_7,552000,value_loss,0.0006820291746407747
PPO_7,557520,value_loss,0.0001718130661174655
PPO_7,565800,value_loss,0.0001813846465665847
PPO_7,571320,value_loss,0.00014289763930719346
PPO_7,576840,value_loss,9.370027692057192e-05
PPO_7,585120,value_loss,0.000737706373911351
PPO_7,590640,value_loss,0.0001233822840731591
PPO_7,598920,value_loss,0.00039160370943136513
PPO_7,604440,value_loss,8.739810436964035e-05
PPO_7,612720,value_loss,0.00013770442456007004
PPO_7,618240,value_loss,0.0005542709841392934
PPO_7,623760,value_loss,0.00015751877799630165
PPO_7,632040,value_loss,0.0001478313934057951
PPO_7,637560,value_loss,5.9453410358401015e-05
PPO_7,645840,value_loss,0.0001350739476038143
PPO_7,651360,value_loss,0.0006729479064233601
PPO_7,659640,value_loss,4.619282117346302e-05
PPO_7,665160,value_loss,0.0001891899883048609
PPO_7,670680,value_loss,4.587122384691611e-05
PPO_7,678960,value_loss,9.672278974903747e-05
PPO_7,684480,value_loss,0.0004218691901769489
PPO_7,692760,value_loss,4.272178921382874e-05
PPO_7,698280,value_loss,0.00011912250192835927
PPO_7,703800,value_loss,4.1329534724354744e-05
PPO_7,712080,value_loss,0.0001308995415456593
PPO_7,717600,value_loss,0.0003527301596477628
PPO_7,725880,value_loss,3.7184687244007364e-05
PPO_7,731400,value_loss,1.7208532881340943e-05
PPO_7,739680,value_loss,0.00039422305417247117
PPO_7,745200,value_loss,6.736245268257335e-05
PPO_7,750720,value_loss,0.0003793816140387207
PPO_7,759000,value_loss,2.758834853011649e-05
PPO_7,764520,value_loss,1.1341588106006384e-05
PPO_7,772800,value_loss,0.0005302749341353774
PPO_7,778320,value_loss,3.7060533941257745e-05
PPO_7,783840,value_loss,0.00032964066485874355
PPO_7,792120,value_loss,1.9628751033451408e-05
PPO_7,797640,value_loss,4.315655314712785e-05
PPO_7,805920,value_loss,0.0002784944954328239
PPO_7,811440,value_loss,7.003458449617028e-05
PPO_7,819720,value_loss,9.238046914106235e-06
PPO_7,825240,value_loss,1.8638400433701463e-05
PPO_7,830760,value_loss,0.0005121955182403326
PPO_7,839040,value_loss,0.0002552514197304845
PPO_7,844560,value_loss,7.909818668849766e-05
PPO_7,852840,value_loss,2.694616159715224e-05
PPO_7,858360,value_loss,1.1764273040171247e-05
PPO_7,863880,value_loss,2.3495775167248212e-05
PPO_7,872160,value_loss,0.00025224179262295365
PPO_7,877680,value_loss,9.63909988058731e-05
PPO_7,885960,value_loss,2.619134284032043e-05
PPO_7,891480,value_loss,1.7576177924638614e-05
PPO_7,899760,value_loss,0.0003067899087909609
PPO_7,905280,value_loss,0.00029263144824653864
PPO_7,910800,value_loss,7.39587630960159e-05
PPO_7,919080,value_loss,1.1477070984255988e-05
PPO_7,924600,value_loss,2.255093386338558e-05
PPO_7,932880,value_loss,6.552450213348493e-05
PPO_7,938400,value_loss,0.00027168821543455124
PPO_7,946680,value_loss,7.76062279328471e-06
PPO_7,952200,value_loss,4.3237514546490274e-06
PPO_7,957720,value_loss,1.6862368283909746e-05
PPO_7,966000,value_loss,0.00010067633411381394
PPO_7,971520,value_loss,0.00018473378440830857
PPO_7,979800,value_loss,6.079432296246523e-06
PPO_7,985320,value_loss,7.4387753556948155e-06
PPO_7,990840,value_loss,6.8376457420527e-06
PPO_7,999120,value_loss,0.0001533711765659973
PPO_7,1004640,value_loss,0.00021493682288564742
PPO_7,1012920,value_loss,6.241913069970906e-06
PPO_7,1018440,value_loss,4.574603281071177e-06
PPO_7,1026720,value_loss,0.00019493329455144703
PPO_7,1032240,value_loss,6.633179873460904e-05
PPO_7,1037760,value_loss,0.0001698916603345424
PPO_7,1046040,value_loss,6.082059826439945e-06
PPO_7,1051560,value_loss,3.618260052462574e-06
PPO_7,1059840,value_loss,0.00022822045139037073
PPO_7,1065360,value_loss,0.00016989368305075914
PPO_7,1070880,value_loss,0.0002469061000738293
PPO_7,1079160,value_loss,2.3944074200699106e-05
PPO_7,1084680,value_loss,2.6764971607917687e-06
PPO_7,1092960,value_loss,0.00016117979248519987
PPO_7,1098480,value_loss,4.401576006785035e-05
PPO_7,1106760,value_loss,1.2682524356932845e-05
PPO_7,1112280,value_loss,8.691898983670399e-06
PPO_7,1117800,value_loss,2.8089238185202703e-05
PPO_7,1126080,value_loss,0.00019315900863148272
PPO_7,1131600,value_loss,3.551618647179566e-05
PPO_7,1139880,value_loss,2.1929499780526385e-05
PPO_7,1145400,value_loss,5.199530733079882e-06
PPO_7,1150920,value_loss,3.352691237523686e-06
PPO_7,1159200,value_loss,0.00010623413982102647
PPO_7,1164720,value_loss,5.271000918583013e-05
PPO_7,1173000,value_loss,2.736677743087057e-06
PPO_7,1178520,value_loss,1.7424394172849134e-05
PPO_7,1186800,value_loss,7.169623859226704e-05
PPO_7,1192320,value_loss,9.246794797945768e-05
PPO_7,1197840,value_loss,7.539942453149706e-05
PPO_7,1206120,value_loss,7.889473636168987e-06
PPO_7,1211640,value_loss,4.566415736917406e-05
PPO_7,1219920,value_loss,4.905199966742657e-05
PPO_7,1225440,value_loss,8.97033023647964e-05
PPO_7,1233720,value_loss,7.644914876436815e-05
PPO_7,1239240,value_loss,1.183465155918384e-05
PPO_7,1244760,value_loss,1.525468996987911e-05
PPO_7,1253040,value_loss,3.2179545087274164e-05
PPO_7,1258560,value_loss,9.591154957888648e-05
PPO_7,1266840,value_loss,1.8131198885384947e-05
PPO_7,1272360,value_loss,1.8167603457186488e-06
PPO_7,1277880,value_loss,9.826624591369182e-05
PPO_7,1286160,value_loss,6.816177483415231e-05
PPO_7,1291680,value_loss,8.304970106109977e-05
PPO_7,1299960,value_loss,1.8025875760940835e-05
PPO_7,1305480,value_loss,6.009180651744828e-06
PPO_7,1313760,value_loss,8.739683835301548e-05
PPO_7,1319280,value_loss,5.1724367949645966e-05
PPO_7,1324800,value_loss,0.00010637783270794898
PPO_7,1333080,value_loss,5.064568540547043e-05
PPO_7,1338600,value_loss,0.0002760594361461699
PPO_7,1346880,value_loss,9.940944437403232e-05
PPO_7,1352400,value_loss,4.2893483623629436e-05
PPO_7,1357920,value_loss,8.470896136714146e-05
PPO_7,1366200,value_loss,2.716162271099165e-05
PPO_7,1371720,value_loss,2.578349494797294e-06
PPO_7,1380000,value_loss,8.22787987999618e-05
PPO_7,1385520,value_loss,3.692324389703572e-05
PPO_7,1393800,value_loss,2.262555244669784e-05
PPO_7,1399320,value_loss,1.2984171917196363e-05
PPO_7,1404840,value_loss,1.1931475455639884e-05
PPO_7,1413120,value_loss,9.720998059492558e-05
PPO_7,1418640,value_loss,6.587312964256853e-05
PPO_7,1426920,value_loss,1.865737976913806e-05
PPO_7,1432440,value_loss,4.582380825013388e-06
PPO_7,1437960,value_loss,9.899254655465484e-05
PPO_7,1446240,value_loss,0.0001234918017871678
PPO_7,1451760,value_loss,3.143539288430475e-05
PPO_7,1460040,value_loss,0.00017492244660388678
PPO_7,1465560,value_loss,2.3417591364705004e-05
PPO_7,1473840,value_loss,7.449536497006193e-05
PPO_7,1479360,value_loss,8.525935118086636e-05
PPO_7,1484880,value_loss,3.0523664463544264e-05
PPO_7,1493160,value_loss,3.908326561941067e-06
PPO_7,1498680,value_loss,9.300703095505014e-05
PPO_7,1506960,value_loss,1.721264015941415e-05
PPO_7,1512480,value_loss,7.498549530282617e-05
PPO_7,1520760,value_loss,0.00017995740927290171
PPO_7,1526280,value_loss,1.0405651664768811e-06
PPO_7,1531800,value_loss,2.4915831090766005e-05
PPO_7,1540080,value_loss,2.0646306438720785e-05
PPO_7,1545600,value_loss,8.314029400935397e-05
PPO_7,1553880,value_loss,2.9330958568607457e-05
PPO_7,1559400,value_loss,1.679872411841643e-06
PPO_7,1564920,value_loss,9.482341738475952e-06
PPO_7,1573200,value_loss,3.763423228519969e-05
PPO_7,1578720,value_loss,7.119346264516935e-05
PPO_7,1587000,value_loss,3.006722408827045e-06
PPO_7,1592520,value_loss,1.3744331226916984e-05
PPO_7,1600800,value_loss,8.21055073174648e-05
PPO_7,1606320,value_loss,4.872929639532231e-05
PPO_7,1611840,value_loss,5.635667184833437e-05
PPO_7,1620120,value_loss,2.4397502784268e-05
PPO_7,1625640,value_loss,9.235225661541335e-06
PPO_7,1633920,value_loss,6.532280531246215e-05
PPO_7,1639440,value_loss,3.2519801607122645e-05
PPO_7,1644960,value_loss,7.075546454871073e-05
PPO_7,1653240,value_loss,7.127411663532257e-05
PPO_7,1658760,value_loss,0.00023531305487267673
PPO_7,1667040,value_loss,7.960961374919862e-05
PPO_7,1672560,value_loss,3.497525176499039e-05
PPO_7,1680840,value_loss,0.0005643742624670267
PPO_7,1686360,value_loss,5.32318563273293e-06
PPO_7,1691880,value_loss,9.600051998859271e-05
PPO_7,1700160,value_loss,7.745398761471733e-05
PPO_7,1705680,value_loss,2.9205391911091283e-05
PPO_7,1713960,value_loss,3.993408245150931e-05
PPO_7,1719480,value_loss,4.027266550110653e-05
PPO_7,1725000,value_loss,3.482983083813451e-05
PPO_7,1733280,value_loss,0.00010458954056957737
PPO_7,1738800,value_loss,2.3168806364992633e-05
PPO_7,1747080,value_loss,1.1525450645422097e-05
PPO_7,1752600,value_loss,6.262059469008818e-05
PPO_7,1760880,value_loss,3.4969463740708306e-05
PPO_7,1766400,value_loss,7.523024396505207e-05
PPO_7,1771920,value_loss,3.0117817004793324e-05
PPO_7,1780200,value_loss,2.4175622002076125e-06
PPO_7,1785720,value_loss,1.0194394235440996e-05
PPO_7,1794000,value_loss,1.959382279892452e-05
PPO_7,1799520,value_loss,6.014061000314541e-05
PPO_7,1807800,value_loss,1.5948042346281e-05
PPO_7,1813320,value_loss,4.833296429751499e-07
PPO_7,1818840,value_loss,1.508215154899517e-05
PPO_7,1827120,value_loss,1.3606092579721007e-05
PPO_7,1832640,value_loss,7.245645247166976e-05
PPO_7,1840920,value_loss,2.9064879072393524e-06
PPO_7,1846440,value_loss,5.955665756118833e-07
PPO_7,1851960,value_loss,4.001624802185688e-06
PPO_7,1860240,value_loss,1.1749662917281967e-05
PPO_7,1865760,value_loss,6.192024011397734e-05
PPO_7,1874040,value_loss,4.954225460096495e-06
PPO_7,1879560,value_loss,2.8699780614260817e-06
PPO_7,1887840,value_loss,5.1499195251381025e-05
PPO_7,1893360,value_loss,1.8307311620446853e-05
PPO_7,1898880,value_loss,0.00011545378947630525
PPO_7,1907160,value_loss,2.836700105035561e-06
PPO_7,1912680,value_loss,7.080973318807082e-06
PPO_7,1920960,value_loss,6.943738844711334e-05
PPO_7,1926480,value_loss,1.4202478268998675e-05
PPO_7,1932000,value_loss,6.074608972994611e-05
PPO_7,1940280,value_loss,1.8148242588722496e-06
PPO_7,1945800,value_loss,2.5101178380282363e-06
PPO_7,1954080,value_loss,6.490448140539229e-05
PPO_7,1959600,value_loss,9.971099643735215e-06
PPO_7,1967880,value_loss,2.934627809736412e-05
PPO_7,1973400,value_loss,3.174705170749803e-06
PPO_7,1978920,value_loss,5.973995030217338e-06
PPO_7,1987200,value_loss,7.338530122069642e-05
PPO_7,1992720,value_loss,1.776303179212846e-05
PPO_7,2001000,value_loss,0.0001549743756186217
PPO_7,2006520,value_loss,3.0953667646826943e-06
PPO_7,2012040,value_loss,1.7618847778066993e-05
PPO_7,2020320,value_loss,5.890160537092015e-05
PPO_7,2025840,value_loss,2.1502271920326166e-05
PPO_7,2034120,value_loss,3.86044557671994e-05
PPO_7,2039640,value_loss,8.787533261056524e-06
PPO_7,2047920,value_loss,1.1102610187663231e-05
PPO_7,2053440,value_loss,5.785976100014523e-05
PPO_7,2058960,value_loss,1.0941826076305006e-05
PPO_7,2067240,value_loss,1.3787619536742568e-05
PPO_7,2072760,value_loss,1.3413605302048381e-06
PPO_7,2081040,value_loss,9.795763617148623e-06
PPO_7,2086560,value_loss,6.582149217138067e-05
PPO_7,2094840,value_loss,7.032429039099952e-06
PPO_7,2100360,value_loss,4.589791387843434e-06
PPO_7,2105880,value_loss,1.0944661426037783e-06
PPO_7,2114160,value_loss,1.0012068742071278e-05
PPO_7,2119680,value_loss,6.378279795171693e-05
PPO_7,2127960,value_loss,2.309970568603603e-06
PPO_7,2133480,value_loss,4.064365839440143e-06
PPO_7,2139000,value_loss,1.237674155163404e-06
PPO_7,2147280,value_loss,9.392467291036155e-06
PPO_7,2152800,value_loss,7.686411117902026e-05
PPO_7,2161080,value_loss,1.4616575754189398e-06
PPO_7,2166600,value_loss,9.44362000154797e-06
PPO_7,2174880,value_loss,0.000105044680822175
PPO_7,2180400,value_loss,2.8179319997434504e-05
PPO_7,2185920,value_loss,7.12015462340787e-05
PPO_7,2194200,value_loss,9.293117955166963e-07
PPO_7,2199720,value_loss,4.295418330002576e-05
PPO_7,2208000,value_loss,5.9201931435381994e-05
PPO_7,2213520,value_loss,2.0737566956086084e-05
PPO_7,2219040,value_loss,6.457522977143526e-05
PPO_7,2227320,value_loss,2.6378452275821473e-06
PPO_7,2232840,value_loss,5.561016678257147e-06
PPO_7,2241120,value_loss,6.174155714688823e-05
PPO_7,2246640,value_loss,1.6009731552912854e-05
PPO_7,2254920,value_loss,2.476841018506093e-06
PPO_7,2260440,value_loss,2.7171940928383265e-06
PPO_7,2265960,value_loss,1.7935390133061446e-05
PPO_7,2274240,value_loss,6.542187475133687e-05
PPO_7,2279760,value_loss,3.887379716616124e-05
PPO_7,2288040,value_loss,8.858363435138017e-05
PPO_7,2293560,value_loss,1.7805936295189895e-05
PPO_7,2299080,value_loss,3.740786632988602e-05
PPO_7,2307360,value_loss,6.282278627622873e-05
PPO_7,2312880,value_loss,1.2854089618485887e-05
PPO_7,2321160,value_loss,3.294371708761901e-05
PPO_7,2326680,value_loss,2.0160206986474805e-05
PPO_7,2334960,value_loss,1.3319692698132712e-05
PPO_7,2340480,value_loss,9.153169230557978e-05
PPO_7,2346000,value_loss,1.0406530236650724e-05
PPO_7,2354280,value_loss,2.7695436074282043e-05
PPO_7,2359800,value_loss,3.063545818804414e-06
PPO_7,2368080,value_loss,1.650674494158011e-05
PPO_7,2373600,value_loss,6.782992568332702e-05
PPO_7,2381880,value_loss,1.0874132385652047e-06
PPO_7,2387400,value_loss,0.00015709070430602878
PPO_7,2392920,value_loss,1.5412259699587594e-06
PPO_7,2401200,value_loss,1.2721597158815712e-05
PPO_7,2406720,value_loss,6.666264380328357e-05
PPO_7,2415000,value_loss,1.0735169553299784e-06
PPO_7,2420520,value_loss,1.1431188795540947e-05
PPO_7,2426040,value_loss,1.1080569493060466e-06
PPO_7,2434320,value_loss,1.2606810741999652e-05
PPO_7,2439840,value_loss,7.678017573198304e-05
PPO_7,2448120,value_loss,5.410285211837618e-06
PPO_7,2453640,value_loss,8.16580813989276e-06
PPO_7,2461920,value_loss,7.636111695319414e-05
PPO_7,2467440,value_loss,9.16868793865433e-06
PPO_7,2472960,value_loss,9.442096052225679e-05
PPO_7,2481240,value_loss,1.2745492767862743e-06
PPO_7,2486760,value_loss,2.0332176063675433e-05
PPO_7,2495040,value_loss,6.179748015711084e-05
PPO_7,2500560,value_loss,1.5059064935485367e-05
PPO_7,2506080,value_loss,6.57776981825009e-05
PPO_7,2514360,value_loss,6.653477271356678e-07
PPO_7,2519880,value_loss,0.00015619999612681568
PPO_7,2528160,value_loss,5.7864777772920206e-05
PPO_7,2533680,value_loss,9.600103112461511e-06
PPO_7,2541960,value_loss,1.772249902387557e-06
PPO_7,2547480,value_loss,4.5978157459103386e-07
PPO_7,2553000,value_loss,6.247826718208671e-07
PPO_7,2561280,value_loss,5.62766072107479e-05
PPO_7,2566800,value_loss,1.7168084013974294e-05
PPO_7,2575080,value_loss,2.6268592137057567e-06
PPO_7,2580600,value_loss,1.1392460237402702e-06
PPO_7,2586120,value_loss,6.869651087981765e-07
PPO_7,2594400,value_loss,6.993792339926586e-05
PPO_7,2599920,value_loss,1.3708572623727378e-05
PPO_7,2608200,value_loss,4.2824527213269903e-07
PPO_7,2613720,value_loss,3.962725259043509e-07
PPO_7,2622000,value_loss,9.4090601123753e-06
PPO_7,2627520,value_loss,5.8674890169641e-05
PPO_7,2633040,value_loss,2.2681706468574703e-05
PPO_7,2641320,value_loss,1.9526817141013453e-06
PPO_7,2646840,value_loss,5.561132070397434e-07
PPO_7,2655120,value_loss,9.212819350068457e-06
PPO_7,2660640,value_loss,5.7802521041594446e-05
PPO_7,2668920,value_loss,6.734056796631194e-07
PPO_7,5520,explained_variance,-0.13909423351287842
PPO_7,11040,explained_variance,0.8076177835464478
PPO_7,16560,explained_variance,-1.756920337677002
PPO_7,24840,explained_variance,0.9160083532333374
PPO_7,30360,explained_variance,0.9027243852615356
PPO_7,38640,explained_variance,0.9799379110336304
PPO_7,44160,explained_variance,0.9956940412521362
PPO_7,49680,explained_variance,0.9882726669311523
PPO_7,57960,explained_variance,0.9709371328353882
PPO_7,63480,explained_variance,0.8175984621047974
PPO_7,71760,explained_variance,0.9896056056022644
PPO_7,77280,explained_variance,0.9943717122077942
PPO_7,85560,explained_variance,0.4108988046646118
PPO_7,91080,explained_variance,0.9656491875648499
PPO_7,96600,explained_variance,0.5198068022727966
PPO_7,104880,explained_variance,0.9875175952911377
PPO_7,110400,explained_variance,0.9933186173439026
PPO_7,118680,explained_variance,0.3360629081726074
PPO_7,124200,explained_variance,0.9508606195449829
PPO_7,129720,explained_variance,0.27188289165496826
PPO_7,138000,explained_variance,0.9929090738296509
PPO_7,143520,explained_variance,0.991894006729126
PPO_7,151800,explained_variance,0.06740039587020874
PPO_7,157320,explained_variance,0.9462943077087402
PPO_7,165600,explained_variance,0.9944076538085938
PPO_7,171120,explained_variance,0.9955018758773804
PPO_7,176640,explained_variance,0.9934077262878418
PPO_7,184920,explained_variance,0.2395850419998169
PPO_7,190440,explained_variance,0.9415059685707092
PPO_7,198720,explained_variance,0.9940809011459351
PPO_7,204240,explained_variance,0.9957478642463684
PPO_7,209760,explained_variance,0.9947241544723511
PPO_7,218040,explained_variance,0.6872777342796326
PPO_7,223560,explained_variance,0.9401730298995972
PPO_7,231840,explained_variance,0.9947136044502258
PPO_7,237360,explained_variance,0.996545672416687
PPO_7,245640,explained_variance,0.9400150775909424
PPO_7,251160,explained_variance,0.7545229196548462
PPO_7,256680,explained_variance,0.9382575750350952
PPO_7,264960,explained_variance,0.9966124296188354
PPO_7,270480,explained_variance,0.9978935122489929
PPO_7,278760,explained_variance,0.9367808699607849
PPO_7,284280,explained_variance,0.8424936532974243
PPO_7,289800,explained_variance,0.9343814253807068
PPO_7,298080,explained_variance,0.9973670244216919
PPO_7,303600,explained_variance,0.9987565279006958
PPO_7,311880,explained_variance,0.9335838556289673
PPO_7,317400,explained_variance,0.7821604013442993
PPO_7,325680,explained_variance,0.9987841844558716
PPO_7,331200,explained_variance,0.9981632232666016
PPO_7,336720,explained_variance,0.9992062449455261
PPO_7,345000,explained_variance,0.9329432845115662
PPO_7,350520,explained_variance,0.7668824195861816
PPO_7,358800,explained_variance,0.9989598393440247
PPO_7,364320,explained_variance,0.9986512660980225
PPO_7,372600,explained_variance,0.851176381111145
PPO_7,378120,explained_variance,0.9335108995437622
PPO_7,383640,explained_variance,0.8997815847396851
PPO_7,391920,explained_variance,0.9992942810058594
PPO_7,397440,explained_variance,0.9989773631095886
PPO_7,405720,explained_variance,0.8938440084457397
PPO_7,411240,explained_variance,0.9303150177001953
PPO_7,416760,explained_variance,0.9360101222991943
PPO_7,425040,explained_variance,0.9993230700492859
PPO_7,430560,explained_variance,0.9993156790733337
PPO_7,438840,explained_variance,0.9169421195983887
PPO_7,444360,explained_variance,0.9244698882102966
PPO_7,452640,explained_variance,0.9992523193359375
PPO_7,458160,explained_variance,0.9995294809341431
PPO_7,463680,explained_variance,0.9991427659988403
PPO_7,471960,explained_variance,0.9129627346992493
PPO_7,477480,explained_variance,0.9180047512054443
PPO_7,485760,explained_variance,0.9992213249206543
PPO_7,491280,explained_variance,0.9995115399360657
PPO_7,496800,explained_variance,0.9992701411247253
PPO_7,505080,explained_variance,0.9363430142402649
PPO_7,510600,explained_variance,0.9015482068061829
PPO_7,518880,explained_variance,0.9993165731430054
PPO_7,524400,explained_variance,0.9996629357337952
PPO_7,532680,explained_variance,0.8938218355178833
PPO_7,538200,explained_variance,0.9550042748451233
PPO_7,543720,explained_variance,0.8929370641708374
PPO_7,552000,explained_variance,0.9991913437843323
PPO_7,557520,explained_variance,0.9997469782829285
PPO_7,565800,explained_variance,0.8769062757492065
PPO_7,571320,explained_variance,0.9459224939346313
PPO_7,576840,explained_variance,0.8788806200027466
PPO_7,585120,explained_variance,0.9993351101875305
PPO_7,590640,explained_variance,0.9998091459274292
PPO_7,598920,explained_variance,0.8533213138580322
PPO_7,604440,explained_variance,0.9674220681190491
PPO_7,612720,explained_variance,0.9998213052749634
PPO_7,618240,explained_variance,0.9992726445198059
PPO_7,623760,explained_variance,0.9998316764831543
PPO_7,632040,explained_variance,0.8158850073814392
PPO_7,637560,explained_variance,0.9680953025817871
PPO_7,645840,explained_variance,0.9998642206192017
PPO_7,651360,explained_variance,0.99948650598526
PPO_7,659640,explained_variance,0.9715169072151184
PPO_7,665160,explained_variance,0.9258095026016235
PPO_7,670680,explained_variance,0.9775741100311279
PPO_7,678960,explained_variance,0.9998626708984375
PPO_7,684480,explained_variance,0.9995480179786682
PPO_7,692760,explained_variance,0.9827315807342529
PPO_7,698280,explained_variance,0.9669879078865051
PPO_7,703800,explained_variance,0.9774103164672852
PPO_7,712080,explained_variance,0.9998605251312256
PPO_7,717600,explained_variance,0.9995890259742737
PPO_7,725880,explained_variance,0.9811575412750244
PPO_7,731400,explained_variance,0.9782347083091736
PPO_7,739680,explained_variance,0.9995725154876709
PPO_7,745200,explained_variance,0.9999337792396545
PPO_7,750720,explained_variance,0.9995839595794678
PPO_7,759000,explained_variance,0.9851452112197876
PPO_7,764520,explained_variance,0.9848557710647583
PPO_7,772800,explained_variance,0.9996330142021179
PPO_7,778320,explained_variance,0.9999446272850037
PPO_7,783840,explained_variance,0.9995687007904053
PPO_7,792120,explained_variance,0.9887170195579529
PPO_7,797640,explained_variance,0.9849905967712402
PPO_7,805920,explained_variance,0.9996651411056519
PPO_7,811440,explained_variance,0.9998313784599304
PPO_7,819720,explained_variance,0.9914197325706482
PPO_7,825240,explained_variance,0.991374671459198
PPO_7,830760,explained_variance,0.9923298358917236
PPO_7,839040,explained_variance,0.9995983242988586
PPO_7,844560,explained_variance,0.9997407793998718
PPO_7,852840,explained_variance,0.9889841079711914
PPO_7,858360,explained_variance,0.9907754063606262
PPO_7,863880,explained_variance,0.9901247620582581
PPO_7,872160,explained_variance,0.9996863007545471
PPO_7,877680,explained_variance,0.9997786283493042
PPO_7,885960,explained_variance,0.9905357360839844
PPO_7,891480,explained_variance,0.9853284358978271
PPO_7,899760,explained_variance,0.9997473955154419
PPO_7,905280,explained_variance,0.9996693730354309
PPO_7,910800,explained_variance,0.999787449836731
PPO_7,919080,explained_variance,0.984416127204895
PPO_7,924600,explained_variance,0.9968580603599548
PPO_7,932880,explained_variance,0.9998418688774109
PPO_7,938400,explained_variance,0.9996412992477417
PPO_7,946680,explained_variance,0.9951721429824829
PPO_7,952200,explained_variance,0.9875611066818237
PPO_7,957720,explained_variance,0.9955057501792908
PPO_7,966000,explained_variance,0.9997196793556213
PPO_7,971520,explained_variance,0.9997708797454834
PPO_7,979800,explained_variance,0.9939509034156799
PPO_7,985320,explained_variance,0.9846752285957336
PPO_7,990840,explained_variance,0.993346631526947
PPO_7,999120,explained_variance,0.9998539686203003
PPO_7,1004640,explained_variance,0.999631941318512
PPO_7,1012920,explained_variance,0.9962953925132751
PPO_7,1018440,explained_variance,0.9873598217964172
PPO_7,1026720,explained_variance,0.9997055530548096
PPO_7,1032240,explained_variance,0.9998214244842529
PPO_7,1037760,explained_variance,0.999749481678009
PPO_7,1046040,explained_variance,0.9963269829750061
PPO_7,1051560,explained_variance,0.9897167086601257
PPO_7,1059840,explained_variance,0.9996757507324219
PPO_7,1065360,explained_variance,0.9998242259025574
PPO_7,1070880,explained_variance,0.9995875358581543
PPO_7,1079160,explained_variance,0.9964354634284973
PPO_7,1084680,explained_variance,0.9867386221885681
PPO_7,1092960,explained_variance,0.9997533559799194
PPO_7,1098480,explained_variance,0.9999038577079773
PPO_7,1106760,explained_variance,0.9853121638298035
PPO_7,1112280,explained_variance,0.9981293678283691
PPO_7,1117800,explained_variance,0.9885737299919128
PPO_7,1126080,explained_variance,0.9998298287391663
PPO_7,1131600,explained_variance,0.9999436736106873
PPO_7,1139880,explained_variance,0.9899953603744507
PPO_7,1145400,explained_variance,0.9987360239028931
PPO_7,1150920,explained_variance,0.9911380410194397
PPO_7,1159200,explained_variance,0.9998928904533386
PPO_7,1164720,explained_variance,0.9999185800552368
PPO_7,1173000,explained_variance,0.9909067153930664
PPO_7,1178520,explained_variance,0.9983243346214294
PPO_7,1186800,explained_variance,0.9999251365661621
PPO_7,1192320,explained_variance,0.9998756647109985
PPO_7,1197840,explained_variance,0.999926745891571
PPO_7,1206120,explained_variance,0.9922922849655151
PPO_7,1211640,explained_variance,0.9979887008666992
PPO_7,1219920,explained_variance,0.9999361038208008
PPO_7,1225440,explained_variance,0.9998635649681091
PPO_7,1233720,explained_variance,0.9983319044113159
PPO_7,1239240,explained_variance,0.9948139190673828
PPO_7,1244760,explained_variance,0.9978373050689697
PPO_7,1253040,explained_variance,0.9999653697013855
PPO_7,1258560,explained_variance,0.9998329877853394
PPO_7,1266840,explained_variance,0.9976822137832642
PPO_7,1272360,explained_variance,0.995644211769104
PPO_7,1277880,explained_variance,0.9977913498878479
PPO_7,1286160,explained_variance,0.9999416470527649
PPO_7,1291680,explained_variance,0.9999092817306519
PPO_7,1299960,explained_variance,0.997473955154419
PPO_7,1305480,explained_variance,0.9963346123695374
PPO_7,1313760,explained_variance,0.9998968839645386
PPO_7,1319280,explained_variance,0.9999662637710571
PPO_7,1324800,explained_variance,0.999879002571106
PPO_7,1333080,explained_variance,0.9970378279685974
PPO_7,1338600,explained_variance,0.9961532950401306
PPO_7,1346880,explained_variance,0.9999046921730042
PPO_7,1352400,explained_variance,0.9999381303787231
PPO_7,1357920,explained_variance,0.9999178051948547
PPO_7,1366200,explained_variance,0.9983831644058228
PPO_7,1371720,explained_variance,0.9943820834159851
PPO_7,1380000,explained_variance,0.9999088644981384
PPO_7,1385520,explained_variance,0.9999580383300781
PPO_7,1393800,explained_variance,0.9945687055587769
PPO_7,1399320,explained_variance,0.997921347618103
PPO_7,1404840,explained_variance,0.9946737289428711
PPO_7,1413120,explained_variance,0.9998929500579834
PPO_7,1418640,explained_variance,0.9999076724052429
PPO_7,1426920,explained_variance,0.9957380890846252
PPO_7,1432440,explained_variance,0.9808110594749451
PPO_7,1437960,explained_variance,0.9520260095596313
PPO_7,1446240,explained_variance,0.9998162388801575
PPO_7,1451760,explained_variance,0.9999653697013855
PPO_7,1460040,explained_variance,0.9786565899848938
PPO_7,1465560,explained_variance,0.9981032609939575
PPO_7,1473840,explained_variance,0.9999552369117737
PPO_7,1479360,explained_variance,0.999902606010437
PPO_7,1484880,explained_variance,0.9999667406082153
PPO_7,1493160,explained_variance,0.9938871264457703
PPO_7,1498680,explained_variance,0.9987443685531616
PPO_7,1506960,explained_variance,0.9999697804450989
PPO_7,1512480,explained_variance,0.9999120235443115
PPO_7,1520760,explained_variance,0.9985103011131287
PPO_7,1526280,explained_variance,0.9964077472686768
PPO_7,1531800,explained_variance,0.9979895353317261
PPO_7,1540080,explained_variance,0.9999716281890869
PPO_7,1545600,explained_variance,0.9999066591262817
PPO_7,1553880,explained_variance,0.9985660314559937
PPO_7,1559400,explained_variance,0.9966379404067993
PPO_7,1564920,explained_variance,0.9984480142593384
PPO_7,1573200,explained_variance,0.9999659061431885
PPO_7,1578720,explained_variance,0.9999101161956787
PPO_7,1587000,explained_variance,0.99750816822052
PPO_7,1592520,explained_variance,0.9935609102249146
PPO_7,1600800,explained_variance,0.999919056892395
PPO_7,1606320,explained_variance,0.9999582767486572
PPO_7,1611840,explained_variance,0.9999212622642517
PPO_7,1620120,explained_variance,0.9972882270812988
PPO_7,1625640,explained_variance,0.9926487803459167
PPO_7,1633920,explained_variance,0.9999279975891113
PPO_7,1639440,explained_variance,0.999962329864502
PPO_7,1644960,explained_variance,0.999921977519989
PPO_7,1653240,explained_variance,0.9983799457550049
PPO_7,1658760,explained_variance,0.9963434338569641
PPO_7,1667040,explained_variance,0.999851644039154
PPO_7,1672560,explained_variance,0.9999739527702332
PPO_7,1680840,explained_variance,0.9403629302978516
PPO_7,1686360,explained_variance,0.9854322075843811
PPO_7,1691880,explained_variance,0.9682137966156006
PPO_7,1700160,explained_variance,0.9999139904975891
PPO_7,1705680,explained_variance,0.9999533891677856
PPO_7,1713960,explained_variance,0.988603413105011
PPO_7,1719480,explained_variance,0.9958508014678955
PPO_7,1725000,explained_variance,0.9934834241867065
PPO_7,1733280,explained_variance,0.9998581409454346
PPO_7,1738800,explained_variance,0.9999507665634155
PPO_7,1747080,explained_variance,0.9947539567947388
PPO_7,1752600,explained_variance,0.9977693557739258
PPO_7,1760880,explained_variance,0.9999522566795349
PPO_7,1766400,explained_variance,0.9998734593391418
PPO_7,1771920,explained_variance,0.999949038028717
PPO_7,1780200,explained_variance,0.9927956461906433
PPO_7,1785720,explained_variance,0.9988783597946167
PPO_7,1794000,explained_variance,0.9999597072601318
PPO_7,1799520,explained_variance,0.999932050704956
PPO_7,1807800,explained_variance,0.9988582134246826
PPO_7,1813320,explained_variance,0.9972788691520691
PPO_7,1818840,explained_variance,0.9987328052520752
PPO_7,1827120,explained_variance,0.9999757409095764
PPO_7,1832640,explained_variance,0.9998969435691833
PPO_7,1840920,explained_variance,0.999038815498352
PPO_7,1846440,explained_variance,0.9971766471862793
PPO_7,1851960,explained_variance,0.9987654089927673
PPO_7,1860240,explained_variance,0.999986469745636
PPO_7,1865760,explained_variance,0.9999434947967529
PPO_7,1874040,explained_variance,0.9987189769744873
PPO_7,1879560,explained_variance,0.9972653388977051
PPO_7,1887840,explained_variance,0.9999462962150574
PPO_7,1893360,explained_variance,0.9999583959579468
PPO_7,1898880,explained_variance,0.9998450875282288
PPO_7,1907160,explained_variance,0.9994795322418213
PPO_7,1912680,explained_variance,0.995770275592804
PPO_7,1920960,explained_variance,0.9999348521232605
PPO_7,1926480,explained_variance,0.999964714050293
PPO_7,1932000,explained_variance,0.9999335408210754
PPO_7,1940280,explained_variance,0.9993025660514832
PPO_7,1945800,explained_variance,0.9979332089424133
PPO_7,1954080,explained_variance,0.9998904466629028
PPO_7,1959600,explained_variance,0.9999872446060181
PPO_7,1967880,explained_variance,0.9982544183731079
PPO_7,1973400,explained_variance,0.9996657967567444
PPO_7,1978920,explained_variance,0.9977521896362305
PPO_7,1987200,explained_variance,0.999875545501709
PPO_7,1992720,explained_variance,0.9999787211418152
PPO_7,2001000,explained_variance,0.9679242372512817
PPO_7,2006520,explained_variance,0.9970664978027344
PPO_7,2012040,explained_variance,0.9768424034118652
PPO_7,2020320,explained_variance,0.9998762011528015
PPO_7,2025840,explained_variance,0.9999846816062927
PPO_7,2034120,explained_variance,0.968216598033905
PPO_7,2039640,explained_variance,0.9992656111717224
PPO_7,2047920,explained_variance,0.9999868273735046
PPO_7,2053440,explained_variance,0.9999152421951294
PPO_7,2058960,explained_variance,0.9999812841415405
PPO_7,2067240,explained_variance,0.9904846549034119
PPO_7,2072760,explained_variance,0.9995819330215454
PPO_7,2081040,explained_variance,0.9999853372573853
PPO_7,2086560,explained_variance,0.9999083876609802
PPO_7,2094840,explained_variance,0.9990108013153076
PPO_7,2100360,explained_variance,0.99755859375
PPO_7,2105880,explained_variance,0.9995484352111816
PPO_7,2114160,explained_variance,0.9999849796295166
PPO_7,2119680,explained_variance,0.9999304413795471
PPO_7,2127960,explained_variance,0.9980990886688232
PPO_7,2133480,explained_variance,0.9935113191604614
PPO_7,2139000,explained_variance,0.9986244440078735
PPO_7,2147280,explained_variance,0.9999858736991882
PPO_7,2152800,explained_variance,0.9998712539672852
PPO_7,2161080,explained_variance,0.9987117052078247
PPO_7,2166600,explained_variance,0.9960319399833679
PPO_7,2174880,explained_variance,0.9998508095741272
PPO_7,2180400,explained_variance,0.9999627470970154
PPO_7,2185920,explained_variance,0.9998928308486938
PPO_7,2194200,explained_variance,0.9995719790458679
PPO_7,2199720,explained_variance,0.9937845468521118
PPO_7,2208000,explained_variance,0.9999256134033203
PPO_7,2213520,explained_variance,0.9999645948410034
PPO_7,2219040,explained_variance,0.9999241232872009
PPO_7,2227320,explained_variance,0.9992022514343262
PPO_7,2232840,explained_variance,0.9976946115493774
PPO_7,2241120,explained_variance,0.999923825263977
PPO_7,2246640,explained_variance,0.9999685883522034
PPO_7,2254920,explained_variance,0.9934288263320923
PPO_7,2260440,explained_variance,0.9991394877433777
PPO_7,2265960,explained_variance,0.9951231479644775
PPO_7,2274240,explained_variance,0.9999254941940308
PPO_7,2279760,explained_variance,0.9999856948852539
PPO_7,2288040,explained_variance,0.9407336711883545
PPO_7,2293560,explained_variance,0.9947544932365417
PPO_7,2299080,explained_variance,0.967404305934906
PPO_7,2307360,explained_variance,0.9999209046363831
PPO_7,2312880,explained_variance,0.9999824166297913
PPO_7,2321160,explained_variance,0.9882675409317017
PPO_7,2326680,explained_variance,0.987008810043335
PPO_7,2334960,explained_variance,0.9999786615371704
PPO_7,2340480,explained_variance,0.9998398423194885
PPO_7,2346000,explained_variance,0.9999817609786987
PPO_7,2354280,explained_variance,0.983803391456604
PPO_7,2359800,explained_variance,0.9988282918930054
PPO_7,2368080,explained_variance,0.9999735951423645
PPO_7,2373600,explained_variance,0.9999098181724548
PPO_7,2381880,explained_variance,0.9990193843841553
PPO_7,2387400,explained_variance,0.9936071634292603
PPO_7,2392920,explained_variance,0.9989190101623535
PPO_7,2401200,explained_variance,0.9999791979789734
PPO_7,2406720,explained_variance,0.9999228119850159
PPO_7,2415000,explained_variance,0.9989511370658875
PPO_7,2420520,explained_variance,0.9943955540657043
PPO_7,2426040,explained_variance,0.9990984797477722
PPO_7,2434320,explained_variance,0.9999816417694092
PPO_7,2439840,explained_variance,0.9999135136604309
PPO_7,2448120,explained_variance,0.9985662698745728
PPO_7,2453640,explained_variance,0.9978851079940796
PPO_7,2461920,explained_variance,0.9998409748077393
PPO_7,2467440,explained_variance,0.9999864101409912
PPO_7,2472960,explained_variance,0.999847412109375
PPO_7,2481240,explained_variance,0.9986609220504761
PPO_7,2486760,explained_variance,0.992824912071228
PPO_7,2495040,explained_variance,0.9999193549156189
PPO_7,2500560,explained_variance,0.9999772310256958
PPO_7,2506080,explained_variance,0.9999039769172668
PPO_7,2514360,explained_variance,0.9997488260269165
PPO_7,2519880,explained_variance,0.9987930655479431
PPO_7,2528160,explained_variance,0.9999272227287292
PPO_7,2533680,explained_variance,0.9999822974205017
PPO_7,2541960,explained_variance,0.9992530345916748
PPO_7,2547480,explained_variance,0.9998646378517151
PPO_7,2553000,explained_variance,0.9995459914207458
PPO_7,2561280,explained_variance,0.9999350309371948
PPO_7,2566800,explained_variance,0.9999774694442749
PPO_7,2575080,explained_variance,0.9989018440246582
PPO_7,2580600,explained_variance,0.9997337460517883
PPO_7,2586120,explained_variance,0.9986127614974976
PPO_7,2594400,explained_variance,0.9999315142631531
PPO_7,2599920,explained_variance,0.9999783039093018
PPO_7,2608200,explained_variance,0.9990085959434509
PPO_7,2613720,explained_variance,0.999808132648468
PPO_7,2622000,explained_variance,0.9999893307685852
PPO_7,2627520,explained_variance,0.9999330043792725
PPO_7,2633040,explained_variance,0.9999658465385437
PPO_7,2641320,explained_variance,0.9981014132499695
PPO_7,2646840,explained_variance,0.9997881054878235
PPO_7,2655120,explained_variance,0.9999904632568359
PPO_7,2660640,explained_variance,0.9999324679374695
PPO_7,2668920,explained_variance,0.9998644590377808
PPO_7,5520,entropy,-4.2545485496521
PPO_7,11040,entropy,-4.259913921356201
PPO_7,16560,entropy,-4.3117594718933105
PPO_7,24840,entropy,-4.3031816482543945
PPO_7,30360,entropy,-4.2920308113098145
PPO_7,38640,entropy,-4.225294589996338
PPO_7,44160,entropy,-4.1699347496032715
PPO_7,49680,entropy,-4.155344486236572
PPO_7,57960,entropy,-4.090394496917725
PPO_7,63480,entropy,-4.03723669052124
PPO_7,71760,entropy,-4.005408763885498
PPO_7,77280,entropy,-3.946840763092041
PPO_7,85560,entropy,-3.9331576824188232
PPO_7,91080,entropy,-3.916377305984497
PPO_7,96600,entropy,-3.8860926628112793
PPO_7,104880,entropy,-3.8761422634124756
PPO_7,110400,entropy,-3.8365485668182373
PPO_7,118680,entropy,-3.8163790702819824
PPO_7,124200,entropy,-3.787078380584717
PPO_7,129720,entropy,-3.7706456184387207
PPO_7,138000,entropy,-3.761221170425415
PPO_7,143520,entropy,-3.72444486618042
PPO_7,151800,entropy,-3.7033045291900635
PPO_7,157320,entropy,-3.702822685241699
PPO_7,165600,entropy,-3.6429548263549805
PPO_7,171120,entropy,-3.6581318378448486
PPO_7,176640,entropy,-3.6018176078796387
PPO_7,184920,entropy,-3.5710031986236572
PPO_7,190440,entropy,-3.519829034805298
PPO_7,198720,entropy,-3.454303741455078
PPO_7,204240,entropy,-3.436089038848877
PPO_7,209760,entropy,-3.3819520473480225
PPO_7,218040,entropy,-3.3535349369049072
PPO_7,223560,entropy,-3.3409087657928467
PPO_7,231840,entropy,-3.272524356842041
PPO_7,237360,entropy,-3.2562179565429688
PPO_7,245640,entropy,-3.2152414321899414
PPO_7,251160,entropy,-3.19077205657959
PPO_7,256680,entropy,-3.173438787460327
PPO_7,264960,entropy,-3.1196951866149902
PPO_7,270480,entropy,-3.120845317840576
PPO_7,278760,entropy,-3.056389570236206
PPO_7,284280,entropy,-3.0434298515319824
PPO_7,289800,entropy,-3.0255508422851562
PPO_7,298080,entropy,-2.961542844772339
PPO_7,303600,entropy,-2.9756994247436523
PPO_7,311880,entropy,-2.9220316410064697
PPO_7,317400,entropy,-2.8945088386535645
PPO_7,325680,entropy,-2.8447322845458984
PPO_7,331200,entropy,-2.7940664291381836
PPO_7,336720,entropy,-2.7949318885803223
PPO_7,345000,entropy,-2.7537052631378174
PPO_7,350520,entropy,-2.7335290908813477
PPO_7,358800,entropy,-2.730116844177246
PPO_7,364320,entropy,-2.6883294582366943
PPO_7,372600,entropy,-2.6796717643737793
PPO_7,378120,entropy,-2.6503665447235107
PPO_7,383640,entropy,-2.6433534622192383
PPO_7,391920,entropy,-2.6106832027435303
PPO_7,397440,entropy,-2.553302526473999
PPO_7,405720,entropy,-2.531543731689453
PPO_7,411240,entropy,-2.4915225505828857
PPO_7,416760,entropy,-2.475916624069214
PPO_7,425040,entropy,-2.4462361335754395
PPO_7,430560,entropy,-2.411007881164551
PPO_7,438840,entropy,-2.381531000137329
PPO_7,444360,entropy,-2.355044364929199
PPO_7,452640,entropy,-2.316106081008911
PPO_7,458160,entropy,-2.320295572280884
PPO_7,463680,entropy,-2.2683286666870117
PPO_7,471960,entropy,-2.2445228099823
PPO_7,477480,entropy,-2.2351207733154297
PPO_7,485760,entropy,-2.1822738647460938
PPO_7,491280,entropy,-2.1740055084228516
PPO_7,496800,entropy,-2.1445705890655518
PPO_7,505080,entropy,-2.1238691806793213
PPO_7,510600,entropy,-2.1127991676330566
PPO_7,518880,entropy,-2.0471131801605225
PPO_7,524400,entropy,-2.057863712310791
PPO_7,532680,entropy,-2.014451026916504
PPO_7,538200,entropy,-2.0056445598602295
PPO_7,543720,entropy,-1.986411213874817
PPO_7,552000,entropy,-1.9259282350540161
PPO_7,557520,entropy,-1.9235864877700806
PPO_7,565800,entropy,-1.8501782417297363
PPO_7,571320,entropy,-1.824556827545166
PPO_7,576840,entropy,-1.789004921913147
PPO_7,585120,entropy,-1.7390037775039673
PPO_7,590640,entropy,-1.726810336112976
PPO_7,598920,entropy,-1.6648808717727661
PPO_7,604440,entropy,-1.6477643251419067
PPO_7,612720,entropy,-1.616316318511963
PPO_7,618240,entropy,-1.5695440769195557
PPO_7,623760,entropy,-1.5623362064361572
PPO_7,632040,entropy,-1.5121785402297974
PPO_7,637560,entropy,-1.5017486810684204
PPO_7,645840,entropy,-1.4945852756500244
PPO_7,651360,entropy,-1.449753761291504
PPO_7,659640,entropy,-1.4369580745697021
PPO_7,665160,entropy,-1.4024457931518555
PPO_7,670680,entropy,-1.3744503259658813
PPO_7,678960,entropy,-1.3417967557907104
PPO_7,684480,entropy,-1.2748559713363647
PPO_7,692760,entropy,-1.2689542770385742
PPO_7,698280,entropy,-1.2464956045150757
PPO_7,703800,entropy,-1.2379341125488281
PPO_7,712080,entropy,-1.2112009525299072
PPO_7,717600,entropy,-1.1608880758285522
PPO_7,725880,entropy,-1.115172028541565
PPO_7,731400,entropy,-1.0920686721801758
PPO_7,739680,entropy,-1.0464102029800415
PPO_7,745200,entropy,-1.0387547016143799
PPO_7,750720,entropy,-1.0023154020309448
PPO_7,759000,entropy,-0.9865582585334778
PPO_7,764520,entropy,-0.9735584259033203
PPO_7,772800,entropy,-0.9158570170402527
PPO_7,778320,entropy,-0.9146786332130432
PPO_7,783840,entropy,-0.8774842023849487
PPO_7,792120,entropy,-0.8607927560806274
PPO_7,797640,entropy,-0.8361457586288452
PPO_7,805920,entropy,-0.7936745882034302
PPO_7,811440,entropy,-0.7942884564399719
PPO_7,819720,entropy,-0.7554030418395996
PPO_7,825240,entropy,-0.7501909732818604
PPO_7,830760,entropy,-0.7178226113319397
PPO_7,839040,entropy,-0.6908087134361267
PPO_7,844560,entropy,-0.6821015477180481
PPO_7,852840,entropy,-0.6441937685012817
PPO_7,858360,entropy,-0.6435195803642273
PPO_7,863880,entropy,-0.6277619004249573
PPO_7,872160,entropy,-0.5981772541999817
PPO_7,877680,entropy,-0.6003194451332092
PPO_7,885960,entropy,-0.5725587606430054
PPO_7,891480,entropy,-0.5576180219650269
PPO_7,899760,entropy,-0.549567699432373
PPO_7,905280,entropy,-0.5212990641593933
PPO_7,910800,entropy,-0.5237995982170105
PPO_7,919080,entropy,-0.4754648506641388
PPO_7,924600,entropy,-0.4667792022228241
PPO_7,932880,entropy,-0.46035221219062805
PPO_7,938400,entropy,-0.4218601882457733
PPO_7,946680,entropy,-0.4282907545566559
PPO_7,952200,entropy,-0.4111633002758026
PPO_7,957720,entropy,-0.40905627608299255
PPO_7,966000,entropy,-0.40520909428596497
PPO_7,971520,entropy,-0.39605003595352173
PPO_7,979800,entropy,-0.408601850271225
PPO_7,985320,entropy,-0.39247673749923706
PPO_7,990840,entropy,-0.39602282643318176
PPO_7,999120,entropy,-0.37652909755706787
PPO_7,1004640,entropy,-0.3441981375217438
PPO_7,1012920,entropy,-0.33046451210975647
PPO_7,1018440,entropy,-0.31740498542785645
PPO_7,1026720,entropy,-0.2825419306755066
PPO_7,1032240,entropy,-0.2931012809276581
PPO_7,1037760,entropy,-0.2660619616508484
PPO_7,1046040,entropy,-0.2629797160625458
PPO_7,1051560,entropy,-0.24583487212657928
PPO_7,1059840,entropy,-0.21370503306388855
PPO_7,1065360,entropy,-0.22542038559913635
PPO_7,1070880,entropy,-0.1950100213289261
PPO_7,1079160,entropy,-0.19191496074199677
PPO_7,1084680,entropy,-0.18613678216934204
PPO_7,1092960,entropy,-0.15668661892414093
PPO_7,1098480,entropy,-0.15090613067150116
PPO_7,1106760,entropy,-0.1282579004764557
PPO_7,1112280,entropy,-0.10390057414770126
PPO_7,1117800,entropy,-0.07582839578390121
PPO_7,1126080,entropy,-0.040873657912015915
PPO_7,1131600,entropy,-0.059054818004369736
PPO_7,1139880,entropy,-0.03709518909454346
PPO_7,1145400,entropy,-0.023647071793675423
PPO_7,1150920,entropy,-0.0006995320436544716
PPO_7,1159200,entropy,0.03596501797437668
PPO_7,1164720,entropy,0.026075122877955437
PPO_7,1173000,entropy,0.049665484577417374
PPO_7,1178520,entropy,0.06746368110179901
PPO_7,1186800,entropy,0.09829573333263397
PPO_7,1192320,entropy,0.11487748473882675
PPO_7,1197840,entropy,0.1072281152009964
PPO_7,1206120,entropy,0.14984780550003052
PPO_7,1211640,entropy,0.16427907347679138
PPO_7,1219920,entropy,0.19031010568141937
PPO_7,1225440,entropy,0.21809539198875427
PPO_7,1233720,entropy,0.2278435081243515
PPO_7,1239240,entropy,0.2283758521080017
PPO_7,1244760,entropy,0.2405981719493866
PPO_7,1253040,entropy,0.23389194905757904
PPO_7,1258560,entropy,0.26040124893188477
PPO_7,1266840,entropy,0.27068066596984863
PPO_7,1272360,entropy,0.29314878582954407
PPO_7,1277880,entropy,0.30213338136672974
PPO_7,1286160,entropy,0.29956290125846863
PPO_7,1291680,entropy,0.313798189163208
PPO_7,1299960,entropy,0.3308452069759369
PPO_7,1305480,entropy,0.3491065502166748
PPO_7,1313760,entropy,0.3645850121974945
PPO_7,1319280,entropy,0.3652169108390808
PPO_7,1324800,entropy,0.3872363567352295
PPO_7,1333080,entropy,0.3740592896938324
PPO_7,1338600,entropy,0.3780510723590851
PPO_7,1346880,entropy,0.39782601594924927
PPO_7,1352400,entropy,0.38767412304878235
PPO_7,1357920,entropy,0.3976605236530304
PPO_7,1366200,entropy,0.3933751583099365
PPO_7,1371720,entropy,0.40041443705558777
PPO_7,1380000,entropy,0.4194944202899933
PPO_7,1385520,entropy,0.4065251648426056
PPO_7,1393800,entropy,0.43069660663604736
PPO_7,1399320,entropy,0.4258763790130615
PPO_7,1404840,entropy,0.43682733178138733
PPO_7,1413120,entropy,0.45034438371658325
PPO_7,1418640,entropy,0.44874998927116394
PPO_7,1426920,entropy,0.4768822491168976
PPO_7,1432440,entropy,0.4708513915538788
PPO_7,1437960,entropy,0.471915602684021
PPO_7,1446240,entropy,0.47681039571762085
PPO_7,1451760,entropy,0.4688389301300049
PPO_7,1460040,entropy,0.4704601466655731
PPO_7,1465560,entropy,0.47961241006851196
PPO_7,1473840,entropy,0.5012713074684143
PPO_7,1479360,entropy,0.5250658392906189
PPO_7,1484880,entropy,0.5151949524879456
PPO_7,1493160,entropy,0.5545831918716431
PPO_7,1498680,entropy,0.5470061898231506
PPO_7,1506960,entropy,0.5539878010749817
PPO_7,1512480,entropy,0.5626334547996521
PPO_7,1520760,entropy,0.5613470673561096
PPO_7,1526280,entropy,0.569516658782959
PPO_7,1531800,entropy,0.5654242038726807
PPO_7,1540080,entropy,0.5754547715187073
PPO_7,1545600,entropy,0.599011242389679
PPO_7,1553880,entropy,0.6102378368377686
PPO_7,1559400,entropy,0.6191774606704712
PPO_7,1564920,entropy,0.616433322429657
PPO_7,1573200,entropy,0.6291661262512207
PPO_7,1578720,entropy,0.6468764543533325
PPO_7,1587000,entropy,0.636851966381073
PPO_7,1592520,entropy,0.6522890329360962
PPO_7,1600800,entropy,0.673828125
PPO_7,1606320,entropy,0.6613104343414307
PPO_7,1611840,entropy,0.6705344319343567
PPO_7,1620120,entropy,0.6818662285804749
PPO_7,1625640,entropy,0.6860709190368652
PPO_7,1633920,entropy,0.7170674204826355
PPO_7,1639440,entropy,0.7048234939575195
PPO_7,1644960,entropy,0.6989750266075134
PPO_7,1653240,entropy,0.7086479663848877
PPO_7,1658760,entropy,0.7140675187110901
PPO_7,1667040,entropy,0.7203826308250427
PPO_7,1672560,entropy,0.7222563028335571
PPO_7,1680840,entropy,0.727550745010376
PPO_7,1686360,entropy,0.716556966304779
PPO_7,1691880,entropy,0.717250645160675
PPO_7,1700160,entropy,0.7224081754684448
PPO_7,1705680,entropy,0.720604419708252
PPO_7,1713960,entropy,0.7272858619689941
PPO_7,1719480,entropy,0.7283667325973511
PPO_7,1725000,entropy,0.7323445081710815
PPO_7,1733280,entropy,0.7597776651382446
PPO_7,1738800,entropy,0.7602020502090454
PPO_7,1747080,entropy,0.7621958255767822
PPO_7,1752600,entropy,0.7632719874382019
PPO_7,1760880,entropy,0.7689013481140137
PPO_7,1766400,entropy,0.777387797832489
PPO_7,1771920,entropy,0.7637838125228882
PPO_7,1780200,entropy,0.7752041220664978
PPO_7,1785720,entropy,0.7706142663955688
PPO_7,1794000,entropy,0.7870961427688599
PPO_7,1799520,entropy,0.8069023489952087
PPO_7,1807800,entropy,0.7950631976127625
PPO_7,1813320,entropy,0.8050110340118408
PPO_7,1818840,entropy,0.8187505602836609
PPO_7,1827120,entropy,0.8279271721839905
PPO_7,1832640,entropy,0.8500778675079346
PPO_7,1840920,entropy,0.8524343371391296
PPO_7,1846440,entropy,0.8525106906890869
PPO_7,1851960,entropy,0.8661661744117737
PPO_7,1860240,entropy,0.8722333908081055
PPO_7,1865760,entropy,0.8822631239891052
PPO_7,1874040,entropy,0.8979318141937256
PPO_7,1879560,entropy,0.9061543345451355
PPO_7,1887840,entropy,0.9351254105567932
PPO_7,1893360,entropy,0.93890380859375
PPO_7,1898880,entropy,0.9499489068984985
PPO_7,1907160,entropy,0.9604224562644958
PPO_7,1912680,entropy,0.9692651629447937
PPO_7,1920960,entropy,0.9851080775260925
PPO_7,1926480,entropy,0.9866655468940735
PPO_7,1932000,entropy,1.0035609006881714
PPO_7,1940280,entropy,1.0124653577804565
PPO_7,1945800,entropy,1.0154732465744019
PPO_7,1954080,entropy,1.0371649265289307
PPO_7,1959600,entropy,1.0341532230377197
PPO_7,1967880,entropy,1.0537291765213013
PPO_7,1973400,entropy,1.0712660551071167
PPO_7,1978920,entropy,1.098737359046936
PPO_7,1987200,entropy,1.1317017078399658
PPO_7,1992720,entropy,1.1203120946884155
PPO_7,2001000,entropy,1.1259424686431885
PPO_7,2006520,entropy,1.1373623609542847
PPO_7,2012040,entropy,1.1439688205718994
PPO_7,2020320,entropy,1.166252851486206
PPO_7,2025840,entropy,1.1448259353637695
PPO_7,2034120,entropy,1.1634879112243652
PPO_7,2039640,entropy,1.1730302572250366
PPO_7,2047920,entropy,1.1891074180603027
PPO_7,2053440,entropy,1.1940317153930664
PPO_7,2058960,entropy,1.1958000659942627
PPO_7,2067240,entropy,1.2033246755599976
PPO_7,2072760,entropy,1.2084742784500122
PPO_7,2081040,entropy,1.2132556438446045
PPO_7,2086560,entropy,1.242064118385315
PPO_7,2094840,entropy,1.24265718460083
PPO_7,2100360,entropy,1.242969274520874
PPO_7,2105880,entropy,1.2491748332977295
PPO_7,2114160,entropy,1.2699540853500366
PPO_7,2119680,entropy,1.2796692848205566
PPO_7,2127960,entropy,1.2980293035507202
PPO_7,2133480,entropy,1.2999430894851685
PPO_7,2139000,entropy,1.3071826696395874
PPO_7,2147280,entropy,1.3044971227645874
PPO_7,2152800,entropy,1.318137526512146
PPO_7,2161080,entropy,1.3277052640914917
PPO_7,2166600,entropy,1.3207296133041382
PPO_7,2174880,entropy,1.3197392225265503
PPO_7,2180400,entropy,1.3192193508148193
PPO_7,2185920,entropy,1.3221031427383423
PPO_7,2194200,entropy,1.3209882974624634
PPO_7,2199720,entropy,1.329795479774475
PPO_7,2208000,entropy,1.348806381225586
PPO_7,2213520,entropy,1.335841417312622
PPO_7,2219040,entropy,1.3385642766952515
PPO_7,2227320,entropy,1.3246755599975586
PPO_7,2232840,entropy,1.341490626335144
PPO_7,2241120,entropy,1.3473905324935913
PPO_7,2246640,entropy,1.332977056503296
PPO_7,2254920,entropy,1.3298097848892212
PPO_7,2260440,entropy,1.3242942094802856
PPO_7,2265960,entropy,1.3290199041366577
PPO_7,2274240,entropy,1.3403809070587158
PPO_7,2279760,entropy,1.3268331289291382
PPO_7,2288040,entropy,1.336809515953064
PPO_7,2293560,entropy,1.3314404487609863
PPO_7,2299080,entropy,1.3234542608261108
PPO_7,2307360,entropy,1.320575475692749
PPO_7,2312880,entropy,1.3195565938949585
PPO_7,2321160,entropy,1.3196505308151245
PPO_7,2326680,entropy,1.3083336353302002
PPO_7,2334960,entropy,1.3126113414764404
PPO_7,2340480,entropy,1.3097110986709595
PPO_7,2346000,entropy,1.2924984693527222
PPO_7,2354280,entropy,1.297287106513977
PPO_7,2359800,entropy,1.294849157333374
PPO_7,2368080,entropy,1.2752697467803955
PPO_7,2373600,entropy,1.2939471006393433
PPO_7,2381880,entropy,1.3023273944854736
PPO_7,2387400,entropy,1.3031991720199585
PPO_7,2392920,entropy,1.3005036115646362
PPO_7,2401200,entropy,1.3018877506256104
PPO_7,2406720,entropy,1.3179789781570435
PPO_7,2415000,entropy,1.3233212232589722
PPO_7,2420520,entropy,1.3331599235534668
PPO_7,2426040,entropy,1.3375885486602783
PPO_7,2434320,entropy,1.3482129573822021
PPO_7,2439840,entropy,1.358140230178833
PPO_7,2448120,entropy,1.3475908041000366
PPO_7,2453640,entropy,1.352798581123352
PPO_7,2461920,entropy,1.3604592084884644
PPO_7,2467440,entropy,1.3511559963226318
PPO_7,2472960,entropy,1.3581652641296387
PPO_7,2481240,entropy,1.3550446033477783
PPO_7,2486760,entropy,1.3533192873001099
PPO_7,2495040,entropy,1.3609226942062378
PPO_7,2500560,entropy,1.3552801609039307
PPO_7,2506080,entropy,1.3742917776107788
PPO_7,2514360,entropy,1.373397707939148
PPO_7,2519880,entropy,1.3693296909332275
PPO_7,2528160,entropy,1.3850942850112915
PPO_7,2533680,entropy,1.3874387741088867
PPO_7,2541960,entropy,1.4178541898727417
PPO_7,2547480,entropy,1.420676827430725
PPO_7,2553000,entropy,1.4209277629852295
PPO_7,2561280,entropy,1.4239728450775146
PPO_7,2566800,entropy,1.4177488088607788
PPO_7,2575080,entropy,1.4246814250946045
PPO_7,2580600,entropy,1.41521418094635
PPO_7,2586120,entropy,1.4165343046188354
PPO_7,2594400,entropy,1.433590292930603
PPO_7,2599920,entropy,1.4373079538345337
PPO_7,2608200,entropy,1.4518463611602783
PPO_7,2613720,entropy,1.4486315250396729
PPO_7,2622000,entropy,1.4550522565841675
PPO_7,2627520,entropy,1.4656798839569092
PPO_7,2633040,entropy,1.4678895473480225
PPO_7,2641320,entropy,1.4908033609390259
PPO_7,2646840,entropy,1.4897984266281128
PPO_7,2655120,entropy,1.4716392755508423
PPO_7,2660640,entropy,1.4832700490951538
PPO_7,2668920,entropy,1.4921778440475464
PPO_7,5520,approx_kl,0.010594035498797894
PPO_7,11040,approx_kl,0.008092501200735569
PPO_7,16560,approx_kl,0.006566927302628756
PPO_7,24840,approx_kl,0.0065905689261853695
PPO_7,30360,approx_kl,0.012493249028921127
PPO_7,38640,approx_kl,0.011169485747814178
PPO_7,44160,approx_kl,0.006401627790182829
PPO_7,49680,approx_kl,0.00803417433053255
PPO_7,57960,approx_kl,0.004786245990544558
PPO_7,63480,approx_kl,0.007160998415201902
PPO_7,71760,approx_kl,0.007872575893998146
PPO_7,77280,approx_kl,0.005256403237581253
PPO_7,85560,approx_kl,0.004044561181217432
PPO_7,91080,approx_kl,0.004538125824183226
PPO_7,96600,approx_kl,0.005623875185847282
PPO_7,104880,approx_kl,0.006405723746865988
PPO_7,110400,approx_kl,0.005788827780634165
PPO_7,118680,approx_kl,0.0049997661262750626
PPO_7,124200,approx_kl,0.004627291578799486
PPO_7,129720,approx_kl,0.005708014126867056
PPO_7,138000,approx_kl,0.005571676883846521
PPO_7,143520,approx_kl,0.007239604834467173
PPO_7,151800,approx_kl,0.0063778492622077465
PPO_7,157320,approx_kl,0.005029893480241299
PPO_7,165600,approx_kl,0.005863260477781296
PPO_7,171120,approx_kl,0.0062766168266534805
PPO_7,176640,approx_kl,0.006106910761445761
PPO_7,184920,approx_kl,0.004615406971424818
PPO_7,190440,approx_kl,0.004050456453114748
PPO_7,198720,approx_kl,0.005800444167107344
PPO_7,204240,approx_kl,0.006308451294898987
PPO_7,209760,approx_kl,0.007431240752339363
PPO_7,218040,approx_kl,0.004303615540266037
PPO_7,223560,approx_kl,0.006071209907531738
PPO_7,231840,approx_kl,0.003343142569065094
PPO_7,237360,approx_kl,0.0036677576135843992
PPO_7,245640,approx_kl,0.005929631646722555
PPO_7,251160,approx_kl,0.005555261392146349
PPO_7,256680,approx_kl,0.004669595509767532
PPO_7,264960,approx_kl,0.006069662515074015
PPO_7,270480,approx_kl,0.004997598472982645
PPO_7,278760,approx_kl,0.003644806332886219
PPO_7,284280,approx_kl,0.004445510450750589
PPO_7,289800,approx_kl,0.003047302132472396
PPO_7,298080,approx_kl,0.00454326905310154
PPO_7,303600,approx_kl,0.0060637411661446095
PPO_7,311880,approx_kl,0.003018786897882819
PPO_7,317400,approx_kl,0.005593238864094019
PPO_7,325680,approx_kl,0.005954527761787176
PPO_7,331200,approx_kl,0.00738596310839057
PPO_7,336720,approx_kl,0.006576683837920427
PPO_7,345000,approx_kl,0.0034455806016921997
PPO_7,350520,approx_kl,0.005695431958884001
PPO_7,358800,approx_kl,0.005040615797042847
PPO_7,364320,approx_kl,0.005985634867101908
PPO_7,372600,approx_kl,0.0036326132249087095
PPO_7,378120,approx_kl,0.0034173307940363884
PPO_7,383640,approx_kl,0.0021092547103762627
PPO_7,391920,approx_kl,0.008414261974394321
PPO_7,397440,approx_kl,0.008200814947485924
PPO_7,405720,approx_kl,0.003896033391356468
PPO_7,411240,approx_kl,0.00500206695869565
PPO_7,416760,approx_kl,0.005433958489447832
PPO_7,425040,approx_kl,0.0028413627296686172
PPO_7,430560,approx_kl,0.004240081645548344
PPO_7,438840,approx_kl,0.005290499422699213
PPO_7,444360,approx_kl,0.00529102049767971
PPO_7,452640,approx_kl,0.006492455955594778
PPO_7,458160,approx_kl,0.004694737493991852
PPO_7,463680,approx_kl,0.006633417680859566
PPO_7,471960,approx_kl,0.007053352426737547
PPO_7,477480,approx_kl,0.0036575805861502886
PPO_7,485760,approx_kl,0.007410211954265833
PPO_7,491280,approx_kl,0.005747565533965826
PPO_7,496800,approx_kl,0.006165438797324896
PPO_7,505080,approx_kl,0.004615472164005041
PPO_7,510600,approx_kl,0.00548867741599679
PPO_7,518880,approx_kl,0.004803986754268408
PPO_7,524400,approx_kl,0.0055851624347269535
PPO_7,532680,approx_kl,0.006813289597630501
PPO_7,538200,approx_kl,0.005400001537054777
PPO_7,543720,approx_kl,0.0034688569139689207
PPO_7,552000,approx_kl,0.005160032771527767
PPO_7,557520,approx_kl,0.004572354722768068
PPO_7,565800,approx_kl,0.003914722707122564
PPO_7,571320,approx_kl,0.005309596192091703
PPO_7,576840,approx_kl,0.0031924385111778975
PPO_7,585120,approx_kl,0.005758760962635279
PPO_7,590640,approx_kl,0.006810775492340326
PPO_7,598920,approx_kl,0.00275626708753407
PPO_7,604440,approx_kl,0.004971778020262718
PPO_7,612720,approx_kl,0.004729069769382477
PPO_7,618240,approx_kl,0.0031961745116859674
PPO_7,623760,approx_kl,0.008866172283887863
PPO_7,632040,approx_kl,0.0038906745612621307
PPO_7,637560,approx_kl,0.010130425915122032
PPO_7,645840,approx_kl,0.007562430575489998
PPO_7,651360,approx_kl,0.004537010099738836
PPO_7,659640,approx_kl,0.0033408578019589186
PPO_7,665160,approx_kl,0.006275450345128775
PPO_7,670680,approx_kl,0.007863822393119335
PPO_7,678960,approx_kl,0.007339967880398035
PPO_7,684480,approx_kl,0.006672888994216919
PPO_7,692760,approx_kl,0.008948187343776226
PPO_7,698280,approx_kl,0.007517218589782715
PPO_7,703800,approx_kl,0.004027544055134058
PPO_7,712080,approx_kl,0.006027754861861467
PPO_7,717600,approx_kl,0.010785914026200771
PPO_7,725880,approx_kl,0.003106103278696537
PPO_7,731400,approx_kl,0.004622325766831636
PPO_7,739680,approx_kl,0.005434555932879448
PPO_7,745200,approx_kl,0.0047804429195821285
PPO_7,750720,approx_kl,0.003915120381861925
PPO_7,759000,approx_kl,0.003090475918725133
PPO_7,764520,approx_kl,0.005864056292921305
PPO_7,772800,approx_kl,0.007794660981744528
PPO_7,778320,approx_kl,0.006733553484082222
PPO_7,783840,approx_kl,0.007552089635282755
PPO_7,792120,approx_kl,0.00324881449341774
PPO_7,797640,approx_kl,0.0038612487260252237
PPO_7,805920,approx_kl,0.005668168421834707
PPO_7,811440,approx_kl,0.004803807009011507
PPO_7,819720,approx_kl,0.005346605554223061
PPO_7,825240,approx_kl,0.0051149483770132065
PPO_7,830760,approx_kl,0.005267198663204908
PPO_7,839040,approx_kl,0.00775747187435627
PPO_7,844560,approx_kl,0.006242954637855291
PPO_7,852840,approx_kl,0.004737915936857462
PPO_7,858360,approx_kl,0.007535766810178757
PPO_7,863880,approx_kl,0.005703537259250879
PPO_7,872160,approx_kl,0.006102220620959997
PPO_7,877680,approx_kl,0.005406294018030167
PPO_7,885960,approx_kl,0.006434619426727295
PPO_7,891480,approx_kl,0.008283301256597042
PPO_7,899760,approx_kl,0.004709816072136164
PPO_7,905280,approx_kl,0.009430588223040104
PPO_7,910800,approx_kl,0.004372849594801664
PPO_7,919080,approx_kl,0.004708485212177038
PPO_7,924600,approx_kl,0.01206978689879179
PPO_7,932880,approx_kl,0.0044915988110005856
PPO_7,938400,approx_kl,0.007079306989908218
PPO_7,946680,approx_kl,0.004706779960542917
PPO_7,952200,approx_kl,0.0036788620054721832
PPO_7,957720,approx_kl,0.0037184664979577065
PPO_7,966000,approx_kl,0.011453119106590748
PPO_7,971520,approx_kl,0.011965452693402767
PPO_7,979800,approx_kl,0.009037249721586704
PPO_7,985320,approx_kl,0.003938466776162386
PPO_7,990840,approx_kl,0.006079051643610001
PPO_7,999120,approx_kl,0.006343510001897812
PPO_7,1004640,approx_kl,0.00884953886270523
PPO_7,1012920,approx_kl,0.007939121685922146
PPO_7,1018440,approx_kl,0.0069169290363788605
PPO_7,1026720,approx_kl,0.012477545998990536
PPO_7,1032240,approx_kl,0.005261823069304228
PPO_7,1037760,approx_kl,0.0189680028706789
PPO_7,1046040,approx_kl,0.006040145177394152
PPO_7,1051560,approx_kl,0.005266391206532717
PPO_7,1059840,approx_kl,0.0064294468611478806
PPO_7,1065360,approx_kl,0.0059351734817028046
PPO_7,1070880,approx_kl,0.009441949427127838
PPO_7,1079160,approx_kl,0.004324960056692362
PPO_7,1084680,approx_kl,0.005862200632691383
PPO_7,1092960,approx_kl,0.004111945163458586
PPO_7,1098480,approx_kl,0.007298257201910019
PPO_7,1106760,approx_kl,0.00608314061537385
PPO_7,1112280,approx_kl,0.004608455114066601
PPO_7,1117800,approx_kl,0.006635161582380533
PPO_7,1126080,approx_kl,0.0085701709613204
PPO_7,1131600,approx_kl,0.005047811660915613
PPO_7,1139880,approx_kl,0.015190497040748596
PPO_7,1145400,approx_kl,0.006649914663285017
PPO_7,1150920,approx_kl,0.006744969170540571
PPO_7,1159200,approx_kl,0.011929345317184925
PPO_7,1164720,approx_kl,0.006249625701457262
PPO_7,1173000,approx_kl,0.007040503900498152
PPO_7,1178520,approx_kl,0.002335876924917102
PPO_7,1186800,approx_kl,0.00679585337638855
PPO_7,1192320,approx_kl,0.008168808184564114
PPO_7,1197840,approx_kl,0.012072511948645115
PPO_7,1206120,approx_kl,0.008144567720592022
PPO_7,1211640,approx_kl,0.006504619028419256
PPO_7,1219920,approx_kl,0.005424901843070984
PPO_7,1225440,approx_kl,0.005372151266783476
PPO_7,1233720,approx_kl,0.01569739170372486
PPO_7,1239240,approx_kl,0.008060271851718426
PPO_7,1244760,approx_kl,0.011219327338039875
PPO_7,1253040,approx_kl,0.007936112582683563
PPO_7,1258560,approx_kl,0.006469328422099352
PPO_7,1266840,approx_kl,0.008378676138818264
PPO_7,1272360,approx_kl,0.006496842484921217
PPO_7,1277880,approx_kl,0.01891940087080002
PPO_7,1286160,approx_kl,0.007466153707355261
PPO_7,1291680,approx_kl,0.007457050960510969
PPO_7,1299960,approx_kl,0.007044168654829264
PPO_7,1305480,approx_kl,0.006648039910942316
PPO_7,1313760,approx_kl,0.014219969511032104
PPO_7,1319280,approx_kl,0.0038673384115099907
PPO_7,1324800,approx_kl,0.013554644770920277
PPO_7,1333080,approx_kl,0.008679366670548916
PPO_7,1338600,approx_kl,0.0039047093596309423
PPO_7,1346880,approx_kl,0.013022285886108875
PPO_7,1352400,approx_kl,0.005490243900567293
PPO_7,1357920,approx_kl,0.010379166342318058
PPO_7,1366200,approx_kl,0.005440419539809227
PPO_7,1371720,approx_kl,0.004169793333858252
PPO_7,1380000,approx_kl,0.009340326301753521
PPO_7,1385520,approx_kl,0.0039901998825371265
PPO_7,1393800,approx_kl,0.005160233937203884
PPO_7,1399320,approx_kl,0.00627088500186801
PPO_7,1404840,approx_kl,0.003215240081772208
PPO_7,1413120,approx_kl,0.007318733725696802
PPO_7,1418640,approx_kl,0.008982939645648003
PPO_7,1426920,approx_kl,0.004681910388171673
PPO_7,1432440,approx_kl,0.006298793014138937
PPO_7,1437960,approx_kl,0.007154592778533697
PPO_7,1446240,approx_kl,0.0068552144803106785
PPO_7,1451760,approx_kl,0.008842965587973595
PPO_7,1460040,approx_kl,0.0069444626569747925
PPO_7,1465560,approx_kl,0.00939135905355215
PPO_7,1473840,approx_kl,0.006390769500285387
PPO_7,1479360,approx_kl,0.006674481090158224
PPO_7,1484880,approx_kl,0.006040793377906084
PPO_7,1493160,approx_kl,0.014241814613342285
PPO_7,1498680,approx_kl,0.005146969575434923
PPO_7,1506960,approx_kl,0.00586903328076005
PPO_7,1512480,approx_kl,0.006692167837172747
PPO_7,1520760,approx_kl,0.009596561081707478
PPO_7,1526280,approx_kl,0.005487509071826935
PPO_7,1531800,approx_kl,0.017242195084691048
PPO_7,1540080,approx_kl,0.008225788362324238
PPO_7,1545600,approx_kl,0.006146613974124193
PPO_7,1553880,approx_kl,0.010169686749577522
PPO_7,1559400,approx_kl,0.005615025758743286
PPO_7,1564920,approx_kl,0.006842000409960747
PPO_7,1573200,approx_kl,0.00584790064021945
PPO_7,1578720,approx_kl,0.030057309195399284
PPO_7,1587000,approx_kl,0.004692531190812588
PPO_7,1592520,approx_kl,0.007105076219886541
PPO_7,1600800,approx_kl,0.006049660500138998
PPO_7,1606320,approx_kl,0.00826866552233696
PPO_7,1611840,approx_kl,0.00774708716198802
PPO_7,1620120,approx_kl,0.00839055236428976
PPO_7,1625640,approx_kl,0.007251775357872248
PPO_7,1633920,approx_kl,0.006135058123618364
PPO_7,1639440,approx_kl,0.012190763838589191
PPO_7,1644960,approx_kl,0.005739045795053244
PPO_7,1653240,approx_kl,0.003739043138921261
PPO_7,1658760,approx_kl,0.006953804288059473
PPO_7,1667040,approx_kl,0.009580562822520733
PPO_7,1672560,approx_kl,0.00916003156453371
PPO_7,1680840,approx_kl,0.012156829237937927
PPO_7,1686360,approx_kl,0.008572572842240334
PPO_7,1691880,approx_kl,0.005859313532710075
PPO_7,1700160,approx_kl,0.006837750319391489
PPO_7,1705680,approx_kl,0.00557555491104722
PPO_7,1713960,approx_kl,0.008378240279853344
PPO_7,1719480,approx_kl,0.015260268934071064
PPO_7,1725000,approx_kl,0.006066886708140373
PPO_7,1733280,approx_kl,0.007953855209052563
PPO_7,1738800,approx_kl,0.009750819765031338
PPO_7,1747080,approx_kl,0.00771348038688302
PPO_7,1752600,approx_kl,0.006934318691492081
PPO_7,1760880,approx_kl,0.004675971809774637
PPO_7,1766400,approx_kl,0.00647508492693305
PPO_7,1771920,approx_kl,0.011697688139975071
PPO_7,1780200,approx_kl,0.004361370578408241
PPO_7,1785720,approx_kl,0.007971759885549545
PPO_7,1794000,approx_kl,0.010802707634866238
PPO_7,1799520,approx_kl,0.005131494719535112
PPO_7,1807800,approx_kl,0.009487424977123737
PPO_7,1813320,approx_kl,0.0034481349866837263
PPO_7,1818840,approx_kl,0.007909456267952919
PPO_7,1827120,approx_kl,0.009135867469012737
PPO_7,1832640,approx_kl,0.008359944447875023
PPO_7,1840920,approx_kl,0.004955519922077656
PPO_7,1846440,approx_kl,0.004909949377179146
PPO_7,1851960,approx_kl,0.007585180923342705
PPO_7,1860240,approx_kl,0.006324497517198324
PPO_7,1865760,approx_kl,0.009339280426502228
PPO_7,1874040,approx_kl,0.008470972999930382
PPO_7,1879560,approx_kl,0.015031254850327969
PPO_7,1887840,approx_kl,0.00839137751609087
PPO_7,1893360,approx_kl,0.013047640211880207
PPO_7,1898880,approx_kl,0.008669539354741573
PPO_7,1907160,approx_kl,0.010149178095161915
PPO_7,1912680,approx_kl,0.006487791892141104
PPO_7,1920960,approx_kl,0.005908704828470945
PPO_7,1926480,approx_kl,0.006375431548804045
PPO_7,1932000,approx_kl,0.009775339625775814
PPO_7,1940280,approx_kl,0.00763104110956192
PPO_7,1945800,approx_kl,0.0062404111959040165
PPO_7,1954080,approx_kl,0.00916200503706932
PPO_7,1959600,approx_kl,0.005776161327958107
PPO_7,1967880,approx_kl,0.01029953733086586
PPO_7,1973400,approx_kl,0.007441506255418062
PPO_7,1978920,approx_kl,0.007597061339765787
PPO_7,1987200,approx_kl,0.006771257612854242
PPO_7,1992720,approx_kl,0.0074897874146699905
PPO_7,2001000,approx_kl,0.007089656312018633
PPO_7,2006520,approx_kl,0.009806371293962002
PPO_7,2012040,approx_kl,0.007253678981214762
PPO_7,2020320,approx_kl,0.015960700809955597
PPO_7,2025840,approx_kl,0.006269791629165411
PPO_7,2034120,approx_kl,0.011361460201442242
PPO_7,2039640,approx_kl,0.005312331020832062
PPO_7,2047920,approx_kl,0.009310106746852398
PPO_7,2053440,approx_kl,0.006438700947910547
PPO_7,2058960,approx_kl,0.005964478477835655
PPO_7,2067240,approx_kl,0.0073776100762188435
PPO_7,2072760,approx_kl,0.015460819005966187
PPO_7,2081040,approx_kl,0.004985859617590904
PPO_7,2086560,approx_kl,0.004931886214762926
PPO_7,2094840,approx_kl,0.00956052914261818
PPO_7,2100360,approx_kl,0.012550655752420425
PPO_7,2105880,approx_kl,0.008206043392419815
PPO_7,2114160,approx_kl,0.01012529619038105
PPO_7,2119680,approx_kl,0.011274517513811588
PPO_7,2127960,approx_kl,0.0099052544683218
PPO_7,2133480,approx_kl,0.010073757730424404
PPO_7,2139000,approx_kl,0.0022746447939425707
PPO_7,2147280,approx_kl,0.009590444155037403
PPO_7,2152800,approx_kl,0.007538666483014822
PPO_7,2161080,approx_kl,0.009957659989595413
PPO_7,2166600,approx_kl,0.014966110698878765
PPO_7,2174880,approx_kl,0.007783476263284683
PPO_7,2180400,approx_kl,0.008568172343075275
PPO_7,2185920,approx_kl,0.016326744109392166
PPO_7,2194200,approx_kl,0.01076218020170927
PPO_7,2199720,approx_kl,0.0055506364442408085
PPO_7,2208000,approx_kl,0.016870126128196716
PPO_7,2213520,approx_kl,0.005833931267261505
PPO_7,2219040,approx_kl,0.008611055091023445
PPO_7,2227320,approx_kl,0.006509577389806509
PPO_7,2232840,approx_kl,0.007666107267141342
PPO_7,2241120,approx_kl,0.005861565936356783
PPO_7,2246640,approx_kl,0.0038379800971597433
PPO_7,2254920,approx_kl,0.01810247264802456
PPO_7,2260440,approx_kl,0.006095494609326124
PPO_7,2265960,approx_kl,0.014087698422372341
PPO_7,2274240,approx_kl,0.007605631370097399
PPO_7,2279760,approx_kl,0.005487844347953796
PPO_7,2288040,approx_kl,0.008033826015889645
PPO_7,2293560,approx_kl,0.009043872356414795
PPO_7,2299080,approx_kl,0.007958653382956982
PPO_7,2307360,approx_kl,0.00739371357485652
PPO_7,2312880,approx_kl,0.008101169019937515
PPO_7,2321160,approx_kl,0.0063665215857326984
PPO_7,2326680,approx_kl,0.004667391534894705
PPO_7,2334960,approx_kl,0.00862532202154398
PPO_7,2340480,approx_kl,0.009581790305674076
PPO_7,2346000,approx_kl,0.005984192248433828
PPO_7,2354280,approx_kl,0.006112562958151102
PPO_7,2359800,approx_kl,0.009765020571649075
PPO_7,2368080,approx_kl,0.007264007348567247
PPO_7,2373600,approx_kl,0.006253616884350777
PPO_7,2381880,approx_kl,0.011620703153312206
PPO_7,2387400,approx_kl,0.011657697148621082
PPO_7,2392920,approx_kl,0.005865657702088356
PPO_7,2401200,approx_kl,0.007060598582029343
PPO_7,2406720,approx_kl,0.009220512583851814
PPO_7,2415000,approx_kl,0.01484848652034998
PPO_7,2420520,approx_kl,0.0057385447435081005
PPO_7,2426040,approx_kl,0.007783394306898117
PPO_7,2434320,approx_kl,0.009061506018042564
PPO_7,2439840,approx_kl,0.0100031653419137
PPO_7,2448120,approx_kl,0.006386406719684601
PPO_7,2453640,approx_kl,0.0054186382330954075
PPO_7,2461920,approx_kl,0.006218356546014547
PPO_7,2467440,approx_kl,0.0073576197028160095
PPO_7,2472960,approx_kl,0.006933989003300667
PPO_7,2481240,approx_kl,0.01387008186429739
PPO_7,2486760,approx_kl,0.008357488550245762
PPO_7,2495040,approx_kl,0.013093404471874237
PPO_7,2500560,approx_kl,0.01145981252193451
PPO_7,2506080,approx_kl,0.010156086646020412
PPO_7,2514360,approx_kl,0.01053420826792717
PPO_7,2519880,approx_kl,0.003846843494102359
PPO_7,2528160,approx_kl,0.008253485895693302
PPO_7,2533680,approx_kl,0.006924398243427277
PPO_7,2541960,approx_kl,0.005629702936857939
PPO_7,2547480,approx_kl,0.013159363530576229
PPO_7,2553000,approx_kl,0.005507414694875479
PPO_7,2561280,approx_kl,0.006005854811519384
PPO_7,2566800,approx_kl,0.01233724132180214
PPO_7,2575080,approx_kl,0.0069465022534132
PPO_7,2580600,approx_kl,0.009833068586885929
PPO_7,2586120,approx_kl,0.013968831859529018
PPO_7,2594400,approx_kl,0.009182880632579327
PPO_7,2599920,approx_kl,0.006352806929498911
PPO_7,2608200,approx_kl,0.007008429616689682
PPO_7,2613720,approx_kl,0.005602015648037195
PPO_7,2622000,approx_kl,0.010164589621126652
PPO_7,2627520,approx_kl,0.012422473169863224
PPO_7,2633040,approx_kl,0.007702930364757776
PPO_7,2641320,approx_kl,0.004498519003391266
PPO_7,2646840,approx_kl,0.00795652437955141
PPO_7,2655120,approx_kl,0.008085100911557674
PPO_7,2660640,approx_kl,0.01059781014919281
PPO_7,2668920,approx_kl,0.007430291268974543
PPO_7,5520,std,0.9984574317932129
PPO_7,11040,std,1.0039206743240356
PPO_7,16560,std,1.0204483270645142
PPO_7,24840,std,1.0175162553787231
PPO_7,30360,std,1.0040521621704102
PPO_7,38640,std,0.98807293176651
PPO_7,44160,std,0.9718918204307556
PPO_7,49680,std,0.960818350315094
PPO_7,57960,std,0.9465276598930359
PPO_7,63480,std,0.9256275296211243
PPO_7,71760,std,0.9187517166137695
PPO_7,77280,std,0.9038097262382507
PPO_7,85560,std,0.8935109972953796
PPO_7,91080,std,0.8958657383918762
PPO_7,96600,std,0.8804769515991211
PPO_7,104880,std,0.8786334991455078
PPO_7,110400,std,0.8693342208862305
PPO_7,118680,std,0.8584941029548645
PPO_7,124200,std,0.8588054776191711
PPO_7,129720,std,0.848848819732666
PPO_7,138000,std,0.8466401100158691
PPO_7,143520,std,0.841218888759613
PPO_7,151800,std,0.8280209898948669
PPO_7,157320,std,0.8360295295715332
PPO_7,165600,std,0.8170997500419617
PPO_7,171120,std,0.8190816044807434
PPO_7,176640,std,0.8078085780143738
PPO_7,184920,std,0.7901353240013123
PPO_7,190440,std,0.7858228087425232
PPO_7,198720,std,0.7671653628349304
PPO_7,204240,std,0.7623440623283386
PPO_7,209760,std,0.751154899597168
PPO_7,218040,std,0.739245593547821
PPO_7,223560,std,0.7426301836967468
PPO_7,231840,std,0.7227423787117004
PPO_7,237360,std,0.7176801562309265
PPO_7,245640,std,0.714221179485321
PPO_7,251160,std,0.7024785876274109
PPO_7,256680,std,0.7036552429199219
PPO_7,264960,std,0.6899116635322571
PPO_7,270480,std,0.6895673274993896
PPO_7,278760,std,0.6780856251716614
PPO_7,284280,std,0.6722517609596252
PPO_7,289800,std,0.6695240139961243
PPO_7,298080,std,0.6577811241149902
PPO_7,303600,std,0.6568700671195984
PPO_7,311880,std,0.6490562558174133
PPO_7,317400,std,0.6402514576911926
PPO_7,325680,std,0.6317432522773743
PPO_7,331200,std,0.6235790252685547
PPO_7,336720,std,0.6241846084594727
PPO_7,345000,std,0.6166486144065857
PPO_7,350520,std,0.6112521290779114
PPO_7,358800,std,0.612829864025116
PPO_7,364320,std,0.6053574085235596
PPO_7,372600,std,0.6038439869880676
PPO_7,378120,std,0.6019753217697144
PPO_7,383640,std,0.5975068807601929
PPO_7,391920,std,0.5938323140144348
PPO_7,397440,std,0.5842881798744202
PPO_7,405720,std,0.5767144560813904
PPO_7,411240,std,0.5757847428321838
PPO_7,416760,std,0.568979024887085
PPO_7,425040,std,0.5660038590431213
PPO_7,430560,std,0.5616098046302795
PPO_7,438840,std,0.5539610981941223
PPO_7,444360,std,0.5545300841331482
PPO_7,452640,std,0.545512855052948
PPO_7,458160,std,0.5464472770690918
PPO_7,463680,std,0.5380958318710327
PPO_7,471960,std,0.5326238870620728
PPO_7,477480,std,0.5359259843826294
PPO_7,485760,std,0.5258398652076721
PPO_7,491280,std,0.5257218480110168
PPO_7,496800,std,0.5190672278404236
PPO_7,505080,std,0.5162104368209839
PPO_7,510600,std,0.5166264176368713
PPO_7,518880,std,0.5082588195800781
PPO_7,524400,std,0.5090063810348511
PPO_7,532680,std,0.5044922232627869
PPO_7,538200,std,0.5011504888534546
PPO_7,543720,std,0.5017945170402527
PPO_7,552000,std,0.491850882768631
PPO_7,557520,std,0.49092182517051697
PPO_7,565800,std,0.48262104392051697
PPO_7,571320,std,0.47542428970336914
PPO_7,576840,std,0.4749787151813507
PPO_7,585120,std,0.4689362049102783
PPO_7,590640,std,0.466354101896286
PPO_7,598920,std,0.4600306451320648
PPO_7,604440,std,0.45468807220458984
PPO_7,612720,std,0.453165203332901
PPO_7,618240,std,0.44746673107147217
PPO_7,623760,std,0.445549339056015
PPO_7,632040,std,0.4410138428211212
PPO_7,637560,std,0.4394172728061676
PPO_7,645840,std,0.44195792078971863
PPO_7,651360,std,0.4379698932170868
PPO_7,659640,std,0.43559399247169495
PPO_7,665160,std,0.4339953362941742
PPO_7,670680,std,0.4287158250808716
PPO_7,678960,std,0.42765870690345764
PPO_7,684480,std,0.42054545879364014
PPO_7,692760,std,0.4190768301486969
PPO_7,698280,std,0.41905853152275085
PPO_7,703800,std,0.4174935817718506
PPO_7,712080,std,0.414840430021286
PPO_7,717600,std,0.4105595052242279
PPO_7,725880,std,0.40368887782096863
PPO_7,731400,std,0.4027167856693268
PPO_7,739680,std,0.39710626006126404
PPO_7,745200,std,0.3961767852306366
PPO_7,750720,std,0.3942996561527252
PPO_7,759000,std,0.3916354477405548
PPO_7,764520,std,0.39197519421577454
PPO_7,772800,std,0.387483149766922
PPO_7,778320,std,0.38772058486938477
PPO_7,783840,std,0.3846847116947174
PPO_7,792120,std,0.3814025819301605
PPO_7,797640,std,0.3814193308353424
PPO_7,805920,std,0.3761482238769531
PPO_7,811440,std,0.37710216641426086
PPO_7,819720,std,0.3751464784145355
PPO_7,825240,std,0.3729678690433502
PPO_7,830760,std,0.3714810311794281
PPO_7,839040,std,0.37187445163726807
PPO_7,844560,std,0.37062814831733704
PPO_7,852840,std,0.37072017788887024
PPO_7,858360,std,0.3677913248538971
PPO_7,863880,std,0.3700913190841675
PPO_7,872160,std,0.3678395748138428
PPO_7,877680,std,0.3700472414493561
PPO_7,885960,std,0.3683169186115265
PPO_7,891480,std,0.3656024634838104
PPO_7,899760,std,0.368540495634079
PPO_7,905280,std,0.3678172826766968
PPO_7,910800,std,0.368868350982666
PPO_7,919080,std,0.36534616351127625
PPO_7,924600,std,0.36343589425086975
PPO_7,932880,std,0.3658314645290375
PPO_7,938400,std,0.36299869418144226
PPO_7,946680,std,0.3640028238296509
PPO_7,952200,std,0.3654980957508087
PPO_7,957720,std,0.36628758907318115
PPO_7,966000,std,0.37068018317222595
PPO_7,971520,std,0.37146881222724915
PPO_7,979800,std,0.3711766302585602
PPO_7,985320,std,0.37109121680259705
PPO_7,990840,std,0.3715040683746338
PPO_7,999120,std,0.37065616250038147
PPO_7,1004640,std,0.36994001269340515
PPO_7,1012920,std,0.36961355805397034
PPO_7,1018440,std,0.3704812526702881
PPO_7,1026720,std,0.3687286078929901
PPO_7,1032240,std,0.369615763425827
PPO_7,1037760,std,0.36689475178718567
PPO_7,1046040,std,0.3682926595211029
PPO_7,1051560,std,0.36654412746429443
PPO_7,1059840,std,0.36482441425323486
PPO_7,1065360,std,0.36587175726890564
PPO_7,1070880,std,0.3640832006931305
PPO_7,1079160,std,0.3626616299152374
PPO_7,1084680,std,0.36520329117774963
PPO_7,1092960,std,0.3624083995819092
PPO_7,1098480,std,0.36145082116127014
PPO_7,1106760,std,0.36082974076271057
PPO_7,1112280,std,0.35757994651794434
PPO_7,1117800,std,0.35750511288642883
PPO_7,1126080,std,0.35739707946777344
PPO_7,1131600,std,0.36076369881629944
PPO_7,1139880,std,0.3586246073246002
PPO_7,1145400,std,0.3557490110397339
PPO_7,1150920,std,0.3558486998081207
PPO_7,1159200,std,0.3551865518093109
PPO_7,1164720,std,0.3573932349681854
PPO_7,1173000,std,0.3572850525379181
PPO_7,1178520,std,0.35519930720329285
PPO_7,1186800,std,0.3534969985485077
PPO_7,1192320,std,0.35430553555488586
PPO_7,1197840,std,0.3530605733394623
PPO_7,1206120,std,0.34698477387428284
PPO_7,1211640,std,0.344332218170166
PPO_7,1219920,std,0.34421220421791077
PPO_7,1225440,std,0.34274327754974365
PPO_7,1233720,std,0.34142136573791504
PPO_7,1239240,std,0.34293892979621887
PPO_7,1244760,std,0.3421121835708618
PPO_7,1253040,std,0.34457793831825256
PPO_7,1258560,std,0.34206271171569824
PPO_7,1266840,std,0.34065869450569153
PPO_7,1272360,std,0.33944299817085266
PPO_7,1277880,std,0.34081920981407166
PPO_7,1286160,std,0.34228193759918213
PPO_7,1291680,std,0.34130510687828064
PPO_7,1299960,std,0.3379373252391815
PPO_7,1305480,std,0.33710870146751404
PPO_7,1313760,std,0.3337053060531616
PPO_7,1319280,std,0.33294978737831116
PPO_7,1324800,std,0.33473989367485046
PPO_7,1333080,std,0.33546534180641174
PPO_7,1338600,std,0.3368462324142456
PPO_7,1346880,std,0.3337593078613281
PPO_7,1352400,std,0.3352356255054474
PPO_7,1357920,std,0.33653995394706726
PPO_7,1366200,std,0.33760860562324524
PPO_7,1371720,std,0.33756276965141296
PPO_7,1380000,std,0.33483824133872986
PPO_7,1385520,std,0.33755210041999817
PPO_7,1393800,std,0.3352344036102295
PPO_7,1399320,std,0.33490288257598877
PPO_7,1404840,std,0.3347295820713043
PPO_7,1413120,std,0.3356035649776459
PPO_7,1418640,std,0.3354250490665436
PPO_7,1426920,std,0.3358958065509796
PPO_7,1432440,std,0.33398520946502686
PPO_7,1437960,std,0.3339782953262329
PPO_7,1446240,std,0.33442214131355286
PPO_7,1451760,std,0.33443960547447205
PPO_7,1460040,std,0.336627334356308
PPO_7,1465560,std,0.33494898676872253
PPO_7,1473840,std,0.3349761962890625
PPO_7,1479360,std,0.33472001552581787
PPO_7,1484880,std,0.33679601550102234
PPO_7,1493160,std,0.33530494570732117
PPO_7,1498680,std,0.3359333276748657
PPO_7,1506960,std,0.33660516142845154
PPO_7,1512480,std,0.3388425409793854
PPO_7,1520760,std,0.34021642804145813
PPO_7,1526280,std,0.34262239933013916
PPO_7,1531800,std,0.3411242663860321
PPO_7,1540080,std,0.3415013253688812
PPO_7,1545600,std,0.34087491035461426
PPO_7,1553880,std,0.3391433656215668
PPO_7,1559400,std,0.34004756808280945
PPO_7,1564920,std,0.3392648696899414
PPO_7,1573200,std,0.33887234330177307
PPO_7,1578720,std,0.33749309182167053
PPO_7,1587000,std,0.33570346236228943
PPO_7,1592520,std,0.3364396393299103
PPO_7,1600800,std,0.33577701449394226
PPO_7,1606320,std,0.33736929297447205
PPO_7,1611840,std,0.3351536691188812
PPO_7,1620120,std,0.3339140713214874
PPO_7,1625640,std,0.33395150303840637
PPO_7,1633920,std,0.3315300941467285
PPO_7,1639440,std,0.3342399597167969
PPO_7,1644960,std,0.33669793605804443
PPO_7,1653240,std,0.33537474274635315
PPO_7,1658760,std,0.33794787526130676
PPO_7,1667040,std,0.33644792437553406
PPO_7,1672560,std,0.3369673192501068
PPO_7,1680840,std,0.3378259241580963
PPO_7,1686360,std,0.3390030860900879
PPO_7,1691880,std,0.34012582898139954
PPO_7,1700160,std,0.33867692947387695
PPO_7,1705680,std,0.3384920060634613
PPO_7,1713960,std,0.3388783633708954
PPO_7,1719480,std,0.338049978017807
PPO_7,1725000,std,0.33827662467956543
PPO_7,1733280,std,0.33751678466796875
PPO_7,1738800,std,0.3388986587524414
PPO_7,1747080,std,0.3404186964035034
PPO_7,1752600,std,0.34070196747779846
PPO_7,1760880,std,0.3410564959049225
PPO_7,1766400,std,0.34282347559928894
PPO_7,1771920,std,0.34576788544654846
PPO_7,1780200,std,0.34851205348968506
PPO_7,1785720,std,0.3501829206943512
PPO_7,1794000,std,0.3501441180706024
PPO_7,1799520,std,0.34905192255973816
PPO_7,1807800,std,0.3503056764602661
PPO_7,1813320,std,0.35060715675354004
PPO_7,1818840,std,0.3480026423931122
PPO_7,1827120,std,0.3471541702747345
PPO_7,1832640,std,0.346659392118454
PPO_7,1840920,std,0.3492825925350189
PPO_7,1846440,std,0.3492695987224579
PPO_7,1851960,std,0.348118394613266
PPO_7,1860240,std,0.3493299186229706
PPO_7,1865760,std,0.35007938742637634
PPO_7,1874040,std,0.3485264480113983
PPO_7,1879560,std,0.3476238548755646
PPO_7,1887840,std,0.34597405791282654
PPO_7,1893360,std,0.34578076004981995
PPO_7,1898880,std,0.34528911113739014
PPO_7,1907160,std,0.3434019982814789
PPO_7,1912680,std,0.3454810678958893
PPO_7,1920960,std,0.3456927537918091
PPO_7,1926480,std,0.3449430763721466
PPO_7,1932000,std,0.34701335430145264
PPO_7,1940280,std,0.34484031796455383
PPO_7,1945800,std,0.3473527431488037
PPO_7,1954080,std,0.34773361682891846
PPO_7,1959600,std,0.3494391441345215
PPO_7,1967880,std,0.34917449951171875
PPO_7,1973400,std,0.3463066518306732
PPO_7,1978920,std,0.3456561267375946
PPO_7,1987200,std,0.34447023272514343
PPO_7,1992720,std,0.34516599774360657
PPO_7,2001000,std,0.3466165363788605
PPO_7,2006520,std,0.3429681956768036
PPO_7,2012040,std,0.34413185715675354
PPO_7,2020320,std,0.34141406416893005
PPO_7,2025840,std,0.34344884753227234
PPO_7,2034120,std,0.3414994180202484
PPO_7,2039640,std,0.3377077877521515
PPO_7,2047920,std,0.3372666537761688
PPO_7,2053440,std,0.3376341760158539
PPO_7,2058960,std,0.33718156814575195
PPO_7,2067240,std,0.3366679251194
PPO_7,2072760,std,0.33519068360328674
PPO_7,2081040,std,0.3325750529766083
PPO_7,2086560,std,0.3323999047279358
PPO_7,2094840,std,0.33406293392181396
PPO_7,2100360,std,0.3355226516723633
PPO_7,2105880,std,0.3347766399383545
PPO_7,2114160,std,0.33362308144569397
PPO_7,2119680,std,0.3331984579563141
PPO_7,2127960,std,0.3301418125629425
PPO_7,2133480,std,0.3314198851585388
PPO_7,2139000,std,0.3300347626209259
PPO_7,2147280,std,0.3306351602077484
PPO_7,2152800,std,0.32943251729011536
PPO_7,2161080,std,0.3274374306201935
PPO_7,2166600,std,0.3283487856388092
PPO_7,2174880,std,0.3294748365879059
PPO_7,2180400,std,0.3300988972187042
PPO_7,2185920,std,0.33107495307922363
PPO_7,2194200,std,0.33066341280937195
PPO_7,2199720,std,0.3307301700115204
PPO_7,2208000,std,0.33135730028152466
PPO_7,2213520,std,0.3321719467639923
PPO_7,2219040,std,0.33309271931648254
PPO_7,2227320,std,0.33373621106147766
PPO_7,2232840,std,0.33266228437423706
PPO_7,2241120,std,0.33211925625801086
PPO_7,2246640,std,0.33351925015449524
PPO_7,2254920,std,0.3348044455051422
PPO_7,2260440,std,0.33265313506126404
PPO_7,2265960,std,0.333297461271286
PPO_7,2274240,std,0.33301085233688354
PPO_7,2279760,std,0.33261796832084656
PPO_7,2288040,std,0.3317386507987976
PPO_7,2293560,std,0.3313194811344147
PPO_7,2299080,std,0.333525687456131
PPO_7,2307360,std,0.3321167230606079
PPO_7,2312880,std,0.3308330178260803
PPO_7,2321160,std,0.33520379662513733
PPO_7,2326680,std,0.33383306860923767
PPO_7,2334960,std,0.33477067947387695
PPO_7,2340480,std,0.33756592869758606
PPO_7,2346000,std,0.33876195549964905
PPO_7,2354280,std,0.3384048044681549
PPO_7,2359800,std,0.34088394045829773
PPO_7,2368080,std,0.3408971130847931
PPO_7,2373600,std,0.3401820659637451
PPO_7,2381880,std,0.34018024802207947
PPO_7,2387400,std,0.3410663902759552
PPO_7,2392920,std,0.34073469042778015
PPO_7,2401200,std,0.3377859592437744
PPO_7,2406720,std,0.3371964991092682
PPO_7,2415000,std,0.3372351825237274
PPO_7,2420520,std,0.3386036455631256
PPO_7,2426040,std,0.3369241952896118
PPO_7,2434320,std,0.33696696162223816
PPO_7,2439840,std,0.3388099670410156
PPO_7,2448120,std,0.33938515186309814
PPO_7,2453640,std,0.3397620916366577
PPO_7,2461920,std,0.34118083119392395
PPO_7,2467440,std,0.3429514169692993
PPO_7,2472960,std,0.34333279728889465
PPO_7,2481240,std,0.34453535079956055
PPO_7,2486760,std,0.34512317180633545
PPO_7,2495040,std,0.34438881278038025
PPO_7,2500560,std,0.3433580696582794
PPO_7,2506080,std,0.3419976532459259
PPO_7,2514360,std,0.3432256877422333
PPO_7,2519880,std,0.3444076478481293
PPO_7,2528160,std,0.34453463554382324
PPO_7,2533680,std,0.34257569909095764
PPO_7,2541960,std,0.3415210247039795
PPO_7,2547480,std,0.34045401215553284
PPO_7,2553000,std,0.34386301040649414
PPO_7,2561280,std,0.3423118591308594
PPO_7,2566800,std,0.3424780070781708
PPO_7,2575080,std,0.3421679735183716
PPO_7,2580600,std,0.3437078297138214
PPO_7,2586120,std,0.3443565368652344
PPO_7,2594400,std,0.34442487359046936
PPO_7,2599920,std,0.34409740567207336
PPO_7,2608200,std,0.34663739800453186
PPO_7,2613720,std,0.3469163179397583
PPO_7,2622000,std,0.34566500782966614
PPO_7,2627520,std,0.3472011983394623
PPO_7,2633040,std,0.34613633155822754
PPO_7,2641320,std,0.3452812731266022
PPO_7,2646840,std,0.345562219619751
PPO_7,2655120,std,0.3496497571468353
PPO_7,2660640,std,0.34942731261253357
PPO_7,2668920,std,0.3484623432159424
PPO_8,11040,reward,-4067.651123046875
PPO_8,22080,reward,-2841.78515625
PPO_8,33120,reward,-1447.265869140625
PPO_8,44160,reward,-61.67328643798828
PPO_8,55200,reward,1239.389892578125
PPO_8,66240,reward,2390.2265625
PPO_8,77280,reward,3266.593994140625
PPO_8,88320,reward,4083.1572265625
PPO_8,99360,reward,4767.83837890625
PPO_8,113160,reward,5439.0234375
PPO_8,124200,reward,6044.27197265625
PPO_8,135240,reward,6597.16650390625
PPO_8,146280,reward,7111.5771484375
PPO_8,157320,reward,7592.25537109375
PPO_8,168360,reward,8044.623046875
PPO_8,179400,reward,8468.7216796875
PPO_8,190440,reward,8871.1357421875
PPO_8,204240,reward,9240.884765625
PPO_8,215280,reward,9586.0966796875
PPO_8,226320,reward,9922.291015625
PPO_8,237360,reward,10254.8759765625
PPO_8,248400,reward,10563.5732421875
PPO_8,259440,reward,10858.20703125
PPO_8,270480,reward,11140.5498046875
PPO_8,281520,reward,11406.005859375
PPO_8,292560,reward,11663.25390625
PPO_8,306360,reward,11911.7119140625
PPO_8,317400,reward,12155.2294921875
PPO_8,328440,reward,12384.4501953125
PPO_8,339480,reward,12612.611328125
PPO_8,350520,reward,12838.1982421875
PPO_8,361560,reward,13048.744140625
PPO_8,372600,reward,13259.908203125
PPO_8,383640,reward,13463.4423828125
PPO_8,397440,reward,13855.04296875
PPO_8,408480,reward,14044.353515625
PPO_8,419520,reward,14226.7724609375
PPO_8,430560,reward,14407.5224609375
PPO_8,441600,reward,14588.8984375
PPO_8,452640,reward,14762.37109375
PPO_8,463680,reward,14932.99609375
PPO_8,474720,reward,15100.1103515625
PPO_8,485760,reward,15266.0576171875
PPO_8,499560,reward,15427.94140625
PPO_8,510600,reward,15586.15625
PPO_8,521640,reward,15741.70703125
PPO_8,532680,reward,15889.84765625
PPO_8,543720,reward,16033.0634765625
PPO_8,554760,reward,16172.4736328125
PPO_8,565800,reward,16307.7021484375
PPO_8,576840,reward,16437.185546875
PPO_8,590640,reward,16564.572265625
PPO_8,601680,reward,16693.22265625
PPO_8,612720,reward,16817.099609375
PPO_8,623760,reward,16940.408203125
PPO_8,634800,reward,17059.349609375
PPO_8,645840,reward,17175.115234375
PPO_8,656880,reward,17287.685546875
PPO_8,667920,reward,17398.505859375
PPO_8,678960,reward,17507.091796875
PPO_8,692760,reward,17613.802734375
PPO_8,703800,reward,17718.734375
PPO_8,714840,reward,17821.8515625
PPO_8,725880,reward,17923.119140625
PPO_8,736920,reward,18023.08984375
PPO_8,747960,reward,18120.986328125
PPO_8,759000,reward,18218.044921875
PPO_8,770040,reward,18312.38671875
PPO_8,783840,reward,18497.767578125
PPO_8,794880,reward,18587.146484375
PPO_8,805920,reward,18675.052734375
PPO_8,816960,reward,18760.51953125
PPO_8,828000,reward,18844.36328125
PPO_8,839040,reward,18926.849609375
PPO_8,850080,reward,19007.3984375
PPO_8,861120,reward,19086.865234375
PPO_8,872160,reward,19165.3515625
PPO_8,885960,reward,19242.111328125
PPO_8,897000,reward,19317.494140625
PPO_8,908040,reward,19390.10546875
PPO_8,919080,reward,19462.46484375
PPO_8,930120,reward,19532.03515625
PPO_8,941160,reward,19599.662109375
PPO_8,952200,reward,19666.072265625
PPO_8,963240,reward,19731.1015625
PPO_8,977040,reward,19795.63671875
PPO_8,988080,reward,19858.369140625
PPO_8,999120,reward,19920.267578125
PPO_8,1010160,reward,19981.552734375
PPO_8,1021200,reward,20040.810546875
PPO_8,1032240,reward,20100.634765625
PPO_8,1043280,reward,20159.685546875
PPO_8,1054320,reward,20217.345703125
PPO_8,1065360,reward,20274.837890625
PPO_8,1079160,reward,20332.005859375
PPO_8,1090200,reward,20388.42578125
PPO_8,1101240,reward,20442.7421875
PPO_8,1112280,reward,20496.953125
PPO_8,1123320,reward,20796.08984375
PPO_8,1134360,reward,21071.34375
PPO_8,1145400,reward,21316.501953125
PPO_8,1156440,reward,21534.92578125
PPO_8,1170240,reward,21908.095703125
PPO_8,1181280,reward,22081.818359375
PPO_8,1192320,reward,22243.373046875
PPO_8,1203360,reward,22400.56640625
PPO_8,1214400,reward,22545.5546875
PPO_8,1225440,reward,22685.341796875
PPO_8,1236480,reward,22819.37890625
PPO_8,1247520,reward,22947.10546875
PPO_8,1258560,reward,23069.546875
PPO_8,1272360,reward,23186.8515625
PPO_8,1283400,reward,23299.92578125
PPO_8,1294440,reward,23408.119140625
PPO_8,1305480,reward,23513.953125
PPO_8,1316520,reward,23617.490234375
PPO_8,1327560,reward,23716.30859375
PPO_8,1338600,reward,23809.037109375
PPO_8,1349640,reward,23900.42578125
PPO_8,1363440,reward,23989.0
PPO_8,1374480,reward,24074.703125
PPO_8,1385520,reward,24159.296875
PPO_8,1396560,reward,24241.314453125
PPO_8,1407600,reward,24320.591796875
PPO_8,1418640,reward,24396.18359375
PPO_8,1429680,reward,24470.9765625
PPO_8,1440720,reward,24541.47265625
PPO_8,1451760,reward,24607.76953125
PPO_8,1465560,reward,24675.283203125
PPO_8,1476600,reward,24738.248046875
PPO_8,1487640,reward,24800.15234375
PPO_8,1498680,reward,24858.623046875
PPO_8,1509720,reward,24916.033203125
PPO_8,1520760,reward,24971.013671875
PPO_8,1531800,reward,25024.291015625
PPO_8,1542840,reward,25074.654296875
PPO_8,1556640,reward,25168.2578125
PPO_8,1567680,reward,25212.80859375
PPO_8,1578720,reward,25256.37109375
PPO_8,1589760,reward,25296.56640625
PPO_8,1600800,reward,25335.32421875
PPO_8,1611840,reward,25372.224609375
PPO_8,1622880,reward,25406.78125
PPO_8,1633920,reward,25441.85546875
PPO_8,1644960,reward,25476.38671875
PPO_8,1658760,reward,25509.697265625
PPO_8,1669800,reward,25542.080078125
PPO_8,1680840,reward,25574.603515625
PPO_8,1691880,reward,25606.1875
PPO_8,1702920,reward,25634.931640625
PPO_8,1713960,reward,25663.390625
PPO_8,1725000,reward,25688.99609375
PPO_8,1736040,reward,25716.23828125
PPO_8,1749840,reward,25742.603515625
PPO_8,1760880,reward,25767.974609375
PPO_8,1771920,reward,25792.1171875
PPO_8,1782960,reward,25815.513671875
PPO_8,1794000,reward,25839.00390625
PPO_8,1805040,reward,25860.81640625
PPO_8,1816080,reward,25882.5859375
PPO_8,1827120,reward,25903.46875
PPO_8,1838160,reward,25922.82421875
PPO_8,1851960,reward,25941.484375
PPO_8,1863000,reward,25958.205078125
PPO_8,1874040,reward,25975.58984375
PPO_8,1885080,reward,25991.24609375
PPO_8,1896120,reward,26007.005859375
PPO_8,1907160,reward,26022.029296875
PPO_8,1918200,reward,26036.46484375
PPO_8,1929240,reward,26051.037109375
PPO_8,1943040,reward,26078.697265625
PPO_8,1954080,reward,26092.603515625
PPO_8,1965120,reward,26105.0859375
PPO_8,1976160,reward,26116.203125
PPO_8,1987200,reward,26127.36328125
PPO_8,1998240,reward,26138.2265625
PPO_8,2009280,reward,26149.966796875
PPO_8,2020320,reward,26159.73828125
PPO_8,2031360,reward,26170.564453125
PPO_8,2045160,reward,26181.68359375
PPO_8,2056200,reward,26192.4609375
PPO_8,2067240,reward,26203.59765625
PPO_8,2078280,reward,26213.375
PPO_8,2089320,reward,26223.73828125
PPO_8,2100360,reward,26233.9140625
PPO_8,2111400,reward,26243.451171875
PPO_8,2122440,reward,26253.50390625
PPO_8,2136240,reward,26261.796875
PPO_8,2147280,reward,26269.73828125
PPO_8,2158320,reward,26278.173828125
PPO_8,2169360,reward,26285.8203125
PPO_8,2180400,reward,26291.9296875
PPO_8,2191440,reward,26297.947265625
PPO_8,2202480,reward,26305.29296875
PPO_8,2213520,reward,26311.802734375
PPO_8,2224560,reward,26318.19140625
PPO_8,2238360,reward,26323.865234375
PPO_8,2249400,reward,26329.73828125
PPO_8,2260440,reward,26334.28515625
PPO_8,2271480,reward,26338.900390625
PPO_8,2282520,reward,26343.005859375
PPO_8,2293560,reward,26348.322265625
PPO_8,2304600,reward,26352.80078125
PPO_8,2315640,reward,26358.041015625
PPO_8,2329440,reward,26366.380859375
PPO_8,2340480,reward,26370.294921875
PPO_8,2351520,reward,26374.51953125
PPO_8,2362560,reward,26378.560546875
PPO_8,2373600,reward,26382.669921875
PPO_8,2384640,reward,26385.990234375
PPO_8,2395680,reward,26389.64453125
PPO_8,2406720,reward,26393.9765625
PPO_8,2417760,reward,26397.53515625
PPO_8,2431560,reward,26400.509765625
PPO_8,2442600,reward,26403.92578125
PPO_8,2453640,reward,26406.802734375
PPO_8,2464680,reward,26409.5703125
PPO_8,2475720,reward,26412.505859375
PPO_8,2486760,reward,26415.24609375
PPO_8,2497800,reward,26417.533203125
PPO_8,2508840,reward,26419.767578125
PPO_8,2522640,reward,26422.158203125
PPO_8,2533680,reward,26424.75390625
PPO_8,2544720,reward,26427.8203125
PPO_8,2555760,reward,26431.3125
PPO_8,2566800,reward,26434.12109375
PPO_8,2577840,reward,26436.966796875
PPO_8,2588880,reward,26439.234375
PPO_8,2599920,reward,26442.40625
PPO_8,2610960,reward,26445.662109375
PPO_8,2624760,reward,26448.07421875
PPO_8,2635800,reward,26451.26171875
PPO_8,2646840,reward,26454.26171875
PPO_8,2657880,reward,26456.53125
PPO_8,2668920,reward,26459.2421875
PPO_8,2679960,reward,26461.7734375
PPO_8,2691000,reward,26463.51953125
PPO_8,2702040,reward,26465.63671875
PPO_8,2715840,reward,26470.78515625
PPO_8,2726880,reward,26473.880859375
PPO_8,2737920,reward,26477.4609375
PPO_8,2748960,reward,26480.9375
PPO_8,2760000,reward,26484.509765625
PPO_8,2771040,reward,26488.384765625
PPO_8,2782080,reward,26492.35546875
PPO_8,2793120,reward,26495.951171875
PPO_8,2804160,reward,26499.24609375
PPO_8,2817960,reward,26502.7734375
PPO_8,2829000,reward,26507.0078125
PPO_8,2840040,reward,26509.384765625
PPO_8,2851080,reward,26512.220703125
PPO_8,2862120,reward,26515.255859375
PPO_8,2873160,reward,26518.9609375
PPO_8,2884200,reward,26522.32421875
PPO_8,2895240,reward,26524.134765625
PPO_8,2909040,reward,26527.15234375
PPO_8,2920080,reward,26529.146484375
PPO_8,2931120,reward,26531.498046875
PPO_8,2942160,reward,26534.517578125
PPO_8,2953200,reward,26537.30078125
PPO_8,2964240,reward,26540.673828125
PPO_8,2975280,reward,26543.224609375
PPO_8,2986320,reward,26546.162109375
PPO_8,2997360,reward,26547.986328125
PPO_8,3011160,reward,26550.84765625
PPO_8,3022200,reward,26553.5390625
PPO_8,3033240,reward,26556.458984375
PPO_8,3044280,reward,26559.173828125
PPO_8,3055320,reward,26562.125
PPO_8,3066360,reward,26564.42578125
PPO_8,3077400,reward,26567.40234375
PPO_8,3088440,reward,26570.5390625
PPO_8,3102240,reward,26577.298828125
PPO_8,3113280,reward,26580.54296875
PPO_8,3124320,reward,26584.0859375
PPO_8,3135360,reward,26588.083984375
PPO_8,3146400,reward,26592.181640625
PPO_8,3157440,reward,26596.23828125
PPO_8,3168480,reward,26600.306640625
PPO_8,3179520,reward,26604.857421875
PPO_8,3190560,reward,26609.1484375
PPO_8,3204360,reward,26612.890625
PPO_8,3215400,reward,26616.384765625
PPO_8,3226440,reward,26619.720703125
PPO_8,3237480,reward,26623.16796875
PPO_8,3248520,reward,26626.958984375
PPO_8,3259560,reward,26630.1796875
PPO_8,3270600,reward,26633.33984375
PPO_8,3281640,reward,26636.853515625
PPO_8,3295440,reward,26640.404296875
PPO_8,3306480,reward,26643.591796875
PPO_8,3317520,reward,26646.4609375
PPO_8,3328560,reward,26649.583984375
PPO_8,3339600,reward,26652.767578125
PPO_8,3350640,reward,26656.162109375
PPO_8,3361680,reward,26659.896484375
PPO_8,3372720,reward,26664.080078125
PPO_8,3383760,reward,26668.263671875
PPO_8,3397560,reward,26672.12109375
PPO_8,3408600,reward,26676.265625
PPO_8,3419640,reward,26679.89453125
PPO_8,3430680,reward,26683.80078125
PPO_8,3441720,reward,26687.33203125
PPO_8,3452760,reward,26690.373046875
PPO_8,3463800,reward,26693.44921875
PPO_8,3474840,reward,26696.216796875
PPO_8,3488640,reward,26702.1796875
PPO_8,3499680,reward,26705.146484375
PPO_8,3510720,reward,26708.099609375
PPO_8,3521760,reward,26711.51953125
PPO_8,3532800,reward,26715.125
PPO_8,3543840,reward,26718.36328125
PPO_8,3554880,reward,26721.9296875
PPO_8,3565920,reward,26726.236328125
PPO_8,3576960,reward,26730.001953125
PPO_8,3590760,reward,26733.83203125
PPO_8,3601800,reward,26737.349609375
PPO_8,3612840,reward,26741.01953125
PPO_8,3623880,reward,26744.50390625
PPO_8,3634920,reward,26748.396484375
PPO_8,3645960,reward,26751.705078125
PPO_8,3657000,reward,26754.837890625
PPO_8,3668040,reward,26757.8828125
PPO_8,3681840,reward,26761.232421875
PPO_8,3692880,reward,26764.4296875
PPO_8,3703920,reward,26767.025390625
PPO_8,3714960,reward,26770.390625
PPO_8,3726000,reward,26773.830078125
PPO_8,3737040,reward,26777.3984375
PPO_8,3748080,reward,26781.044921875
PPO_8,3759120,reward,26784.416015625
PPO_8,3770160,reward,26788.193359375
PPO_8,3783960,reward,26791.630859375
PPO_8,3795000,reward,26795.05078125
PPO_8,3806040,reward,26798.4609375
PPO_8,3817080,reward,26801.775390625
PPO_8,3828120,reward,26804.4375
PPO_8,3839160,reward,26807.111328125
PPO_8,3850200,reward,26809.453125
PPO_8,3861240,reward,26811.76953125
PPO_8,3875040,reward,26816.57421875
PPO_8,3886080,reward,26819.048828125
PPO_8,3897120,reward,26821.392578125
PPO_8,3908160,reward,26823.828125
PPO_8,3919200,reward,26826.25390625
PPO_8,3930240,reward,26828.84765625
PPO_8,3941280,reward,26831.376953125
PPO_8,3952320,reward,26833.986328125
PPO_8,3963360,reward,26837.23046875
PPO_8,3977160,reward,26839.6328125
PPO_8,3988200,reward,26842.337890625
PPO_8,3999240,reward,26845.509765625
PPO_8,4010280,reward,26848.029296875
PPO_8,4021320,reward,26850.61328125
PPO_8,4032360,reward,26852.990234375
PPO_8,4043400,reward,26855.259765625
PPO_8,4054440,reward,26857.626953125
PPO_8,4068240,reward,26859.96875
PPO_8,4079280,reward,26862.25390625
PPO_8,4090320,reward,26864.572265625
PPO_8,4101360,reward,26867.4296875
PPO_8,4112400,reward,26869.830078125
PPO_8,4123440,reward,26872.560546875
PPO_8,4134480,reward,26874.876953125
PPO_8,4145520,reward,26877.41796875
PPO_8,4156560,reward,26879.958984375
PPO_8,4170360,reward,26882.40234375
PPO_8,4181400,reward,26884.6796875
PPO_8,4192440,reward,26887.1953125
PPO_8,4203480,reward,26889.55859375
PPO_8,4214520,reward,26891.42578125
PPO_8,4225560,reward,26893.662109375
PPO_8,4236600,reward,26896.333984375
PPO_8,4247640,reward,26898.23046875
PPO_8,4261440,reward,26901.654296875
PPO_8,4272480,reward,26903.044921875
PPO_8,4283520,reward,26904.26171875
PPO_8,4294560,reward,26905.49609375
PPO_8,4305600,reward,26906.98046875
PPO_8,4316640,reward,26908.83203125
PPO_8,4327680,reward,26910.96484375
PPO_8,4338720,reward,26913.091796875
PPO_8,4349760,reward,26914.5078125
PPO_8,4363560,reward,26916.431640625
PPO_8,4374600,reward,26917.90234375
PPO_8,4385640,reward,26919.6953125
PPO_8,4396680,reward,26921.138671875
PPO_8,4407720,reward,26922.685546875
PPO_8,4418760,reward,26924.431640625
PPO_8,4429800,reward,26926.046875
PPO_8,4440840,reward,26927.607421875
PPO_8,4454640,reward,26929.572265625
PPO_8,4465680,reward,26931.490234375
PPO_8,4476720,reward,26933.22265625
PPO_8,4487760,reward,26934.83984375
PPO_8,4498800,reward,26936.478515625
PPO_8,4509840,reward,26937.826171875
PPO_8,4520880,reward,26939.1640625
PPO_8,4531920,reward,26940.5625
PPO_8,4545720,reward,26942.56640625
PPO_8,5520,value_loss,0.3604374825954437
PPO_8,16560,value_loss,0.014545882120728493
PPO_8,27600,value_loss,0.004432678688317537
PPO_8,38640,value_loss,0.0025016297586262226
PPO_8,49680,value_loss,0.0033416771329939365
PPO_8,60720,value_loss,0.004074733704328537
PPO_8,71760,value_loss,0.0038370389956980944
PPO_8,82800,value_loss,0.0061555290594697
PPO_8,93840,value_loss,0.004991254769265652
PPO_8,107640,value_loss,0.0029380153864622116
PPO_8,118680,value_loss,0.003740913700312376
PPO_8,129720,value_loss,0.002795751206576824
PPO_8,140760,value_loss,0.0020266950596123934
PPO_8,151800,value_loss,0.001760029699653387
PPO_8,162840,value_loss,0.001601112773641944
PPO_8,173880,value_loss,0.0018442580476403236
PPO_8,184920,value_loss,0.001402798225171864
PPO_8,198720,value_loss,0.001365473959594965
PPO_8,209760,value_loss,0.001181327155791223
PPO_8,220800,value_loss,0.0010674443328753114
PPO_8,231840,value_loss,0.0010031734127551317
PPO_8,242880,value_loss,0.0010448629036545753
PPO_8,253920,value_loss,0.0010256139794364572
PPO_8,264960,value_loss,0.0009682734380476177
PPO_8,276000,value_loss,0.0012024692259728909
PPO_8,289800,value_loss,0.00044751138193532825
PPO_8,300840,value_loss,0.00036007448215968907
PPO_8,311880,value_loss,0.0004075216129422188
PPO_8,322920,value_loss,0.0005870079039596021
PPO_8,333960,value_loss,0.00030701281502842903
PPO_8,345000,value_loss,0.0004228981561027467
PPO_8,356040,value_loss,0.0002177997666876763
PPO_8,367080,value_loss,0.00026881994563154876
PPO_8,380880,value_loss,0.00038075997144915164
PPO_8,391920,value_loss,0.0003883657045662403
PPO_8,402960,value_loss,0.0003894611436408013
PPO_8,414000,value_loss,0.0003817868127953261
PPO_8,425040,value_loss,0.00026849019923247397
PPO_8,436080,value_loss,0.0002672844275366515
PPO_8,447120,value_loss,0.00021422913414426148
PPO_8,458160,value_loss,0.0002444008714519441
PPO_8,471960,value_loss,0.00029619495035149157
PPO_8,483000,value_loss,0.00025656030629761517
PPO_8,494040,value_loss,0.0001981392124434933
PPO_8,505080,value_loss,0.0003046855272259563
PPO_8,516120,value_loss,0.00022730663476977497
PPO_8,527160,value_loss,0.00013687307364307344
PPO_8,538200,value_loss,0.0002647755900397897
PPO_8,549240,value_loss,0.00013169401790946722
PPO_8,563040,value_loss,0.0004846932424698025
PPO_8,574080,value_loss,0.00048494190559722483
PPO_8,585120,value_loss,0.0004033172153867781
PPO_8,596160,value_loss,0.0003838011180050671
PPO_8,607200,value_loss,0.0004370113601908088
PPO_8,618240,value_loss,0.00044891308061778545
PPO_8,629280,value_loss,0.0003841677389573306
PPO_8,640320,value_loss,0.0004338941944297403
PPO_8,654120,value_loss,1.8641465430846438e-05
PPO_8,665160,value_loss,1.1786909453803673e-05
PPO_8,676200,value_loss,0.00010180173558183014
PPO_8,687240,value_loss,3.9295195165323094e-05
PPO_8,698280,value_loss,0.00023035351478029042
PPO_8,709320,value_loss,1.8600081602926366e-05
PPO_8,720360,value_loss,1.094931303669e-05
PPO_8,731400,value_loss,2.131963992724195e-05
PPO_8,742440,value_loss,1.9301902284496464e-05
PPO_8,756240,value_loss,8.844627882353961e-05
PPO_8,767280,value_loss,7.002946949796751e-05
PPO_8,778320,value_loss,2.993981797771994e-05
PPO_8,789360,value_loss,4.239619738655165e-05
PPO_8,800400,value_loss,1.9144645193591714e-05
PPO_8,811440,value_loss,2.07457833312219e-05
PPO_8,822480,value_loss,2.887418850150425e-05
PPO_8,833520,value_loss,2.9509667001548223e-05
PPO_8,847320,value_loss,1.222716582560679e-05
PPO_8,858360,value_loss,1.6948817574302666e-05
PPO_8,869400,value_loss,0.0008104137959890068
PPO_8,880440,value_loss,1.6393960322602652e-05
PPO_8,891480,value_loss,1.3528469935408793e-05
PPO_8,902520,value_loss,1.0395807294116821e-05
PPO_8,913560,value_loss,1.239258472196525e-05
PPO_8,924600,value_loss,1.1178950444445945e-05
PPO_8,938400,value_loss,0.0002782637602649629
PPO_8,949440,value_loss,0.0002646459615789354
PPO_8,960480,value_loss,0.00035860290518030524
PPO_8,971520,value_loss,0.00022452622943092138
PPO_8,982560,value_loss,0.00025012873811647296
PPO_8,993600,value_loss,0.00020321582269389182
PPO_8,1004640,value_loss,0.00018100516172125936
PPO_8,1015680,value_loss,0.00019024530774913728
PPO_8,1029480,value_loss,1.5255469406838529e-05
PPO_8,1040520,value_loss,3.8819027395220473e-05
PPO_8,1051560,value_loss,1.933756357175298e-05
PPO_8,1062600,value_loss,0.00014299649046733975
PPO_8,1073640,value_loss,6.724130071233958e-05
PPO_8,1084680,value_loss,1.987586983887013e-05
PPO_8,1095720,value_loss,4.9574646254768595e-06
PPO_8,1106760,value_loss,3.201278104825178e-06
PPO_8,1120560,value_loss,6.048260547686368e-05
PPO_8,1131600,value_loss,4.680702477344312e-05
PPO_8,1142640,value_loss,9.71272456808947e-05
PPO_8,1153680,value_loss,5.389604120864533e-05
PPO_8,1164720,value_loss,6.878325075376779e-05
PPO_8,1175760,value_loss,0.0003701847745105624
PPO_8,1186800,value_loss,6.511290121125057e-05
PPO_8,1197840,value_loss,5.212377800489776e-05
PPO_8,1211640,value_loss,7.514469871239271e-06
PPO_8,1222680,value_loss,3.5049017697019735e-06
PPO_8,1233720,value_loss,9.329373824584763e-06
PPO_8,1244760,value_loss,4.0249266021419317e-05
PPO_8,1255800,value_loss,2.50867051363457e-05
PPO_8,1266840,value_loss,0.0004046422545798123
PPO_8,1277880,value_loss,5.183306711842306e-06
PPO_8,1288920,value_loss,3.6956685107725207e-06
PPO_8,1302720,value_loss,0.00011691118561429903
PPO_8,1313760,value_loss,0.0001388689415762201
PPO_8,1324800,value_loss,9.984977077692747e-05
PPO_8,1335840,value_loss,0.00010680723789846525
PPO_8,1346880,value_loss,9.61067562457174e-05
PPO_8,1357920,value_loss,9.162555943476036e-05
PPO_8,1368960,value_loss,9.320457320427522e-05
PPO_8,1380000,value_loss,7.58044989197515e-05
PPO_8,1391040,value_loss,8.606352639617398e-05
PPO_8,1404840,value_loss,3.8104448321973905e-05
PPO_8,1415880,value_loss,1.6602882169536315e-05
PPO_8,1426920,value_loss,1.4393224773812108e-05
PPO_8,1437960,value_loss,1.094614253815962e-05
PPO_8,1449000,value_loss,5.140592747920891e-06
PPO_8,1460040,value_loss,1.3712817235500552e-05
PPO_8,1471080,value_loss,6.847632903372869e-06
PPO_8,1482120,value_loss,0.0001518096396466717
PPO_8,1495920,value_loss,4.819985406356864e-05
PPO_8,1506960,value_loss,0.00010614508209982887
PPO_8,1518000,value_loss,2.870964272005949e-05
PPO_8,1529040,value_loss,2.8293798095546663e-05
PPO_8,1540080,value_loss,4.997474025003612e-05
PPO_8,1551120,value_loss,3.3172960684169084e-05
PPO_8,1562160,value_loss,2.1966267013340257e-05
PPO_8,1573200,value_loss,2.555097671574913e-05
PPO_8,1587000,value_loss,6.643111555604264e-05
PPO_8,1598040,value_loss,0.00010499195923330262
PPO_8,1609080,value_loss,7.831547009118367e-06
PPO_8,1620120,value_loss,4.208834980090614e-06
PPO_8,1631160,value_loss,7.222291060315911e-06
PPO_8,1642200,value_loss,1.5400910342577845e-06
PPO_8,1653240,value_loss,1.2756192973029101e-06
PPO_8,1664280,value_loss,3.470226874924265e-05
PPO_8,1678080,value_loss,5.7969304180005565e-05
PPO_8,1689120,value_loss,7.028345135040581e-05
PPO_8,1700160,value_loss,6.786065932828933e-05
PPO_8,1711200,value_loss,7.11582470103167e-05
PPO_8,1722240,value_loss,6.670742004644126e-05
PPO_8,1733280,value_loss,6.167099490994588e-05
PPO_8,1744320,value_loss,5.214465636527166e-05
PPO_8,1755360,value_loss,6.489350198535249e-05
PPO_8,1769160,value_loss,1.7547992001709645e-06
PPO_8,1780200,value_loss,5.1982524382765405e-06
PPO_8,1791240,value_loss,4.752558652398875e-06
PPO_8,1802280,value_loss,1.3997714631841518e-05
PPO_8,1813320,value_loss,1.846276609285269e-05
PPO_8,1824360,value_loss,9.635592505219392e-06
PPO_8,1835400,value_loss,0.00013607958680950105
PPO_8,1846440,value_loss,6.046715498086996e-06
PPO_8,1860240,value_loss,2.148922430933453e-05
PPO_8,1871280,value_loss,1.6624360796413384e-05
PPO_8,1882320,value_loss,1.2506913662946317e-05
PPO_8,1893360,value_loss,1.6496165699209087e-05
PPO_8,1904400,value_loss,1.710408105282113e-05
PPO_8,1915440,value_loss,1.6774476534919813e-05
PPO_8,1926480,value_loss,2.4383025447605178e-05
PPO_8,1937520,value_loss,3.537357770255767e-05
PPO_8,1951320,value_loss,2.1268451746436767e-06
PPO_8,1962360,value_loss,1.055343318512314e-06
PPO_8,1973400,value_loss,1.228759174409788e-06
PPO_8,1984440,value_loss,7.025697073004267e-07
PPO_8,1995480,value_loss,1.6890281813175534e-06
PPO_8,2006520,value_loss,7.733501092843653e-07
PPO_8,2017560,value_loss,7.107682904461399e-06
PPO_8,2028600,value_loss,2.555402943471563e-06
PPO_8,2039640,value_loss,9.203583317685116e-07
PPO_8,2053440,value_loss,5.0576680223457515e-05
PPO_8,2064480,value_loss,5.984139352221973e-05
PPO_8,2075520,value_loss,4.821639959118329e-05
PPO_8,2086560,value_loss,5.4868734878255054e-05
PPO_8,2097600,value_loss,4.763851757161319e-05
PPO_8,2108640,value_loss,3.942429248127155e-05
PPO_8,2119680,value_loss,4.894193261861801e-05
PPO_8,2130720,value_loss,5.241615872364491e-05
PPO_8,2144520,value_loss,1.512569156147947e-06
PPO_8,2155560,value_loss,2.361517317694961e-06
PPO_8,2166600,value_loss,0.00016919679183047265
PPO_8,2177640,value_loss,0.00012448262714315206
PPO_8,2188680,value_loss,0.00016644569404888898
PPO_8,2199720,value_loss,0.00010913873120443895
PPO_8,2210760,value_loss,0.00033246108796447515
PPO_8,2221800,value_loss,8.833214815240353e-05
PPO_8,2235600,value_loss,1.556477218400687e-05
PPO_8,2246640,value_loss,1.198143399960827e-05
PPO_8,2257680,value_loss,1.2716380297206342e-05
PPO_8,2268720,value_loss,1.529775545350276e-05
PPO_8,2279760,value_loss,1.0094536264659837e-05
PPO_8,2290800,value_loss,1.4936175830371212e-05
PPO_8,2301840,value_loss,1.9511757272994146e-05
PPO_8,2312880,value_loss,1.4271697182266507e-05
PPO_8,2326680,value_loss,3.5160505831299815e-06
PPO_8,2337720,value_loss,2.334626742594992e-06
PPO_8,2348760,value_loss,6.407343335013138e-06
PPO_8,2359800,value_loss,7.154047125368379e-06
PPO_8,2370840,value_loss,1.0381561878602952e-05
PPO_8,2381880,value_loss,9.177141691907309e-06
PPO_8,2392920,value_loss,1.6589275446676766e-06
PPO_8,2403960,value_loss,8.783117664279416e-07
PPO_8,2417760,value_loss,4.5521366700995713e-05
PPO_8,2428800,value_loss,4.849642209592275e-05
PPO_8,2439840,value_loss,5.873403279110789e-05
PPO_8,2450880,value_loss,4.9459064030088484e-05
PPO_8,2461920,value_loss,4.8804955440573394e-05
PPO_8,2472960,value_loss,4.9304602725896984e-05
PPO_8,2484000,value_loss,4.563551556202583e-05
PPO_8,2495040,value_loss,4.390678441268392e-05
PPO_8,2508840,value_loss,4.235591404722072e-06
PPO_8,2519880,value_loss,3.473776814644225e-06
PPO_8,2530920,value_loss,1.4014310181664769e-05
PPO_8,2541960,value_loss,0.00010871959966607392
PPO_8,2553000,value_loss,2.591693373688031e-06
PPO_8,2564040,value_loss,1.6463385463794111e-06
PPO_8,2575080,value_loss,2.6619131858751643e-06
PPO_8,2586120,value_loss,2.722738827287685e-06
PPO_8,2599920,value_loss,1.654084917390719e-05
PPO_8,2610960,value_loss,2.1831128833582625e-05
PPO_8,2622000,value_loss,2.7915597456740215e-05
PPO_8,2633040,value_loss,2.50073462666478e-05
PPO_8,2644080,value_loss,2.605478948680684e-05
PPO_8,2655120,value_loss,1.6613670595688745e-05
PPO_8,2666160,value_loss,2.5141614969470538e-05
PPO_8,2677200,value_loss,1.809801506169606e-05
PPO_8,2688240,value_loss,1.3931672583566979e-05
PPO_8,2702040,value_loss,6.049477860869956e-07
PPO_8,2713080,value_loss,4.160528078500647e-06
PPO_8,2724120,value_loss,1.6697015325917164e-06
PPO_8,2735160,value_loss,9.023265761243238e-07
PPO_8,2746200,value_loss,9.183959832625987e-07
PPO_8,2757240,value_loss,9.636015647629392e-07
PPO_8,2768280,value_loss,8.220814038395474e-07
PPO_8,2779320,value_loss,1.150065713773074e-06
PPO_8,2793120,value_loss,4.5046399463899434e-05
PPO_8,2804160,value_loss,4.604980131261982e-05
PPO_8,2815200,value_loss,4.397896191221662e-05
PPO_8,2826240,value_loss,4.557334978017025e-05
PPO_8,2837280,value_loss,4.678197728935629e-05
PPO_8,2848320,value_loss,4.824902134714648e-05
PPO_8,2859360,value_loss,5.492155469255522e-05
PPO_8,2870400,value_loss,4.6105447836453095e-05
PPO_8,2884200,value_loss,8.643615001346916e-05
PPO_8,2895240,value_loss,1.4440137420024257e-05
PPO_8,2906280,value_loss,1.0574510724836728e-06
PPO_8,2917320,value_loss,6.003194812365109e-06
PPO_8,2928360,value_loss,0.0004307098570279777
PPO_8,2939400,value_loss,5.863871592737269e-06
PPO_8,2950440,value_loss,6.020819000696065e-06
PPO_8,2961480,value_loss,5.342601980373729e-06
PPO_8,2975280,value_loss,1.0485137863724958e-05
PPO_8,2986320,value_loss,1.4670258678961545e-05
PPO_8,2997360,value_loss,1.0234751243842766e-05
PPO_8,3008400,value_loss,1.0964021385007072e-05
PPO_8,3019440,value_loss,1.1627549611148424e-05
PPO_8,3030480,value_loss,1.1732630810001865e-05
PPO_8,3041520,value_loss,1.999899177462794e-05
PPO_8,3052560,value_loss,1.1567977708182298e-05
PPO_8,3066360,value_loss,4.521881692198804e-06
PPO_8,3077400,value_loss,8.31771467346698e-06
PPO_8,3088440,value_loss,2.1602786546282005e-06
PPO_8,3099480,value_loss,1.8650016500032507e-06
PPO_8,3110520,value_loss,2.864684120140737e-06
PPO_8,3121560,value_loss,2.357509856665274e-06
PPO_8,3132600,value_loss,1.987259111047024e-06
PPO_8,3143640,value_loss,1.1563420230231714e-05
PPO_8,3157440,value_loss,4.309062205720693e-05
PPO_8,3168480,value_loss,3.9473645301768556e-05
PPO_8,3179520,value_loss,3.640400609583594e-05
PPO_8,3190560,value_loss,3.862947050947696e-05
PPO_8,3201600,value_loss,3.816695243585855e-05
PPO_8,3212640,value_loss,3.998473766841926e-05
PPO_8,3223680,value_loss,4.530107253231108e-05
PPO_8,3234720,value_loss,4.3042618926847354e-05
PPO_8,3248520,value_loss,3.227173692721408e-06
PPO_8,3259560,value_loss,7.133975259421277e-07
PPO_8,3270600,value_loss,2.677445309018367e-06
PPO_8,3281640,value_loss,1.8768325844575884e-06
PPO_8,3292680,value_loss,2.1569878754235106e-06
PPO_8,3303720,value_loss,2.1638029465975706e-06
PPO_8,3314760,value_loss,1.374737621517852e-06
PPO_8,3325800,value_loss,3.3495546176709468e-06
PPO_8,3336840,value_loss,1.5298671769414796e-06
PPO_8,3350640,value_loss,1.6550931832171045e-05
PPO_8,3361680,value_loss,1.526785308669787e-05
PPO_8,3372720,value_loss,2.0079169189557433e-05
PPO_8,3383760,value_loss,2.02204810193507e-05
PPO_8,3394800,value_loss,1.574558154970873e-05
PPO_8,3405840,value_loss,1.345057080470724e-05
PPO_8,3416880,value_loss,1.7881224266602658e-05
PPO_8,3427920,value_loss,1.282648736378178e-05
PPO_8,3441720,value_loss,2.9173058919695904e-06
PPO_8,3452760,value_loss,2.8603317332454026e-06
PPO_8,3463800,value_loss,2.3183662051451392e-05
PPO_8,3474840,value_loss,2.4111868697218597e-06
PPO_8,3485880,value_loss,1.2944497939315625e-05
PPO_8,3496920,value_loss,2.750289922914817e-06
PPO_8,3507960,value_loss,2.9849963993910933e-06
PPO_8,3519000,value_loss,2.6139784949918976e-06
PPO_8,3532800,value_loss,4.4756438001058996e-05
PPO_8,3543840,value_loss,3.721926623256877e-05
PPO_8,3554880,value_loss,3.469662624411285e-05
PPO_8,3565920,value_loss,3.648501296993345e-05
PPO_8,3576960,value_loss,3.91911635233555e-05
PPO_8,3588000,value_loss,3.824733357760124e-05
PPO_8,3599040,value_loss,3.828426270047203e-05
PPO_8,3610080,value_loss,4.31450353062246e-05
PPO_8,3623880,value_loss,8.344276466232259e-06
PPO_8,3634920,value_loss,3.5643327578327444e-07
PPO_8,3645960,value_loss,7.751133125566412e-06
PPO_8,3657000,value_loss,3.424927115247556e-07
PPO_8,3668040,value_loss,3.8058479390201683e-07
PPO_8,3679080,value_loss,9.278076618102205e-07
PPO_8,3690120,value_loss,5.264145102046314e-07
PPO_8,3701160,value_loss,1.8695801600188133e-06
PPO_8,3714960,value_loss,1.4554526387655642e-05
PPO_8,3726000,value_loss,1.9007655282621272e-05
PPO_8,3737040,value_loss,1.7787118849810213e-05
PPO_8,3748080,value_loss,1.6349787983926944e-05
PPO_8,3759120,value_loss,8.427840839431155e-06
PPO_8,3770160,value_loss,1.2243235687492415e-05
PPO_8,3781200,value_loss,1.2369438081805129e-05
PPO_8,3792240,value_loss,8.509474355378188e-06
PPO_8,3806040,value_loss,1.6594098042332917e-06
PPO_8,3817080,value_loss,1.5584583934469265e-06
PPO_8,3828120,value_loss,4.140477358305361e-06
PPO_8,3839160,value_loss,6.4392684180347715e-06
PPO_8,3850200,value_loss,5.601778866548557e-06
PPO_8,3861240,value_loss,1.85590727141971e-06
PPO_8,3872280,value_loss,2.020127567448071e-06
PPO_8,3883320,value_loss,3.7331560633901972e-06
PPO_8,3897120,value_loss,3.9560483855893835e-05
PPO_8,3908160,value_loss,2.9241979063954204e-05
PPO_8,3919200,value_loss,3.46704400726594e-05
PPO_8,3930240,value_loss,2.8882490369142033e-05
PPO_8,3941280,value_loss,3.333657150506042e-05
PPO_8,3952320,value_loss,3.1719300750410184e-05
PPO_8,3963360,value_loss,2.887771734094713e-05
PPO_8,3974400,value_loss,3.1953681173035875e-05
PPO_8,3985440,value_loss,3.552648558979854e-05
PPO_8,3999240,value_loss,2.520434463804122e-06
PPO_8,4010280,value_loss,2.3092993615136947e-06
PPO_8,4021320,value_loss,8.529619890396134e-07
PPO_8,4032360,value_loss,7.846304015401984e-07
PPO_8,4043400,value_loss,7.004439908087079e-07
PPO_8,4054440,value_loss,3.4171716833952814e-07
PPO_8,4065480,value_loss,9.102769240598718e-07
PPO_8,4076520,value_loss,5.324666290107416e-07
PPO_8,4090320,value_loss,1.6958221749518998e-05
PPO_8,4101360,value_loss,1.4631459634983912e-05
PPO_8,4112400,value_loss,1.4845219993731007e-05
PPO_8,4123440,value_loss,1.9015695215784945e-05
PPO_8,4134480,value_loss,2.9224744139355607e-05
PPO_8,4145520,value_loss,1.232856357091805e-05
PPO_8,4156560,value_loss,1.4059504792385269e-05
PPO_8,4167600,value_loss,2.0409228454809636e-05
PPO_8,4181400,value_loss,3.2345067211281275e-06
PPO_8,4192440,value_loss,2.990360144394799e-06
PPO_8,4203480,value_loss,2.887138180085458e-06
PPO_8,4214520,value_loss,1.9844098915200448e-06
PPO_8,4225560,value_loss,1.8657649434317136e-06
PPO_8,4236600,value_loss,1.67342125223513e-06
PPO_8,4247640,value_loss,2.2852475467516342e-06
PPO_8,4258680,value_loss,2.0795719137822744e-06
PPO_8,4272480,value_loss,4.126899875700474e-05
PPO_8,4283520,value_loss,4.150957829551771e-05
PPO_8,4294560,value_loss,4.207092206343077e-05
PPO_8,4305600,value_loss,4.2804495024029166e-05
PPO_8,4316640,value_loss,3.214504613424651e-05
PPO_8,4327680,value_loss,3.295138230896555e-05
PPO_8,4338720,value_loss,3.440567888901569e-05
PPO_8,4349760,value_loss,3.741151522262953e-05
PPO_8,4363560,value_loss,2.9469637752299604e-07
PPO_8,4374600,value_loss,2.443261450935097e-07
PPO_8,4385640,value_loss,2.361876738632418e-07
PPO_8,4396680,value_loss,2.6127256091967865e-07
PPO_8,4407720,value_loss,2.731462700467091e-07
PPO_8,4418760,value_loss,4.191556968180521e-07
PPO_8,4429800,value_loss,3.674644801776594e-07
PPO_8,4440840,value_loss,3.3893547879415564e-07
PPO_8,4454640,value_loss,2.1276888219290413e-05
PPO_8,4465680,value_loss,1.4576289686374366e-05
PPO_8,4476720,value_loss,1.3982986274641007e-05
PPO_8,4487760,value_loss,1.213246832776349e-05
PPO_8,4498800,value_loss,1.8761595129035413e-05
PPO_8,4509840,value_loss,2.20325164264068e-05
PPO_8,4520880,value_loss,1.704390160739422e-05
PPO_8,4531920,value_loss,2.0987594325561076e-05
PPO_8,4545720,value_loss,2.159950554414536e-06
PPO_8,5520,explained_variance,0.26931947469711304
PPO_8,16560,explained_variance,-0.6374036073684692
PPO_8,27600,explained_variance,0.9535861611366272
PPO_8,38640,explained_variance,0.9844123721122742
PPO_8,49680,explained_variance,0.9906023740768433
PPO_8,60720,explained_variance,0.9931980967521667
PPO_8,71760,explained_variance,0.9941010475158691
PPO_8,82800,explained_variance,0.9931446313858032
PPO_8,93840,explained_variance,0.9895323514938354
PPO_8,107640,explained_variance,0.09625881910324097
PPO_8,118680,explained_variance,0.2617594599723816
PPO_8,129720,explained_variance,-0.6333881616592407
PPO_8,140760,explained_variance,-0.009540200233459473
PPO_8,151800,explained_variance,0.4037439823150635
PPO_8,162840,explained_variance,0.3696027994155884
PPO_8,173880,explained_variance,0.582007110118866
PPO_8,184920,explained_variance,0.6397126913070679
PPO_8,198720,explained_variance,0.9945297241210938
PPO_8,209760,explained_variance,0.9950390458106995
PPO_8,220800,explained_variance,0.996468722820282
PPO_8,231840,explained_variance,0.9975630640983582
PPO_8,242880,explained_variance,0.9980303049087524
PPO_8,253920,explained_variance,0.9977238178253174
PPO_8,264960,explained_variance,0.9979791641235352
PPO_8,276000,explained_variance,0.998293936252594
PPO_8,289800,explained_variance,0.9371379017829895
PPO_8,300840,explained_variance,0.937034547328949
PPO_8,311880,explained_variance,0.9371383786201477
PPO_8,322920,explained_variance,0.9362180233001709
PPO_8,333960,explained_variance,0.936447024345398
PPO_8,345000,explained_variance,0.933790922164917
PPO_8,356040,explained_variance,0.9367337822914124
PPO_8,367080,explained_variance,0.9340488910675049
PPO_8,380880,explained_variance,0.9993159174919128
PPO_8,391920,explained_variance,0.9992558360099792
PPO_8,402960,explained_variance,0.999327540397644
PPO_8,414000,explained_variance,0.9993423819541931
PPO_8,425040,explained_variance,0.9994421601295471
PPO_8,436080,explained_variance,0.9995343089103699
PPO_8,447120,explained_variance,0.9996238350868225
PPO_8,458160,explained_variance,0.9996627569198608
PPO_8,471960,explained_variance,0.9617924690246582
PPO_8,483000,explained_variance,0.9674517512321472
PPO_8,494040,explained_variance,0.9555026888847351
PPO_8,505080,explained_variance,0.9643845558166504
PPO_8,516120,explained_variance,0.9607334733009338
PPO_8,527160,explained_variance,0.9635920524597168
PPO_8,538200,explained_variance,0.9708865880966187
PPO_8,549240,explained_variance,0.957046627998352
PPO_8,563040,explained_variance,0.999301552772522
PPO_8,574080,explained_variance,0.999015748500824
PPO_8,585120,explained_variance,0.9991878867149353
PPO_8,596160,explained_variance,0.999478816986084
PPO_8,607200,explained_variance,0.9994004964828491
PPO_8,618240,explained_variance,0.9994763135910034
PPO_8,629280,explained_variance,0.9994836449623108
PPO_8,640320,explained_variance,0.9993853569030762
PPO_8,654120,explained_variance,0.9157602787017822
PPO_8,665160,explained_variance,0.9286490082740784
PPO_8,676200,explained_variance,0.97847580909729
PPO_8,687240,explained_variance,0.9816888570785522
PPO_8,698280,explained_variance,0.9831812381744385
PPO_8,709320,explained_variance,0.9873857498168945
PPO_8,720360,explained_variance,0.9860132336616516
PPO_8,731400,explained_variance,0.9825615882873535
PPO_8,742440,explained_variance,0.9821134209632874
PPO_8,756240,explained_variance,0.999952495098114
PPO_8,767280,explained_variance,0.9999266862869263
PPO_8,778320,explained_variance,0.9999269843101501
PPO_8,789360,explained_variance,0.9999160170555115
PPO_8,800400,explained_variance,0.9999426603317261
PPO_8,811440,explained_variance,0.9999335408210754
PPO_8,822480,explained_variance,0.9999306201934814
PPO_8,833520,explained_variance,0.9999071955680847
PPO_8,847320,explained_variance,0.9945403933525085
PPO_8,858360,explained_variance,0.9943424463272095
PPO_8,869400,explained_variance,0.9956091642379761
PPO_8,880440,explained_variance,0.9684513211250305
PPO_8,891480,explained_variance,0.9904405474662781
PPO_8,902520,explained_variance,0.9898847937583923
PPO_8,913560,explained_variance,0.9932730793952942
PPO_8,924600,explained_variance,0.9915251135826111
PPO_8,938400,explained_variance,0.9995909333229065
PPO_8,949440,explained_variance,0.999426543712616
PPO_8,960480,explained_variance,0.9994837045669556
PPO_8,971520,explained_variance,0.9996659159660339
PPO_8,982560,explained_variance,0.9996158480644226
PPO_8,993600,explained_variance,0.9997199177742004
PPO_8,1004640,explained_variance,0.9997089505195618
PPO_8,1015680,explained_variance,0.9996910691261292
PPO_8,1029480,explained_variance,0.9793533086776733
PPO_8,1040520,explained_variance,0.97965008020401
PPO_8,1051560,explained_variance,0.9748510718345642
PPO_8,1062600,explained_variance,0.9752984642982483
PPO_8,1073640,explained_variance,0.972118079662323
PPO_8,1084680,explained_variance,0.9836463928222656
PPO_8,1095720,explained_variance,0.9851046204566956
PPO_8,1106760,explained_variance,0.982935905456543
PPO_8,1120560,explained_variance,0.9998403787612915
PPO_8,1131600,explained_variance,0.9998131990432739
PPO_8,1142640,explained_variance,0.9998170733451843
PPO_8,1153680,explained_variance,0.9998303651809692
PPO_8,1164720,explained_variance,0.9997960925102234
PPO_8,1175760,explained_variance,0.9997886419296265
PPO_8,1186800,explained_variance,0.9997598528862
PPO_8,1197840,explained_variance,0.9998125433921814
PPO_8,1211640,explained_variance,0.9854819178581238
PPO_8,1222680,explained_variance,0.9907019138336182
PPO_8,1233720,explained_variance,0.9354560375213623
PPO_8,1244760,explained_variance,0.9474746584892273
PPO_8,1255800,explained_variance,0.9906337261199951
PPO_8,1266840,explained_variance,0.9865758419036865
PPO_8,1277880,explained_variance,0.993621289730072
PPO_8,1288920,explained_variance,0.9933843612670898
PPO_8,1302720,explained_variance,0.9998337030410767
PPO_8,1313760,explained_variance,0.9997899532318115
PPO_8,1324800,explained_variance,0.9998700022697449
PPO_8,1335840,explained_variance,0.9998171329498291
PPO_8,1346880,explained_variance,0.9998658299446106
PPO_8,1357920,explained_variance,0.9998701214790344
PPO_8,1368960,explained_variance,0.99985271692276
PPO_8,1380000,explained_variance,0.9998688101768494
PPO_8,1391040,explained_variance,0.9998399019241333
PPO_8,1404840,explained_variance,0.9773781895637512
PPO_8,1415880,explained_variance,0.9790002107620239
PPO_8,1426920,explained_variance,0.9831776022911072
PPO_8,1437960,explained_variance,0.9838071465492249
PPO_8,1449000,explained_variance,0.9853675365447998
PPO_8,1460040,explained_variance,0.9852935075759888
PPO_8,1471080,explained_variance,0.9853373765945435
PPO_8,1482120,explained_variance,0.985605001449585
PPO_8,1495920,explained_variance,0.9999226927757263
PPO_8,1506960,explained_variance,0.9999125003814697
PPO_8,1518000,explained_variance,0.9999200105667114
PPO_8,1529040,explained_variance,0.9999157786369324
PPO_8,1540080,explained_variance,0.9998997449874878
PPO_8,1551120,explained_variance,0.9999039769172668
PPO_8,1562160,explained_variance,0.999932050704956
PPO_8,1573200,explained_variance,0.9999183416366577
PPO_8,1587000,explained_variance,0.998494029045105
PPO_8,1598040,explained_variance,0.9989582896232605
PPO_8,1609080,explained_variance,0.9993072748184204
PPO_8,1620120,explained_variance,0.9992148280143738
PPO_8,1631160,explained_variance,0.9996278285980225
PPO_8,1642200,explained_variance,0.9996294379234314
PPO_8,1653240,explained_variance,0.9995516538619995
PPO_8,1664280,explained_variance,0.9994840025901794
PPO_8,1678080,explained_variance,0.9999227523803711
PPO_8,1689120,explained_variance,0.9998995661735535
PPO_8,1700160,explained_variance,0.9999113082885742
PPO_8,1711200,explained_variance,0.9999133944511414
PPO_8,1722240,explained_variance,0.9998740553855896
PPO_8,1733280,explained_variance,0.9999099373817444
PPO_8,1744320,explained_variance,0.9999275803565979
PPO_8,1755360,explained_variance,0.9999134540557861
PPO_8,1769160,explained_variance,0.9970051050186157
PPO_8,1780200,explained_variance,0.9974556565284729
PPO_8,1791240,explained_variance,0.9967107176780701
PPO_8,1802280,explained_variance,0.9959704875946045
PPO_8,1813320,explained_variance,0.9865773916244507
PPO_8,1824360,explained_variance,0.9941127300262451
PPO_8,1835400,explained_variance,0.9962590932846069
PPO_8,1846440,explained_variance,0.9977886080741882
PPO_8,1860240,explained_variance,0.9999751448631287
PPO_8,1871280,explained_variance,0.9999752044677734
PPO_8,1882320,explained_variance,0.9999754428863525
PPO_8,1893360,explained_variance,0.9999749660491943
PPO_8,1904400,explained_variance,0.9999712705612183
PPO_8,1915440,explained_variance,0.999972939491272
PPO_8,1926480,explained_variance,0.9999698996543884
PPO_8,1937520,explained_variance,0.9999284148216248
PPO_8,1951320,explained_variance,0.9995287656784058
PPO_8,1962360,explained_variance,0.9995360970497131
PPO_8,1973400,explained_variance,0.9995239973068237
PPO_8,1984440,explained_variance,0.9994508624076843
PPO_8,1995480,explained_variance,0.9996254444122314
PPO_8,2006520,explained_variance,0.9994294047355652
PPO_8,2017560,explained_variance,0.999285101890564
PPO_8,2028600,explained_variance,0.9995095729827881
PPO_8,2039640,explained_variance,0.99953293800354
PPO_8,2053440,explained_variance,0.9999224543571472
PPO_8,2064480,explained_variance,0.9999202489852905
PPO_8,2075520,explained_variance,0.9999253749847412
PPO_8,2086560,explained_variance,0.9999198913574219
PPO_8,2097600,explained_variance,0.999943196773529
PPO_8,2108640,explained_variance,0.9999533295631409
PPO_8,2119680,explained_variance,0.9999442100524902
PPO_8,2130720,explained_variance,0.9999355673789978
PPO_8,2144520,explained_variance,0.9983465075492859
PPO_8,2155560,explained_variance,0.9971445202827454
PPO_8,2166600,explained_variance,0.9954508543014526
PPO_8,2177640,explained_variance,0.928989589214325
PPO_8,2188680,explained_variance,0.9612348675727844
PPO_8,2199720,explained_variance,0.979449450969696
PPO_8,2210760,explained_variance,0.945921778678894
PPO_8,2221800,explained_variance,0.9420936703681946
PPO_8,2235600,explained_variance,0.9999603629112244
PPO_8,2246640,explained_variance,0.9999693632125854
PPO_8,2257680,explained_variance,0.9999697804450989
PPO_8,2268720,explained_variance,0.9999678730964661
PPO_8,2279760,explained_variance,0.9999812245368958
PPO_8,2290800,explained_variance,0.999978244304657
PPO_8,2301840,explained_variance,0.9999856948852539
PPO_8,2312880,explained_variance,0.9999688863754272
PPO_8,2326680,explained_variance,0.9985941052436829
PPO_8,2337720,explained_variance,0.9993144869804382
PPO_8,2348760,explained_variance,0.9996088147163391
PPO_8,2359800,explained_variance,0.9996058940887451
PPO_8,2370840,explained_variance,0.9996958374977112
PPO_8,2381880,explained_variance,0.9997014403343201
PPO_8,2392920,explained_variance,0.9997314810752869
PPO_8,2403960,explained_variance,0.9997235536575317
PPO_8,2417760,explained_variance,0.9999434351921082
PPO_8,2428800,explained_variance,0.9999406337738037
PPO_8,2439840,explained_variance,0.9999160766601562
PPO_8,2450880,explained_variance,0.9999363422393799
PPO_8,2461920,explained_variance,0.9999375939369202
PPO_8,2472960,explained_variance,0.9999421834945679
PPO_8,2484000,explained_variance,0.9999334216117859
PPO_8,2495040,explained_variance,0.9999091029167175
PPO_8,2508840,explained_variance,0.9942810535430908
PPO_8,2519880,explained_variance,0.993995726108551
PPO_8,2530920,explained_variance,0.9878493547439575
PPO_8,2541960,explained_variance,0.9916958212852478
PPO_8,2553000,explained_variance,0.9878014326095581
PPO_8,2564040,explained_variance,0.9932817220687866
PPO_8,2575080,explained_variance,0.9952191114425659
PPO_8,2586120,explained_variance,0.9990659952163696
PPO_8,2599920,explained_variance,0.9999804496765137
PPO_8,2610960,explained_variance,0.9999655485153198
PPO_8,2622000,explained_variance,0.9999585747718811
PPO_8,2633040,explained_variance,0.999954104423523
PPO_8,2644080,explained_variance,0.9999672770500183
PPO_8,2655120,explained_variance,0.9999783039093018
PPO_8,2666160,explained_variance,0.999970018863678
PPO_8,2677200,explained_variance,0.9999788403511047
PPO_8,2688240,explained_variance,0.9999822378158569
PPO_8,2702040,explained_variance,0.9997915625572205
PPO_8,2713080,explained_variance,0.9997181296348572
PPO_8,2724120,explained_variance,0.9991298913955688
PPO_8,2735160,explained_variance,0.9993225336074829
PPO_8,2746200,explained_variance,0.9994848966598511
PPO_8,2757240,explained_variance,0.9993548393249512
PPO_8,2768280,explained_variance,0.9995740056037903
PPO_8,2779320,explained_variance,0.9995923042297363
PPO_8,2793120,explained_variance,0.9999456405639648
PPO_8,2804160,explained_variance,0.9999455809593201
PPO_8,2815200,explained_variance,0.9999430179595947
PPO_8,2826240,explained_variance,0.9999479055404663
PPO_8,2837280,explained_variance,0.9999431371688843
PPO_8,2848320,explained_variance,0.999943196773529
PPO_8,2859360,explained_variance,0.9999324083328247
PPO_8,2870400,explained_variance,0.9999545216560364
PPO_8,2884200,explained_variance,0.9986342787742615
PPO_8,2895240,explained_variance,0.9990071058273315
PPO_8,2906280,explained_variance,0.997935950756073
PPO_8,2917320,explained_variance,0.9984872937202454
PPO_8,2928360,explained_variance,0.9976156949996948
PPO_8,2939400,explained_variance,0.999013364315033
PPO_8,2950440,explained_variance,0.9992213249206543
PPO_8,2961480,explained_variance,0.9991214275360107
PPO_8,2975280,explained_variance,0.9999840259552002
PPO_8,2986320,explained_variance,0.999980628490448
PPO_8,2997360,explained_variance,0.9999876618385315
PPO_8,3008400,explained_variance,0.9999864101409912
PPO_8,3019440,explained_variance,0.9999863505363464
PPO_8,3030480,explained_variance,0.9999861121177673
PPO_8,3041520,explained_variance,0.9999735355377197
PPO_8,3052560,explained_variance,0.9999856948852539
PPO_8,3066360,explained_variance,0.9990915060043335
PPO_8,3077400,explained_variance,0.9993399977684021
PPO_8,3088440,explained_variance,0.999405026435852
PPO_8,3099480,explained_variance,0.9994235634803772
PPO_8,3110520,explained_variance,0.9993705153465271
PPO_8,3121560,explained_variance,0.9993175268173218
PPO_8,3132600,explained_variance,0.9991902709007263
PPO_8,3143640,explained_variance,0.9993393421173096
PPO_8,3157440,explained_variance,0.9999260306358337
PPO_8,3168480,explained_variance,0.9999226927757263
PPO_8,3179520,explained_variance,0.9999256730079651
PPO_8,3190560,explained_variance,0.9999368786811829
PPO_8,3201600,explained_variance,0.9999500513076782
PPO_8,3212640,explained_variance,0.9999467134475708
PPO_8,3223680,explained_variance,0.9999410510063171
PPO_8,3234720,explained_variance,0.9999426603317261
PPO_8,3248520,explained_variance,0.9990410804748535
PPO_8,3259560,explained_variance,0.9985209703445435
PPO_8,3270600,explained_variance,0.985614538192749
PPO_8,3281640,explained_variance,0.9939457774162292
PPO_8,3292680,explained_variance,0.9964752197265625
PPO_8,3303720,explained_variance,0.9968540668487549
PPO_8,3314760,explained_variance,0.9976369142532349
PPO_8,3325800,explained_variance,0.9986495971679688
PPO_8,3336840,explained_variance,0.9986439347267151
PPO_8,3350640,explained_variance,0.9999798536300659
PPO_8,3361680,explained_variance,0.9999809861183167
PPO_8,3372720,explained_variance,0.9999728798866272
PPO_8,3383760,explained_variance,0.9999722242355347
PPO_8,3394800,explained_variance,0.9999797344207764
PPO_8,3405840,explained_variance,0.9999828934669495
PPO_8,3416880,explained_variance,0.9999784827232361
PPO_8,3427920,explained_variance,0.999984860420227
PPO_8,3441720,explained_variance,0.9988061189651489
PPO_8,3452760,explained_variance,0.9988473057746887
PPO_8,3463800,explained_variance,0.9985474944114685
PPO_8,3474840,explained_variance,0.9988774657249451
PPO_8,3485880,explained_variance,0.9986562728881836
PPO_8,3496920,explained_variance,0.9988212585449219
PPO_8,3507960,explained_variance,0.9984221458435059
PPO_8,3519000,explained_variance,0.998543918132782
PPO_8,3532800,explained_variance,0.9999272227287292
PPO_8,3543840,explained_variance,0.9999513030052185
PPO_8,3554880,explained_variance,0.9999575614929199
PPO_8,3565920,explained_variance,0.9999430775642395
PPO_8,3576960,explained_variance,0.999944806098938
PPO_8,3588000,explained_variance,0.9999358057975769
PPO_8,3599040,explained_variance,0.9999399781227112
PPO_8,3610080,explained_variance,0.9999390244483948
PPO_8,3623880,explained_variance,0.9993016123771667
PPO_8,3634920,explained_variance,0.9993007779121399
PPO_8,3645960,explained_variance,0.9994550943374634
PPO_8,3657000,explained_variance,0.9993056654930115
PPO_8,3668040,explained_variance,0.999294638633728
PPO_8,3679080,explained_variance,0.9992380142211914
PPO_8,3690120,explained_variance,0.9993824362754822
PPO_8,3701160,explained_variance,0.9993512034416199
PPO_8,3714960,explained_variance,0.99997878074646
PPO_8,3726000,explained_variance,0.9999629855155945
PPO_8,3737040,explained_variance,0.9999576210975647
PPO_8,3748080,explained_variance,0.9999696612358093
PPO_8,3759120,explained_variance,0.9999836087226868
PPO_8,3770160,explained_variance,0.9999826550483704
PPO_8,3781200,explained_variance,0.9999786019325256
PPO_8,3792240,explained_variance,0.9999884963035583
PPO_8,3806040,explained_variance,0.9994056224822998
PPO_8,3817080,explained_variance,0.9994180202484131
PPO_8,3828120,explained_variance,0.9983162879943848
PPO_8,3839160,explained_variance,0.9961262345314026
PPO_8,3850200,explained_variance,0.9964306354522705
PPO_8,3861240,explained_variance,0.9986188411712646
PPO_8,3872280,explained_variance,0.9988024830818176
PPO_8,3883320,explained_variance,0.9989590644836426
PPO_8,3897120,explained_variance,0.9999517798423767
PPO_8,3908160,explained_variance,0.9999668002128601
PPO_8,3919200,explained_variance,0.9999597072601318
PPO_8,3930240,explained_variance,0.9999595284461975
PPO_8,3941280,explained_variance,0.9999521374702454
PPO_8,3952320,explained_variance,0.9999603033065796
PPO_8,3963360,explained_variance,0.9999614953994751
PPO_8,3974400,explained_variance,0.9999617338180542
PPO_8,3985440,explained_variance,0.9999542832374573
PPO_8,3999240,explained_variance,0.9972221255302429
PPO_8,4010280,explained_variance,0.995239794254303
PPO_8,4021320,explained_variance,0.9983386993408203
PPO_8,4032360,explained_variance,0.9989999532699585
PPO_8,4043400,explained_variance,0.9993523955345154
PPO_8,4054440,explained_variance,0.9994450807571411
PPO_8,4065480,explained_variance,0.9992585182189941
PPO_8,4076520,explained_variance,0.9993278384208679
PPO_8,4090320,explained_variance,0.9999793171882629
PPO_8,4101360,explained_variance,0.9999811053276062
PPO_8,4112400,explained_variance,0.9999811053276062
PPO_8,4123440,explained_variance,0.999975860118866
PPO_8,4134480,explained_variance,0.9999634623527527
PPO_8,4145520,explained_variance,0.9999834895133972
PPO_8,4156560,explained_variance,0.999979555606842
PPO_8,4167600,explained_variance,0.9999731779098511
PPO_8,4181400,explained_variance,0.9987889528274536
PPO_8,4192440,explained_variance,0.9989033937454224
PPO_8,4203480,explained_variance,0.9989794492721558
PPO_8,4214520,explained_variance,0.9989984631538391
PPO_8,4225560,explained_variance,0.9990031123161316
PPO_8,4236600,explained_variance,0.9991837739944458
PPO_8,4247640,explained_variance,0.9989384412765503
PPO_8,4258680,explained_variance,0.9985811710357666
PPO_8,4272480,explained_variance,0.9999412298202515
PPO_8,4283520,explained_variance,0.9999391436576843
PPO_8,4294560,explained_variance,0.9999347925186157
PPO_8,4305600,explained_variance,0.9999405145645142
PPO_8,4316640,explained_variance,0.9999589920043945
PPO_8,4327680,explained_variance,0.9999546408653259
PPO_8,4338720,explained_variance,0.9999583959579468
PPO_8,4349760,explained_variance,0.9999536275863647
PPO_8,4363560,explained_variance,0.9994608759880066
PPO_8,4374600,explained_variance,0.999550461769104
PPO_8,4385640,explained_variance,0.9995336532592773
PPO_8,4396680,explained_variance,0.9994985461235046
PPO_8,4407720,explained_variance,0.9994357228279114
PPO_8,4418760,explained_variance,0.9993302822113037
PPO_8,4429800,explained_variance,0.9995274543762207
PPO_8,4440840,explained_variance,0.9995285868644714
PPO_8,4454640,explained_variance,0.9999710917472839
PPO_8,4465680,explained_variance,0.9999825358390808
PPO_8,4476720,explained_variance,0.9999831914901733
PPO_8,4487760,explained_variance,0.9999851584434509
PPO_8,4498800,explained_variance,0.9999772310256958
PPO_8,4509840,explained_variance,0.9999740719795227
PPO_8,4520880,explained_variance,0.9999799132347107
PPO_8,4531920,explained_variance,0.9999760985374451
PPO_8,4545720,explained_variance,0.999243974685669
PPO_8,5520,entropy,-4.256155490875244
PPO_8,16560,entropy,-4.244448184967041
PPO_8,27600,entropy,-4.209993362426758
PPO_8,38640,entropy,-4.1184821128845215
PPO_8,49680,entropy,-4.00132942199707
PPO_8,60720,entropy,-3.9119200706481934
PPO_8,71760,entropy,-3.8572967052459717
PPO_8,82800,entropy,-3.812553882598877
PPO_8,93840,entropy,-3.7727222442626953
PPO_8,107640,entropy,-3.6838395595550537
PPO_8,118680,entropy,-3.617690086364746
PPO_8,129720,entropy,-3.550245761871338
PPO_8,140760,entropy,-3.5189712047576904
PPO_8,151800,entropy,-3.4396088123321533
PPO_8,162840,entropy,-3.3828349113464355
PPO_8,173880,entropy,-3.3094239234924316
PPO_8,184920,entropy,-3.2434425354003906
PPO_8,198720,entropy,-3.1953611373901367
PPO_8,209760,entropy,-3.1446709632873535
PPO_8,220800,entropy,-3.0751826763153076
PPO_8,231840,entropy,-3.002986431121826
PPO_8,242880,entropy,-2.9751830101013184
PPO_8,253920,entropy,-2.9315273761749268
PPO_8,264960,entropy,-2.8955705165863037
PPO_8,276000,entropy,-2.8472509384155273
PPO_8,289800,entropy,-2.768467664718628
PPO_8,300840,entropy,-2.721745491027832
PPO_8,311880,entropy,-2.649245262145996
PPO_8,322920,entropy,-2.599274158477783
PPO_8,333960,entropy,-2.5660383701324463
PPO_8,345000,entropy,-2.514230251312256
PPO_8,356040,entropy,-2.4505503177642822
PPO_8,367080,entropy,-2.392759084701538
PPO_8,380880,entropy,-2.3272833824157715
PPO_8,391920,entropy,-2.289255380630493
PPO_8,402960,entropy,-2.253934860229492
PPO_8,414000,entropy,-2.20146107673645
PPO_8,425040,entropy,-2.1474032402038574
PPO_8,436080,entropy,-2.108677387237549
PPO_8,447120,entropy,-2.0539815425872803
PPO_8,458160,entropy,-1.982651948928833
PPO_8,471960,entropy,-1.8861358165740967
PPO_8,483000,entropy,-1.8263353109359741
PPO_8,494040,entropy,-1.7623884677886963
PPO_8,505080,entropy,-1.682822346687317
PPO_8,516120,entropy,-1.6327074766159058
PPO_8,527160,entropy,-1.6093692779541016
PPO_8,538200,entropy,-1.5376760959625244
PPO_8,549240,entropy,-1.4884514808654785
PPO_8,563040,entropy,-1.4247328042984009
PPO_8,574080,entropy,-1.3905037641525269
PPO_8,585120,entropy,-1.3300435543060303
PPO_8,596160,entropy,-1.2588350772857666
PPO_8,607200,entropy,-1.194968819618225
PPO_8,618240,entropy,-1.1550884246826172
PPO_8,629280,entropy,-1.1171090602874756
PPO_8,640320,entropy,-1.073592185974121
PPO_8,654120,entropy,-1.0374157428741455
PPO_8,665160,entropy,-0.9913912415504456
PPO_8,676200,entropy,-0.9376783967018127
PPO_8,687240,entropy,-0.8917794823646545
PPO_8,698280,entropy,-0.8363107442855835
PPO_8,709320,entropy,-0.7901254296302795
PPO_8,720360,entropy,-0.7377974987030029
PPO_8,731400,entropy,-0.6979205012321472
PPO_8,742440,entropy,-0.6436215043067932
PPO_8,756240,entropy,-0.6112872362136841
PPO_8,767280,entropy,-0.5727493762969971
PPO_8,778320,entropy,-0.5339694619178772
PPO_8,789360,entropy,-0.514685869216919
PPO_8,800400,entropy,-0.4934954345226288
PPO_8,811440,entropy,-0.47389450669288635
PPO_8,822480,entropy,-0.4401939809322357
PPO_8,833520,entropy,-0.3796168863773346
PPO_8,847320,entropy,-0.33820995688438416
PPO_8,858360,entropy,-0.29184862971305847
PPO_8,869400,entropy,-0.24591422080993652
PPO_8,880440,entropy,-0.21505829691886902
PPO_8,891480,entropy,-0.21038435399532318
PPO_8,902520,entropy,-0.18315578997135162
PPO_8,913560,entropy,-0.1413458287715912
PPO_8,924600,entropy,-0.11291410028934479
PPO_8,938400,entropy,-0.052102550864219666
PPO_8,949440,entropy,-0.03000854328274727
PPO_8,960480,entropy,-0.015204192139208317
PPO_8,971520,entropy,-0.0035499404184520245
PPO_8,982560,entropy,0.03505602851510048
PPO_8,993600,entropy,0.04936573654413223
PPO_8,1004640,entropy,0.05129510164260864
PPO_8,1015680,entropy,0.08302424848079681
PPO_8,1029480,entropy,0.11513276398181915
PPO_8,1040520,entropy,0.14249704778194427
PPO_8,1051560,entropy,0.1557176411151886
PPO_8,1062600,entropy,0.19749794900417328
PPO_8,1073640,entropy,0.21785978972911835
PPO_8,1084680,entropy,0.23150838911533356
PPO_8,1095720,entropy,0.2674367427825928
PPO_8,1106760,entropy,0.29909104108810425
PPO_8,1120560,entropy,0.3120897114276886
PPO_8,1131600,entropy,0.3528681695461273
PPO_8,1142640,entropy,0.36679211258888245
PPO_8,1153680,entropy,0.40882158279418945
PPO_8,1164720,entropy,0.427327036857605
PPO_8,1175760,entropy,0.43815112113952637
PPO_8,1186800,entropy,0.44227805733680725
PPO_8,1197840,entropy,0.44794368743896484
PPO_8,1211640,entropy,0.4673541486263275
PPO_8,1222680,entropy,0.47460317611694336
PPO_8,1233720,entropy,0.5044296979904175
PPO_8,1244760,entropy,0.5193857550621033
PPO_8,1255800,entropy,0.5367085933685303
PPO_8,1266840,entropy,0.5502962470054626
PPO_8,1277880,entropy,0.5671628713607788
PPO_8,1288920,entropy,0.5532210469245911
PPO_8,1302720,entropy,0.5857542157173157
PPO_8,1313760,entropy,0.6154243350028992
PPO_8,1324800,entropy,0.6296819448471069
PPO_8,1335840,entropy,0.6245228052139282
PPO_8,1346880,entropy,0.6298379898071289
PPO_8,1357920,entropy,0.6489105224609375
PPO_8,1368960,entropy,0.6400559544563293
PPO_8,1380000,entropy,0.657226026058197
PPO_8,1391040,entropy,0.6878730654716492
PPO_8,1404840,entropy,0.7427244782447815
PPO_8,1415880,entropy,0.7603583335876465
PPO_8,1426920,entropy,0.7725083231925964
PPO_8,1437960,entropy,0.7993568181991577
PPO_8,1449000,entropy,0.8150833249092102
PPO_8,1460040,entropy,0.8382130861282349
PPO_8,1471080,entropy,0.860024094581604
PPO_8,1482120,entropy,0.889410674571991
PPO_8,1495920,entropy,0.8644177317619324
PPO_8,1506960,entropy,0.8764691948890686
PPO_8,1518000,entropy,0.875808835029602
PPO_8,1529040,entropy,0.8892999887466431
PPO_8,1540080,entropy,0.8956239819526672
PPO_8,1551120,entropy,0.9316931962966919
PPO_8,1562160,entropy,0.9477072954177856
PPO_8,1573200,entropy,0.9388680458068848
PPO_8,1587000,entropy,0.9791567325592041
PPO_8,1598040,entropy,0.9876686930656433
PPO_8,1609080,entropy,1.0034836530685425
PPO_8,1620120,entropy,1.0356686115264893
PPO_8,1631160,entropy,1.0325921773910522
PPO_8,1642200,entropy,1.0702946186065674
PPO_8,1653240,entropy,1.0962867736816406
PPO_8,1664280,entropy,1.117559552192688
PPO_8,1678080,entropy,1.1356797218322754
PPO_8,1689120,entropy,1.1434377431869507
PPO_8,1700160,entropy,1.1591647863388062
PPO_8,1711200,entropy,1.1851577758789062
PPO_8,1722240,entropy,1.1880288124084473
PPO_8,1733280,entropy,1.1761250495910645
PPO_8,1744320,entropy,1.1952089071273804
PPO_8,1755360,entropy,1.1971676349639893
PPO_8,1769160,entropy,1.2059457302093506
PPO_8,1780200,entropy,1.2021019458770752
PPO_8,1791240,entropy,1.2105966806411743
PPO_8,1802280,entropy,1.2444472312927246
PPO_8,1813320,entropy,1.2521235942840576
PPO_8,1824360,entropy,1.2684199810028076
PPO_8,1835400,entropy,1.2846686840057373
PPO_8,1846440,entropy,1.2837796211242676
PPO_8,1860240,entropy,1.2994577884674072
PPO_8,1871280,entropy,1.3162298202514648
PPO_8,1882320,entropy,1.309928297996521
PPO_8,1893360,entropy,1.313328742980957
PPO_8,1904400,entropy,1.3120464086532593
PPO_8,1915440,entropy,1.31842041015625
PPO_8,1926480,entropy,1.3192799091339111
PPO_8,1937520,entropy,1.3450490236282349
PPO_8,1951320,entropy,1.3615713119506836
PPO_8,1962360,entropy,1.3843259811401367
PPO_8,1973400,entropy,1.4048542976379395
PPO_8,1984440,entropy,1.4145265817642212
PPO_8,1995480,entropy,1.4326473474502563
PPO_8,2006520,entropy,1.431289553642273
PPO_8,2017560,entropy,1.436015009880066
PPO_8,2028600,entropy,1.439358115196228
PPO_8,2039640,entropy,1.4489634037017822
PPO_8,2053440,entropy,1.464910864830017
PPO_8,2064480,entropy,1.4698752164840698
PPO_8,2075520,entropy,1.4862799644470215
PPO_8,2086560,entropy,1.484586238861084
PPO_8,2097600,entropy,1.4831640720367432
PPO_8,2108640,entropy,1.4948296546936035
PPO_8,2119680,entropy,1.5174821615219116
PPO_8,2130720,entropy,1.5295683145523071
PPO_8,2144520,entropy,1.5385868549346924
PPO_8,2155560,entropy,1.5358555316925049
PPO_8,2166600,entropy,1.5416514873504639
PPO_8,2177640,entropy,1.5435411930084229
PPO_8,2188680,entropy,1.5374666452407837
PPO_8,2199720,entropy,1.5415681600570679
PPO_8,2210760,entropy,1.5247529745101929
PPO_8,2221800,entropy,1.533351182937622
PPO_8,2235600,entropy,1.5140717029571533
PPO_8,2246640,entropy,1.5087562799453735
PPO_8,2257680,entropy,1.5036334991455078
PPO_8,2268720,entropy,1.510895013809204
PPO_8,2279760,entropy,1.5190544128417969
PPO_8,2290800,entropy,1.5234863758087158
PPO_8,2301840,entropy,1.528659701347351
PPO_8,2312880,entropy,1.538439154624939
PPO_8,2326680,entropy,1.5431060791015625
PPO_8,2337720,entropy,1.552261233329773
PPO_8,2348760,entropy,1.5467170476913452
PPO_8,2359800,entropy,1.5453941822052002
PPO_8,2370840,entropy,1.5678725242614746
PPO_8,2381880,entropy,1.5922595262527466
PPO_8,2392920,entropy,1.5911482572555542
PPO_8,2403960,entropy,1.6059659719467163
PPO_8,2417760,entropy,1.6140879392623901
PPO_8,2428800,entropy,1.637900471687317
PPO_8,2439840,entropy,1.6424224376678467
PPO_8,2450880,entropy,1.6454471349716187
PPO_8,2461920,entropy,1.633228063583374
PPO_8,2472960,entropy,1.6418843269348145
PPO_8,2484000,entropy,1.6419578790664673
PPO_8,2495040,entropy,1.6564350128173828
PPO_8,2508840,entropy,1.6808879375457764
PPO_8,2519880,entropy,1.6793737411499023
PPO_8,2530920,entropy,1.681725025177002
PPO_8,2541960,entropy,1.6637815237045288
PPO_8,2553000,entropy,1.664198875427246
PPO_8,2564040,entropy,1.6866072416305542
PPO_8,2575080,entropy,1.6920537948608398
PPO_8,2586120,entropy,1.7061423063278198
PPO_8,2599920,entropy,1.720313310623169
PPO_8,2610960,entropy,1.716293454170227
PPO_8,2622000,entropy,1.7267639636993408
PPO_8,2633040,entropy,1.7346301078796387
PPO_8,2644080,entropy,1.7322255373001099
PPO_8,2655120,entropy,1.7434748411178589
PPO_8,2666160,entropy,1.751561164855957
PPO_8,2677200,entropy,1.767066478729248
PPO_8,2688240,entropy,1.7845555543899536
PPO_8,2702040,entropy,1.7836636304855347
PPO_8,2713080,entropy,1.8029682636260986
PPO_8,2724120,entropy,1.7988795042037964
PPO_8,2735160,entropy,1.7815278768539429
PPO_8,2746200,entropy,1.779703974723816
PPO_8,2757240,entropy,1.7793188095092773
PPO_8,2768280,entropy,1.783949375152588
PPO_8,2779320,entropy,1.7879573106765747
PPO_8,2793120,entropy,1.802474021911621
PPO_8,2804160,entropy,1.812163233757019
PPO_8,2815200,entropy,1.8161935806274414
PPO_8,2826240,entropy,1.823093056678772
PPO_8,2837280,entropy,1.836822271347046
PPO_8,2848320,entropy,1.8241947889328003
PPO_8,2859360,entropy,1.812142252922058
PPO_8,2870400,entropy,1.8005610704421997
PPO_8,2884200,entropy,1.7945448160171509
PPO_8,2895240,entropy,1.8002012968063354
PPO_8,2906280,entropy,1.818590521812439
PPO_8,2917320,entropy,1.8227910995483398
PPO_8,2928360,entropy,1.8242324590682983
PPO_8,2939400,entropy,1.8199084997177124
PPO_8,2950440,entropy,1.8198000192642212
PPO_8,2961480,entropy,1.8127548694610596
PPO_8,2975280,entropy,1.8066624402999878
PPO_8,2986320,entropy,1.8070038557052612
PPO_8,2997360,entropy,1.8127009868621826
PPO_8,3008400,entropy,1.8153828382492065
PPO_8,3019440,entropy,1.8180590867996216
PPO_8,3030480,entropy,1.8264392614364624
PPO_8,3041520,entropy,1.819529414176941
PPO_8,3052560,entropy,1.7998696565628052
PPO_8,3066360,entropy,1.7966994047164917
PPO_8,3077400,entropy,1.796143889427185
PPO_8,3088440,entropy,1.7950363159179688
PPO_8,3099480,entropy,1.7920259237289429
PPO_8,3110520,entropy,1.7962172031402588
PPO_8,3121560,entropy,1.804490089416504
PPO_8,3132600,entropy,1.8209154605865479
PPO_8,3143640,entropy,1.8311524391174316
PPO_8,3157440,entropy,1.8329739570617676
PPO_8,3168480,entropy,1.8271052837371826
PPO_8,3179520,entropy,1.8286876678466797
PPO_8,3190560,entropy,1.8364254236221313
PPO_8,3201600,entropy,1.8422520160675049
PPO_8,3212640,entropy,1.8481323719024658
PPO_8,3223680,entropy,1.8616440296173096
PPO_8,3234720,entropy,1.8567436933517456
PPO_8,3248520,entropy,1.8419384956359863
PPO_8,3259560,entropy,1.8473701477050781
PPO_8,3270600,entropy,1.8387216329574585
PPO_8,3281640,entropy,1.8381048440933228
PPO_8,3292680,entropy,1.835264801979065
PPO_8,3303720,entropy,1.8348087072372437
PPO_8,3314760,entropy,1.840010404586792
PPO_8,3325800,entropy,1.8478457927703857
PPO_8,3336840,entropy,1.8479009866714478
PPO_8,3350640,entropy,1.8400683403015137
PPO_8,3361680,entropy,1.834628939628601
PPO_8,3372720,entropy,1.8314892053604126
PPO_8,3383760,entropy,1.8404319286346436
PPO_8,3394800,entropy,1.8480932712554932
PPO_8,3405840,entropy,1.8530840873718262
PPO_8,3416880,entropy,1.8568803071975708
PPO_8,3427920,entropy,1.8642600774765015
PPO_8,3441720,entropy,1.857499122619629
PPO_8,3452760,entropy,1.8588014841079712
PPO_8,3463800,entropy,1.8608834743499756
PPO_8,3474840,entropy,1.8549710512161255
PPO_8,3485880,entropy,1.8550364971160889
PPO_8,3496920,entropy,1.8440791368484497
PPO_8,3507960,entropy,1.84565269947052
PPO_8,3519000,entropy,1.8399379253387451
PPO_8,3532800,entropy,1.837270736694336
PPO_8,3543840,entropy,1.8226969242095947
PPO_8,3554880,entropy,1.8196009397506714
PPO_8,3565920,entropy,1.8346041440963745
PPO_8,3576960,entropy,1.8217482566833496
PPO_8,3588000,entropy,1.824479341506958
PPO_8,3599040,entropy,1.8331419229507446
PPO_8,3610080,entropy,1.8372681140899658
PPO_8,3623880,entropy,1.83213210105896
PPO_8,3634920,entropy,1.8324693441390991
PPO_8,3645960,entropy,1.8337712287902832
PPO_8,3657000,entropy,1.8353335857391357
PPO_8,3668040,entropy,1.844029426574707
PPO_8,3679080,entropy,1.8593405485153198
PPO_8,3690120,entropy,1.8529895544052124
PPO_8,3701160,entropy,1.8460042476654053
PPO_8,3714960,entropy,1.839081883430481
PPO_8,3726000,entropy,1.8388750553131104
PPO_8,3737040,entropy,1.8459731340408325
PPO_8,3748080,entropy,1.8508504629135132
PPO_8,3759120,entropy,1.845618486404419
PPO_8,3770160,entropy,1.8492820262908936
PPO_8,3781200,entropy,1.8441543579101562
PPO_8,3792240,entropy,1.8317729234695435
PPO_8,3806040,entropy,1.8304765224456787
PPO_8,3817080,entropy,1.8355193138122559
PPO_8,3828120,entropy,1.8380236625671387
PPO_8,3839160,entropy,1.827346920967102
PPO_8,3850200,entropy,1.8160881996154785
PPO_8,3861240,entropy,1.814342737197876
PPO_8,3872280,entropy,1.801212191581726
PPO_8,3883320,entropy,1.803355097770691
PPO_8,3897120,entropy,1.809685230255127
PPO_8,3908160,entropy,1.8085544109344482
PPO_8,3919200,entropy,1.8125555515289307
PPO_8,3930240,entropy,1.8138542175292969
PPO_8,3941280,entropy,1.8066108226776123
PPO_8,3952320,entropy,1.8069902658462524
PPO_8,3963360,entropy,1.8154089450836182
PPO_8,3974400,entropy,1.8275091648101807
PPO_8,3985440,entropy,1.8290605545043945
PPO_8,3999240,entropy,1.8325046300888062
PPO_8,4010280,entropy,1.8310555219650269
PPO_8,4021320,entropy,1.824174404144287
PPO_8,4032360,entropy,1.8270890712738037
PPO_8,4043400,entropy,1.826279878616333
PPO_8,4054440,entropy,1.834059238433838
PPO_8,4065480,entropy,1.8350757360458374
PPO_8,4076520,entropy,1.8384672403335571
PPO_8,4090320,entropy,1.8324682712554932
PPO_8,4101360,entropy,1.8366022109985352
PPO_8,4112400,entropy,1.839052438735962
PPO_8,4123440,entropy,1.8418523073196411
PPO_8,4134480,entropy,1.8442004919052124
PPO_8,4145520,entropy,1.83672034740448
PPO_8,4156560,entropy,1.839564323425293
PPO_8,4167600,entropy,1.843606948852539
PPO_8,4181400,entropy,1.8476662635803223
PPO_8,4192440,entropy,1.849977731704712
PPO_8,4203480,entropy,1.8480205535888672
PPO_8,4214520,entropy,1.8456130027770996
PPO_8,4225560,entropy,1.8442262411117554
PPO_8,4236600,entropy,1.841507077217102
PPO_8,4247640,entropy,1.835479974746704
PPO_8,4258680,entropy,1.8343908786773682
PPO_8,4272480,entropy,1.8278024196624756
PPO_8,4283520,entropy,1.8266878128051758
PPO_8,4294560,entropy,1.8323023319244385
PPO_8,4305600,entropy,1.8327877521514893
PPO_8,4316640,entropy,1.8350030183792114
PPO_8,4327680,entropy,1.8404698371887207
PPO_8,4338720,entropy,1.8450084924697876
PPO_8,4349760,entropy,1.8425387144088745
PPO_8,4363560,entropy,1.841081142425537
PPO_8,4374600,entropy,1.8379663228988647
PPO_8,4385640,entropy,1.836525321006775
PPO_8,4396680,entropy,1.8312047719955444
PPO_8,4407720,entropy,1.8281950950622559
PPO_8,4418760,entropy,1.8223140239715576
PPO_8,4429800,entropy,1.8216333389282227
PPO_8,4440840,entropy,1.8243829011917114
PPO_8,4454640,entropy,1.819968342781067
PPO_8,4465680,entropy,1.817299485206604
PPO_8,4476720,entropy,1.814028024673462
PPO_8,4487760,entropy,1.819149374961853
PPO_8,4498800,entropy,1.81589937210083
PPO_8,4509840,entropy,1.8086469173431396
PPO_8,4520880,entropy,1.8087842464447021
PPO_8,4531920,entropy,1.811139702796936
PPO_8,4545720,entropy,1.8143187761306763
PPO_8,5520,approx_kl,0.011797628365457058
PPO_8,16560,approx_kl,0.005794585216790438
PPO_8,27600,approx_kl,0.009345447644591331
PPO_8,38640,approx_kl,0.009115263819694519
PPO_8,49680,approx_kl,0.008510739542543888
PPO_8,60720,approx_kl,0.00783885270357132
PPO_8,71760,approx_kl,0.007664336357265711
PPO_8,82800,approx_kl,0.006465541664510965
PPO_8,93840,approx_kl,0.008637961000204086
PPO_8,107640,approx_kl,0.006966243963688612
PPO_8,118680,approx_kl,0.004661229904741049
PPO_8,129720,approx_kl,0.008606120012700558
PPO_8,140760,approx_kl,0.006742596160620451
PPO_8,151800,approx_kl,0.0046601127833127975
PPO_8,162840,approx_kl,0.005961669608950615
PPO_8,173880,approx_kl,0.006408680230379105
PPO_8,184920,approx_kl,0.007161709945648909
PPO_8,198720,approx_kl,0.006465613842010498
PPO_8,209760,approx_kl,0.006070949137210846
PPO_8,220800,approx_kl,0.00865202397108078
PPO_8,231840,approx_kl,0.006460548844188452
PPO_8,242880,approx_kl,0.006519626826047897
PPO_8,253920,approx_kl,0.008169257082045078
PPO_8,264960,approx_kl,0.010206293314695358
PPO_8,276000,approx_kl,0.00842778105288744
PPO_8,289800,approx_kl,0.003982305992394686
PPO_8,300840,approx_kl,0.004395657684653997
PPO_8,311880,approx_kl,0.0057189930230379105
PPO_8,322920,approx_kl,0.0022982449736446142
PPO_8,333960,approx_kl,0.005683435592800379
PPO_8,345000,approx_kl,0.004927682224661112
PPO_8,356040,approx_kl,0.0034517000894993544
PPO_8,367080,approx_kl,0.00809104647487402
PPO_8,380880,approx_kl,0.006254182662814856
PPO_8,391920,approx_kl,0.004307688679546118
PPO_8,402960,approx_kl,0.005915246903896332
PPO_8,414000,approx_kl,0.004878586623817682
PPO_8,425040,approx_kl,0.005137442611157894
PPO_8,436080,approx_kl,0.005742121487855911
PPO_8,447120,approx_kl,0.0042196218855679035
PPO_8,458160,approx_kl,0.0066000912338495255
PPO_8,471960,approx_kl,0.008124340325593948
PPO_8,483000,approx_kl,0.005178907420486212
PPO_8,494040,approx_kl,0.004757401999086142
PPO_8,505080,approx_kl,0.0053297909907996655
PPO_8,516120,approx_kl,0.00571546470746398
PPO_8,527160,approx_kl,0.0040653464384377
PPO_8,538200,approx_kl,0.0036628833040595055
PPO_8,549240,approx_kl,0.005166908726096153
PPO_8,563040,approx_kl,0.01006887387484312
PPO_8,574080,approx_kl,0.0076226419769227505
PPO_8,585120,approx_kl,0.005139356479048729
PPO_8,596160,approx_kl,0.007916047237813473
PPO_8,607200,approx_kl,0.0074678887613117695
PPO_8,618240,approx_kl,0.007436852902173996
PPO_8,629280,approx_kl,0.007374916225671768
PPO_8,640320,approx_kl,0.004853010177612305
PPO_8,654120,approx_kl,0.009914088994264603
PPO_8,665160,approx_kl,0.007081899791955948
PPO_8,676200,approx_kl,0.007957863621413708
PPO_8,687240,approx_kl,0.007537372410297394
PPO_8,698280,approx_kl,0.0051603540778160095
PPO_8,709320,approx_kl,0.0039271884597837925
PPO_8,720360,approx_kl,0.005367132369428873
PPO_8,731400,approx_kl,0.0032849230337888002
PPO_8,742440,approx_kl,0.004129890352487564
PPO_8,756240,approx_kl,0.003405373776331544
PPO_8,767280,approx_kl,0.004666351713240147
PPO_8,778320,approx_kl,0.00615581264719367
PPO_8,789360,approx_kl,0.007886522449553013
PPO_8,800400,approx_kl,0.004874990787357092
PPO_8,811440,approx_kl,0.00444501917809248
PPO_8,822480,approx_kl,0.002924337051808834
PPO_8,833520,approx_kl,0.005307227373123169
PPO_8,847320,approx_kl,0.004111255053430796
PPO_8,858360,approx_kl,0.006583305075764656
PPO_8,869400,approx_kl,0.010281596332788467
PPO_8,880440,approx_kl,0.004036081023514271
PPO_8,891480,approx_kl,0.006185838952660561
PPO_8,902520,approx_kl,0.004948943853378296
PPO_8,913560,approx_kl,0.00748935341835022
PPO_8,924600,approx_kl,0.004630173556506634
PPO_8,938400,approx_kl,0.0062559363432228565
PPO_8,949440,approx_kl,0.004964364692568779
PPO_8,960480,approx_kl,0.005768266040831804
PPO_8,971520,approx_kl,0.005560088902711868
PPO_8,982560,approx_kl,0.005665974225848913
PPO_8,993600,approx_kl,0.005172997247427702
PPO_8,1004640,approx_kl,0.005109561141580343
PPO_8,1015680,approx_kl,0.007942832075059414
PPO_8,1029480,approx_kl,0.0045441011898219585
PPO_8,1040520,approx_kl,0.017709603533148766
PPO_8,1051560,approx_kl,0.004224068019539118
PPO_8,1062600,approx_kl,0.0029485125560313463
PPO_8,1073640,approx_kl,0.006775926798582077
PPO_8,1084680,approx_kl,0.007138508837670088
PPO_8,1095720,approx_kl,0.003296184353530407
PPO_8,1106760,approx_kl,0.011206664144992828
PPO_8,1120560,approx_kl,0.005231458693742752
PPO_8,1131600,approx_kl,0.00434527825564146
PPO_8,1142640,approx_kl,0.004408757667988539
PPO_8,1153680,approx_kl,0.005430567543953657
PPO_8,1164720,approx_kl,0.0044196113012731075
PPO_8,1175760,approx_kl,0.006668278947472572
PPO_8,1186800,approx_kl,0.006054190453141928
PPO_8,1197840,approx_kl,0.005051861051470041
PPO_8,1211640,approx_kl,0.009056469425559044
PPO_8,1222680,approx_kl,0.005234546959400177
PPO_8,1233720,approx_kl,0.0016522578662261367
PPO_8,1244760,approx_kl,0.005682109389454126
PPO_8,1255800,approx_kl,0.005256496835500002
PPO_8,1266840,approx_kl,0.008857530541718006
PPO_8,1277880,approx_kl,0.006026355549693108
PPO_8,1288920,approx_kl,0.0029272201936692
PPO_8,1302720,approx_kl,0.007642319891601801
PPO_8,1313760,approx_kl,0.0046515208669006824
PPO_8,1324800,approx_kl,0.009607444517314434
PPO_8,1335840,approx_kl,0.008104185573756695
PPO_8,1346880,approx_kl,0.0073376428335905075
PPO_8,1357920,approx_kl,0.004145808983594179
PPO_8,1368960,approx_kl,0.007902656681835651
PPO_8,1380000,approx_kl,0.01448496337980032
PPO_8,1391040,approx_kl,0.0064139231108129025
PPO_8,1404840,approx_kl,0.004227711819112301
PPO_8,1415880,approx_kl,0.0064025442115962505
PPO_8,1426920,approx_kl,0.007400569040328264
PPO_8,1437960,approx_kl,0.0034780206624418497
PPO_8,1449000,approx_kl,0.006647835019975901
PPO_8,1460040,approx_kl,0.012728169560432434
PPO_8,1471080,approx_kl,0.005422762129455805
PPO_8,1482120,approx_kl,0.006343036890029907
PPO_8,1495920,approx_kl,0.006961699575185776
PPO_8,1506960,approx_kl,0.009611436165869236
PPO_8,1518000,approx_kl,0.00454598618671298
PPO_8,1529040,approx_kl,0.005068423226475716
PPO_8,1540080,approx_kl,0.006167380604892969
PPO_8,1551120,approx_kl,0.004961853381246328
PPO_8,1562160,approx_kl,0.006689542904496193
PPO_8,1573200,approx_kl,0.005671060178428888
PPO_8,1587000,approx_kl,0.0050405110232532024
PPO_8,1598040,approx_kl,0.012663631699979305
PPO_8,1609080,approx_kl,0.014504029415547848
PPO_8,1620120,approx_kl,0.010997109115123749
PPO_8,1631160,approx_kl,0.007727439980953932
PPO_8,1642200,approx_kl,0.010592027567327023
PPO_8,1653240,approx_kl,0.00732928654178977
PPO_8,1664280,approx_kl,0.008432927541434765
PPO_8,1678080,approx_kl,0.007466042414307594
PPO_8,1689120,approx_kl,0.010400508530437946
PPO_8,1700160,approx_kl,0.009883430786430836
PPO_8,1711200,approx_kl,0.006025992333889008
PPO_8,1722240,approx_kl,0.008984250947833061
PPO_8,1733280,approx_kl,0.006987030152231455
PPO_8,1744320,approx_kl,0.009494715370237827
PPO_8,1755360,approx_kl,0.00865561980754137
PPO_8,1769160,approx_kl,0.006977553945034742
PPO_8,1780200,approx_kl,0.006221294868737459
PPO_8,1791240,approx_kl,0.010519694536924362
PPO_8,1802280,approx_kl,0.004421493038535118
PPO_8,1813320,approx_kl,0.005574207287281752
PPO_8,1824360,approx_kl,0.0043896157294511795
PPO_8,1835400,approx_kl,0.009863740764558315
PPO_8,1846440,approx_kl,0.026760941371321678
PPO_8,1860240,approx_kl,0.006655547767877579
PPO_8,1871280,approx_kl,0.008672202937304974
PPO_8,1882320,approx_kl,0.007309505250304937
PPO_8,1893360,approx_kl,0.007678990717977285
PPO_8,1904400,approx_kl,0.0056955390609800816
PPO_8,1915440,approx_kl,0.008206911385059357
PPO_8,1926480,approx_kl,0.009620917961001396
PPO_8,1937520,approx_kl,0.0174406748265028
PPO_8,1951320,approx_kl,0.008044538088142872
PPO_8,1962360,approx_kl,0.007184509187936783
PPO_8,1973400,approx_kl,0.008974914439022541
PPO_8,1984440,approx_kl,0.02061738632619381
PPO_8,1995480,approx_kl,0.008307124488055706
PPO_8,2006520,approx_kl,0.007156241685152054
PPO_8,2017560,approx_kl,0.01381530612707138
PPO_8,2028600,approx_kl,0.015570596791803837
PPO_8,2039640,approx_kl,0.005323243793100119
PPO_8,2053440,approx_kl,0.008611506782472134
PPO_8,2064480,approx_kl,0.007509166374802589
PPO_8,2075520,approx_kl,0.00832300167530775
PPO_8,2086560,approx_kl,0.013289826922118664
PPO_8,2097600,approx_kl,0.007128289435058832
PPO_8,2108640,approx_kl,0.004471002612262964
PPO_8,2119680,approx_kl,0.006806304678320885
PPO_8,2130720,approx_kl,0.006264889612793922
PPO_8,2144520,approx_kl,0.009530952200293541
PPO_8,2155560,approx_kl,0.006893507670611143
PPO_8,2166600,approx_kl,0.007992010563611984
PPO_8,2177640,approx_kl,0.009129744954407215
PPO_8,2188680,approx_kl,0.008335408754646778
PPO_8,2199720,approx_kl,0.007486272603273392
PPO_8,2210760,approx_kl,0.01701021008193493
PPO_8,2221800,approx_kl,0.009029150940477848
PPO_8,2235600,approx_kl,0.0037204825785011053
PPO_8,2246640,approx_kl,0.005017008166760206
PPO_8,2257680,approx_kl,0.01263295765966177
PPO_8,2268720,approx_kl,0.00864062737673521
PPO_8,2279760,approx_kl,0.007707691285759211
PPO_8,2290800,approx_kl,0.006967796012759209
PPO_8,2301840,approx_kl,0.005914776120334864
PPO_8,2312880,approx_kl,0.011641408316791058
PPO_8,2326680,approx_kl,0.010953587479889393
PPO_8,2337720,approx_kl,0.008225598372519016
PPO_8,2348760,approx_kl,0.0125167490914464
PPO_8,2359800,approx_kl,0.008183512836694717
PPO_8,2370840,approx_kl,0.010490596294403076
PPO_8,2381880,approx_kl,0.010376161895692348
PPO_8,2392920,approx_kl,0.00923321582376957
PPO_8,2403960,approx_kl,0.00867208931595087
PPO_8,2417760,approx_kl,0.0076783462427556515
PPO_8,2428800,approx_kl,0.015843229368329048
PPO_8,2439840,approx_kl,0.006771765649318695
PPO_8,2450880,approx_kl,0.009552355855703354
PPO_8,2461920,approx_kl,0.010231174528598785
PPO_8,2472960,approx_kl,0.008172093890607357
PPO_8,2484000,approx_kl,0.008153765462338924
PPO_8,2495040,approx_kl,0.0077635315246880054
PPO_8,2508840,approx_kl,0.008046808652579784
PPO_8,2519880,approx_kl,0.006034232210367918
PPO_8,2530920,approx_kl,0.006567638833075762
PPO_8,2541960,approx_kl,0.008825293742120266
PPO_8,2553000,approx_kl,0.007021892815828323
PPO_8,2564040,approx_kl,0.010585390962660313
PPO_8,2575080,approx_kl,0.004067323636263609
PPO_8,2586120,approx_kl,0.0064368234016001225
PPO_8,2599920,approx_kl,0.007736716419458389
PPO_8,2610960,approx_kl,0.021391093730926514
PPO_8,2622000,approx_kl,0.010660824365913868
PPO_8,2633040,approx_kl,0.007505454588681459
PPO_8,2644080,approx_kl,0.01314005721360445
PPO_8,2655120,approx_kl,0.009018607437610626
PPO_8,2666160,approx_kl,0.0069973948411643505
PPO_8,2677200,approx_kl,0.008023151196539402
PPO_8,2688240,approx_kl,0.007932663895189762
PPO_8,2702040,approx_kl,0.007102509494870901
PPO_8,2713080,approx_kl,0.004973385948687792
PPO_8,2724120,approx_kl,0.005800268147140741
PPO_8,2735160,approx_kl,0.015475746244192123
PPO_8,2746200,approx_kl,0.00993406493216753
PPO_8,2757240,approx_kl,0.009087592363357544
PPO_8,2768280,approx_kl,0.009418238885700703
PPO_8,2779320,approx_kl,0.013398711569607258
PPO_8,2793120,approx_kl,0.007329389452934265
PPO_8,2804160,approx_kl,0.006390059366822243
PPO_8,2815200,approx_kl,0.005766440182924271
PPO_8,2826240,approx_kl,0.007165478076785803
PPO_8,2837280,approx_kl,0.0060506253503263
PPO_8,2848320,approx_kl,0.0070327152498066425
PPO_8,2859360,approx_kl,0.006939804181456566
PPO_8,2870400,approx_kl,0.00893266312777996
PPO_8,2884200,approx_kl,0.007215032819658518
PPO_8,2895240,approx_kl,0.012077086605131626
PPO_8,2906280,approx_kl,0.008117462508380413
PPO_8,2917320,approx_kl,0.009374887682497501
PPO_8,2928360,approx_kl,0.015189382247626781
PPO_8,2939400,approx_kl,0.004459704738110304
PPO_8,2950440,approx_kl,0.011971782892942429
PPO_8,2961480,approx_kl,0.006323765963315964
PPO_8,2975280,approx_kl,0.010564184747636318
PPO_8,2986320,approx_kl,0.009131421335041523
PPO_8,2997360,approx_kl,0.005909764673560858
PPO_8,3008400,approx_kl,0.00815562717616558
PPO_8,3019440,approx_kl,0.007451271638274193
PPO_8,3030480,approx_kl,0.008235473185777664
PPO_8,3041520,approx_kl,0.008860386908054352
PPO_8,3052560,approx_kl,0.007369548082351685
PPO_8,3066360,approx_kl,0.0029973287601023912
PPO_8,3077400,approx_kl,0.003567586885765195
PPO_8,3088440,approx_kl,0.006822795141488314
PPO_8,3099480,approx_kl,0.022002385929226875
PPO_8,3110520,approx_kl,0.01863277144730091
PPO_8,3121560,approx_kl,0.004252783954143524
PPO_8,3132600,approx_kl,0.011325434781610966
PPO_8,3143640,approx_kl,0.010838608257472515
PPO_8,3157440,approx_kl,0.0062659066170454025
PPO_8,3168480,approx_kl,0.010080426000058651
PPO_8,3179520,approx_kl,0.00539616122841835
PPO_8,3190560,approx_kl,0.013752308674156666
PPO_8,3201600,approx_kl,0.011208559386432171
PPO_8,3212640,approx_kl,0.017034774646162987
PPO_8,3223680,approx_kl,0.011230465024709702
PPO_8,3234720,approx_kl,0.016121381893754005
PPO_8,3248520,approx_kl,0.006956262048333883
PPO_8,3259560,approx_kl,0.006701949518173933
PPO_8,3270600,approx_kl,0.0037560993805527687
PPO_8,3281640,approx_kl,0.005711507052183151
PPO_8,3292680,approx_kl,0.004259546287357807
PPO_8,3303720,approx_kl,0.00537944957613945
PPO_8,3314760,approx_kl,0.00550091965124011
PPO_8,3325800,approx_kl,0.01083143800497055
PPO_8,3336840,approx_kl,0.00584801472723484
PPO_8,3350640,approx_kl,0.009831282310187817
PPO_8,3361680,approx_kl,0.006893537472933531
PPO_8,3372720,approx_kl,0.00413722125813365
PPO_8,3383760,approx_kl,0.006500869523733854
PPO_8,3394800,approx_kl,0.0060089207254350185
PPO_8,3405840,approx_kl,0.008833053521811962
PPO_8,3416880,approx_kl,0.008312729187309742
PPO_8,3427920,approx_kl,0.01128255482763052
PPO_8,3441720,approx_kl,0.006046364549547434
PPO_8,3452760,approx_kl,0.018360409885644913
PPO_8,3463800,approx_kl,0.012966650538146496
PPO_8,3474840,approx_kl,0.0049986159428954124
PPO_8,3485880,approx_kl,0.007372117135673761
PPO_8,3496920,approx_kl,0.005525794345885515
PPO_8,3507960,approx_kl,0.008693131618201733
PPO_8,3519000,approx_kl,0.004931062459945679
PPO_8,3532800,approx_kl,0.00393560528755188
PPO_8,3543840,approx_kl,0.0064178816974163055
PPO_8,3554880,approx_kl,0.008656802587211132
PPO_8,3565920,approx_kl,0.008093488402664661
PPO_8,3576960,approx_kl,0.0054089887998998165
PPO_8,3588000,approx_kl,0.008403518237173557
PPO_8,3599040,approx_kl,0.008209200575947762
PPO_8,3610080,approx_kl,0.008918303065001965
PPO_8,3623880,approx_kl,0.007661908399313688
PPO_8,3634920,approx_kl,0.0074687860906124115
PPO_8,3645960,approx_kl,0.006177900359034538
PPO_8,3657000,approx_kl,0.008082465268671513
PPO_8,3668040,approx_kl,0.00463324086740613
PPO_8,3679080,approx_kl,0.01073735486716032
PPO_8,3690120,approx_kl,0.0050709061324596405
PPO_8,3701160,approx_kl,0.007215633522719145
PPO_8,3714960,approx_kl,0.011290808208286762
PPO_8,3726000,approx_kl,0.004035562742501497
PPO_8,3737040,approx_kl,0.0037022617179900408
PPO_8,3748080,approx_kl,0.010556784458458424
PPO_8,3759120,approx_kl,0.009320702403783798
PPO_8,3770160,approx_kl,0.005851023364812136
PPO_8,3781200,approx_kl,0.005649859551340342
PPO_8,3792240,approx_kl,0.00900897104293108
PPO_8,3806040,approx_kl,0.010954116471111774
PPO_8,3817080,approx_kl,0.008337332867085934
PPO_8,3828120,approx_kl,0.012492407113313675
PPO_8,3839160,approx_kl,0.006519695743918419
PPO_8,3850200,approx_kl,0.01145698968321085
PPO_8,3861240,approx_kl,0.007928109727799892
PPO_8,3872280,approx_kl,0.008219383656978607
PPO_8,3883320,approx_kl,0.005326617509126663
PPO_8,3897120,approx_kl,0.00667770067229867
PPO_8,3908160,approx_kl,0.007700501475483179
PPO_8,3919200,approx_kl,0.005146397277712822
PPO_8,3930240,approx_kl,0.006245090160518885
PPO_8,3941280,approx_kl,0.0049573383294045925
PPO_8,3952320,approx_kl,0.006340814754366875
PPO_8,3963360,approx_kl,0.005464640911668539
PPO_8,3974400,approx_kl,0.012306716293096542
PPO_8,3985440,approx_kl,0.007204711902886629
PPO_8,3999240,approx_kl,0.005441805813461542
PPO_8,4010280,approx_kl,0.009035653434693813
PPO_8,4021320,approx_kl,0.004666870925575495
PPO_8,4032360,approx_kl,0.008502890355885029
PPO_8,4043400,approx_kl,0.004588859621435404
PPO_8,4054440,approx_kl,0.005875734146684408
PPO_8,4065480,approx_kl,0.017763491719961166
PPO_8,4076520,approx_kl,0.0016552796587347984
PPO_8,4090320,approx_kl,0.005120804533362389
PPO_8,4101360,approx_kl,0.008870496414601803
PPO_8,4112400,approx_kl,0.008581540547311306
PPO_8,4123440,approx_kl,0.010988014750182629
PPO_8,4134480,approx_kl,0.00671354541555047
PPO_8,4145520,approx_kl,0.004318105522543192
PPO_8,4156560,approx_kl,0.007107655983418226
PPO_8,4167600,approx_kl,0.0056827780790627
PPO_8,4181400,approx_kl,0.006401214748620987
PPO_8,4192440,approx_kl,0.006638852879405022
PPO_8,4203480,approx_kl,0.005815351381897926
PPO_8,4214520,approx_kl,0.008352123200893402
PPO_8,4225560,approx_kl,0.010565613396465778
PPO_8,4236600,approx_kl,0.007097532507032156
PPO_8,4247640,approx_kl,0.005614018067717552
PPO_8,4258680,approx_kl,0.009555138647556305
PPO_8,4272480,approx_kl,0.006440415978431702
PPO_8,4283520,approx_kl,0.004016641527414322
PPO_8,4294560,approx_kl,0.00502376863732934
PPO_8,4305600,approx_kl,0.006885081063956022
PPO_8,4316640,approx_kl,0.009217143058776855
PPO_8,4327680,approx_kl,0.004651614930480719
PPO_8,4338720,approx_kl,0.0031381689477711916
PPO_8,4349760,approx_kl,0.007257400546222925
PPO_8,4363560,approx_kl,0.006382459308952093
PPO_8,4374600,approx_kl,0.005678993184119463
PPO_8,4385640,approx_kl,0.005643513519316912
PPO_8,4396680,approx_kl,0.0051193200051784515
PPO_8,4407720,approx_kl,0.007115229498594999
PPO_8,4418760,approx_kl,0.006588935852050781
PPO_8,4429800,approx_kl,0.004987556487321854
PPO_8,4440840,approx_kl,0.007185345981270075
PPO_8,4454640,approx_kl,0.00690029002726078
PPO_8,4465680,approx_kl,0.004678401630371809
PPO_8,4476720,approx_kl,0.0034727733582258224
PPO_8,4487760,approx_kl,0.008504478260874748
PPO_8,4498800,approx_kl,0.004847520496696234
PPO_8,4509840,approx_kl,0.007202597800642252
PPO_8,4520880,approx_kl,0.007035715971142054
PPO_8,4531920,approx_kl,0.004221615847200155
PPO_8,4545720,approx_kl,0.004295950289815664
PPO_8,5520,std,0.9994118213653564
PPO_8,16560,std,0.9977886080741882
PPO_8,27600,std,0.9833580851554871
PPO_8,38640,std,0.9507526755332947
PPO_8,49680,std,0.9126725792884827
PPO_8,60720,std,0.8880479335784912
PPO_8,71760,std,0.8720235824584961
PPO_8,82800,std,0.8597559332847595
PPO_8,93840,std,0.8488127589225769
PPO_8,107640,std,0.8233701586723328
PPO_8,118680,std,0.8064863085746765
PPO_8,129720,std,0.7887371182441711
PPO_8,140760,std,0.7808143496513367
PPO_8,151800,std,0.7593501210212708
PPO_8,162840,std,0.7467368245124817
PPO_8,173880,std,0.7275832295417786
PPO_8,184920,std,0.7129892706871033
PPO_8,198720,std,0.7077524065971375
PPO_8,209760,std,0.6939277052879333
PPO_8,220800,std,0.6795564293861389
PPO_8,231840,std,0.6631390452384949
PPO_8,242880,std,0.6586166024208069
PPO_8,253920,std,0.6472665667533875
PPO_8,264960,std,0.6424211859703064
PPO_8,276000,std,0.6303979754447937
PPO_8,289800,std,0.6170110702514648
PPO_8,300840,std,0.606696367263794
PPO_8,311880,std,0.5935012698173523
PPO_8,322920,std,0.5833231806755066
PPO_8,333960,std,0.5758108496665955
PPO_8,345000,std,0.567470371723175
PPO_8,356040,std,0.5569505095481873
PPO_8,367080,std,0.5458551049232483
PPO_8,380880,std,0.5333292484283447
PPO_8,391920,std,0.5294342637062073
PPO_8,402960,std,0.5236636996269226
PPO_8,414000,std,0.5149593949317932
PPO_8,425040,std,0.5095157623291016
PPO_8,436080,std,0.5010936260223389
PPO_8,447120,std,0.49244704842567444
PPO_8,458160,std,0.4810534417629242
PPO_8,471960,std,0.4659370183944702
PPO_8,483000,std,0.4567807614803314
PPO_8,494040,std,0.44810113310813904
PPO_8,505080,std,0.437077134847641
PPO_8,516120,std,0.4311518669128418
PPO_8,527160,std,0.4278664290904999
PPO_8,538200,std,0.4187294542789459
PPO_8,549240,std,0.41367408633232117
PPO_8,563040,std,0.40885987877845764
PPO_8,574080,std,0.4042348861694336
PPO_8,585120,std,0.3958800733089447
PPO_8,596160,std,0.3888281285762787
PPO_8,607200,std,0.3813786506652832
PPO_8,618240,std,0.3783504068851471
PPO_8,629280,std,0.37481173872947693
PPO_8,640320,std,0.37004080414772034
PPO_8,654120,std,0.3679816424846649
PPO_8,665160,std,0.3624964952468872
PPO_8,676200,std,0.35911282896995544
PPO_8,687240,std,0.3538592755794525
PPO_8,698280,std,0.34858083724975586
PPO_8,709320,std,0.34474050998687744
PPO_8,720360,std,0.33916226029396057
PPO_8,731400,std,0.33739396929740906
PPO_8,742440,std,0.3306497633457184
PPO_8,756240,std,0.33001646399497986
PPO_8,767280,std,0.3277926743030548
PPO_8,778320,std,0.324337363243103
PPO_8,789360,std,0.3232837915420532
PPO_8,800400,std,0.32319551706314087
PPO_8,811440,std,0.3223395347595215
PPO_8,822480,std,0.31839004158973694
PPO_8,833520,std,0.3142693340778351
PPO_8,847320,std,0.3099111020565033
PPO_8,858360,std,0.3052697479724884
PPO_8,869400,std,0.3021003305912018
PPO_8,880440,std,0.30035698413848877
PPO_8,891480,std,0.3029365837574005
PPO_8,902520,std,0.3023016154766083
PPO_8,913560,std,0.29877570271492004
PPO_8,924600,std,0.2983604967594147
PPO_8,938400,std,0.29311683773994446
PPO_8,949440,std,0.2936230003833771
PPO_8,960480,std,0.29425081610679626
PPO_8,971520,std,0.2940572202205658
PPO_8,982560,std,0.29043012857437134
PPO_8,993600,std,0.2906898558139801
PPO_8,1004640,std,0.29305973649024963
PPO_8,1015680,std,0.29136666655540466
PPO_8,1029480,std,0.2896953523159027
PPO_8,1040520,std,0.2898900806903839
PPO_8,1051560,std,0.2899468243122101
PPO_8,1062600,std,0.2870694696903229
PPO_8,1073640,std,0.2867303490638733
PPO_8,1084680,std,0.28516197204589844
PPO_8,1095720,std,0.28065991401672363
PPO_8,1106760,std,0.2805010974407196
PPO_8,1120560,std,0.28085073828697205
PPO_8,1131600,std,0.2782576382160187
PPO_8,1142640,std,0.2778622806072235
PPO_8,1153680,std,0.274676650762558
PPO_8,1164720,std,0.27414706349372864
PPO_8,1175760,std,0.2753889858722687
PPO_8,1186800,std,0.2759452760219574
PPO_8,1197840,std,0.2757408916950226
PPO_8,1211640,std,0.27560168504714966
PPO_8,1222680,std,0.27548980712890625
PPO_8,1233720,std,0.2724805474281311
PPO_8,1244760,std,0.27156081795692444
PPO_8,1255800,std,0.27260148525238037
PPO_8,1266840,std,0.2712092101573944
PPO_8,1277880,std,0.27240419387817383
PPO_8,1288920,std,0.2766875922679901
PPO_8,1302720,std,0.2761201858520508
PPO_8,1313760,std,0.2746385931968689
PPO_8,1324800,std,0.27444735169410706
PPO_8,1335840,std,0.2772482931613922
PPO_8,1346880,std,0.27745306491851807
PPO_8,1357920,std,0.2752566337585449
PPO_8,1368960,std,0.2795548141002655
PPO_8,1380000,std,0.28127971291542053
PPO_8,1391040,std,0.28177908062934875
PPO_8,1404840,std,0.2761231064796448
PPO_8,1415880,std,0.280082106590271
PPO_8,1426920,std,0.27862635254859924
PPO_8,1437960,std,0.27860403060913086
PPO_8,1449000,std,0.276934415102005
PPO_8,1460040,std,0.2750871479511261
PPO_8,1471080,std,0.27636590600013733
PPO_8,1482120,std,0.27371224761009216
PPO_8,1495920,std,0.27618324756622314
PPO_8,1506960,std,0.27451232075691223
PPO_8,1518000,std,0.2775428593158722
PPO_8,1529040,std,0.2747131884098053
PPO_8,1540080,std,0.2741793692111969
PPO_8,1551120,std,0.2730953097343445
PPO_8,1562160,std,0.2736019194126129
PPO_8,1573200,std,0.2760837972164154
PPO_8,1587000,std,0.2734859883785248
PPO_8,1598040,std,0.2737850546836853
PPO_8,1609080,std,0.2737804055213928
PPO_8,1620120,std,0.27309858798980713
PPO_8,1631160,std,0.2740466892719269
PPO_8,1642200,std,0.2724648714065552
PPO_8,1653240,std,0.2713446319103241
PPO_8,1664280,std,0.27021411061286926
PPO_8,1678080,std,0.26855048537254333
PPO_8,1689120,std,0.26798465847969055
PPO_8,1700160,std,0.2698472738265991
PPO_8,1711200,std,0.26978322863578796
PPO_8,1722240,std,0.2697838246822357
PPO_8,1733280,std,0.27315330505371094
PPO_8,1744320,std,0.2711000144481659
PPO_8,1755360,std,0.2739711105823517
PPO_8,1769160,std,0.2733820080757141
PPO_8,1780200,std,0.2762322723865509
PPO_8,1791240,std,0.27641940116882324
PPO_8,1802280,std,0.2751424014568329
PPO_8,1813320,std,0.2759234607219696
PPO_8,1824360,std,0.274385005235672
PPO_8,1835400,std,0.27476486563682556
PPO_8,1846440,std,0.27451425790786743
PPO_8,1860240,std,0.2724999487400055
PPO_8,1871280,std,0.2739831209182739
PPO_8,1882320,std,0.2750212550163269
PPO_8,1893360,std,0.27689000964164734
PPO_8,1904400,std,0.2778509557247162
PPO_8,1915440,std,0.27856680750846863
PPO_8,1926480,std,0.27940264344215393
PPO_8,1937520,std,0.28081801533699036
PPO_8,1951320,std,0.2808688282966614
PPO_8,1962360,std,0.27898725867271423
PPO_8,1973400,std,0.2792997658252716
PPO_8,1984440,std,0.27903446555137634
PPO_8,1995480,std,0.2790617048740387
PPO_8,2006520,std,0.27979427576065063
PPO_8,2017560,std,0.28098049759864807
PPO_8,2028600,std,0.2817229926586151
PPO_8,2039640,std,0.28047654032707214
PPO_8,2053440,std,0.2805323302745819
PPO_8,2064480,std,0.28455010056495667
PPO_8,2075520,std,0.2855929732322693
PPO_8,2086560,std,0.2896413803100586
PPO_8,2097600,std,0.2911096513271332
PPO_8,2108640,std,0.2893081605434418
PPO_8,2119680,std,0.2879207134246826
PPO_8,2130720,std,0.28855276107788086
PPO_8,2144520,std,0.2888442575931549
PPO_8,2155560,std,0.29180723428726196
PPO_8,2166600,std,0.29006877541542053
PPO_8,2177640,std,0.2887387275695801
PPO_8,2188680,std,0.29179295897483826
PPO_8,2199720,std,0.2909351885318756
PPO_8,2210760,std,0.29416897892951965
PPO_8,2221800,std,0.2943709194660187
PPO_8,2235600,std,0.29896190762519836
PPO_8,2246640,std,0.30107662081718445
PPO_8,2257680,std,0.30214548110961914
PPO_8,2268720,std,0.30212876200675964
PPO_8,2279760,std,0.30444690585136414
PPO_8,2290800,std,0.30546119809150696
PPO_8,2301840,std,0.3045627772808075
PPO_8,2312880,std,0.304131418466568
PPO_8,2326680,std,0.3037062883377075
PPO_8,2337720,std,0.3025273084640503
PPO_8,2348760,std,0.3024933636188507
PPO_8,2359800,std,0.30353471636772156
PPO_8,2370840,std,0.30174413323402405
PPO_8,2381880,std,0.300286203622818
PPO_8,2392920,std,0.3017532229423523
PPO_8,2403960,std,0.3005252182483673
PPO_8,2417760,std,0.3010714650154114
PPO_8,2428800,std,0.30084532499313354
PPO_8,2439840,std,0.3006954789161682
PPO_8,2450880,std,0.30095282196998596
PPO_8,2461920,std,0.3019438683986664
PPO_8,2472960,std,0.300268292427063
PPO_8,2484000,std,0.30161193013191223
PPO_8,2495040,std,0.30170515179634094
PPO_8,2508840,std,0.29981011152267456
PPO_8,2519880,std,0.30037471652030945
PPO_8,2530920,std,0.3025307059288025
PPO_8,2541960,std,0.3045278489589691
PPO_8,2553000,std,0.3029307723045349
PPO_8,2564040,std,0.3013894855976105
PPO_8,2575080,std,0.299765408039093
PPO_8,2586120,std,0.29824087023735046
PPO_8,2599920,std,0.29834452271461487
PPO_8,2610960,std,0.30102601647377014
PPO_8,2622000,std,0.30060645937919617
PPO_8,2633040,std,0.2985282838344574
PPO_8,2644080,std,0.29931285977363586
PPO_8,2655120,std,0.2991611957550049
PPO_8,2666160,std,0.2989647686481476
PPO_8,2677200,std,0.2984442114830017
PPO_8,2688240,std,0.29984942078590393
PPO_8,2702040,std,0.30099913477897644
PPO_8,2713080,std,0.30004259943962097
PPO_8,2724120,std,0.301342636346817
PPO_8,2735160,std,0.3023618757724762
PPO_8,2746200,std,0.30220744013786316
PPO_8,2757240,std,0.3024655282497406
PPO_8,2768280,std,0.3025059103965759
PPO_8,2779320,std,0.30258992314338684
PPO_8,2793120,std,0.3026915490627289
PPO_8,2804160,std,0.30278798937797546
PPO_8,2815200,std,0.30124637484550476
PPO_8,2826240,std,0.3014395534992218
PPO_8,2837280,std,0.30095985531806946
PPO_8,2848320,std,0.3042856752872467
PPO_8,2859360,std,0.3050270974636078
PPO_8,2870400,std,0.3061074912548065
PPO_8,2884200,std,0.30522897839546204
PPO_8,2895240,std,0.30672886967658997
PPO_8,2906280,std,0.30485671758651733
PPO_8,2917320,std,0.3042893707752228
PPO_8,2928360,std,0.3057902753353119
PPO_8,2939400,std,0.305899441242218
PPO_8,2950440,std,0.3065836727619171
PPO_8,2961480,std,0.310738742351532
PPO_8,2975280,std,0.3088986575603485
PPO_8,2986320,std,0.30824556946754456
PPO_8,2997360,std,0.3078567087650299
PPO_8,3008400,std,0.30735084414482117
PPO_8,3019440,std,0.305940181016922
PPO_8,3030480,std,0.3054867684841156
PPO_8,3041520,std,0.30681273341178894
PPO_8,3052560,std,0.3083023726940155
PPO_8,3066360,std,0.3091264069080353
PPO_8,3077400,std,0.3093961477279663
PPO_8,3088440,std,0.31207752227783203
PPO_8,3099480,std,0.3143713176250458
PPO_8,3110520,std,0.31537970900535583
PPO_8,3121560,std,0.31670212745666504
PPO_8,3132600,std,0.31528231501579285
PPO_8,3143640,std,0.31351032853126526
PPO_8,3157440,std,0.31441906094551086
PPO_8,3168480,std,0.31463053822517395
PPO_8,3179520,std,0.31447991728782654
PPO_8,3190560,std,0.31346893310546875
PPO_8,3201600,std,0.31237465143203735
PPO_8,3212640,std,0.3114009201526642
PPO_8,3223680,std,0.30985453724861145
PPO_8,3234720,std,0.30973386764526367
PPO_8,3248520,std,0.312362402677536
PPO_8,3259560,std,0.31021901965141296
PPO_8,3270600,std,0.31255197525024414
PPO_8,3281640,std,0.3109365701675415
PPO_8,3292680,std,0.3127140700817108
PPO_8,3303720,std,0.31354406476020813
PPO_8,3314760,std,0.31348350644111633
PPO_8,3325800,std,0.31325194239616394
PPO_8,3336840,std,0.31357577443122864
PPO_8,3350640,std,0.31451305747032166
PPO_8,3361680,std,0.31396594643592834
PPO_8,3372720,std,0.31469589471817017
PPO_8,3383760,std,0.31559380888938904
PPO_8,3394800,std,0.31449100375175476
PPO_8,3405840,std,0.3153109848499298
PPO_8,3416880,std,0.31415483355522156
PPO_8,3427920,std,0.31277742981910706
PPO_8,3441720,std,0.3114735782146454
PPO_8,3452760,std,0.31106290221214294
PPO_8,3463800,std,0.311548113822937
PPO_8,3474840,std,0.3124794065952301
PPO_8,3485880,std,0.3125273883342743
PPO_8,3496920,std,0.3125556409358978
PPO_8,3507960,std,0.3120335638523102
PPO_8,3519000,std,0.3127743899822235
PPO_8,3532800,std,0.3152102530002594
PPO_8,3543840,std,0.31726452708244324
PPO_8,3554880,std,0.3184323012828827
PPO_8,3565920,std,0.3175252676010132
PPO_8,3576960,std,0.31879904866218567
PPO_8,3588000,std,0.3195525109767914
PPO_8,3599040,std,0.3193821310997009
PPO_8,3610080,std,0.31861570477485657
PPO_8,3623880,std,0.319503515958786
PPO_8,3634920,std,0.31774866580963135
PPO_8,3645960,std,0.3183034062385559
PPO_8,3657000,std,0.3188650608062744
PPO_8,3668040,std,0.31772175431251526
PPO_8,3679080,std,0.31705522537231445
PPO_8,3690120,std,0.31891146302223206
PPO_8,3701160,std,0.32035407423973083
PPO_8,3714960,std,0.32185110449790955
PPO_8,3726000,std,0.32108667492866516
PPO_8,3737040,std,0.32128313183784485
PPO_8,3748080,std,0.3206769824028015
PPO_8,3759120,std,0.3217189610004425
PPO_8,3770160,std,0.3213609755039215
PPO_8,3781200,std,0.3211997449398041
PPO_8,3792240,std,0.3222172260284424
PPO_8,3806040,std,0.32602888345718384
PPO_8,3817080,std,0.3255886137485504
PPO_8,3828120,std,0.3256537616252899
PPO_8,3839160,std,0.32601162791252136
PPO_8,3850200,std,0.32520899176597595
PPO_8,3861240,std,0.3258502781391144
PPO_8,3872280,std,0.32551202178001404
PPO_8,3883320,std,0.3263839781284332
PPO_8,3897120,std,0.32680389285087585
PPO_8,3908160,std,0.3265480399131775
PPO_8,3919200,std,0.3265894949436188
PPO_8,3930240,std,0.3272221088409424
PPO_8,3941280,std,0.3281983733177185
PPO_8,3952320,std,0.3280482590198517
PPO_8,3963360,std,0.325946569442749
PPO_8,3974400,std,0.32326212525367737
PPO_8,3985440,std,0.32336586713790894
PPO_8,3999240,std,0.32312771677970886
PPO_8,4010280,std,0.32360854744911194
PPO_8,4021320,std,0.3250586986541748
PPO_8,4032360,std,0.3252732753753662
PPO_8,4043400,std,0.3252648413181305
PPO_8,4054440,std,0.3248811960220337
PPO_8,4065480,std,0.3244514763355255
PPO_8,4076520,std,0.3251727819442749
PPO_8,4090320,std,0.3263150453567505
PPO_8,4101360,std,0.3274727165699005
PPO_8,4112400,std,0.3270889222621918
PPO_8,4123440,std,0.32631757855415344
PPO_8,4134480,std,0.32555514574050903
PPO_8,4145520,std,0.3261927664279938
PPO_8,4156560,std,0.326168030500412
PPO_8,4167600,std,0.3261474072933197
PPO_8,4181400,std,0.3260921537876129
PPO_8,4192440,std,0.32594162225723267
PPO_8,4203480,std,0.3263118863105774
PPO_8,4214520,std,0.3274611830711365
PPO_8,4225560,std,0.3269765079021454
PPO_8,4236600,std,0.32777294516563416
PPO_8,4247640,std,0.3279666006565094
PPO_8,4258680,std,0.3277689814567566
PPO_8,4272480,std,0.3291550576686859
PPO_8,4283520,std,0.3284432590007782
PPO_8,4294560,std,0.32764074206352234
PPO_8,4305600,std,0.32798853516578674
PPO_8,4316640,std,0.328509122133255
PPO_8,4327680,std,0.3284640312194824
PPO_8,4338720,std,0.3276676833629608
PPO_8,4349760,std,0.3282528221607208
PPO_8,4363560,std,0.329097181558609
PPO_8,4374600,std,0.32999351620674133
PPO_8,4385640,std,0.3307299315929413
PPO_8,4396680,std,0.3323044776916504
PPO_8,4407720,std,0.33295321464538574
PPO_8,4418760,std,0.3342091739177704
PPO_8,4429800,std,0.3347303569316864
PPO_8,4440840,std,0.3360224962234497
PPO_8,4454640,std,0.33729326725006104
PPO_8,4465680,std,0.3382488787174225
PPO_8,4476720,std,0.33889925479888916
PPO_8,4487760,std,0.3396622836589813
PPO_8,4498800,std,0.34033405780792236
PPO_8,4509840,std,0.3414331376552582
PPO_8,4520880,std,0.34172192215919495
PPO_8,4531920,std,0.3410239517688751
PPO_8,4545720,std,0.34092095494270325
PPO_9,11040,reward,-4230.701171875
PPO_9,19320,reward,-4230.701171875
PPO_9,27600,reward,-3126.971923828125
PPO_9,38640,reward,-1877.65869140625
PPO_9,46920,reward,-679.5181884765625
PPO_9,57960,reward,525.7822265625
PPO_9,66240,reward,1581.857666015625
PPO_9,77280,reward,2565.86279296875
PPO_9,85560,reward,2565.86279296875
PPO_9,93840,reward,3416.48779296875
PPO_9,104880,reward,4174.99560546875
PPO_9,113160,reward,4825.48193359375
PPO_9,124200,reward,5387.02197265625
PPO_9,132480,reward,5901.4189453125
PPO_9,143520,reward,6353.185546875
PPO_9,151800,reward,6353.185546875
PPO_9,160080,reward,6747.3212890625
PPO_9,171120,reward,7130.52685546875
PPO_9,179400,reward,7477.56640625
PPO_9,190440,reward,7818.9873046875
PPO_9,198720,reward,8130.56884765625
PPO_9,209760,reward,8413.548828125
PPO_9,218040,reward,8413.548828125
PPO_9,229080,reward,8674.337890625
PPO_9,237360,reward,8931.7998046875
PPO_9,245640,reward,9181.2861328125
PPO_9,256680,reward,9427.2333984375
PPO_9,264960,reward,9649.7080078125
PPO_9,276000,reward,9876.3759765625
PPO_9,284280,reward,9876.3759765625
PPO_9,295320,reward,10093.943359375
PPO_9,303600,reward,10306.2978515625
PPO_9,311880,reward,10505.9765625
PPO_9,322920,reward,10702.6083984375
PPO_9,331200,reward,10888.0283203125
PPO_9,342240,reward,11067.498046875
PPO_9,350520,reward,11067.498046875
PPO_9,361560,reward,11255.1513671875
PPO_9,369840,reward,11444.4609375
PPO_9,380880,reward,11624.021484375
PPO_9,389160,reward,11799.1630859375
PPO_9,397440,reward,11969.6728515625
PPO_9,408480,reward,12141.228515625
PPO_9,416760,reward,12141.228515625
PPO_9,427800,reward,12309.423828125
PPO_9,436080,reward,12474.828125
PPO_9,447120,reward,12645.9140625
PPO_9,455400,reward,12808.431640625
PPO_9,463680,reward,12961.744140625
PPO_9,474720,reward,13109.70703125
PPO_9,483000,reward,13109.70703125
PPO_9,494040,reward,13256.751953125
PPO_9,502320,reward,13407.318359375
PPO_9,513360,reward,13547.35546875
PPO_9,521640,reward,13688.673828125
PPO_9,529920,reward,13822.8251953125
PPO_9,540960,reward,13957.68359375
PPO_9,549240,reward,13957.68359375
PPO_9,560280,reward,14089.9375
PPO_9,568560,reward,14215.775390625
PPO_9,579600,reward,14335.6025390625
PPO_9,587880,reward,14450.72265625
PPO_9,598920,reward,14562.1708984375
PPO_9,607200,reward,14666.31640625
PPO_9,615480,reward,14666.31640625
PPO_9,626520,reward,14762.8134765625
PPO_9,634800,reward,14862.5732421875
PPO_9,645840,reward,14962.3876953125
PPO_9,654120,reward,15059.044921875
PPO_9,665160,reward,15160.12109375
PPO_9,673440,reward,15253.435546875
PPO_9,681720,reward,15253.435546875
PPO_9,692760,reward,15347.54296875
PPO_9,701040,reward,15436.8056640625
PPO_9,712080,reward,15531.0966796875
PPO_9,720360,reward,15625.8984375
PPO_9,731400,reward,15713.9833984375
PPO_9,739680,reward,15800.4228515625
PPO_9,750720,reward,15884.46484375
PPO_9,759000,reward,15884.46484375
PPO_9,767280,reward,15967.9365234375
PPO_9,778320,reward,16050.791015625
PPO_9,786600,reward,16133.2724609375
PPO_9,797640,reward,16215.9013671875
PPO_9,805920,reward,16298.5029296875
PPO_9,816960,reward,16380.6455078125
PPO_9,825240,reward,16380.6455078125
PPO_9,833520,reward,16458.052734375
PPO_9,844560,reward,16536.583984375
PPO_9,852840,reward,16610.224609375
PPO_9,863880,reward,16688.126953125
PPO_9,872160,reward,16764.44921875
PPO_9,883200,reward,16841.44140625
PPO_9,891480,reward,16841.44140625
PPO_9,899760,reward,16914.58203125
PPO_9,910800,reward,16989.205078125
PPO_9,919080,reward,17062.154296875
PPO_9,930120,reward,17134.251953125
PPO_9,938400,reward,17205.638671875
PPO_9,949440,reward,17277.89453125
PPO_9,957720,reward,17277.89453125
PPO_9,968760,reward,17350.455078125
PPO_9,977040,reward,17420.884765625
PPO_9,985320,reward,17491.587890625
PPO_9,996360,reward,17557.66015625
PPO_9,1004640,reward,17621.869140625
PPO_9,1015680,reward,17681.8046875
PPO_9,1023960,reward,17681.8046875
PPO_9,1035000,reward,17741.412109375
PPO_9,1043280,reward,17800.890625
PPO_9,1051560,reward,17860.77734375
PPO_9,1062600,reward,17919.2734375
PPO_9,1070880,reward,17976.7890625
PPO_9,1081920,reward,18032.4765625
PPO_9,1090200,reward,18032.4765625
PPO_9,1101240,reward,18086.94921875
PPO_9,1109520,reward,18139.466796875
PPO_9,1120560,reward,18417.08984375
PPO_9,1128840,reward,18673.779296875
PPO_9,1137120,reward,18902.986328125
PPO_9,1148160,reward,19109.01171875
PPO_9,1156440,reward,19109.01171875
PPO_9,1167480,reward,19290.111328125
PPO_9,1175760,reward,19456.263671875
PPO_9,1186800,reward,19609.296875
PPO_9,1195080,reward,19753.796875
PPO_9,1203360,reward,19887.478515625
PPO_9,1214400,reward,20018.962890625
PPO_9,1222680,reward,20018.962890625
PPO_9,1233720,reward,20148.923828125
PPO_9,1242000,reward,20273.875
PPO_9,1253040,reward,20397.046875
PPO_9,1261320,reward,20519.197265625
PPO_9,1272360,reward,20634.962890625
PPO_9,1280640,reward,20749.40625
PPO_9,1288920,reward,20749.40625
PPO_9,1299960,reward,20859.033203125
PPO_9,1308240,reward,20969.193359375
PPO_9,1319280,reward,21079.19140625
PPO_9,1327560,reward,21189.3984375
PPO_9,1338600,reward,21294.228515625
PPO_9,1346880,reward,21394.84375
PPO_9,1355160,reward,21394.84375
PPO_9,1366200,reward,21492.400390625
PPO_9,1374480,reward,21591.072265625
PPO_9,1385520,reward,21684.515625
PPO_9,1393800,reward,21777.384765625
PPO_9,1404840,reward,21867.6875
PPO_9,1413120,reward,21956.98046875
PPO_9,1421400,reward,21956.98046875
PPO_9,1432440,reward,22042.037109375
PPO_9,1440720,reward,22125.888671875
PPO_9,1451760,reward,22209.009765625
PPO_9,1460040,reward,22286.037109375
PPO_9,1471080,reward,22357.552734375
PPO_9,1479360,reward,22430.24609375
PPO_9,1490400,reward,22499.2109375
PPO_9,1498680,reward,22499.2109375
PPO_9,1506960,reward,22565.919921875
PPO_9,1518000,reward,22631.16015625
PPO_9,1526280,reward,22693.529296875
PPO_9,1537320,reward,22753.65234375
PPO_9,1545600,reward,22809.419921875
PPO_9,1556640,reward,22864.71484375
PPO_9,1564920,reward,22864.71484375
PPO_9,1573200,reward,22921.345703125
PPO_9,1584240,reward,22977.7265625
PPO_9,1592520,reward,23030.025390625
PPO_9,1603560,reward,23078.521484375
PPO_9,1611840,reward,23129.439453125
PPO_9,1622880,reward,23177.697265625
PPO_9,1631160,reward,23177.697265625
PPO_9,1642200,reward,23226.009765625
PPO_9,1650480,reward,23271.0625
PPO_9,1658760,reward,23316.310546875
PPO_9,1669800,reward,23361.810546875
PPO_9,1678080,reward,23410.046875
PPO_9,1689120,reward,23456.87109375
PPO_9,1697400,reward,23456.87109375
PPO_9,1708440,reward,23503.685546875
PPO_9,1716720,reward,23552.94140625
PPO_9,1725000,reward,23604.572265625
PPO_9,1736040,reward,23652.56640625
PPO_9,1744320,reward,23697.798828125
PPO_9,1755360,reward,23742.18359375
PPO_9,1763640,reward,23742.18359375
PPO_9,1774680,reward,23781.607421875
PPO_9,1782960,reward,23822.6640625
PPO_9,1791240,reward,23862.1640625
PPO_9,1802280,reward,23902.1328125
PPO_9,1810560,reward,23937.94140625
PPO_9,1821600,reward,23971.19140625
PPO_9,1829880,reward,23971.19140625
PPO_9,1840920,reward,24007.9296875
PPO_9,1849200,reward,24044.171875
PPO_9,1860240,reward,24079.791015625
PPO_9,1868520,reward,24112.5625
PPO_9,1876800,reward,24145.978515625
PPO_9,1887840,reward,24177.513671875
PPO_9,1896120,reward,24177.513671875
PPO_9,1907160,reward,24206.626953125
PPO_9,1915440,reward,24234.015625
PPO_9,1926480,reward,24259.935546875
PPO_9,1934760,reward,24287.587890625
PPO_9,1943040,reward,24312.517578125
PPO_9,1954080,reward,24339.435546875
PPO_9,1962360,reward,24339.435546875
PPO_9,1973400,reward,24362.51953125
PPO_9,1981680,reward,24385.578125
PPO_9,1992720,reward,24408.12890625
PPO_9,2001000,reward,24432.435546875
PPO_9,2012040,reward,24452.767578125
PPO_9,2020320,reward,24473.544921875
PPO_9,2028600,reward,24473.544921875
PPO_9,2039640,reward,24491.97265625
PPO_9,2047920,reward,24509.45703125
PPO_9,2058960,reward,24524.673828125
PPO_9,2067240,reward,24538.8671875
PPO_9,2078280,reward,24555.23828125
PPO_9,2086560,reward,24570.083984375
PPO_9,2094840,reward,24570.083984375
PPO_9,2105880,reward,24587.361328125
PPO_9,2114160,reward,24606.380859375
PPO_9,2125200,reward,24628.544921875
PPO_9,2133480,reward,24652.1484375
PPO_9,2144520,reward,24675.2109375
PPO_9,2152800,reward,24694.798828125
PPO_9,2161080,reward,24694.798828125
PPO_9,2172120,reward,24714.263671875
PPO_9,2180400,reward,24733.55078125
PPO_9,2191440,reward,24752.8203125
PPO_9,2199720,reward,24772.638671875
PPO_9,2210760,reward,24793.841796875
PPO_9,2219040,reward,24814.28515625
PPO_9,2230080,reward,24833.9765625
PPO_9,2238360,reward,24833.9765625
PPO_9,2246640,reward,24854.517578125
PPO_9,2257680,reward,24875.61328125
PPO_9,2265960,reward,24897.60546875
PPO_9,2277000,reward,24917.740234375
PPO_9,2285280,reward,24936.625
PPO_9,2296320,reward,24953.634765625
PPO_9,2304600,reward,24953.634765625
PPO_9,2312880,reward,24973.708984375
PPO_9,2323920,reward,24991.2578125
PPO_9,2332200,reward,25009.28125
PPO_9,2343240,reward,25026.751953125
PPO_9,2351520,reward,25042.998046875
PPO_9,2362560,reward,25058.779296875
PPO_9,2370840,reward,25058.779296875
PPO_9,2381880,reward,25074.36328125
PPO_9,2390160,reward,25089.548828125
PPO_9,2398440,reward,25105.25390625
PPO_9,2409480,reward,25118.1015625
PPO_9,2417760,reward,25129.513671875
PPO_9,2428800,reward,25140.359375
PPO_9,2437080,reward,25140.359375
PPO_9,2448120,reward,25151.154296875
PPO_9,2456400,reward,25163.3671875
PPO_9,2464680,reward,25174.353515625
PPO_9,2475720,reward,25185.4453125
PPO_9,2484000,reward,25195.521484375
PPO_9,2495040,reward,25204.419921875
PPO_9,2503320,reward,25204.419921875
PPO_9,2514360,reward,25213.35546875
PPO_9,2522640,reward,25222.990234375
PPO_9,2533680,reward,25235.009765625
PPO_9,2541960,reward,25247.65625
PPO_9,2550240,reward,25258.923828125
PPO_9,2561280,reward,25271.6484375
PPO_9,2569560,reward,25271.6484375
PPO_9,2580600,reward,25285.744140625
PPO_9,2588880,reward,25297.65625
PPO_9,2599920,reward,25311.41015625
PPO_9,2608200,reward,25325.943359375
PPO_9,2616480,reward,25338.216796875
PPO_9,2627520,reward,25352.20703125
PPO_9,2635800,reward,25352.20703125
PPO_9,2646840,reward,25365.478515625
PPO_9,2655120,reward,25377.296875
PPO_9,2666160,reward,25390.5234375
PPO_9,2674440,reward,25403.630859375
PPO_9,2682720,reward,25415.853515625
PPO_9,2693760,reward,25429.306640625
PPO_9,2702040,reward,25429.306640625
PPO_9,2713080,reward,25441.591796875
PPO_9,2721360,reward,25454.25390625
PPO_9,2732400,reward,25466.275390625
PPO_9,2740680,reward,25478.583984375
PPO_9,2751720,reward,25491.02734375
PPO_9,2760000,reward,25501.298828125
PPO_9,2768280,reward,25501.298828125
PPO_9,2779320,reward,25512.57421875
PPO_9,2787600,reward,25521.103515625
PPO_9,2798640,reward,25532.455078125
PPO_9,2806920,reward,25543.43359375
PPO_9,2817960,reward,25554.05859375
PPO_9,2826240,reward,25564.84765625
PPO_9,2834520,reward,25564.84765625
PPO_9,2845560,reward,25574.857421875
PPO_9,2853840,reward,25584.529296875
PPO_9,2864880,reward,25595.05859375
PPO_9,2873160,reward,25606.73046875
PPO_9,2884200,reward,25619.46484375
PPO_9,2892480,reward,25631.91015625
PPO_9,2903520,reward,25644.041015625
PPO_9,2911800,reward,25644.041015625
PPO_9,2920080,reward,25656.046875
PPO_9,2931120,reward,25668.03515625
PPO_9,2939400,reward,25679.310546875
PPO_9,2950440,reward,25690.8515625
PPO_9,2958720,reward,25703.130859375
PPO_9,2969760,reward,25717.626953125
PPO_9,2978040,reward,25717.626953125
PPO_9,2986320,reward,25730.43359375
PPO_9,2997360,reward,25743.333984375
PPO_9,3005640,reward,25756.75390625
PPO_9,3016680,reward,25770.794921875
PPO_9,3024960,reward,25784.890625
PPO_9,3036000,reward,25799.12109375
PPO_9,3044280,reward,25799.12109375
PPO_9,3052560,reward,25812.974609375
PPO_9,3063600,reward,25828.240234375
PPO_9,3071880,reward,25841.177734375
PPO_9,3082920,reward,25854.19140625
PPO_9,3091200,reward,25865.54296875
PPO_9,3102240,reward,25875.796875
PPO_9,3110520,reward,25875.796875
PPO_9,3121560,reward,25888.162109375
PPO_9,3129840,reward,25900.134765625
PPO_9,3138120,reward,25913.740234375
PPO_9,3149160,reward,25927.62890625
PPO_9,3157440,reward,25941.70703125
PPO_9,3168480,reward,25954.525390625
PPO_9,3176760,reward,25954.525390625
PPO_9,3187800,reward,25966.56640625
PPO_9,3196080,reward,25978.501953125
PPO_9,3204360,reward,25991.240234375
PPO_9,3215400,reward,26002.58984375
PPO_9,3223680,reward,26012.708984375
PPO_9,3234720,reward,26020.599609375
PPO_9,3243000,reward,26020.599609375
PPO_9,3254040,reward,26027.255859375
PPO_9,3262320,reward,26035.1015625
PPO_9,3273360,reward,26043.328125
PPO_9,3281640,reward,26052.095703125
PPO_9,3289920,reward,26062.03125
PPO_9,3300960,reward,26070.681640625
PPO_9,3309240,reward,26070.681640625
PPO_9,3320280,reward,26080.0703125
PPO_9,3328560,reward,26087.33203125
PPO_9,3339600,reward,26094.373046875
PPO_9,3347880,reward,26101.849609375
PPO_9,3356160,reward,26110.162109375
PPO_9,3367200,reward,26117.748046875
PPO_9,3375480,reward,26117.748046875
PPO_9,3386520,reward,26127.11328125
PPO_9,3394800,reward,26134.796875
PPO_9,3405840,reward,26143.486328125
PPO_9,3414120,reward,26151.69140625
PPO_9,3422400,reward,26159.97265625
PPO_9,3433440,reward,26166.572265625
PPO_9,3441720,reward,26166.572265625
PPO_9,3452760,reward,26173.158203125
PPO_9,3461040,reward,26180.359375
PPO_9,3472080,reward,26188.3984375
PPO_9,3480360,reward,26196.845703125
PPO_9,3491400,reward,26204.107421875
PPO_9,3499680,reward,26210.05859375
PPO_9,3507960,reward,26210.05859375
PPO_9,3519000,reward,26216.541015625
PPO_9,3527280,reward,26223.98828125
PPO_9,3538320,reward,26230.791015625
PPO_9,3546600,reward,26238.16015625
PPO_9,3557640,reward,26245.51953125
PPO_9,3565920,reward,26253.140625
PPO_9,3574200,reward,26253.140625
PPO_9,3585240,reward,26260.794921875
PPO_9,3593520,reward,26269.49609375
PPO_9,3604560,reward,26277.421875
PPO_9,3612840,reward,26284.580078125
PPO_9,3623880,reward,26291.529296875
PPO_9,3632160,reward,26297.83203125
PPO_9,3643200,reward,26303.767578125
PPO_9,3651480,reward,26303.767578125
PPO_9,3659760,reward,26310.21484375
PPO_9,3670800,reward,26315.419921875
PPO_9,3679080,reward,26319.599609375
PPO_9,3690120,reward,26325.109375
PPO_9,3698400,reward,26330.294921875
PPO_9,3709440,reward,26335.21484375
PPO_9,3717720,reward,26335.21484375
PPO_9,3726000,reward,26340.283203125
PPO_9,3737040,reward,26344.041015625
PPO_9,3745320,reward,26348.58203125
PPO_9,3756360,reward,26352.84765625
PPO_9,3764640,reward,26356.5625
PPO_9,3775680,reward,26359.078125
PPO_9,3783960,reward,26359.078125
PPO_9,3795000,reward,26362.158203125
PPO_9,5520,value_loss,479.0529479980469
PPO_9,13800,value_loss,134.06463623046875
PPO_9,22080,value_loss,111.01862335205078
PPO_9,33120,value_loss,72.1451416015625
PPO_9,41400,value_loss,573.2606811523438
PPO_9,52440,value_loss,937.8079833984375
PPO_9,60720,value_loss,235.6912078857422
PPO_9,71760,value_loss,345.9253234863281
PPO_9,80040,value_loss,12.490873336791992
PPO_9,88320,value_loss,151.8158416748047
PPO_9,99360,value_loss,147.5651092529297
PPO_9,107640,value_loss,1739.494873046875
PPO_9,118680,value_loss,1805.5013427734375
PPO_9,126960,value_loss,674.2781372070312
PPO_9,138000,value_loss,717.9723510742188
PPO_9,146280,value_loss,20.303184509277344
PPO_9,157320,value_loss,21.450389862060547
PPO_9,165600,value_loss,188.8951873779297
PPO_9,173880,value_loss,2065.432861328125
PPO_9,184920,value_loss,2224.21337890625
PPO_9,193200,value_loss,798.4373168945312
PPO_9,204240,value_loss,804.1943359375
PPO_9,212520,value_loss,25.5551700592041
PPO_9,223560,value_loss,25.724197387695312
PPO_9,231840,value_loss,251.18704223632812
PPO_9,242880,value_loss,241.86033630371094
PPO_9,251160,value_loss,2670.090576171875
PPO_9,259440,value_loss,968.7433471679688
PPO_9,270480,value_loss,1023.0519409179688
PPO_9,278760,value_loss,22.806665420532227
PPO_9,289800,value_loss,21.450342178344727
PPO_9,298080,value_loss,268.78399658203125
PPO_9,309120,value_loss,265.0852355957031
PPO_9,317400,value_loss,2856.71337890625
PPO_9,325680,value_loss,1020.09912109375
PPO_9,336720,value_loss,1090.2154541015625
PPO_9,345000,value_loss,14.446805000305176
PPO_9,356040,value_loss,12.022236824035645
PPO_9,364320,value_loss,411.2966613769531
PPO_9,375360,value_loss,444.2090148925781
PPO_9,383640,value_loss,3154.416748046875
PPO_9,394680,value_loss,3121.922607421875
PPO_9,402960,value_loss,1065.6561279296875
PPO_9,411240,value_loss,4.604125499725342
PPO_9,422280,value_loss,3.6762890815734863
PPO_9,430560,value_loss,583.561279296875
PPO_9,441600,value_loss,668.0706176757812
PPO_9,449880,value_loss,3324.950927734375
PPO_9,460920,value_loss,3254.796630859375
PPO_9,469200,value_loss,1213.243408203125
PPO_9,480240,value_loss,1204.2305908203125
PPO_9,488520,value_loss,2.0786311626434326
PPO_9,496800,value_loss,711.02294921875
PPO_9,507840,value_loss,653.3282470703125
PPO_9,516120,value_loss,3443.03125
PPO_9,527160,value_loss,3412.50439453125
PPO_9,535440,value_loss,1148.9765625
PPO_9,546480,value_loss,1150.0020751953125
PPO_9,554760,value_loss,1.5567216873168945
PPO_9,565800,value_loss,1.5155255794525146
PPO_9,574080,value_loss,668.3137817382812
PPO_9,582360,value_loss,3379.462646484375
PPO_9,593400,value_loss,3449.95556640625
PPO_9,601680,value_loss,1051.6412353515625
PPO_9,612720,value_loss,1034.90478515625
PPO_9,621000,value_loss,1.6981264352798462
PPO_9,632040,value_loss,1.5716843605041504
PPO_9,640320,value_loss,579.1913452148438
PPO_9,648600,value_loss,3280.9130859375
PPO_9,659640,value_loss,3412.596923828125
PPO_9,667920,value_loss,1029.6954345703125
PPO_9,678960,value_loss,1055.8670654296875
PPO_9,687240,value_loss,1.6313039064407349
PPO_9,698280,value_loss,1.7155543565750122
PPO_9,706560,value_loss,677.963134765625
PPO_9,717600,value_loss,682.1788940429688
PPO_9,725880,value_loss,3384.7080078125
PPO_9,734160,value_loss,1090.2904052734375
PPO_9,745200,value_loss,1061.6844482421875
PPO_9,753480,value_loss,1.7396104335784912
PPO_9,764520,value_loss,1.741634488105774
PPO_9,772800,value_loss,761.294189453125
PPO_9,783840,value_loss,734.425537109375
PPO_9,792120,value_loss,3459.271240234375
PPO_9,803160,value_loss,3434.8935546875
PPO_9,811440,value_loss,1004.9795532226562
PPO_9,819720,value_loss,1.8027828931808472
PPO_9,830760,value_loss,1.8808311223983765
PPO_9,839040,value_loss,818.36572265625
PPO_9,850080,value_loss,839.5208740234375
PPO_9,858360,value_loss,3457.857421875
PPO_9,869400,value_loss,3440.031494140625
PPO_9,877680,value_loss,961.9776000976562
PPO_9,888720,value_loss,959.2828979492188
PPO_9,897000,value_loss,1.8323708772659302
PPO_9,905280,value_loss,919.3307495117188
PPO_9,916320,value_loss,922.228515625
PPO_9,924600,value_loss,3409.805419921875
PPO_9,935640,value_loss,3372.684326171875
PPO_9,943920,value_loss,946.5470581054688
PPO_9,954960,value_loss,924.490966796875
PPO_9,963240,value_loss,1.8676451444625854
PPO_9,971520,value_loss,997.3348999023438
PPO_9,982560,value_loss,1016.6033325195312
PPO_9,990840,value_loss,3375.353515625
PPO_9,1001880,value_loss,3334.90185546875
PPO_9,1010160,value_loss,870.4746704101562
PPO_9,1021200,value_loss,872.3440551757812
PPO_9,1029480,value_loss,1.8934326171875
PPO_9,1040520,value_loss,1.9003819227218628
PPO_9,1048800,value_loss,802.6160888671875
PPO_9,1057080,value_loss,3263.65234375
PPO_9,1068120,value_loss,3231.1474609375
PPO_9,1076400,value_loss,856.1707153320312
PPO_9,1087440,value_loss,852.4110107421875
PPO_9,1095720,value_loss,1.9467006921768188
PPO_9,1106760,value_loss,1.9516328573226929
PPO_9,1115040,value_loss,727.2254638671875
PPO_9,1126080,value_loss,752.2515869140625
PPO_9,1134360,value_loss,3140.834716796875
PPO_9,1142640,value_loss,817.6669311523438
PPO_9,1153680,value_loss,787.2758178710938
PPO_9,1161960,value_loss,1.9607560634613037
PPO_9,1173000,value_loss,2.0493717193603516
PPO_9,1181280,value_loss,740.1704711914062
PPO_9,1192320,value_loss,744.2064819335938
PPO_9,1200600,value_loss,2960.7744140625
PPO_9,1211640,value_loss,2972.8154296875
PPO_9,1219920,value_loss,733.4200439453125
PPO_9,1228200,value_loss,1.9497249126434326
PPO_9,1239240,value_loss,1.9802541732788086
PPO_9,1247520,value_loss,772.8438110351562
PPO_9,1258560,value_loss,766.6221923828125
PPO_9,1266840,value_loss,2915.2890625
PPO_9,1277880,value_loss,2908.601318359375
PPO_9,1286160,value_loss,709.6481323242188
PPO_9,1294440,value_loss,2.0796401500701904
PPO_9,1305480,value_loss,2.0765414237976074
PPO_9,1313760,value_loss,954.5739135742188
PPO_9,1324800,value_loss,952.3055419921875
PPO_9,1333080,value_loss,2892.603515625
PPO_9,1344120,value_loss,2878.091552734375
PPO_9,1352400,value_loss,694.7181396484375
PPO_9,1363440,value_loss,696.46728515625
PPO_9,1371720,value_loss,2.1135923862457275
PPO_9,1380000,value_loss,838.4620971679688
PPO_9,1391040,value_loss,930.0349731445312
PPO_9,1399320,value_loss,2811.74365234375
PPO_9,1410360,value_loss,2796.76416015625
PPO_9,1418640,value_loss,652.3145751953125
PPO_9,1429680,value_loss,644.07421875
PPO_9,1437960,value_loss,2.1563923358917236
PPO_9,1449000,value_loss,2.1592323780059814
PPO_9,1457280,value_loss,846.92333984375
PPO_9,1465560,value_loss,2701.044921875
PPO_9,1476600,value_loss,2723.971435546875
PPO_9,1484880,value_loss,623.2037353515625
PPO_9,1495920,value_loss,602.8244018554688
PPO_9,1504200,value_loss,2.1874070167541504
PPO_9,1515240,value_loss,2.189391613006592
PPO_9,1523520,value_loss,854.5967407226562
PPO_9,1534560,value_loss,815.1178588867188
PPO_9,1542840,value_loss,2621.5185546875
PPO_9,1551120,value_loss,584.6355590820312
PPO_9,1562160,value_loss,576.5069580078125
PPO_9,1570440,value_loss,2.242236852645874
PPO_9,1581480,value_loss,2.2171530723571777
PPO_9,1589760,value_loss,788.1799926757812
PPO_9,1600800,value_loss,761.828369140625
PPO_9,1609080,value_loss,2539.599609375
PPO_9,1617360,value_loss,560.1590576171875
PPO_9,1628400,value_loss,553.810302734375
PPO_9,1636680,value_loss,2.117579936981201
PPO_9,1647720,value_loss,2.106466770172119
PPO_9,1656000,value_loss,769.8163452148438
PPO_9,1667040,value_loss,787.3106689453125
PPO_9,1675320,value_loss,2415.91650390625
PPO_9,1686360,value_loss,2384.19970703125
PPO_9,1694640,value_loss,502.30389404296875
PPO_9,1702920,value_loss,2.035733461380005
PPO_9,1713960,value_loss,2.048602819442749
PPO_9,1722240,value_loss,793.60400390625
PPO_9,1733280,value_loss,813.5451049804688
PPO_9,1741560,value_loss,2307.562744140625
PPO_9,1752600,value_loss,2289.72021484375
PPO_9,1760880,value_loss,476.81494140625
PPO_9,1771920,value_loss,470.1299133300781
PPO_9,1780200,value_loss,2.1053249835968018
PPO_9,1788480,value_loss,698.412841796875
PPO_9,1799520,value_loss,687.2160034179688
PPO_9,1807800,value_loss,2202.158203125
PPO_9,1818840,value_loss,2194.1728515625
PPO_9,1827120,value_loss,455.2000427246094
PPO_9,1838160,value_loss,450.3917541503906
PPO_9,1846440,value_loss,1.993438482284546
PPO_9,1857480,value_loss,1.9816445112228394
PPO_9,1865760,value_loss,582.9839477539062
PPO_9,1874040,value_loss,2093.349609375
PPO_9,1885080,value_loss,2047.72265625
PPO_9,1893360,value_loss,422.0625915527344
PPO_9,1904400,value_loss,416.3553771972656
PPO_9,1912680,value_loss,1.997353434562683
PPO_9,1923720,value_loss,1.7412093877792358
PPO_9,1932000,value_loss,554.732666015625
PPO_9,1940280,value_loss,1977.9798583984375
PPO_9,1951320,value_loss,1959.4068603515625
PPO_9,1959600,value_loss,385.83612060546875
PPO_9,1970640,value_loss,387.4751281738281
PPO_9,1978920,value_loss,0.9393966794013977
PPO_9,1989960,value_loss,0.7911895513534546
PPO_9,1998240,value_loss,569.5689086914062
PPO_9,2009280,value_loss,573.2982788085938
PPO_9,2017560,value_loss,1850.1658935546875
PPO_9,2025840,value_loss,361.9788818359375
PPO_9,2036880,value_loss,350.8627014160156
PPO_9,2045160,value_loss,0.2178155779838562
PPO_9,2056200,value_loss,0.13281093537807465
PPO_9,2064480,value_loss,517.5745239257812
PPO_9,2075520,value_loss,537.3692626953125
PPO_9,2083800,value_loss,1781.672119140625
PPO_9,2094840,value_loss,1758.0528564453125
PPO_9,2103120,value_loss,340.9497985839844
PPO_9,2111400,value_loss,0.10620882362127304
PPO_9,2122440,value_loss,0.14742325246334076
PPO_9,2130720,value_loss,589.294189453125
PPO_9,2141760,value_loss,612.4351806640625
PPO_9,2150040,value_loss,1706.53271484375
PPO_9,2161080,value_loss,1675.579345703125
PPO_9,2169360,value_loss,310.1867370605469
PPO_9,2180400,value_loss,304.18524169921875
PPO_9,2188680,value_loss,0.04503226280212402
PPO_9,2196960,value_loss,552.5313110351562
PPO_9,2208000,value_loss,546.285400390625
PPO_9,2216280,value_loss,1597.2764892578125
PPO_9,2227320,value_loss,1598.810791015625
PPO_9,2235600,value_loss,293.37689208984375
PPO_9,2246640,value_loss,288.1376953125
PPO_9,2254920,value_loss,0.05820658802986145
PPO_9,2263200,value_loss,562.0399169921875
PPO_9,2274240,value_loss,546.16357421875
PPO_9,2282520,value_loss,1548.1767578125
PPO_9,2293560,value_loss,1522.767822265625
PPO_9,2301840,value_loss,268.8450927734375
PPO_9,2312880,value_loss,265.9540100097656
PPO_9,2321160,value_loss,0.10690999776124954
PPO_9,2332200,value_loss,0.047640156000852585
PPO_9,2340480,value_loss,561.7977905273438
PPO_9,2348760,value_loss,1443.0145263671875
PPO_9,2359800,value_loss,1449.524658203125
PPO_9,2368080,value_loss,241.6881103515625
PPO_9,2379120,value_loss,232.7130584716797
PPO_9,2387400,value_loss,0.03275694325566292
PPO_9,2398440,value_loss,0.06286334991455078
PPO_9,2406720,value_loss,547.1317138671875
PPO_9,2417760,value_loss,551.370361328125
PPO_9,2426040,value_loss,1366.30859375
PPO_9,2434320,value_loss,218.099609375
PPO_9,2445360,value_loss,218.24620056152344
PPO_9,2453640,value_loss,0.11211773753166199
PPO_9,2464680,value_loss,0.07258463650941849
PPO_9,2472960,value_loss,540.0885009765625
PPO_9,2484000,value_loss,537.3640747070312
PPO_9,2492280,value_loss,1288.2108154296875
PPO_9,2503320,value_loss,1271.70556640625
PPO_9,2511600,value_loss,197.82809448242188
PPO_9,2519880,value_loss,0.028272720053792
PPO_9,2530920,value_loss,0.04103463143110275
PPO_9,2539200,value_loss,543.9712524414062
PPO_9,2550240,value_loss,552.8599853515625
PPO_9,2558520,value_loss,1211.4500732421875
PPO_9,2569560,value_loss,1189.8516845703125
PPO_9,2577840,value_loss,186.27786254882812
PPO_9,2586120,value_loss,0.01144692674279213
PPO_9,2597160,value_loss,0.026280485093593597
PPO_9,2605440,value_loss,561.1309204101562
PPO_9,2616480,value_loss,557.9111938476562
PPO_9,2624760,value_loss,1157.41015625
PPO_9,2635800,value_loss,1155.808349609375
PPO_9,2644080,value_loss,176.05654907226562
PPO_9,2655120,value_loss,170.85000610351562
PPO_9,2663400,value_loss,0.028421500697731972
PPO_9,2671680,value_loss,557.2284545898438
PPO_9,2682720,value_loss,537.0440063476562
PPO_9,2691000,value_loss,1103.093505859375
PPO_9,2702040,value_loss,1091.098388671875
PPO_9,2710320,value_loss,160.47598266601562
PPO_9,2721360,value_loss,160.29930114746094
PPO_9,2729640,value_loss,0.01090864185243845
PPO_9,2740680,value_loss,0.017875738441944122
PPO_9,2748960,value_loss,513.2122802734375
PPO_9,2757240,value_loss,1040.3468017578125
PPO_9,2768280,value_loss,1034.9342041015625
PPO_9,2776560,value_loss,145.89369201660156
PPO_9,2787600,value_loss,143.59800720214844
PPO_9,2795880,value_loss,0.009863097220659256
PPO_9,2806920,value_loss,0.024129241704940796
PPO_9,2815200,value_loss,484.54718017578125
PPO_9,2826240,value_loss,480.25543212890625
PPO_9,2834520,value_loss,952.7398071289062
PPO_9,2842800,value_loss,132.61795043945312
PPO_9,2853840,value_loss,129.56427001953125
PPO_9,2862120,value_loss,0.017437636852264404
PPO_9,2873160,value_loss,0.03778444230556488
PPO_9,2881440,value_loss,488.9423522949219
PPO_9,2892480,value_loss,487.85076904296875
PPO_9,2900760,value_loss,911.8933715820312
PPO_9,2909040,value_loss,121.30399322509766
PPO_9,2920080,value_loss,125.21187591552734
PPO_9,2928360,value_loss,0.014361183159053326
PPO_9,2939400,value_loss,0.04507271572947502
PPO_9,2947680,value_loss,483.9996337890625
PPO_9,2958720,value_loss,477.8847351074219
PPO_9,2967000,value_loss,870.011962890625
PPO_9,2978040,value_loss,858.7144165039062
PPO_9,2986320,value_loss,111.43463134765625
PPO_9,2994600,value_loss,0.023758137598633766
PPO_9,3005640,value_loss,0.011253530159592628
PPO_9,3013920,value_loss,441.8125915527344
PPO_9,3024960,value_loss,447.653076171875
PPO_9,3033240,value_loss,808.7845458984375
PPO_9,3044280,value_loss,798.6964111328125
PPO_9,3052560,value_loss,99.1880111694336
PPO_9,3063600,value_loss,97.28893280029297
PPO_9,3071880,value_loss,0.010066037066280842
PPO_9,3080160,value_loss,426.9021911621094
PPO_9,3091200,value_loss,425.8585205078125
PPO_9,3099480,value_loss,748.70458984375
PPO_9,3110520,value_loss,746.865478515625
PPO_9,3118800,value_loss,90.7430648803711
PPO_9,3129840,value_loss,88.74457550048828
PPO_9,3138120,value_loss,0.012543010525405407
PPO_9,3149160,value_loss,0.014986550435423851
PPO_9,3157440,value_loss,425.3537902832031
PPO_9,3165720,value_loss,701.37109375
PPO_9,3176760,value_loss,692.1668701171875
PPO_9,3185040,value_loss,82.69657135009766
PPO_9,3196080,value_loss,81.30167388916016
PPO_9,3204360,value_loss,0.016522718593478203
PPO_9,3215400,value_loss,0.0195599514991045
PPO_9,3223680,value_loss,391.7255859375
PPO_9,3231960,value_loss,651.1480102539062
PPO_9,3243000,value_loss,647.16943359375
PPO_9,3251280,value_loss,73.7890396118164
PPO_9,3262320,value_loss,71.16936492919922
PPO_9,3270600,value_loss,0.05711168423295021
PPO_9,3281640,value_loss,0.08141040802001953
PPO_9,3289920,value_loss,339.0890808105469
PPO_9,3300960,value_loss,345.692626953125
PPO_9,3309240,value_loss,594.357421875
PPO_9,3317520,value_loss,66.01074981689453
PPO_9,3328560,value_loss,63.887290954589844
PPO_9,3336840,value_loss,0.016214720904827118
PPO_9,3347880,value_loss,0.027923716232180595
PPO_9,3356160,value_loss,334.8121643066406
PPO_9,3367200,value_loss,329.0062561035156
PPO_9,3375480,value_loss,551.773193359375
PPO_9,3386520,value_loss,542.53271484375
PPO_9,3394800,value_loss,58.564353942871094
PPO_9,3403080,value_loss,0.018485533073544502
PPO_9,3414120,value_loss,0.02935797907412052
PPO_9,3422400,value_loss,329.9965515136719
PPO_9,3433440,value_loss,313.2199401855469
PPO_9,3441720,value_loss,509.081787109375
PPO_9,3452760,value_loss,506.31707763671875
PPO_9,3461040,value_loss,50.09234619140625
PPO_9,3472080,value_loss,50.769596099853516
PPO_9,3480360,value_loss,0.020030299201607704
PPO_9,3488640,value_loss,259.14434814453125
PPO_9,3499680,value_loss,267.2339172363281
PPO_9,3507960,value_loss,473.68572998046875
PPO_9,3519000,value_loss,470.6484680175781
PPO_9,3527280,value_loss,45.72328186035156
PPO_9,3538320,value_loss,44.056339263916016
PPO_9,3546600,value_loss,0.006567977834492922
PPO_9,3554880,value_loss,254.88099670410156
PPO_9,3565920,value_loss,243.68402099609375
PPO_9,3574200,value_loss,432.94329833984375
PPO_9,3585240,value_loss,431.96051025390625
PPO_9,3593520,value_loss,39.705631256103516
PPO_9,3604560,value_loss,38.85554504394531
PPO_9,3612840,value_loss,0.010062015615403652
PPO_9,3623880,value_loss,0.003580305492505431
PPO_9,3632160,value_loss,230.2975616455078
PPO_9,3640440,value_loss,404.5689697265625
PPO_9,3651480,value_loss,398.1617736816406
PPO_9,3659760,value_loss,35.21377944946289
PPO_9,3670800,value_loss,35.0887336730957
PPO_9,3679080,value_loss,0.004679161123931408
PPO_9,3690120,value_loss,0.01706687919795513
PPO_9,3698400,value_loss,214.08506774902344
PPO_9,3709440,value_loss,222.7443084716797
PPO_9,3717720,value_loss,366.7942199707031
PPO_9,3726000,value_loss,31.127586364746094
PPO_9,3737040,value_loss,29.927078247070312
PPO_9,3745320,value_loss,0.016158806160092354
PPO_9,3756360,value_loss,0.013527416624128819
PPO_9,3764640,value_loss,214.5540008544922
PPO_9,3775680,value_loss,226.01690673828125
PPO_9,3783960,value_loss,332.5213317871094
PPO_9,3795000,value_loss,328.9768981933594
PPO_9,5520,explained_variance,0.15223240852355957
PPO_9,13800,explained_variance,-0.08706235885620117
PPO_9,22080,explained_variance,0.33770322799682617
PPO_9,33120,explained_variance,0.5714741349220276
PPO_9,41400,explained_variance,0.0652921199798584
PPO_9,52440,explained_variance,0.041800498962402344
PPO_9,60720,explained_variance,0.5721627473831177
PPO_9,71760,explained_variance,0.5369246602058411
PPO_9,80040,explained_variance,0.44465363025665283
PPO_9,88320,explained_variance,0.7789092063903809
PPO_9,99360,explained_variance,0.7806559205055237
PPO_9,107640,explained_variance,-0.03562343120574951
PPO_9,118680,explained_variance,-0.04340791702270508
PPO_9,126960,explained_variance,0.6050999164581299
PPO_9,138000,explained_variance,0.6349663734436035
PPO_9,146280,explained_variance,0.7744977474212646
PPO_9,157320,explained_variance,0.7777677774429321
PPO_9,165600,explained_variance,0.8695614337921143
PPO_9,173880,explained_variance,-0.011256575584411621
PPO_9,184920,explained_variance,-0.0070037841796875
PPO_9,193200,explained_variance,0.7513049840927124
PPO_9,204240,explained_variance,0.7686432600021362
PPO_9,212520,explained_variance,0.88271164894104
PPO_9,223560,explained_variance,0.886590838432312
PPO_9,231840,explained_variance,0.9021362066268921
PPO_9,242880,explained_variance,0.900454580783844
PPO_9,251160,explained_variance,-0.0013298988342285156
PPO_9,259440,explained_variance,0.8261388540267944
PPO_9,270480,explained_variance,0.8327900171279907
PPO_9,278760,explained_variance,0.8732263445854187
PPO_9,289800,explained_variance,0.8689734935760498
PPO_9,298080,explained_variance,0.8936074376106262
PPO_9,309120,explained_variance,0.8872116208076477
PPO_9,317400,explained_variance,-0.00021529197692871094
PPO_9,325680,explained_variance,0.874230146408081
PPO_9,336720,explained_variance,0.8772863745689392
PPO_9,345000,explained_variance,0.8715987205505371
PPO_9,356040,explained_variance,0.8689517378807068
PPO_9,364320,explained_variance,0.8683758974075317
PPO_9,375360,explained_variance,0.8715928792953491
PPO_9,383640,explained_variance,0.00036776065826416016
PPO_9,394680,explained_variance,0.00026547908782958984
PPO_9,402960,explained_variance,0.9094821214675903
PPO_9,411240,explained_variance,0.7491022944450378
PPO_9,422280,explained_variance,0.5487035512924194
PPO_9,430560,explained_variance,0.8368815779685974
PPO_9,441600,explained_variance,0.821232259273529
PPO_9,449880,explained_variance,0.00024199485778808594
PPO_9,460920,explained_variance,0.0004248619079589844
PPO_9,469200,explained_variance,0.927480936050415
PPO_9,480240,explained_variance,0.9309393167495728
PPO_9,488520,explained_variance,0.05013477802276611
PPO_9,496800,explained_variance,0.8214306235313416
PPO_9,507840,explained_variance,0.8388180732727051
PPO_9,516120,explained_variance,0.0003230571746826172
PPO_9,527160,explained_variance,0.00017720460891723633
PPO_9,535440,explained_variance,0.9457816481590271
PPO_9,546480,explained_variance,0.9435697197914124
PPO_9,554760,explained_variance,0.06614029407501221
PPO_9,565800,explained_variance,0.030144989490509033
PPO_9,574080,explained_variance,0.842235803604126
PPO_9,582360,explained_variance,0.0007948875427246094
PPO_9,593400,explained_variance,0.0009172558784484863
PPO_9,601680,explained_variance,0.935724675655365
PPO_9,612720,explained_variance,0.9359021782875061
PPO_9,621000,explained_variance,0.012272179126739502
PPO_9,632040,explained_variance,0.004516541957855225
PPO_9,640320,explained_variance,0.85682612657547
PPO_9,648600,explained_variance,0.0005878210067749023
PPO_9,659640,explained_variance,0.000688016414642334
PPO_9,667920,explained_variance,0.9463608860969543
PPO_9,678960,explained_variance,0.9466421604156494
PPO_9,687240,explained_variance,0.02511763572692871
PPO_9,698280,explained_variance,0.007142364978790283
PPO_9,706560,explained_variance,0.8690817952156067
PPO_9,717600,explained_variance,0.8674322366714478
PPO_9,725880,explained_variance,0.0001310110092163086
PPO_9,734160,explained_variance,0.9529808759689331
PPO_9,745200,explained_variance,0.9496991634368896
PPO_9,753480,explained_variance,0.027684688568115234
PPO_9,764520,explained_variance,0.03621011972427368
PPO_9,772800,explained_variance,0.8888769745826721
PPO_9,783840,explained_variance,0.8951729536056519
PPO_9,792120,explained_variance,0.0011137127876281738
PPO_9,803160,explained_variance,0.00034815073013305664
PPO_9,811440,explained_variance,0.9559738039970398
PPO_9,819720,explained_variance,0.043090641498565674
PPO_9,830760,explained_variance,0.0309104323387146
PPO_9,839040,explained_variance,0.9046370387077332
PPO_9,850080,explained_variance,0.9013650417327881
PPO_9,858360,explained_variance,0.0005628466606140137
PPO_9,869400,explained_variance,0.0002815723419189453
PPO_9,877680,explained_variance,0.9581139087677002
PPO_9,888720,explained_variance,0.9581238627433777
PPO_9,897000,explained_variance,0.024890899658203125
PPO_9,905280,explained_variance,0.8965195417404175
PPO_9,916320,explained_variance,0.8991339802742004
PPO_9,924600,explained_variance,0.00018781423568725586
PPO_9,935640,explained_variance,0.0001055598258972168
PPO_9,943920,explained_variance,0.9639962315559387
PPO_9,954960,explained_variance,0.9628016948699951
PPO_9,963240,explained_variance,0.03050065040588379
PPO_9,971520,explained_variance,0.9059438705444336
PPO_9,982560,explained_variance,0.909410297870636
PPO_9,990840,explained_variance,-0.00023698806762695312
PPO_9,1001880,explained_variance,0.00011372566223144531
PPO_9,1010160,explained_variance,0.9651150703430176
PPO_9,1021200,explained_variance,0.9660301804542542
PPO_9,1029480,explained_variance,0.026009857654571533
PPO_9,1040520,explained_variance,0.028017640113830566
PPO_9,1048800,explained_variance,0.9259212017059326
PPO_9,1057080,explained_variance,-3.266334533691406e-05
PPO_9,1068120,explained_variance,4.00543212890625e-05
PPO_9,1076400,explained_variance,0.9681910872459412
PPO_9,1087440,explained_variance,0.9701617360115051
PPO_9,1095720,explained_variance,0.03647267818450928
PPO_9,1106760,explained_variance,0.02624410390853882
PPO_9,1115040,explained_variance,0.9349744319915771
PPO_9,1126080,explained_variance,0.9364259243011475
PPO_9,1134360,explained_variance,-1.990795135498047e-05
PPO_9,1142640,explained_variance,0.9687266945838928
PPO_9,1153680,explained_variance,0.9698754549026489
PPO_9,1161960,explained_variance,0.04375201463699341
PPO_9,1173000,explained_variance,0.034002721309661865
PPO_9,1181280,explained_variance,0.9398245811462402
PPO_9,1192320,explained_variance,0.9438741207122803
PPO_9,1200600,explained_variance,5.1975250244140625e-05
PPO_9,1211640,explained_variance,3.552436828613281e-05
PPO_9,1219920,explained_variance,0.9740092158317566
PPO_9,1228200,explained_variance,0.03032153844833374
PPO_9,1239240,explained_variance,0.04780149459838867
PPO_9,1247520,explained_variance,0.9445729851722717
PPO_9,1258560,explained_variance,0.9447435140609741
PPO_9,1266840,explained_variance,3.88026237487793e-05
PPO_9,1277880,explained_variance,1.615285873413086e-05
PPO_9,1286160,explained_variance,0.9759100079536438
PPO_9,1294440,explained_variance,0.059038400650024414
PPO_9,1305480,explained_variance,0.1009984016418457
PPO_9,1313760,explained_variance,0.9410464763641357
PPO_9,1324800,explained_variance,0.9432929158210754
PPO_9,1333080,explained_variance,-5.042552947998047e-05
PPO_9,1344120,explained_variance,-8.440017700195312e-05
PPO_9,1352400,explained_variance,0.9792766571044922
PPO_9,1363440,explained_variance,0.9796842336654663
PPO_9,1371720,explained_variance,0.11749893426895142
PPO_9,1380000,explained_variance,0.9546725749969482
PPO_9,1391040,explained_variance,0.950202465057373
PPO_9,1399320,explained_variance,-3.4689903259277344e-05
PPO_9,1410360,explained_variance,-2.1338462829589844e-05
PPO_9,1418640,explained_variance,0.9807462096214294
PPO_9,1429680,explained_variance,0.9811692833900452
PPO_9,1437960,explained_variance,0.09340298175811768
PPO_9,1449000,explained_variance,0.0829695463180542
PPO_9,1457280,explained_variance,0.9552942514419556
PPO_9,1465560,explained_variance,-1.9788742065429688e-05
PPO_9,1476600,explained_variance,-2.1219253540039062e-05
PPO_9,1484880,explained_variance,0.9821894764900208
PPO_9,1495920,explained_variance,0.9830552935600281
PPO_9,1504200,explained_variance,0.08892935514450073
PPO_9,1515240,explained_variance,0.10632342100143433
PPO_9,1523520,explained_variance,0.9519029855728149
PPO_9,1534560,explained_variance,0.9549020528793335
PPO_9,1542840,explained_variance,-9.238719940185547e-05
PPO_9,1551120,explained_variance,0.9834948182106018
PPO_9,1562160,explained_variance,0.9843608140945435
PPO_9,1570440,explained_variance,0.12747490406036377
PPO_9,1581480,explained_variance,0.11634314060211182
PPO_9,1589760,explained_variance,0.9583590030670166
PPO_9,1600800,explained_variance,0.9606619477272034
PPO_9,1609080,explained_variance,-2.0384788513183594e-05
PPO_9,1617360,explained_variance,0.9850042462348938
PPO_9,1628400,explained_variance,0.9840993285179138
PPO_9,1636680,explained_variance,0.08586722612380981
PPO_9,1647720,explained_variance,0.061236560344696045
PPO_9,1656000,explained_variance,0.9609951972961426
PPO_9,1667040,explained_variance,0.9587948322296143
PPO_9,1675320,explained_variance,-7.748603820800781e-06
PPO_9,1686360,explained_variance,-6.67572021484375e-06
PPO_9,1694640,explained_variance,0.9847782254219055
PPO_9,1702920,explained_variance,0.0684012770652771
PPO_9,1713960,explained_variance,0.055954575538635254
PPO_9,1722240,explained_variance,0.9629040956497192
PPO_9,1733280,explained_variance,0.9628164172172546
PPO_9,1741560,explained_variance,-2.384185791015625e-06
PPO_9,1752600,explained_variance,-5.4836273193359375e-06
PPO_9,1760880,explained_variance,0.9875115156173706
PPO_9,1771920,explained_variance,0.9866468906402588
PPO_9,1780200,explained_variance,0.08671361207962036
PPO_9,1788480,explained_variance,0.9662193655967712
PPO_9,1799520,explained_variance,0.966867983341217
PPO_9,1807800,explained_variance,-9.298324584960938e-06
PPO_9,1818840,explained_variance,-1.4662742614746094e-05
PPO_9,1827120,explained_variance,0.9879108667373657
PPO_9,1838160,explained_variance,0.9881505966186523
PPO_9,1846440,explained_variance,0.0544247031211853
PPO_9,1857480,explained_variance,0.08933460712432861
PPO_9,1865760,explained_variance,0.9722974300384521
PPO_9,1874040,explained_variance,-6.318092346191406e-06
PPO_9,1885080,explained_variance,-3.933906555175781e-06
PPO_9,1893360,explained_variance,0.9879953861236572
PPO_9,1904400,explained_variance,0.9883270859718323
PPO_9,1912680,explained_variance,0.06821560859680176
PPO_9,1923720,explained_variance,0.35157692432403564
PPO_9,1932000,explained_variance,0.9744176268577576
PPO_9,1940280,explained_variance,-1.0728836059570312e-06
PPO_9,1951320,explained_variance,-9.5367431640625e-07
PPO_9,1959600,explained_variance,0.9903330206871033
PPO_9,1970640,explained_variance,0.9906108975410461
PPO_9,1978920,explained_variance,0.9213067293167114
PPO_9,1989960,explained_variance,0.9402533173561096
PPO_9,1998240,explained_variance,0.9752989411354065
PPO_9,2009280,explained_variance,0.9740484356880188
PPO_9,2017560,explained_variance,2.5033950805664062e-06
PPO_9,2025840,explained_variance,0.9912514686584473
PPO_9,2036880,explained_variance,0.9914355874061584
PPO_9,2045160,explained_variance,0.9912867546081543
PPO_9,2056200,explained_variance,0.9950045347213745
PPO_9,2064480,explained_variance,0.9776885509490967
PPO_9,2075520,explained_variance,0.9770393371582031
PPO_9,2083800,explained_variance,5.364418029785156e-06
PPO_9,2094840,explained_variance,1.1920928955078125e-07
PPO_9,2103120,explained_variance,0.991136372089386
PPO_9,2111400,explained_variance,0.9957059621810913
PPO_9,2122440,explained_variance,0.9939080476760864
PPO_9,2130720,explained_variance,0.9781224727630615
PPO_9,2141760,explained_variance,0.9777485728263855
PPO_9,2150040,explained_variance,3.2186508178710938e-06
PPO_9,2161080,explained_variance,-1.1920928955078125e-07
PPO_9,2169360,explained_variance,0.9927237033843994
PPO_9,2180400,explained_variance,0.9925423264503479
PPO_9,2188680,explained_variance,0.9982576370239258
PPO_9,2196960,explained_variance,0.9787927865982056
PPO_9,2208000,explained_variance,0.9800891280174255
PPO_9,2216280,explained_variance,0.0
PPO_9,2227320,explained_variance,0.0
PPO_9,2235600,explained_variance,0.992887556552887
PPO_9,2246640,explained_variance,0.9930288195610046
PPO_9,2254920,explained_variance,0.9981116652488708
PPO_9,2263200,explained_variance,0.9811724424362183
PPO_9,2274240,explained_variance,0.9811193943023682
PPO_9,2282520,explained_variance,0.0
PPO_9,2293560,explained_variance,-1.1920928955078125e-07
PPO_9,2301840,explained_variance,0.993809163570404
PPO_9,2312880,explained_variance,0.9938058853149414
PPO_9,2321160,explained_variance,0.9961148500442505
PPO_9,2332200,explained_variance,0.9982450604438782
PPO_9,2340480,explained_variance,0.9824815988540649
PPO_9,2348760,explained_variance,0.0
PPO_9,2359800,explained_variance,0.0
PPO_9,2368080,explained_variance,0.9944266080856323
PPO_9,2379120,explained_variance,0.9946631789207458
PPO_9,2387400,explained_variance,0.9986921548843384
PPO_9,2398440,explained_variance,0.997818648815155
PPO_9,2406720,explained_variance,0.9838204979896545
PPO_9,2417760,explained_variance,0.984208881855011
PPO_9,2426040,explained_variance,-1.1920928955078125e-07
PPO_9,2434320,explained_variance,0.9946369528770447
PPO_9,2445360,explained_variance,0.9951469898223877
PPO_9,2453640,explained_variance,0.9953957200050354
PPO_9,2464680,explained_variance,0.9973847270011902
PPO_9,2472960,explained_variance,0.9844168424606323
PPO_9,2484000,explained_variance,0.984470009803772
PPO_9,2492280,explained_variance,0.0
PPO_9,2503320,explained_variance,0.0
PPO_9,2511600,explained_variance,0.9957627654075623
PPO_9,2519880,explained_variance,0.9989099502563477
PPO_9,2530920,explained_variance,0.9986073970794678
PPO_9,2539200,explained_variance,0.9855864644050598
PPO_9,2550240,explained_variance,0.9854544997215271
PPO_9,2558520,explained_variance,5.781650543212891e-06
PPO_9,2569560,explained_variance,-1.1920928955078125e-07
PPO_9,2577840,explained_variance,0.9961310029029846
PPO_9,2586120,explained_variance,0.9993301033973694
PPO_9,2597160,explained_variance,0.9987860321998596
PPO_9,2605440,explained_variance,0.9856368899345398
PPO_9,2616480,explained_variance,0.9862769842147827
PPO_9,2624760,explained_variance,1.7881393432617188e-06
PPO_9,2635800,explained_variance,1.1920928955078125e-07
PPO_9,2644080,explained_variance,0.9965517520904541
PPO_9,2655120,explained_variance,0.9965324401855469
PPO_9,2663400,explained_variance,0.9990300536155701
PPO_9,2671680,explained_variance,0.9868173003196716
PPO_9,2682720,explained_variance,0.9869451522827148
PPO_9,2691000,explained_variance,0.0
PPO_9,2702040,explained_variance,1.0728836059570312e-06
PPO_9,2710320,explained_variance,0.9968931078910828
PPO_9,2721360,explained_variance,0.9969180226325989
PPO_9,2729640,explained_variance,0.9996429085731506
PPO_9,2740680,explained_variance,0.9992961883544922
PPO_9,2748960,explained_variance,0.9882118701934814
PPO_9,2757240,explained_variance,-1.1920928955078125e-07
PPO_9,2768280,explained_variance,0.0
PPO_9,2776560,explained_variance,0.9972141981124878
PPO_9,2787600,explained_variance,0.9971820712089539
PPO_9,2795880,explained_variance,0.9993324875831604
PPO_9,2806920,explained_variance,0.9990338087081909
PPO_9,2815200,explained_variance,0.9892973303794861
PPO_9,2826240,explained_variance,0.9896924495697021
PPO_9,2834520,explained_variance,-2.384185791015625e-07
PPO_9,2842800,explained_variance,0.9973651766777039
PPO_9,2853840,explained_variance,0.9974713921546936
PPO_9,2862120,explained_variance,0.999205470085144
PPO_9,2873160,explained_variance,0.9987484812736511
PPO_9,2881440,explained_variance,0.989030122756958
PPO_9,2892480,explained_variance,0.9891067147254944
PPO_9,2900760,explained_variance,0.0
PPO_9,2909040,explained_variance,0.9977245926856995
PPO_9,2920080,explained_variance,0.9977614283561707
PPO_9,2928360,explained_variance,0.9992899298667908
PPO_9,2939400,explained_variance,0.9983691573143005
PPO_9,2947680,explained_variance,0.9886005520820618
PPO_9,2958720,explained_variance,0.9887403845787048
PPO_9,2967000,explained_variance,0.0
PPO_9,2978040,explained_variance,0.0
PPO_9,2986320,explained_variance,0.9978275895118713
PPO_9,2994600,explained_variance,0.9991707801818848
PPO_9,3005640,explained_variance,0.9991877675056458
PPO_9,3013920,explained_variance,0.990382730960846
PPO_9,3024960,explained_variance,0.9899423718452454
PPO_9,3033240,explained_variance,-1.1920928955078125e-07
PPO_9,3044280,explained_variance,0.0
PPO_9,3052560,explained_variance,0.9980951547622681
PPO_9,3063600,explained_variance,0.9980285167694092
PPO_9,3071880,explained_variance,0.9994698166847229
PPO_9,3080160,explained_variance,0.9904401898384094
PPO_9,3091200,explained_variance,0.9904347062110901
PPO_9,3099480,explained_variance,-1.1920928955078125e-07
PPO_9,3110520,explained_variance,-1.1920928955078125e-07
PPO_9,3118800,explained_variance,0.9982931613922119
PPO_9,3129840,explained_variance,0.9982932806015015
PPO_9,3138120,explained_variance,0.9993685483932495
PPO_9,3149160,explained_variance,0.9993562698364258
PPO_9,3157440,explained_variance,0.9900081157684326
PPO_9,3165720,explained_variance,-1.1920928955078125e-07
PPO_9,3176760,explained_variance,4.887580871582031e-06
PPO_9,3185040,explained_variance,0.9984219670295715
PPO_9,3196080,explained_variance,0.9984523057937622
PPO_9,3204360,explained_variance,0.9989840984344482
PPO_9,3215400,explained_variance,0.9990730881690979
PPO_9,3223680,explained_variance,0.9906987547874451
PPO_9,3231960,explained_variance,0.0
PPO_9,3243000,explained_variance,1.1920928955078125e-07
PPO_9,3251280,explained_variance,0.9985807538032532
PPO_9,3262320,explained_variance,0.9985607862472534
PPO_9,3270600,explained_variance,0.9982216954231262
PPO_9,3281640,explained_variance,0.9967061281204224
PPO_9,3289920,explained_variance,0.9922360777854919
PPO_9,3300960,explained_variance,0.992141842842102
PPO_9,3309240,explained_variance,4.172325134277344e-06
PPO_9,3317520,explained_variance,0.9985947012901306
PPO_9,3328560,explained_variance,0.9986923336982727
PPO_9,3336840,explained_variance,0.9993707537651062
PPO_9,3347880,explained_variance,0.9989940524101257
PPO_9,3356160,explained_variance,0.9925851225852966
PPO_9,3367200,explained_variance,0.9927190542221069
PPO_9,3375480,explained_variance,2.980232238769531e-07
PPO_9,3386520,explained_variance,0.0
PPO_9,3394800,explained_variance,0.9988040924072266
PPO_9,3403080,explained_variance,0.9993858933448792
PPO_9,3414120,explained_variance,0.998900830745697
PPO_9,3422400,explained_variance,0.9923195242881775
PPO_9,3433440,explained_variance,0.9930212497711182
PPO_9,3441720,explained_variance,0.0
PPO_9,3452760,explained_variance,0.0
PPO_9,3461040,explained_variance,0.9990484118461609
PPO_9,3472080,explained_variance,0.9990608096122742
PPO_9,3480360,explained_variance,0.9991902709007263
PPO_9,3488640,explained_variance,0.9944230318069458
PPO_9,3499680,explained_variance,0.9941819310188293
PPO_9,3507960,explained_variance,0.0
PPO_9,3519000,explained_variance,1.1920928955078125e-07
PPO_9,3527280,explained_variance,0.9991316199302673
PPO_9,3538320,explained_variance,0.999172568321228
PPO_9,3546600,explained_variance,0.9997246861457825
PPO_9,3554880,explained_variance,0.9945657253265381
PPO_9,3565920,explained_variance,0.9950017333030701
PPO_9,3574200,explained_variance,3.5762786865234375e-07
PPO_9,3585240,explained_variance,2.384185791015625e-07
PPO_9,3593520,explained_variance,0.9992725253105164
PPO_9,3604560,explained_variance,0.9992682337760925
PPO_9,3612840,explained_variance,0.9996747970581055
PPO_9,3623880,explained_variance,0.9997937083244324
PPO_9,3632160,explained_variance,0.9955328702926636
PPO_9,3640440,explained_variance,2.086162567138672e-06
PPO_9,3651480,explained_variance,1.1920928955078125e-06
PPO_9,3659760,explained_variance,0.9993826150894165
PPO_9,3670800,explained_variance,0.9993336200714111
PPO_9,3679080,explained_variance,0.9996896982192993
PPO_9,3690120,explained_variance,0.9995415210723877
PPO_9,3698400,explained_variance,0.9961220026016235
PPO_9,3709440,explained_variance,0.9957181215286255
PPO_9,3717720,explained_variance,5.066394805908203e-06
PPO_9,3726000,explained_variance,0.9994596242904663
PPO_9,3737040,explained_variance,0.9994520545005798
PPO_9,3745320,explained_variance,0.9994611144065857
PPO_9,3756360,explained_variance,0.9995285868644714
PPO_9,3764640,explained_variance,0.9956526160240173
PPO_9,3775680,explained_variance,0.9952874183654785
PPO_9,3783960,explained_variance,5.960464477539063e-08
PPO_9,3795000,explained_variance,2.9802322387695312e-06
PPO_9,5520,entropy,-4.261104583740234
PPO_9,13800,entropy,-4.250644683837891
PPO_9,22080,entropy,-4.279101848602295
PPO_9,33120,entropy,-4.263520240783691
PPO_9,41400,entropy,-4.246597766876221
PPO_9,52440,entropy,-4.192678451538086
PPO_9,60720,entropy,-4.157308578491211
PPO_9,71760,entropy,-4.085308074951172
PPO_9,80040,entropy,-4.037154674530029
PPO_9,88320,entropy,-3.9929566383361816
PPO_9,99360,entropy,-3.9620912075042725
PPO_9,107640,entropy,-3.939218282699585
PPO_9,118680,entropy,-3.900543212890625
PPO_9,126960,entropy,-3.8602232933044434
PPO_9,138000,entropy,-3.830475091934204
PPO_9,146280,entropy,-3.7873780727386475
PPO_9,157320,entropy,-3.747934579849243
PPO_9,165600,entropy,-3.702284097671509
PPO_9,173880,entropy,-3.6783223152160645
PPO_9,184920,entropy,-3.6459274291992188
PPO_9,193200,entropy,-3.64806866645813
PPO_9,204240,entropy,-3.624840021133423
PPO_9,212520,entropy,-3.609469413757324
PPO_9,223560,entropy,-3.574493408203125
PPO_9,231840,entropy,-3.5195534229278564
PPO_9,242880,entropy,-3.5182223320007324
PPO_9,251160,entropy,-3.523716688156128
PPO_9,259440,entropy,-3.5086305141448975
PPO_9,270480,entropy,-3.46016526222229
PPO_9,278760,entropy,-3.4098856449127197
PPO_9,289800,entropy,-3.364790201187134
PPO_9,298080,entropy,-3.314204454421997
PPO_9,309120,entropy,-3.2719197273254395
PPO_9,317400,entropy,-3.2466959953308105
PPO_9,325680,entropy,-3.2170441150665283
PPO_9,336720,entropy,-3.198784351348877
PPO_9,345000,entropy,-3.1558661460876465
PPO_9,356040,entropy,-3.120720386505127
PPO_9,364320,entropy,-3.092921257019043
PPO_9,375360,entropy,-3.0587656497955322
PPO_9,383640,entropy,-3.0207319259643555
PPO_9,394680,entropy,-2.997852087020874
PPO_9,402960,entropy,-2.9631881713867188
PPO_9,411240,entropy,-2.9190564155578613
PPO_9,422280,entropy,-2.890212059020996
PPO_9,430560,entropy,-2.8676795959472656
PPO_9,441600,entropy,-2.8142030239105225
PPO_9,449880,entropy,-2.811006546020508
PPO_9,460920,entropy,-2.797746181488037
PPO_9,469200,entropy,-2.7737674713134766
PPO_9,480240,entropy,-2.749638557434082
PPO_9,488520,entropy,-2.7172741889953613
PPO_9,496800,entropy,-2.7022364139556885
PPO_9,507840,entropy,-2.684900999069214
PPO_9,516120,entropy,-2.6721811294555664
PPO_9,527160,entropy,-2.6403815746307373
PPO_9,535440,entropy,-2.633047103881836
PPO_9,546480,entropy,-2.6349589824676514
PPO_9,554760,entropy,-2.5887603759765625
PPO_9,565800,entropy,-2.577465534210205
PPO_9,574080,entropy,-2.5672056674957275
PPO_9,582360,entropy,-2.580268621444702
PPO_9,593400,entropy,-2.553719997406006
PPO_9,601680,entropy,-2.5469655990600586
PPO_9,612720,entropy,-2.5149285793304443
PPO_9,621000,entropy,-2.473309278488159
PPO_9,632040,entropy,-2.4163596630096436
PPO_9,640320,entropy,-2.400881767272949
PPO_9,648600,entropy,-2.412405490875244
PPO_9,659640,entropy,-2.3796162605285645
PPO_9,667920,entropy,-2.360736131668091
PPO_9,678960,entropy,-2.350191831588745
PPO_9,687240,entropy,-2.317563533782959
PPO_9,698280,entropy,-2.2901151180267334
PPO_9,706560,entropy,-2.2671382427215576
PPO_9,717600,entropy,-2.2336819171905518
PPO_9,725880,entropy,-2.233283281326294
PPO_9,734160,entropy,-2.2515616416931152
PPO_9,745200,entropy,-2.24955677986145
PPO_9,753480,entropy,-2.2242863178253174
PPO_9,764520,entropy,-2.22324800491333
PPO_9,772800,entropy,-2.1934971809387207
PPO_9,783840,entropy,-2.16983962059021
PPO_9,792120,entropy,-2.1900017261505127
PPO_9,803160,entropy,-2.1751623153686523
PPO_9,811440,entropy,-2.165839195251465
PPO_9,819720,entropy,-2.133706569671631
PPO_9,830760,entropy,-2.105835437774658
PPO_9,839040,entropy,-2.0804829597473145
PPO_9,850080,entropy,-2.0837204456329346
PPO_9,858360,entropy,-2.0655994415283203
PPO_9,869400,entropy,-2.0540854930877686
PPO_9,877680,entropy,-2.039278745651245
PPO_9,888720,entropy,-2.025717258453369
PPO_9,897000,entropy,-1.9905920028686523
PPO_9,905280,entropy,-1.9759169816970825
PPO_9,916320,entropy,-1.960622787475586
PPO_9,924600,entropy,-1.9575824737548828
PPO_9,935640,entropy,-1.9622961282730103
PPO_9,943920,entropy,-1.968521237373352
PPO_9,954960,entropy,-1.943176507949829
PPO_9,963240,entropy,-1.9047623872756958
PPO_9,971520,entropy,-1.892546534538269
PPO_9,982560,entropy,-1.8822135925292969
PPO_9,990840,entropy,-1.8856003284454346
PPO_9,1001880,entropy,-1.8690969944000244
PPO_9,1010160,entropy,-1.867136836051941
PPO_9,1021200,entropy,-1.8776724338531494
PPO_9,1029480,entropy,-1.8565796613693237
PPO_9,1040520,entropy,-1.8285021781921387
PPO_9,1048800,entropy,-1.8291890621185303
PPO_9,1057080,entropy,-1.8226238489151
PPO_9,1068120,entropy,-1.8056554794311523
PPO_9,1076400,entropy,-1.804311752319336
PPO_9,1087440,entropy,-1.8086345195770264
PPO_9,1095720,entropy,-1.790025234222412
PPO_9,1106760,entropy,-1.799765706062317
PPO_9,1115040,entropy,-1.7865360975265503
PPO_9,1126080,entropy,-1.7697830200195312
PPO_9,1134360,entropy,-1.786517858505249
PPO_9,1142640,entropy,-1.779605746269226
PPO_9,1153680,entropy,-1.7769451141357422
PPO_9,1161960,entropy,-1.7664015293121338
PPO_9,1173000,entropy,-1.7769038677215576
PPO_9,1181280,entropy,-1.7808588743209839
PPO_9,1192320,entropy,-1.7927911281585693
PPO_9,1200600,entropy,-1.787693738937378
PPO_9,1211640,entropy,-1.784267783164978
PPO_9,1219920,entropy,-1.7709193229675293
PPO_9,1228200,entropy,-1.7620620727539062
PPO_9,1239240,entropy,-1.7510298490524292
PPO_9,1247520,entropy,-1.730421781539917
PPO_9,1258560,entropy,-1.7215222120285034
PPO_9,1266840,entropy,-1.7042059898376465
PPO_9,1277880,entropy,-1.7000741958618164
PPO_9,1286160,entropy,-1.6916272640228271
PPO_9,1294440,entropy,-1.6930896043777466
PPO_9,1305480,entropy,-1.6787813901901245
PPO_9,1313760,entropy,-1.6523112058639526
PPO_9,1324800,entropy,-1.6428377628326416
PPO_9,1333080,entropy,-1.630170226097107
PPO_9,1344120,entropy,-1.6185576915740967
PPO_9,1352400,entropy,-1.6221927404403687
PPO_9,1363440,entropy,-1.648952603340149
PPO_9,1371720,entropy,-1.639503002166748
PPO_9,1380000,entropy,-1.6159707307815552
PPO_9,1391040,entropy,-1.591944932937622
PPO_9,1399320,entropy,-1.5934195518493652
PPO_9,1410360,entropy,-1.606974720954895
PPO_9,1418640,entropy,-1.6023675203323364
PPO_9,1429680,entropy,-1.6000871658325195
PPO_9,1437960,entropy,-1.5909713506698608
PPO_9,1449000,entropy,-1.5729577541351318
PPO_9,1457280,entropy,-1.5650525093078613
PPO_9,1465560,entropy,-1.5587873458862305
PPO_9,1476600,entropy,-1.5513578653335571
PPO_9,1484880,entropy,-1.569690227508545
PPO_9,1495920,entropy,-1.5630587339401245
PPO_9,1504200,entropy,-1.5632299184799194
PPO_9,1515240,entropy,-1.5559086799621582
PPO_9,1523520,entropy,-1.5620286464691162
PPO_9,1534560,entropy,-1.5454267263412476
PPO_9,1542840,entropy,-1.5616254806518555
PPO_9,1551120,entropy,-1.5550156831741333
PPO_9,1562160,entropy,-1.5337215662002563
PPO_9,1570440,entropy,-1.5202672481536865
PPO_9,1581480,entropy,-1.5177435874938965
PPO_9,1589760,entropy,-1.5043537616729736
PPO_9,1600800,entropy,-1.5085853338241577
PPO_9,1609080,entropy,-1.525516152381897
PPO_9,1617360,entropy,-1.5323822498321533
PPO_9,1628400,entropy,-1.536719560623169
PPO_9,1636680,entropy,-1.537081003189087
PPO_9,1647720,entropy,-1.5175575017929077
PPO_9,1656000,entropy,-1.5130150318145752
PPO_9,1667040,entropy,-1.5234174728393555
PPO_9,1675320,entropy,-1.520172119140625
PPO_9,1686360,entropy,-1.5226517915725708
PPO_9,1694640,entropy,-1.5181589126586914
PPO_9,1702920,entropy,-1.505916714668274
PPO_9,1713960,entropy,-1.5045675039291382
PPO_9,1722240,entropy,-1.4962272644042969
PPO_9,1733280,entropy,-1.4846751689910889
PPO_9,1741560,entropy,-1.5012084245681763
PPO_9,1752600,entropy,-1.5166981220245361
PPO_9,1760880,entropy,-1.5407049655914307
PPO_9,1771920,entropy,-1.5382320880889893
PPO_9,1780200,entropy,-1.535840630531311
PPO_9,1788480,entropy,-1.5363240242004395
PPO_9,1799520,entropy,-1.5337305068969727
PPO_9,1807800,entropy,-1.5523937940597534
PPO_9,1818840,entropy,-1.5485520362854004
PPO_9,1827120,entropy,-1.5318453311920166
PPO_9,1838160,entropy,-1.5436172485351562
PPO_9,1846440,entropy,-1.5275509357452393
PPO_9,1857480,entropy,-1.551957368850708
PPO_9,1865760,entropy,-1.5571202039718628
PPO_9,1874040,entropy,-1.5733697414398193
PPO_9,1885080,entropy,-1.5797220468521118
PPO_9,1893360,entropy,-1.5890452861785889
PPO_9,1904400,entropy,-1.5596580505371094
PPO_9,1912680,entropy,-1.564361810684204
PPO_9,1923720,entropy,-1.5672900676727295
PPO_9,1932000,entropy,-1.5711579322814941
PPO_9,1940280,entropy,-1.578662395477295
PPO_9,1951320,entropy,-1.5626190900802612
PPO_9,1959600,entropy,-1.5582997798919678
PPO_9,1970640,entropy,-1.5483657121658325
PPO_9,1978920,entropy,-1.5383001565933228
PPO_9,1989960,entropy,-1.539501667022705
PPO_9,1998240,entropy,-1.5335493087768555
PPO_9,2009280,entropy,-1.5464541912078857
PPO_9,2017560,entropy,-1.5440647602081299
PPO_9,2025840,entropy,-1.5456299781799316
PPO_9,2036880,entropy,-1.5429370403289795
PPO_9,2045160,entropy,-1.5354727506637573
PPO_9,2056200,entropy,-1.5442111492156982
PPO_9,2064480,entropy,-1.5222359895706177
PPO_9,2075520,entropy,-1.5190025568008423
PPO_9,2083800,entropy,-1.5233815908432007
PPO_9,2094840,entropy,-1.502455472946167
PPO_9,2103120,entropy,-1.4935166835784912
PPO_9,2111400,entropy,-1.4843316078186035
PPO_9,2122440,entropy,-1.476349949836731
PPO_9,2130720,entropy,-1.4595608711242676
PPO_9,2141760,entropy,-1.4730753898620605
PPO_9,2150040,entropy,-1.4638113975524902
PPO_9,2161080,entropy,-1.4588465690612793
PPO_9,2169360,entropy,-1.4529379606246948
PPO_9,2180400,entropy,-1.4646644592285156
PPO_9,2188680,entropy,-1.464821219444275
PPO_9,2196960,entropy,-1.4525649547576904
PPO_9,2208000,entropy,-1.4324920177459717
PPO_9,2216280,entropy,-1.4293395280838013
PPO_9,2227320,entropy,-1.424905776977539
PPO_9,2235600,entropy,-1.4089759588241577
PPO_9,2246640,entropy,-1.391535997390747
PPO_9,2254920,entropy,-1.3860541582107544
PPO_9,2263200,entropy,-1.3836066722869873
PPO_9,2274240,entropy,-1.393996000289917
PPO_9,2282520,entropy,-1.3938467502593994
PPO_9,2293560,entropy,-1.37852942943573
PPO_9,2301840,entropy,-1.3670421838760376
PPO_9,2312880,entropy,-1.3549500703811646
PPO_9,2321160,entropy,-1.3595887422561646
PPO_9,2332200,entropy,-1.3583875894546509
PPO_9,2340480,entropy,-1.3506215810775757
PPO_9,2348760,entropy,-1.3620247840881348
PPO_9,2359800,entropy,-1.3764508962631226
PPO_9,2368080,entropy,-1.3821287155151367
PPO_9,2379120,entropy,-1.383209228515625
PPO_9,2387400,entropy,-1.378294587135315
PPO_9,2398440,entropy,-1.3769515752792358
PPO_9,2406720,entropy,-1.3781607151031494
PPO_9,2417760,entropy,-1.3734129667282104
PPO_9,2426040,entropy,-1.401981234550476
PPO_9,2434320,entropy,-1.385452151298523
PPO_9,2445360,entropy,-1.3887354135513306
PPO_9,2453640,entropy,-1.385733962059021
PPO_9,2464680,entropy,-1.3791548013687134
PPO_9,2472960,entropy,-1.3636341094970703
PPO_9,2484000,entropy,-1.346065878868103
PPO_9,2492280,entropy,-1.3527668714523315
PPO_9,2503320,entropy,-1.354652762413025
PPO_9,2511600,entropy,-1.347522258758545
PPO_9,2519880,entropy,-1.3350759744644165
PPO_9,2530920,entropy,-1.3271472454071045
PPO_9,2539200,entropy,-1.3312028646469116
PPO_9,2550240,entropy,-1.333094835281372
PPO_9,2558520,entropy,-1.357625961303711
PPO_9,2569560,entropy,-1.3622314929962158
PPO_9,2577840,entropy,-1.3567180633544922
PPO_9,2586120,entropy,-1.3458696603775024
PPO_9,2597160,entropy,-1.3425378799438477
PPO_9,2605440,entropy,-1.3517720699310303
PPO_9,2616480,entropy,-1.3457732200622559
PPO_9,2624760,entropy,-1.3490115404129028
PPO_9,2635800,entropy,-1.3481462001800537
PPO_9,2644080,entropy,-1.3539879322052002
PPO_9,2655120,entropy,-1.3650729656219482
PPO_9,2663400,entropy,-1.3587310314178467
PPO_9,2671680,entropy,-1.3414298295974731
PPO_9,2682720,entropy,-1.3325129747390747
PPO_9,2691000,entropy,-1.3359776735305786
PPO_9,2702040,entropy,-1.339459776878357
PPO_9,2710320,entropy,-1.334905982017517
PPO_9,2721360,entropy,-1.318257451057434
PPO_9,2729640,entropy,-1.3153190612792969
PPO_9,2740680,entropy,-1.3018391132354736
PPO_9,2748960,entropy,-1.2957152128219604
PPO_9,2757240,entropy,-1.292950987815857
PPO_9,2768280,entropy,-1.280102014541626
PPO_9,2776560,entropy,-1.273154616355896
PPO_9,2787600,entropy,-1.2559425830841064
PPO_9,2795880,entropy,-1.249538540840149
PPO_9,2806920,entropy,-1.260204792022705
PPO_9,2815200,entropy,-1.2496250867843628
PPO_9,2826240,entropy,-1.2609660625457764
PPO_9,2834520,entropy,-1.2788560390472412
PPO_9,2842800,entropy,-1.2761725187301636
PPO_9,2853840,entropy,-1.2646211385726929
PPO_9,2862120,entropy,-1.2620832920074463
PPO_9,2873160,entropy,-1.2534128427505493
PPO_9,2881440,entropy,-1.246848702430725
PPO_9,2892480,entropy,-1.2464796304702759
PPO_9,2900760,entropy,-1.2514663934707642
PPO_9,2909040,entropy,-1.249914288520813
PPO_9,2920080,entropy,-1.2465418577194214
PPO_9,2928360,entropy,-1.247470736503601
PPO_9,2939400,entropy,-1.2330955266952515
PPO_9,2947680,entropy,-1.2372301816940308
PPO_9,2958720,entropy,-1.2339088916778564
PPO_9,2967000,entropy,-1.2389341592788696
PPO_9,2978040,entropy,-1.2422325611114502
PPO_9,2986320,entropy,-1.253514289855957
PPO_9,2994600,entropy,-1.2534312009811401
PPO_9,3005640,entropy,-1.2460980415344238
PPO_9,3013920,entropy,-1.2523423433303833
PPO_9,3024960,entropy,-1.2361574172973633
PPO_9,3033240,entropy,-1.2220078706741333
PPO_9,3044280,entropy,-1.2144861221313477
PPO_9,3052560,entropy,-1.2148829698562622
PPO_9,3063600,entropy,-1.209820032119751
PPO_9,3071880,entropy,-1.2046658992767334
PPO_9,3080160,entropy,-1.1946288347244263
PPO_9,3091200,entropy,-1.1953822374343872
PPO_9,3099480,entropy,-1.206243634223938
PPO_9,3110520,entropy,-1.188969373703003
PPO_9,3118800,entropy,-1.1756266355514526
PPO_9,3129840,entropy,-1.1721577644348145
PPO_9,3138120,entropy,-1.1696501970291138
PPO_9,3149160,entropy,-1.1656335592269897
PPO_9,3157440,entropy,-1.161350965499878
PPO_9,3165720,entropy,-1.1481584310531616
PPO_9,3176760,entropy,-1.155261516571045
PPO_9,3185040,entropy,-1.1538037061691284
PPO_9,3196080,entropy,-1.1421324014663696
PPO_9,3204360,entropy,-1.1455919742584229
PPO_9,3215400,entropy,-1.1432512998580933
PPO_9,3223680,entropy,-1.1398004293441772
PPO_9,3231960,entropy,-1.146811604499817
PPO_9,3243000,entropy,-1.1464077234268188
PPO_9,3251280,entropy,-1.1439882516860962
PPO_9,3262320,entropy,-1.144768476486206
PPO_9,3270600,entropy,-1.1374908685684204
PPO_9,3281640,entropy,-1.125541090965271
PPO_9,3289920,entropy,-1.1294052600860596
PPO_9,3300960,entropy,-1.1368136405944824
PPO_9,3309240,entropy,-1.1439905166625977
PPO_9,3317520,entropy,-1.16360604763031
PPO_9,3328560,entropy,-1.1675515174865723
PPO_9,3336840,entropy,-1.1741509437561035
PPO_9,3347880,entropy,-1.174928069114685
PPO_9,3356160,entropy,-1.1692874431610107
PPO_9,3367200,entropy,-1.1658121347427368
PPO_9,3375480,entropy,-1.1746578216552734
PPO_9,3386520,entropy,-1.182021975517273
PPO_9,3394800,entropy,-1.1853713989257812
PPO_9,3403080,entropy,-1.1815648078918457
PPO_9,3414120,entropy,-1.1772117614746094
PPO_9,3422400,entropy,-1.1696951389312744
PPO_9,3433440,entropy,-1.1696621179580688
PPO_9,3441720,entropy,-1.1728200912475586
PPO_9,3452760,entropy,-1.1841193437576294
PPO_9,3461040,entropy,-1.1864449977874756
PPO_9,3472080,entropy,-1.199887752532959
PPO_9,3480360,entropy,-1.2002334594726562
PPO_9,3488640,entropy,-1.2099764347076416
PPO_9,3499680,entropy,-1.2204310894012451
PPO_9,3507960,entropy,-1.2233326435089111
PPO_9,3519000,entropy,-1.211759090423584
PPO_9,3527280,entropy,-1.2142071723937988
PPO_9,3538320,entropy,-1.221581220626831
PPO_9,3546600,entropy,-1.224622368812561
PPO_9,3554880,entropy,-1.226157784461975
PPO_9,3565920,entropy,-1.2364890575408936
PPO_9,3574200,entropy,-1.2473889589309692
PPO_9,3585240,entropy,-1.2521030902862549
PPO_9,3593520,entropy,-1.255936861038208
PPO_9,3604560,entropy,-1.2559857368469238
PPO_9,3612840,entropy,-1.255479097366333
PPO_9,3623880,entropy,-1.2549749612808228
PPO_9,3632160,entropy,-1.250524640083313
PPO_9,3640440,entropy,-1.2540562152862549
PPO_9,3651480,entropy,-1.2515710592269897
PPO_9,3659760,entropy,-1.2549887895584106
PPO_9,3670800,entropy,-1.24570894241333
PPO_9,3679080,entropy,-1.2389894723892212
PPO_9,3690120,entropy,-1.2249810695648193
PPO_9,3698400,entropy,-1.2222355604171753
PPO_9,3709440,entropy,-1.2215486764907837
PPO_9,3717720,entropy,-1.2212343215942383
PPO_9,3726000,entropy,-1.2216933965682983
PPO_9,3737040,entropy,-1.2181713581085205
PPO_9,3745320,entropy,-1.2207902669906616
PPO_9,3756360,entropy,-1.216291069984436
PPO_9,3764640,entropy,-1.2193548679351807
PPO_9,3775680,entropy,-1.222861886024475
PPO_9,3783960,entropy,-1.240992546081543
PPO_9,3795000,entropy,-1.2490068674087524
PPO_9,5520,approx_kl,0.00773036852478981
PPO_9,13800,approx_kl,0.007340143900364637
PPO_9,22080,approx_kl,0.007693865802139044
PPO_9,33120,approx_kl,0.005494222044944763
PPO_9,41400,approx_kl,0.011760830879211426
PPO_9,52440,approx_kl,0.009153012186288834
PPO_9,60720,approx_kl,0.00477310037240386
PPO_9,71760,approx_kl,0.003766022389754653
PPO_9,80040,approx_kl,0.005996046122163534
PPO_9,88320,approx_kl,0.006266315933316946
PPO_9,99360,approx_kl,0.007333967834711075
PPO_9,107640,approx_kl,0.003205212764441967
PPO_9,118680,approx_kl,0.004185060039162636
PPO_9,126960,approx_kl,0.006369672250002623
PPO_9,138000,approx_kl,0.004676510114222765
PPO_9,146280,approx_kl,0.004688263405114412
PPO_9,157320,approx_kl,0.004383894149214029
PPO_9,165600,approx_kl,0.005735404789447784
PPO_9,173880,approx_kl,0.003852103604003787
PPO_9,184920,approx_kl,0.005940804723650217
PPO_9,193200,approx_kl,0.0044764201156795025
PPO_9,204240,approx_kl,0.002895830199122429
PPO_9,212520,approx_kl,0.005965278949588537
PPO_9,223560,approx_kl,0.0025765046011656523
PPO_9,231840,approx_kl,0.004039217252284288
PPO_9,242880,approx_kl,0.0055015478283166885
PPO_9,251160,approx_kl,0.0051686945371329784
PPO_9,259440,approx_kl,0.005617198999971151
PPO_9,270480,approx_kl,0.004510092083364725
PPO_9,278760,approx_kl,0.00587359769269824
PPO_9,289800,approx_kl,0.002820085035637021
PPO_9,298080,approx_kl,0.004359712824225426
PPO_9,309120,approx_kl,0.003329852595925331
PPO_9,317400,approx_kl,0.006933789700269699
PPO_9,325680,approx_kl,0.003932942170649767
PPO_9,336720,approx_kl,0.003711191937327385
PPO_9,345000,approx_kl,0.005022699479013681
PPO_9,356040,approx_kl,0.005340881180018187
PPO_9,364320,approx_kl,0.003739352570846677
PPO_9,375360,approx_kl,0.005996236111968756
PPO_9,383640,approx_kl,0.004466445650905371
PPO_9,394680,approx_kl,0.005530125927180052
PPO_9,402960,approx_kl,0.006090932060033083
PPO_9,411240,approx_kl,0.0035060045775026083
PPO_9,422280,approx_kl,0.005340155214071274
PPO_9,430560,approx_kl,0.004567387048155069
PPO_9,441600,approx_kl,0.005858590826392174
PPO_9,449880,approx_kl,0.0048914095386862755
PPO_9,460920,approx_kl,0.008485191501677036
PPO_9,469200,approx_kl,0.007758991327136755
PPO_9,480240,approx_kl,0.003727446310222149
PPO_9,488520,approx_kl,0.003903153585270047
PPO_9,496800,approx_kl,0.004597614053636789
PPO_9,507840,approx_kl,0.005518339574337006
PPO_9,516120,approx_kl,0.0030094890389591455
PPO_9,527160,approx_kl,0.006257730070501566
PPO_9,535440,approx_kl,0.005635293200612068
PPO_9,546480,approx_kl,0.003812771989032626
PPO_9,554760,approx_kl,0.0043000211007893085
PPO_9,565800,approx_kl,0.006601117551326752
PPO_9,574080,approx_kl,0.0063184411264956
PPO_9,582360,approx_kl,0.005369341000914574
PPO_9,593400,approx_kl,0.005094863474369049
PPO_9,601680,approx_kl,0.004951247479766607
PPO_9,612720,approx_kl,0.004035229329019785
PPO_9,621000,approx_kl,0.003238961799070239
PPO_9,632040,approx_kl,0.0018451135838404298
PPO_9,640320,approx_kl,0.00910179503262043
PPO_9,648600,approx_kl,0.004969499073922634
PPO_9,659640,approx_kl,0.0040417383424937725
PPO_9,667920,approx_kl,0.0030709935817867517
PPO_9,678960,approx_kl,0.004952252376824617
PPO_9,687240,approx_kl,0.00516055291518569
PPO_9,698280,approx_kl,0.004674446303397417
PPO_9,706560,approx_kl,0.004686602391302586
PPO_9,717600,approx_kl,0.004686728585511446
PPO_9,725880,approx_kl,0.00666795065626502
PPO_9,734160,approx_kl,0.005663892719894648
PPO_9,745200,approx_kl,0.005401679780334234
PPO_9,753480,approx_kl,0.004310089163482189
PPO_9,764520,approx_kl,0.0037368210032582283
PPO_9,772800,approx_kl,0.004704623483121395
PPO_9,783840,approx_kl,0.0055451723746955395
PPO_9,792120,approx_kl,0.005478557199239731
PPO_9,803160,approx_kl,0.005161419045180082
PPO_9,811440,approx_kl,0.004084235057234764
PPO_9,819720,approx_kl,0.008090753108263016
PPO_9,830760,approx_kl,0.005964352283626795
PPO_9,839040,approx_kl,0.004064893815666437
PPO_9,850080,approx_kl,0.004136248026043177
PPO_9,858360,approx_kl,0.005654298234730959
PPO_9,869400,approx_kl,0.005546994041651487
PPO_9,877680,approx_kl,0.005640243645757437
PPO_9,888720,approx_kl,0.005110606085509062
PPO_9,897000,approx_kl,0.0036749483551830053
PPO_9,905280,approx_kl,0.0053226216696202755
PPO_9,916320,approx_kl,0.004187167156487703
PPO_9,924600,approx_kl,0.007777030114084482
PPO_9,935640,approx_kl,0.006739853415638208
PPO_9,943920,approx_kl,0.004671442788094282
PPO_9,954960,approx_kl,0.004948019981384277
PPO_9,963240,approx_kl,0.006530447397381067
PPO_9,971520,approx_kl,0.005048726219683886
PPO_9,982560,approx_kl,0.005004881415516138
PPO_9,990840,approx_kl,0.009247279725968838
PPO_9,1001880,approx_kl,0.0060852207243442535
PPO_9,1010160,approx_kl,0.007411276921629906
PPO_9,1021200,approx_kl,0.003045545192435384
PPO_9,1029480,approx_kl,0.004126593004912138
PPO_9,1040520,approx_kl,0.0037961837369948626
PPO_9,1048800,approx_kl,0.005849817302078009
PPO_9,1057080,approx_kl,0.005501225590705872
PPO_9,1068120,approx_kl,0.0070492178201675415
PPO_9,1076400,approx_kl,0.00449000671505928
PPO_9,1087440,approx_kl,0.006142278667539358
PPO_9,1095720,approx_kl,0.0059379879385232925
PPO_9,1106760,approx_kl,0.0052672685123980045
PPO_9,1115040,approx_kl,0.006513386499136686
PPO_9,1126080,approx_kl,0.004980785772204399
PPO_9,1134360,approx_kl,0.004402028396725655
PPO_9,1142640,approx_kl,0.007087457459419966
PPO_9,1153680,approx_kl,0.006995849311351776
PPO_9,1161960,approx_kl,0.00500717805698514
PPO_9,1173000,approx_kl,0.008002552203834057
PPO_9,1181280,approx_kl,0.005511397495865822
PPO_9,1192320,approx_kl,0.004061022307723761
PPO_9,1200600,approx_kl,0.006028254982084036
PPO_9,1211640,approx_kl,0.008371652103960514
PPO_9,1219920,approx_kl,0.004771743435412645
PPO_9,1228200,approx_kl,0.005555070471018553
PPO_9,1239240,approx_kl,0.0036918024998158216
PPO_9,1247520,approx_kl,0.004753637593239546
PPO_9,1258560,approx_kl,0.004659936297684908
PPO_9,1266840,approx_kl,0.005971998441964388
PPO_9,1277880,approx_kl,0.010116618126630783
PPO_9,1286160,approx_kl,0.00420277239754796
PPO_9,1294440,approx_kl,0.002624668413773179
PPO_9,1305480,approx_kl,0.0053835678845644
PPO_9,1313760,approx_kl,0.005957139190286398
PPO_9,1324800,approx_kl,0.0051443264819681644
PPO_9,1333080,approx_kl,0.005706824827939272
PPO_9,1344120,approx_kl,0.005677558947354555
PPO_9,1352400,approx_kl,0.006114203017205
PPO_9,1363440,approx_kl,0.007089226972311735
PPO_9,1371720,approx_kl,0.004562444053590298
PPO_9,1380000,approx_kl,0.002797400811687112
PPO_9,1391040,approx_kl,0.006886227056384087
PPO_9,1399320,approx_kl,0.006127371918410063
PPO_9,1410360,approx_kl,0.006646952126175165
PPO_9,1418640,approx_kl,0.002852917416021228
PPO_9,1429680,approx_kl,0.00479691568762064
PPO_9,1437960,approx_kl,0.005948886275291443
PPO_9,1449000,approx_kl,0.004318269435316324
PPO_9,1457280,approx_kl,0.005204387940466404
PPO_9,1465560,approx_kl,0.0055196755565702915
PPO_9,1476600,approx_kl,0.003090239828452468
PPO_9,1484880,approx_kl,0.005053086671978235
PPO_9,1495920,approx_kl,0.00786448922008276
PPO_9,1504200,approx_kl,0.004516995046287775
PPO_9,1515240,approx_kl,0.00834075640887022
PPO_9,1523520,approx_kl,0.005074161570519209
PPO_9,1534560,approx_kl,0.003686287673190236
PPO_9,1542840,approx_kl,0.007880723103880882
PPO_9,1551120,approx_kl,0.005184491164982319
PPO_9,1562160,approx_kl,0.00488493824377656
PPO_9,1570440,approx_kl,0.0037211726885288954
PPO_9,1581480,approx_kl,0.005988560616970062
PPO_9,1589760,approx_kl,0.0054426477290689945
PPO_9,1600800,approx_kl,0.006320228800177574
PPO_9,1609080,approx_kl,0.010449104942381382
PPO_9,1617360,approx_kl,0.0063478355295956135
PPO_9,1628400,approx_kl,0.003917552065104246
PPO_9,1636680,approx_kl,0.0044167605228722095
PPO_9,1647720,approx_kl,0.0030214947182685137
PPO_9,1656000,approx_kl,0.0057918312959373
PPO_9,1667040,approx_kl,0.003778626909479499
PPO_9,1675320,approx_kl,0.004786031786352396
PPO_9,1686360,approx_kl,0.007259107660502195
PPO_9,1694640,approx_kl,0.0057835765182971954
PPO_9,1702920,approx_kl,0.002600169973447919
PPO_9,1713960,approx_kl,0.004361871164292097
PPO_9,1722240,approx_kl,0.0035795019939541817
PPO_9,1733280,approx_kl,0.006003121379762888
PPO_9,1741560,approx_kl,0.00527927465736866
PPO_9,1752600,approx_kl,0.006124316249042749
PPO_9,1760880,approx_kl,0.0055928658694028854
PPO_9,1771920,approx_kl,0.0075914207845926285
PPO_9,1780200,approx_kl,0.005856325384229422
PPO_9,1788480,approx_kl,0.004628940485417843
PPO_9,1799520,approx_kl,0.0097975954413414
PPO_9,1807800,approx_kl,0.0052009886130690575
PPO_9,1818840,approx_kl,0.004855213221162558
PPO_9,1827120,approx_kl,0.0045080226846039295
PPO_9,1838160,approx_kl,0.003283851779997349
PPO_9,1846440,approx_kl,0.005977267865091562
PPO_9,1857480,approx_kl,0.007828292436897755
PPO_9,1865760,approx_kl,0.007022365927696228
PPO_9,1874040,approx_kl,0.00525998929515481
PPO_9,1885080,approx_kl,0.0033046582248061895
PPO_9,1893360,approx_kl,0.006785216275602579
PPO_9,1904400,approx_kl,0.00718998908996582
PPO_9,1912680,approx_kl,0.005713480990380049
PPO_9,1923720,approx_kl,0.0029355084989219904
PPO_9,1932000,approx_kl,0.005964364856481552
PPO_9,1940280,approx_kl,0.008374947123229504
PPO_9,1951320,approx_kl,0.006203366909176111
PPO_9,1959600,approx_kl,0.004439874552190304
PPO_9,1970640,approx_kl,0.0028636392671614885
PPO_9,1978920,approx_kl,0.013046152889728546
PPO_9,1989960,approx_kl,0.005793193355202675
PPO_9,1998240,approx_kl,0.003922786097973585
PPO_9,2009280,approx_kl,0.009290317073464394
PPO_9,2017560,approx_kl,0.00790864322334528
PPO_9,2025840,approx_kl,0.0034780707210302353
PPO_9,2036880,approx_kl,0.006022235844284296
PPO_9,2045160,approx_kl,0.007684321608394384
PPO_9,2056200,approx_kl,0.004710271023213863
PPO_9,2064480,approx_kl,0.005641198251396418
PPO_9,2075520,approx_kl,0.0038698483258485794
PPO_9,2083800,approx_kl,0.010641366243362427
PPO_9,2094840,approx_kl,0.006778657902032137
PPO_9,2103120,approx_kl,0.0060232714749872684
PPO_9,2111400,approx_kl,0.006373089272528887
PPO_9,2122440,approx_kl,0.009998842142522335
PPO_9,2130720,approx_kl,0.007959404960274696
PPO_9,2141760,approx_kl,0.005257310811430216
PPO_9,2150040,approx_kl,0.004491238389164209
PPO_9,2161080,approx_kl,0.008095631375908852
PPO_9,2169360,approx_kl,0.004485306795686483
PPO_9,2180400,approx_kl,0.006383713334798813
PPO_9,2188680,approx_kl,0.004779531620442867
PPO_9,2196960,approx_kl,0.005609063431620598
PPO_9,2208000,approx_kl,0.009471108205616474
PPO_9,2216280,approx_kl,0.00826685968786478
PPO_9,2227320,approx_kl,0.006474832072854042
PPO_9,2235600,approx_kl,0.006107390392571688
PPO_9,2246640,approx_kl,0.006093292031437159
PPO_9,2254920,approx_kl,0.006915545556694269
PPO_9,2263200,approx_kl,0.0051376353949308395
PPO_9,2274240,approx_kl,0.005575191229581833
PPO_9,2282520,approx_kl,0.006200630683451891
PPO_9,2293560,approx_kl,0.008325018920004368
PPO_9,2301840,approx_kl,0.005662091076374054
PPO_9,2312880,approx_kl,0.006598824635148048
PPO_9,2321160,approx_kl,0.004874727223068476
PPO_9,2332200,approx_kl,0.007107932586222887
PPO_9,2340480,approx_kl,0.006460136268287897
PPO_9,2348760,approx_kl,0.0077658421359956264
PPO_9,2359800,approx_kl,0.004341868218034506
PPO_9,2368080,approx_kl,0.00566681707277894
PPO_9,2379120,approx_kl,0.0037094142753630877
PPO_9,2387400,approx_kl,0.00976394023746252
PPO_9,2398440,approx_kl,0.0032150987535715103
PPO_9,2406720,approx_kl,0.00479154521599412
PPO_9,2417760,approx_kl,0.010815964080393314
PPO_9,2426040,approx_kl,0.00450262613594532
PPO_9,2434320,approx_kl,0.0073517425917088985
PPO_9,2445360,approx_kl,0.005336217116564512
PPO_9,2453640,approx_kl,0.0031995263416320086
PPO_9,2464680,approx_kl,0.004484821110963821
PPO_9,2472960,approx_kl,0.005414749030023813
PPO_9,2484000,approx_kl,0.004561786074191332
PPO_9,2492280,approx_kl,0.0050613912753760815
PPO_9,2503320,approx_kl,0.009267899207770824
PPO_9,2511600,approx_kl,0.006592844147235155
PPO_9,2519880,approx_kl,0.0034729561302810907
PPO_9,2530920,approx_kl,0.0048041194677352905
PPO_9,2539200,approx_kl,0.006023919675499201
PPO_9,2550240,approx_kl,0.003934076055884361
PPO_9,2558520,approx_kl,0.004831892903894186
PPO_9,2569560,approx_kl,0.006780434865504503
PPO_9,2577840,approx_kl,0.0024070104118436575
PPO_9,2586120,approx_kl,0.00503112468868494
PPO_9,2597160,approx_kl,0.003449607640504837
PPO_9,2605440,approx_kl,0.007131076883524656
PPO_9,2616480,approx_kl,0.003384220413863659
PPO_9,2624760,approx_kl,0.006266724318265915
PPO_9,2635800,approx_kl,0.0057535190135240555
PPO_9,2644080,approx_kl,0.0060617136768996716
PPO_9,2655120,approx_kl,0.005147700197994709
PPO_9,2663400,approx_kl,0.0055502355098724365
PPO_9,2671680,approx_kl,0.0033316800836473703
PPO_9,2682720,approx_kl,0.003179332008585334
PPO_9,2691000,approx_kl,0.004420450888574123
PPO_9,2702040,approx_kl,0.0033378880470991135
PPO_9,2710320,approx_kl,0.004820554982870817
PPO_9,2721360,approx_kl,0.006094891577959061
PPO_9,2729640,approx_kl,0.004763016942888498
PPO_9,2740680,approx_kl,0.0061429147608578205
PPO_9,2748960,approx_kl,0.0037457095459103584
PPO_9,2757240,approx_kl,0.0058295633643865585
PPO_9,2768280,approx_kl,0.005376537796109915
PPO_9,2776560,approx_kl,0.005394777748733759
PPO_9,2787600,approx_kl,0.0060208928771317005
PPO_9,2795880,approx_kl,0.006816997658461332
PPO_9,2806920,approx_kl,0.008789721876382828
PPO_9,2815200,approx_kl,0.003931335639208555
PPO_9,2826240,approx_kl,0.005086847115308046
PPO_9,2834520,approx_kl,0.002782045165076852
PPO_9,2842800,approx_kl,0.0027934268582612276
PPO_9,2853840,approx_kl,0.005232498049736023
PPO_9,2862120,approx_kl,0.005761036649346352
PPO_9,2873160,approx_kl,0.0035062425304204226
PPO_9,2881440,approx_kl,0.0041390941478312016
PPO_9,2892480,approx_kl,0.0071982950903475285
PPO_9,2900760,approx_kl,0.004733871202915907
PPO_9,2909040,approx_kl,0.005078332033008337
PPO_9,2920080,approx_kl,0.005324359983205795
PPO_9,2928360,approx_kl,0.004486359190195799
PPO_9,2939400,approx_kl,0.005696276668459177
PPO_9,2947680,approx_kl,0.005527351051568985
PPO_9,2958720,approx_kl,0.006484627723693848
PPO_9,2967000,approx_kl,0.004452051129192114
PPO_9,2978040,approx_kl,0.00752174062654376
PPO_9,2986320,approx_kl,0.00457479152828455
PPO_9,2994600,approx_kl,0.0059878528118133545
PPO_9,3005640,approx_kl,0.0037464306224137545
PPO_9,3013920,approx_kl,0.004787323530763388
PPO_9,3024960,approx_kl,0.0035038311034440994
PPO_9,3033240,approx_kl,0.003610034706071019
PPO_9,3044280,approx_kl,0.005876252893358469
PPO_9,3052560,approx_kl,0.006024007219821215
PPO_9,3063600,approx_kl,0.0068669128231704235
PPO_9,3071880,approx_kl,0.0040678889490664005
PPO_9,3080160,approx_kl,0.008405718021094799
PPO_9,3091200,approx_kl,0.006271500140428543
PPO_9,3099480,approx_kl,0.004793989937752485
PPO_9,3110520,approx_kl,0.004442751407623291
PPO_9,3118800,approx_kl,0.004045960959047079
PPO_9,3129840,approx_kl,0.006287190597504377
PPO_9,3138120,approx_kl,0.008518067188560963
PPO_9,3149160,approx_kl,0.007669020444154739
PPO_9,3157440,approx_kl,0.0037773612421005964
PPO_9,3165720,approx_kl,0.00706446124240756
PPO_9,3176760,approx_kl,0.007940291427075863
PPO_9,3185040,approx_kl,0.00554700568318367
PPO_9,3196080,approx_kl,0.007119467947632074
PPO_9,3204360,approx_kl,0.0031207820866256952
PPO_9,3215400,approx_kl,0.006030471995472908
PPO_9,3223680,approx_kl,0.005195130594074726
PPO_9,3231960,approx_kl,0.00447613513097167
PPO_9,3243000,approx_kl,0.006509969476610422
PPO_9,3251280,approx_kl,0.00650835782289505
PPO_9,3262320,approx_kl,0.007391391787678003
PPO_9,3270600,approx_kl,0.0049518714658916
PPO_9,3281640,approx_kl,0.0038729317020624876
PPO_9,3289920,approx_kl,0.006875511724501848
PPO_9,3300960,approx_kl,0.004957977682352066
PPO_9,3309240,approx_kl,0.003805302083492279
PPO_9,3317520,approx_kl,0.006841422524303198
PPO_9,3328560,approx_kl,0.005750658456236124
PPO_9,3336840,approx_kl,0.0021854082588106394
PPO_9,3347880,approx_kl,0.005418139975517988
PPO_9,3356160,approx_kl,0.0041923909448087215
PPO_9,3367200,approx_kl,0.007584697101265192
PPO_9,3375480,approx_kl,0.0038277816493064165
PPO_9,3386520,approx_kl,0.002930352231487632
PPO_9,3394800,approx_kl,0.004468791652470827
PPO_9,3403080,approx_kl,0.004141051322221756
PPO_9,3414120,approx_kl,0.004371791612356901
PPO_9,3422400,approx_kl,0.006010794546455145
PPO_9,3433440,approx_kl,0.0023152551148086786
PPO_9,3441720,approx_kl,0.007469130214303732
PPO_9,3452760,approx_kl,0.005679016467183828
PPO_9,3461040,approx_kl,0.004313299898058176
PPO_9,3472080,approx_kl,0.00643803970888257
PPO_9,3480360,approx_kl,0.004169173073023558
PPO_9,3488640,approx_kl,0.006723927333950996
PPO_9,3499680,approx_kl,0.003433175152167678
PPO_9,3507960,approx_kl,0.004573496524244547
PPO_9,3519000,approx_kl,0.0060275946743786335
PPO_9,3527280,approx_kl,0.0037552632857114077
PPO_9,3538320,approx_kl,0.0057720583863556385
PPO_9,3546600,approx_kl,0.006427891552448273
PPO_9,3554880,approx_kl,0.005506773944944143
PPO_9,3565920,approx_kl,0.005121807102113962
PPO_9,3574200,approx_kl,0.0029060186352580786
PPO_9,3585240,approx_kl,0.008189808577299118
PPO_9,3593520,approx_kl,0.006293793674558401
PPO_9,3604560,approx_kl,0.004325659479945898
PPO_9,3612840,approx_kl,0.003998104948550463
PPO_9,3623880,approx_kl,0.003322513774037361
PPO_9,3632160,approx_kl,0.006396026816219091
PPO_9,3640440,approx_kl,0.0036630008835345507
PPO_9,3651480,approx_kl,0.005250561982393265
PPO_9,3659760,approx_kl,0.004472904372960329
PPO_9,3670800,approx_kl,0.004619181621819735
PPO_9,3679080,approx_kl,0.003972155973315239
PPO_9,3690120,approx_kl,0.003067046171054244
PPO_9,3698400,approx_kl,0.005506081972271204
PPO_9,3709440,approx_kl,0.006231870502233505
PPO_9,3717720,approx_kl,0.007831749506294727
PPO_9,3726000,approx_kl,0.007204607594758272
PPO_9,3737040,approx_kl,0.005389198195189238
PPO_9,3745320,approx_kl,0.0009491075179539621
PPO_9,3756360,approx_kl,0.0104196323081851
PPO_9,3764640,approx_kl,0.011767406016588211
PPO_9,3775680,approx_kl,0.004620244726538658
PPO_9,3783960,approx_kl,0.005234573036432266
PPO_9,3795000,approx_kl,0.005882650148123503
PPO_9,5520,std,1.0037283897399902
PPO_9,13800,std,0.9975936412811279
PPO_9,22080,std,1.0101183652877808
PPO_9,33120,std,1.0019251108169556
PPO_9,41400,std,0.9911673665046692
PPO_9,52440,std,0.9719027876853943
PPO_9,60720,std,0.9677183032035828
PPO_9,71760,std,0.9455351829528809
PPO_9,80040,std,0.9311081767082214
PPO_9,88320,std,0.917271614074707
PPO_9,99360,std,0.9093357920646667
PPO_9,107640,std,0.8960535526275635
PPO_9,118680,std,0.8861928582191467
PPO_9,126960,std,0.8772153258323669
PPO_9,138000,std,0.8687054514884949
PPO_9,146280,std,0.8595535159111023
PPO_9,157320,std,0.8471353054046631
PPO_9,165600,std,0.8362746834754944
PPO_9,173880,std,0.8248763680458069
PPO_9,184920,std,0.8162807822227478
PPO_9,193200,std,0.8195003867149353
PPO_9,204240,std,0.8149116635322571
PPO_9,212520,std,0.8112499117851257
PPO_9,223560,std,0.8005752563476562
PPO_9,231840,std,0.7893450856208801
PPO_9,242880,std,0.7898080945014954
PPO_9,251160,std,0.7852613925933838
PPO_9,259440,std,0.7856137156486511
PPO_9,270480,std,0.770790159702301
PPO_9,278760,std,0.7601898312568665
PPO_9,289800,std,0.7472990155220032
PPO_9,298080,std,0.7379265427589417
PPO_9,309120,std,0.7260916829109192
PPO_9,317400,std,0.7156278491020203
PPO_9,325680,std,0.7148163914680481
PPO_9,336720,std,0.71099454164505
PPO_9,345000,std,0.7003758549690247
PPO_9,356040,std,0.6934075355529785
PPO_9,364320,std,0.6863409876823425
PPO_9,375360,std,0.6779897212982178
PPO_9,383640,std,0.6649876832962036
PPO_9,394680,std,0.6608719825744629
PPO_9,402960,std,0.6582670211791992
PPO_9,411240,std,0.65024733543396
PPO_9,422280,std,0.6448087692260742
PPO_9,430560,std,0.6396012306213379
PPO_9,441600,std,0.6285491585731506
PPO_9,449880,std,0.6270710229873657
PPO_9,460920,std,0.6254318356513977
PPO_9,469200,std,0.623992383480072
PPO_9,480240,std,0.620252788066864
PPO_9,488520,std,0.6161658763885498
PPO_9,496800,std,0.6131455302238464
PPO_9,507840,std,0.6112650632858276
PPO_9,516120,std,0.604535698890686
PPO_9,527160,std,0.6003347039222717
PPO_9,535440,std,0.6019785404205322
PPO_9,546480,std,0.6035860180854797
PPO_9,554760,std,0.5959627628326416
PPO_9,565800,std,0.5950945019721985
PPO_9,574080,std,0.5928943753242493
PPO_9,582360,std,0.5940669775009155
PPO_9,593400,std,0.5896244645118713
PPO_9,601680,std,0.5910385251045227
PPO_9,612720,std,0.586083710193634
PPO_9,621000,std,0.5758554339408875
PPO_9,632040,std,0.56716388463974
PPO_9,640320,std,0.5665966868400574
PPO_9,648600,std,0.565706193447113
PPO_9,659640,std,0.5590100884437561
PPO_9,667920,std,0.5604854226112366
PPO_9,678960,std,0.5583224892616272
PPO_9,687240,std,0.5522952079772949
PPO_9,698280,std,0.5513164401054382
PPO_9,706560,std,0.5441932082176208
PPO_9,717600,std,0.5385236144065857
PPO_9,725880,std,0.5372132658958435
PPO_9,734160,std,0.5458943247795105
PPO_9,745200,std,0.5451170802116394
PPO_9,753480,std,0.5428088307380676
PPO_9,764520,std,0.5446102619171143
PPO_9,772800,std,0.542059600353241
PPO_9,783840,std,0.5394225120544434
PPO_9,792120,std,0.5403876304626465
PPO_9,803160,std,0.5404846668243408
PPO_9,811440,std,0.541846513748169
PPO_9,819720,std,0.5397594571113586
PPO_9,830760,std,0.5342109799385071
PPO_9,839040,std,0.5346927046775818
PPO_9,850080,std,0.5347418785095215
PPO_9,858360,std,0.5298718810081482
PPO_9,869400,std,0.5294537544250488
PPO_9,877680,std,0.5294849276542664
PPO_9,888720,std,0.5272460579872131
PPO_9,897000,std,0.5216798186302185
PPO_9,905280,std,0.5208584666252136
PPO_9,916320,std,0.522563099861145
PPO_9,924600,std,0.5211244225502014
PPO_9,935640,std,0.5281700491905212
PPO_9,943920,std,0.5334625840187073
PPO_9,954960,std,0.5305605530738831
PPO_9,963240,std,0.5260010957717896
PPO_9,971520,std,0.5255252718925476
PPO_9,982560,std,0.5249530076980591
PPO_9,990840,std,0.5268915295600891
PPO_9,1001880,std,0.5262672901153564
PPO_9,1010160,std,0.5313546061515808
PPO_9,1021200,std,0.5365689396858215
PPO_9,1029480,std,0.5367209315299988
PPO_9,1040520,std,0.530870795249939
PPO_9,1048800,std,0.5349454283714294
PPO_9,1057080,std,0.5322228670120239
PPO_9,1068120,std,0.5337250232696533
PPO_9,1076400,std,0.5369368195533752
PPO_9,1087440,std,0.5392539501190186
PPO_9,1095720,std,0.5372613668441772
PPO_9,1106760,std,0.540431022644043
PPO_9,1115040,std,0.5393625497817993
PPO_9,1126080,std,0.5378690958023071
PPO_9,1134360,std,0.5400751829147339
PPO_9,1142640,std,0.5434858798980713
PPO_9,1153680,std,0.5430585741996765
PPO_9,1161960,std,0.544340193271637
PPO_9,1173000,std,0.551346480846405
PPO_9,1181280,std,0.5497475266456604
PPO_9,1192320,std,0.5552728772163391
PPO_9,1200600,std,0.5509716868400574
PPO_9,1211640,std,0.5527613162994385
PPO_9,1219920,std,0.5537055134773254
PPO_9,1228200,std,0.5513511300086975
PPO_9,1239240,std,0.5483085513114929
PPO_9,1247520,std,0.5441752076148987
PPO_9,1258560,std,0.5462790727615356
PPO_9,1266840,std,0.5413630604743958
PPO_9,1277880,std,0.544882595539093
PPO_9,1286160,std,0.5438894629478455
PPO_9,1294440,std,0.54582679271698
PPO_9,1305480,std,0.5404860973358154
PPO_9,1313760,std,0.536672055721283
PPO_9,1324800,std,0.5366226434707642
PPO_9,1333080,std,0.5323089957237244
PPO_9,1344120,std,0.531028687953949
PPO_9,1352400,std,0.5352063179016113
PPO_9,1363440,std,0.5402833819389343
PPO_9,1371720,std,0.5379533767700195
PPO_9,1380000,std,0.5336135029792786
PPO_9,1391040,std,0.5332400798797607
PPO_9,1399320,std,0.5323196053504944
PPO_9,1410360,std,0.5369474291801453
PPO_9,1418640,std,0.5362653136253357
PPO_9,1429680,std,0.5374660491943359
PPO_9,1437960,std,0.5377503037452698
PPO_9,1449000,std,0.5365124344825745
PPO_9,1457280,std,0.534268319606781
PPO_9,1465560,std,0.53267902135849
PPO_9,1476600,std,0.5361069440841675
PPO_9,1484880,std,0.5419725179672241
PPO_9,1495920,std,0.5445700287818909
PPO_9,1504200,std,0.5472740530967712
PPO_9,1515240,std,0.5449401140213013
PPO_9,1523520,std,0.5471634268760681
PPO_9,1534560,std,0.5483826398849487
PPO_9,1542840,std,0.5476065874099731
PPO_9,1551120,std,0.5507227778434753
PPO_9,1562160,std,0.5492686033248901
PPO_9,1570440,std,0.5522587299346924
PPO_9,1581480,std,0.552271842956543
PPO_9,1589760,std,0.5522516965866089
PPO_9,1600800,std,0.5561470985412598
PPO_9,1609080,std,0.5553687214851379
PPO_9,1617360,std,0.5616692900657654
PPO_9,1628400,std,0.5602254867553711
PPO_9,1636680,std,0.5624013543128967
PPO_9,1647720,std,0.5573398470878601
PPO_9,1656000,std,0.555339515209198
PPO_9,1667040,std,0.5572578310966492
PPO_9,1675320,std,0.5530567765235901
PPO_9,1686360,std,0.5573063492774963
PPO_9,1694640,std,0.5576773881912231
PPO_9,1702920,std,0.5572929978370667
PPO_9,1713960,std,0.5565924048423767
PPO_9,1722240,std,0.5562859177589417
PPO_9,1733280,std,0.5497890710830688
PPO_9,1741560,std,0.5505600571632385
PPO_9,1752600,std,0.5521161556243896
PPO_9,1760880,std,0.5586041212081909
PPO_9,1771920,std,0.5601888298988342
PPO_9,1780200,std,0.5619284510612488
PPO_9,1788480,std,0.5620510578155518
PPO_9,1799520,std,0.5653879046440125
PPO_9,1807800,std,0.5683117508888245
PPO_9,1818840,std,0.570942223072052
PPO_9,1827120,std,0.5709967017173767
PPO_9,1838160,std,0.5746221542358398
PPO_9,1846440,std,0.5744760036468506
PPO_9,1857480,std,0.5798670649528503
PPO_9,1865760,std,0.5810020565986633
PPO_9,1874040,std,0.5815132260322571
PPO_9,1885080,std,0.5849246382713318
PPO_9,1893360,std,0.5885547995567322
PPO_9,1904400,std,0.5819811224937439
PPO_9,1912680,std,0.5867889523506165
PPO_9,1923720,std,0.5891818404197693
PPO_9,1932000,std,0.5904869437217712
PPO_9,1940280,std,0.5896766781806946
PPO_9,1951320,std,0.5860224962234497
PPO_9,1959600,std,0.5808029770851135
PPO_9,1970640,std,0.579383909702301
PPO_9,1978920,std,0.576400101184845
PPO_9,1989960,std,0.5770614743232727
PPO_9,1998240,std,0.5772019028663635
PPO_9,2009280,std,0.580049991607666
PPO_9,2017560,std,0.5812433362007141
PPO_9,2025840,std,0.582325279712677
PPO_9,2036880,std,0.5863365530967712
PPO_9,2045160,std,0.5874418020248413
PPO_9,2056200,std,0.5899403691291809
PPO_9,2064480,std,0.5884850025177002
PPO_9,2075520,std,0.5891001224517822
PPO_9,2083800,std,0.5884178280830383
PPO_9,2094840,std,0.5808539986610413
PPO_9,2103120,std,0.5802698731422424
PPO_9,2111400,std,0.5795779228210449
PPO_9,2122440,std,0.5822524428367615
PPO_9,2130720,std,0.5804804563522339
PPO_9,2141760,std,0.582567036151886
PPO_9,2150040,std,0.5806791186332703
PPO_9,2161080,std,0.5775956511497498
PPO_9,2169360,std,0.5756847858428955
PPO_9,2180400,std,0.5783637166023254
PPO_9,2188680,std,0.579969048500061
PPO_9,2196960,std,0.5781653523445129
PPO_9,2208000,std,0.5746682286262512
PPO_9,2216280,std,0.5716586112976074
PPO_9,2227320,std,0.5715892910957336
PPO_9,2235600,std,0.5655654072761536
PPO_9,2246640,std,0.5654069781303406
PPO_9,2254920,std,0.5656808614730835
PPO_9,2263200,std,0.5657181143760681
PPO_9,2274240,std,0.5672109723091125
PPO_9,2282520,std,0.5633206963539124
PPO_9,2293560,std,0.5611412525177002
PPO_9,2301840,std,0.5574514269828796
PPO_9,2312880,std,0.5563158392906189
PPO_9,2321160,std,0.5573533177375793
PPO_9,2332200,std,0.5560112595558167
PPO_9,2340480,std,0.5543733835220337
PPO_9,2348760,std,0.5566529631614685
PPO_9,2359800,std,0.5594815015792847
PPO_9,2368080,std,0.5630044341087341
PPO_9,2379120,std,0.5648602843284607
PPO_9,2387400,std,0.5667028427124023
PPO_9,2398440,std,0.5663178563117981
PPO_9,2406720,std,0.5656213760375977
PPO_9,2417760,std,0.5682771801948547
PPO_9,2426040,std,0.5750640630722046
PPO_9,2434320,std,0.5743337273597717
PPO_9,2445360,std,0.5758629441261292
PPO_9,2453640,std,0.5758617520332336
PPO_9,2464680,std,0.573252260684967
PPO_9,2472960,std,0.5710629224777222
PPO_9,2484000,std,0.56645268201828
PPO_9,2492280,std,0.5683504939079285
PPO_9,2503320,std,0.5715915560722351
PPO_9,2511600,std,0.5714695453643799
PPO_9,2519880,std,0.5709041953086853
PPO_9,2530920,std,0.570514976978302
PPO_9,2539200,std,0.5744495987892151
PPO_9,2550240,std,0.574898898601532
PPO_9,2558520,std,0.5797178149223328
PPO_9,2569560,std,0.5792766213417053
PPO_9,2577840,std,0.5803866386413574
PPO_9,2586120,std,0.5811133980751038
PPO_9,2597160,std,0.5796055197715759
PPO_9,2605440,std,0.5832858085632324
PPO_9,2616480,std,0.585682213306427
PPO_9,2624760,std,0.5865525603294373
PPO_9,2635800,std,0.5840210914611816
PPO_9,2644080,std,0.5866719484329224
PPO_9,2655120,std,0.5915560126304626
PPO_9,2663400,std,0.5885262489318848
PPO_9,2671680,std,0.5855981707572937
PPO_9,2682720,std,0.586087703704834
PPO_9,2691000,std,0.5881344079971313
PPO_9,2702040,std,0.590502142906189
PPO_9,2710320,std,0.5905667543411255
PPO_9,2721360,std,0.5877750515937805
PPO_9,2729640,std,0.5872266292572021
PPO_9,2740680,std,0.5846032500267029
PPO_9,2748960,std,0.5851313471794128
PPO_9,2757240,std,0.5855785012245178
PPO_9,2768280,std,0.583667516708374
PPO_9,2776560,std,0.5839089155197144
PPO_9,2787600,std,0.5821287035942078
PPO_9,2795880,std,0.5801146626472473
PPO_9,2806920,std,0.5806648135185242
PPO_9,2815200,std,0.5796505808830261
PPO_9,2826240,std,0.5831944942474365
PPO_9,2834520,std,0.5869837999343872
PPO_9,2842800,std,0.5874428153038025
PPO_9,2853840,std,0.5855382680892944
PPO_9,2862120,std,0.5861703753471375
PPO_9,2873160,std,0.587148129940033
PPO_9,2881440,std,0.5886661410331726
PPO_9,2892480,std,0.5882262587547302
PPO_9,2900760,std,0.5917028784751892
PPO_9,2909040,std,0.5904916524887085
PPO_9,2920080,std,0.590421736240387
PPO_9,2928360,std,0.5911056995391846
PPO_9,2939400,std,0.5905745625495911
PPO_9,2947680,std,0.5905820727348328
PPO_9,2958720,std,0.5928968787193298
PPO_9,2967000,std,0.5917419791221619
PPO_9,2978040,std,0.5930445790290833
PPO_9,2986320,std,0.5961297750473022
PPO_9,2994600,std,0.5961388945579529
PPO_9,3005640,std,0.5977365374565125
PPO_9,3013920,std,0.5981281399726868
PPO_9,3024960,std,0.595863401889801
PPO_9,3033240,std,0.5920557379722595
PPO_9,3044280,std,0.5942482948303223
PPO_9,3052560,std,0.5953170657157898
PPO_9,3063600,std,0.593780517578125
PPO_9,3071880,std,0.5931491255760193
PPO_9,3080160,std,0.5920279622077942
PPO_9,3091200,std,0.5934311151504517
PPO_9,3099480,std,0.5957829356193542
PPO_9,3110520,std,0.5959256291389465
PPO_9,3118800,std,0.5922351479530334
PPO_9,3129840,std,0.593004047870636
PPO_9,3138120,std,0.5955212712287903
PPO_9,3149160,std,0.5960574746131897
PPO_9,3157440,std,0.5968984365463257
PPO_9,3165720,std,0.5915706753730774
PPO_9,3176760,std,0.5931026339530945
PPO_9,3185040,std,0.5941757559776306
PPO_9,3196080,std,0.5926790833473206
PPO_9,3204360,std,0.5921379923820496
PPO_9,3215400,std,0.5913439393043518
PPO_9,3223680,std,0.5895782113075256
PPO_9,3231960,std,0.5905964374542236
PPO_9,3243000,std,0.5898992419242859
PPO_9,3251280,std,0.5881028771400452
PPO_9,3262320,std,0.5894630551338196
PPO_9,3270600,std,0.5894338488578796
PPO_9,3281640,std,0.5892195105552673
PPO_9,3289920,std,0.5911275148391724
PPO_9,3300960,std,0.5942985415458679
PPO_9,3309240,std,0.5959061980247498
PPO_9,3317520,std,0.6031189560890198
PPO_9,3328560,std,0.6069951057434082
PPO_9,3336840,std,0.6082465052604675
PPO_9,3347880,std,0.6062910556793213
PPO_9,3356160,std,0.6065379977226257
PPO_9,3367200,std,0.6074779033660889
PPO_9,3375480,std,0.6098460555076599
PPO_9,3386520,std,0.610548198223114
PPO_9,3394800,std,0.6097908020019531
PPO_9,3403080,std,0.6102767586708069
PPO_9,3414120,std,0.6109331250190735
PPO_9,3422400,std,0.6095494627952576
PPO_9,3433440,std,0.613447368144989
PPO_9,3441720,std,0.6129574775695801
PPO_9,3452760,std,0.6152055859565735
PPO_9,3461040,std,0.6185055375099182
PPO_9,3472080,std,0.6204426288604736
PPO_9,3480360,std,0.6226130127906799
PPO_9,3488640,std,0.6249927878379822
PPO_9,3499680,std,0.6263344883918762
PPO_9,3507960,std,0.6263695359230042
PPO_9,3519000,std,0.6257243752479553
PPO_9,3527280,std,0.625742495059967
PPO_9,3538320,std,0.6296088099479675
PPO_9,3546600,std,0.6323581337928772
PPO_9,3554880,std,0.6335846185684204
PPO_9,3565920,std,0.6360646486282349
PPO_9,3574200,std,0.6391546130180359
PPO_9,3585240,std,0.6410484910011292
PPO_9,3593520,std,0.6420875191688538
PPO_9,3604560,std,0.6425552368164062
PPO_9,3612840,std,0.6448554396629333
PPO_9,3623880,std,0.6482452154159546
PPO_9,3632160,std,0.6499893069267273
PPO_9,3640440,std,0.6476828455924988
PPO_9,3651480,std,0.6489402651786804
PPO_9,3659760,std,0.6474893689155579
PPO_9,3670800,std,0.6484459638595581
PPO_9,3679080,std,0.6455626487731934
PPO_9,3690120,std,0.645707905292511
PPO_9,3698400,std,0.645872175693512
PPO_9,3709440,std,0.6470395922660828
PPO_9,3717720,std,0.6488112211227417
PPO_9,3726000,std,0.6488011479377747
PPO_9,3737040,std,0.6493545174598694
PPO_9,3745320,std,0.6525447368621826
PPO_9,3756360,std,0.6516704559326172
PPO_9,3764640,std,0.6540377140045166
PPO_9,3775680,std,0.656262993812561
PPO_9,3783960,std,0.6617233157157898
PPO_9,3795000,std,0.6642987132072449
lstm/RecurrentPPO_1,2048,value_loss,548.03173828125
lstm/RecurrentPPO_1,3072,value_loss,349.69586181640625
lstm/RecurrentPPO_1,4096,value_loss,98.11930847167969
lstm/RecurrentPPO_1,5120,value_loss,67.96764373779297
lstm/RecurrentPPO_1,2048,explained_variance,-0.0005260705947875977
lstm/RecurrentPPO_1,3072,explained_variance,0.014948785305023193
lstm/RecurrentPPO_1,4096,explained_variance,0.0007668733596801758
lstm/RecurrentPPO_1,5120,explained_variance,0.010935604572296143
lstm/RecurrentPPO_1,2048,entropy,-4.254337310791016
lstm/RecurrentPPO_1,3072,entropy,-4.25595760345459
lstm/RecurrentPPO_1,4096,entropy,-4.2641801834106445
lstm/RecurrentPPO_1,5120,entropy,-4.266875267028809
lstm/RecurrentPPO_1,2048,approx_kl,0.00819936953485012
lstm/RecurrentPPO_1,3072,approx_kl,0.00642167404294014
lstm/RecurrentPPO_1,4096,approx_kl,0.007616259623318911
lstm/RecurrentPPO_1,5120,approx_kl,0.008722478523850441
lstm/RecurrentPPO_1,2048,std,0.9984760284423828
lstm/RecurrentPPO_1,3072,std,1.0012973546981812
lstm/RecurrentPPO_1,4096,std,1.003712773323059
lstm/RecurrentPPO_1,5120,std,1.002530574798584
lstm/RecurrentPPO_2,2048,value_loss,639.1171264648438
lstm/RecurrentPPO_2,3072,value_loss,333.4670104980469
lstm/RecurrentPPO_2,4096,value_loss,95.4359359741211
lstm/RecurrentPPO_2,5120,value_loss,118.68437194824219
lstm/RecurrentPPO_2,2048,explained_variance,0.001578688621520996
lstm/RecurrentPPO_2,3072,explained_variance,0.03535836935043335
lstm/RecurrentPPO_2,4096,explained_variance,0.0006864666938781738
lstm/RecurrentPPO_2,5120,explained_variance,0.053070068359375
lstm/RecurrentPPO_2,2048,entropy,-4.260674953460693
lstm/RecurrentPPO_2,3072,entropy,-4.269362449645996
lstm/RecurrentPPO_2,4096,entropy,-4.284683704376221
lstm/RecurrentPPO_2,5120,entropy,-4.294435501098633
lstm/RecurrentPPO_2,2048,approx_kl,0.007666615769267082
lstm/RecurrentPPO_2,3072,approx_kl,0.007243500091135502
lstm/RecurrentPPO_2,4096,approx_kl,0.005718580447137356
lstm/RecurrentPPO_2,5120,approx_kl,0.014201203361153603
lstm/RecurrentPPO_2,2048,std,1.0025533437728882
lstm/RecurrentPPO_2,3072,std,1.005942940711975
lstm/RecurrentPPO_2,4096,std,1.011862874031067
lstm/RecurrentPPO_2,5120,std,1.0131458044052124
lstm/RecurrentPPO_3,2048,value_loss,608.55029296875
lstm/RecurrentPPO_3,3072,value_loss,275.5093994140625
lstm/RecurrentPPO_3,4096,value_loss,105.47417449951172
lstm/RecurrentPPO_3,5120,value_loss,108.8175048828125
lstm/RecurrentPPO_3,2048,explained_variance,-0.0042226314544677734
lstm/RecurrentPPO_3,3072,explained_variance,0.030442476272583008
lstm/RecurrentPPO_3,4096,explained_variance,0.0008440613746643066
lstm/RecurrentPPO_3,5120,explained_variance,0.06823772192001343
lstm/RecurrentPPO_3,2048,entropy,-4.26027774810791
lstm/RecurrentPPO_3,3072,entropy,-4.256435394287109
lstm/RecurrentPPO_3,4096,entropy,-4.241003513336182
lstm/RecurrentPPO_3,5120,entropy,-4.23192834854126
lstm/RecurrentPPO_3,2048,approx_kl,0.0060190907679498196
lstm/RecurrentPPO_3,3072,approx_kl,0.006839562673121691
lstm/RecurrentPPO_3,4096,approx_kl,0.003962249495089054
lstm/RecurrentPPO_3,5120,approx_kl,0.002707152161747217
lstm/RecurrentPPO_3,2048,std,1.0020461082458496
lstm/RecurrentPPO_3,3072,std,0.9967988133430481
lstm/RecurrentPPO_3,4096,std,0.9928694367408752
lstm/RecurrentPPO_3,5120,std,0.9917018413543701
lstm/RecurrentPPO_4,2048,value_loss,724.296142578125
lstm/RecurrentPPO_4,3072,value_loss,351.2467346191406
lstm/RecurrentPPO_4,4096,value_loss,88.6593017578125
lstm/RecurrentPPO_4,5120,value_loss,85.35074615478516
lstm/RecurrentPPO_4,2048,explained_variance,-0.0017404556274414062
lstm/RecurrentPPO_4,3072,explained_variance,0.018092870712280273
lstm/RecurrentPPO_4,4096,explained_variance,0.000961005687713623
lstm/RecurrentPPO_4,5120,explained_variance,0.28433674573898315
lstm/RecurrentPPO_4,2048,entropy,-4.255939960479736
lstm/RecurrentPPO_4,3072,entropy,-4.248941898345947
lstm/RecurrentPPO_4,4096,entropy,-4.242461204528809
lstm/RecurrentPPO_4,5120,entropy,-4.244004726409912
lstm/RecurrentPPO_4,2048,approx_kl,0.004776465240865946
lstm/RecurrentPPO_4,3072,approx_kl,0.002150806365534663
lstm/RecurrentPPO_4,4096,approx_kl,0.007215797435492277
lstm/RecurrentPPO_4,5120,approx_kl,0.015402943827211857
lstm/RecurrentPPO_4,2048,std,0.9987553954124451
lstm/RecurrentPPO_4,3072,std,0.9960039258003235
lstm/RecurrentPPO_4,4096,std,0.9949169158935547
lstm/RecurrentPPO_4,5120,std,0.9970707297325134
lstm/RecurrentPPO_5,2048,value_loss,655.0206909179688
lstm/RecurrentPPO_5,3072,value_loss,269.3053894042969
lstm/RecurrentPPO_5,4096,value_loss,98.7061996459961
lstm/RecurrentPPO_5,5120,value_loss,132.2918701171875
lstm/RecurrentPPO_5,2048,explained_variance,0.0005124807357788086
lstm/RecurrentPPO_5,3072,explained_variance,0.002270221710205078
lstm/RecurrentPPO_5,4096,explained_variance,0.00032126903533935547
lstm/RecurrentPPO_5,5120,explained_variance,0.00026220083236694336
lstm/RecurrentPPO_5,2048,entropy,-4.256651878356934
lstm/RecurrentPPO_5,3072,entropy,-4.2532854080200195
lstm/RecurrentPPO_5,4096,entropy,-4.24793004989624
lstm/RecurrentPPO_5,5120,entropy,-4.235376834869385
lstm/RecurrentPPO_5,2048,approx_kl,0.006903024390339851
lstm/RecurrentPPO_5,3072,approx_kl,0.010201916098594666
lstm/RecurrentPPO_5,4096,approx_kl,0.005767936818301678
lstm/RecurrentPPO_5,5120,approx_kl,0.01386835053563118
lstm/RecurrentPPO_5,2048,std,0.9993537068367004
lstm/RecurrentPPO_5,3072,std,0.9992249011993408
lstm/RecurrentPPO_5,4096,std,0.9937283992767334
lstm/RecurrentPPO_5,5120,std,0.992764413356781
mlp/PPO_1,2048,value_loss,592.1561889648438
mlp/PPO_1,3072,value_loss,302.2355651855469
mlp/PPO_1,4096,value_loss,121.89891052246094
mlp/PPO_1,5120,value_loss,106.56708526611328
mlp/PPO_1,2048,explained_variance,0.0033231377601623535
mlp/PPO_1,3072,explained_variance,0.05936002731323242
mlp/PPO_1,4096,explained_variance,0.13214850425720215
mlp/PPO_1,5120,explained_variance,0.00013369321823120117
mlp/PPO_1,2048,entropy,-4.256526947021484
mlp/PPO_1,3072,entropy,-4.254179954528809
mlp/PPO_1,4096,entropy,-4.257227420806885
mlp/PPO_1,5120,entropy,-4.255112648010254
mlp/PPO_1,2048,approx_kl,0.007421712391078472
mlp/PPO_1,3072,approx_kl,0.008241662755608559
mlp/PPO_1,4096,approx_kl,0.009901760146021843
mlp/PPO_1,5120,approx_kl,0.004263738170266151
mlp/PPO_1,2048,std,0.9987794756889343
mlp/PPO_1,3072,std,1.000126600265503
mlp/PPO_1,4096,std,0.9995619654655457
mlp/PPO_1,5120,std,0.9980857968330383
mlp/PPO_2,2048,value_loss,549.0316162109375
mlp/PPO_2,3072,value_loss,292.4938659667969
mlp/PPO_2,4096,value_loss,117.4223403930664
mlp/PPO_2,5120,value_loss,81.71601867675781
mlp/PPO_2,2048,explained_variance,-0.025086045265197754
mlp/PPO_2,3072,explained_variance,0.1108098030090332
mlp/PPO_2,4096,explained_variance,0.12503689527511597
mlp/PPO_2,5120,explained_variance,0.14591610431671143
mlp/PPO_2,2048,entropy,-4.258399963378906
mlp/PPO_2,3072,entropy,-4.262516975402832
mlp/PPO_2,4096,entropy,-4.264718532562256
mlp/PPO_2,5120,entropy,-4.255150318145752
mlp/PPO_2,2048,approx_kl,0.008273783139884472
mlp/PPO_2,3072,approx_kl,0.005464701913297176
mlp/PPO_2,4096,approx_kl,0.004892783705145121
mlp/PPO_2,5120,approx_kl,0.005718917120248079
mlp/PPO_2,2048,std,1.0007725954055786
mlp/PPO_2,3072,std,1.0036951303482056
mlp/PPO_2,4096,std,1.0000795125961304
mlp/PPO_2,5120,std,1.0000554323196411
mlp/PPO_3,2048,value_loss,478.2770690917969
mlp/PPO_3,3072,value_loss,227.6151580810547
mlp/PPO_3,4096,value_loss,83.29515075683594
mlp/PPO_3,5120,value_loss,101.92919158935547
mlp/PPO_3,2048,explained_variance,-0.0016669034957885742
mlp/PPO_3,3072,explained_variance,0.0649380087852478
mlp/PPO_3,4096,explained_variance,0.23199456930160522
mlp/PPO_3,5120,explained_variance,0.16465044021606445
mlp/PPO_3,2048,entropy,-4.2604193687438965
mlp/PPO_3,3072,entropy,-4.267024040222168
mlp/PPO_3,4096,entropy,-4.268385887145996
mlp/PPO_3,5120,entropy,-4.2622389793396
mlp/PPO_3,2048,approx_kl,0.009321256540715694
mlp/PPO_3,3072,approx_kl,0.005710812285542488
mlp/PPO_3,4096,approx_kl,0.010075862519443035
mlp/PPO_3,5120,approx_kl,0.010166944935917854
mlp/PPO_3,2048,std,1.0020389556884766
mlp/PPO_3,3072,std,1.005061149597168
mlp/PPO_3,4096,std,1.0030183792114258
mlp/PPO_3,5120,std,0.9992585182189941
mlp/PPO_4,2048,value_loss,672.114501953125
mlp/PPO_4,3072,value_loss,237.95867919921875
mlp/PPO_4,4096,value_loss,96.47283935546875
mlp/PPO_4,5120,value_loss,99.59660339355469
mlp/PPO_4,2048,explained_variance,0.0034583210945129395
mlp/PPO_4,3072,explained_variance,0.10971814393997192
mlp/PPO_4,4096,explained_variance,0.1792561411857605
mlp/PPO_4,5120,explained_variance,0.19685840606689453
mlp/PPO_4,2048,entropy,-4.2617692947387695
mlp/PPO_4,3072,entropy,-4.277310848236084
mlp/PPO_4,4096,entropy,-4.296255588531494
mlp/PPO_4,5120,entropy,-4.299501419067383
mlp/PPO_4,2048,approx_kl,0.009988224133849144
mlp/PPO_4,3072,approx_kl,0.0061849686317145824
mlp/PPO_4,4096,approx_kl,0.005992963444441557
mlp/PPO_4,5120,approx_kl,0.010808543302118778
mlp/PPO_4,2048,std,1.0032681226730347
mlp/PPO_4,3072,std,1.0112053155899048
mlp/PPO_4,4096,std,1.0140498876571655
mlp/PPO_4,5120,std,1.0147242546081543
mlp/PPO_5,2048,value_loss,550.59912109375
mlp/PPO_5,3072,value_loss,188.89463806152344
mlp/PPO_5,4096,value_loss,75.12332916259766
mlp/PPO_5,5120,value_loss,127.8451156616211
mlp/PPO_5,2048,explained_variance,-0.004899740219116211
mlp/PPO_5,3072,explained_variance,0.0331382155418396
mlp/PPO_5,4096,explained_variance,0.21871817111968994
mlp/PPO_5,5120,explained_variance,0.19385045766830444
mlp/PPO_5,2048,entropy,-4.251339435577393
mlp/PPO_5,3072,entropy,-4.244701385498047
mlp/PPO_5,4096,entropy,-4.249599456787109
mlp/PPO_5,5120,entropy,-4.266135215759277
mlp/PPO_5,2048,approx_kl,0.00719189178198576
mlp/PPO_5,3072,approx_kl,0.005678610876202583
mlp/PPO_5,4096,approx_kl,0.0073851533234119415
mlp/PPO_5,5120,approx_kl,0.0031083845533430576
mlp/PPO_5,2048,std,0.9969229698181152
mlp/PPO_5,3072,std,0.9947040677070618
mlp/PPO_5,4096,std,1.0016344785690308
mlp/PPO_5,5120,std,1.0038715600967407
