method,fpr,tpr,auc
Isolation Forest,0.0,0.0,0.9709873960684047
Isolation Forest,0.0,0.001584786053882726,0.9709873960684047
Isolation Forest,0.0,0.11410459587955626,0.9709873960684047
Isolation Forest,0.0005652911249293386,0.11410459587955626,0.9709873960684047
Isolation Forest,0.0005652911249293386,0.12361331220285261,0.9709873960684047
Isolation Forest,0.0011305822498586771,0.12361331220285261,0.9709873960684047
Isolation Forest,0.0011305822498586771,0.13629160063391443,0.9709873960684047
Isolation Forest,0.0016958733747880158,0.13629160063391443,0.9709873960684047
Isolation Forest,0.0016958733747880158,0.14580031695721077,0.9709873960684047
Isolation Forest,0.0022611644997173543,0.14580031695721077,0.9709873960684047
Isolation Forest,0.0022611644997173543,0.1537242472266244,0.9709873960684047
Isolation Forest,0.002826455624646693,0.1537242472266244,0.9709873960684047
Isolation Forest,0.002826455624646693,0.15530903328050713,0.9709873960684047
Isolation Forest,0.0033917467495760316,0.15530903328050713,0.9709873960684047
Isolation Forest,0.0033917467495760316,0.1600633914421553,0.9709873960684047
Isolation Forest,0.00395703787450537,0.1600633914421553,0.9709873960684047
Isolation Forest,0.00395703787450537,0.16798732171156894,0.9709873960684047
Isolation Forest,0.005087620124364048,0.16798732171156894,0.9709873960684047
Isolation Forest,0.005087620124364048,0.19809825673534073,0.9709873960684047
Isolation Forest,0.005652911249293386,0.19809825673534073,0.9709873960684047
Isolation Forest,0.005652911249293386,0.19968304278922344,0.9709873960684047
Isolation Forest,0.006218202374222725,0.19968304278922344,0.9709873960684047
Isolation Forest,0.006218202374222725,0.2218700475435816,0.9709873960684047
Isolation Forest,0.006783493499152063,0.2218700475435816,0.9709873960684047
Isolation Forest,0.006783493499152063,0.23137876386687797,0.9709873960684047
Isolation Forest,0.007348784624081402,0.23137876386687797,0.9709873960684047
Isolation Forest,0.007348784624081402,0.2329635499207607,0.9709873960684047
Isolation Forest,0.00791407574901074,0.2329635499207607,0.9709873960684047
Isolation Forest,0.00791407574901074,0.24247226624405704,0.9709873960684047
Isolation Forest,0.008479366873940079,0.24247226624405704,0.9709873960684047
Isolation Forest,0.008479366873940079,0.25673534072900156,0.9709873960684047
Isolation Forest,0.009044657998869417,0.25673534072900156,0.9709873960684047
Isolation Forest,0.009044657998869417,0.27892234548335976,0.9709873960684047
Isolation Forest,0.009609949123798756,0.27892234548335976,0.9709873960684047
Isolation Forest,0.009609949123798756,0.2805071315372425,0.9709873960684047
Isolation Forest,0.010740531373657434,0.2805071315372425,0.9709873960684047
Isolation Forest,0.010740531373657434,0.2931854199683043,0.9709873960684047
Isolation Forest,0.011305822498586773,0.2931854199683043,0.9709873960684047
Isolation Forest,0.011305822498586773,0.29635499207606975,0.9709873960684047
Isolation Forest,0.011871113623516111,0.29635499207606975,0.9709873960684047
Isolation Forest,0.011871113623516111,0.31061806656101426,0.9709873960684047
Isolation Forest,0.01243640474844545,0.31061806656101426,0.9709873960684047
Isolation Forest,0.01243640474844545,0.3502377179080824,0.9709873960684047
Isolation Forest,0.013001695873374788,0.3502377179080824,0.9709873960684047
Isolation Forest,0.013001695873374788,0.3549920760697306,0.9709873960684047
Isolation Forest,0.013566986998304126,0.3549920760697306,0.9709873960684047
Isolation Forest,0.013566986998304126,0.3613312202852615,0.9709873960684047
Isolation Forest,0.014132278123233465,0.3613312202852615,0.9709873960684047
Isolation Forest,0.014132278123233465,0.36450079239302696,0.9709873960684047
Isolation Forest,0.014697569248162803,0.36450079239302696,0.9709873960684047
Isolation Forest,0.014697569248162803,0.37400950871632327,0.9709873960684047
Isolation Forest,0.015262860373092142,0.37400950871632327,0.9709873960684047
Isolation Forest,0.015262860373092142,0.3787638668779715,0.9709873960684047
Isolation Forest,0.01582815149802148,0.3787638668779715,0.9709873960684047
Isolation Forest,0.01582815149802148,0.393026941362916,0.9709873960684047
Isolation Forest,0.01639344262295082,0.393026941362916,0.9709873960684047
Isolation Forest,0.01639344262295082,0.3977812995245642,0.9709873960684047
Isolation Forest,0.016958733747880157,0.3977812995245642,0.9709873960684047
Isolation Forest,0.016958733747880157,0.3993660855784469,0.9709873960684047
Isolation Forest,0.017524024872809497,0.3993660855784469,0.9709873960684047
Isolation Forest,0.017524024872809497,0.40253565768621236,0.9709873960684047
Isolation Forest,0.018089315997738834,0.40253565768621236,0.9709873960684047
Isolation Forest,0.018089315997738834,0.4326465927099842,0.9709873960684047
Isolation Forest,0.018654607122668174,0.4326465927099842,0.9709873960684047
Isolation Forest,0.018654607122668174,0.4437400950871632,0.9709873960684047
Isolation Forest,0.01921989824759751,0.4437400950871632,0.9709873960684047
Isolation Forest,0.01921989824759751,0.4849445324881141,0.9709873960684047
Isolation Forest,0.01978518937252685,0.4849445324881141,0.9709873960684047
Isolation Forest,0.01978518937252685,0.49920760697305866,0.9709873960684047
Isolation Forest,0.02148106274731487,0.49920760697305866,0.9709873960684047
Isolation Forest,0.02148106274731487,0.5055467511885895,0.9709873960684047
Isolation Forest,0.022046353872244205,0.5055467511885895,0.9709873960684047
Isolation Forest,0.022046353872244205,0.5103011093502378,0.9709873960684047
Isolation Forest,0.023176936122102882,0.5103011093502378,0.9709873960684047
Isolation Forest,0.023176936122102882,0.5134706814580031,0.9709873960684047
Isolation Forest,0.023742227247032222,0.5134706814580031,0.9709873960684047
Isolation Forest,0.023742227247032222,0.5245641838351822,0.9709873960684047
Isolation Forest,0.02430751837196156,0.5245641838351822,0.9709873960684047
Isolation Forest,0.02430751837196156,0.526148969889065,0.9709873960684047
Isolation Forest,0.0248728094968909,0.526148969889065,0.9709873960684047
Isolation Forest,0.0248728094968909,0.5324881141045958,0.9709873960684047
Isolation Forest,0.025438100621820236,0.5324881141045958,0.9709873960684047
Isolation Forest,0.025438100621820236,0.5372424722662441,0.9709873960684047
Isolation Forest,0.026568682871678916,0.5372424722662441,0.9709873960684047
Isolation Forest,0.026568682871678916,0.5467511885895404,0.9709873960684047
Isolation Forest,0.027133973996608253,0.5467511885895404,0.9709873960684047
Isolation Forest,0.027133973996608253,0.5515055467511886,0.9709873960684047
Isolation Forest,0.027699265121537593,0.5515055467511886,0.9709873960684047
Isolation Forest,0.027699265121537593,0.5657686212361331,0.9709873960684047
Isolation Forest,0.02826455624646693,0.5657686212361331,0.9709873960684047
Isolation Forest,0.02826455624646693,0.5736925515055468,0.9709873960684047
Isolation Forest,0.029395138496325607,0.5736925515055468,0.9709873960684047
Isolation Forest,0.029395138496325607,0.5768621236133122,0.9709873960684047
Isolation Forest,0.031091011871113624,0.5768621236133122,0.9709873960684047
Isolation Forest,0.031091011871113624,0.5879556259904913,0.9709873960684047
Isolation Forest,0.03165630299604296,0.5879556259904913,0.9709873960684047
Isolation Forest,0.03165630299604296,0.6006339144215531,0.9709873960684047
Isolation Forest,0.03278688524590164,0.6006339144215531,0.9709873960684047
Isolation Forest,0.03278688524590164,0.6307448494453248,0.9709873960684047
Isolation Forest,0.03335217637083098,0.6307448494453248,0.9709873960684047
Isolation Forest,0.03335217637083098,0.6370839936608558,0.9709873960684047
Isolation Forest,0.033917467495760314,0.6370839936608558,0.9709873960684047
Isolation Forest,0.033917467495760314,0.6450079239302694,0.9709873960684047
Isolation Forest,0.034482758620689655,0.6450079239302694,0.9709873960684047
Isolation Forest,0.034482758620689655,0.6481774960380349,0.9709873960684047
Isolation Forest,0.035048049745618995,0.6481774960380349,0.9709873960684047
Isolation Forest,0.035048049745618995,0.6687797147385103,0.9709873960684047
Isolation Forest,0.035613340870548335,0.6687797147385103,0.9709873960684047
Isolation Forest,0.035613340870548335,0.6719492868462758,0.9709873960684047
Isolation Forest,0.03617863199547767,0.6719492868462758,0.9709873960684047
Isolation Forest,0.03617863199547767,0.6735340729001584,0.9709873960684047
Isolation Forest,0.03674392312040701,0.6735340729001584,0.9709873960684047
Isolation Forest,0.03674392312040701,0.6767036450079239,0.9709873960684047
Isolation Forest,0.03787450537026569,0.6767036450079239,0.9709873960684047
Isolation Forest,0.03787450537026569,0.6798732171156894,0.9709873960684047
Isolation Forest,0.03843979649519502,0.6798732171156894,0.9709873960684047
Isolation Forest,0.03843979649519502,0.6925515055467512,0.9709873960684047
Isolation Forest,0.03900508762012436,0.6925515055467512,0.9709873960684047
Isolation Forest,0.03900508762012436,0.6957210776545166,0.9709873960684047
Isolation Forest,0.0395703787450537,0.6957210776545166,0.9709873960684047
Isolation Forest,0.0395703787450537,0.7210776545166403,0.9709873960684047
Isolation Forest,0.04013566986998304,0.7210776545166403,0.9709873960684047
Isolation Forest,0.04013566986998304,0.7242472266244057,0.9709873960684047
Isolation Forest,0.04070096099491238,0.7242472266244057,0.9709873960684047
Isolation Forest,0.04070096099491238,0.7290015847860539,0.9709873960684047
Isolation Forest,0.041266252119841716,0.7290015847860539,0.9709873960684047
Isolation Forest,0.041266252119841716,0.7638668779714739,0.9709873960684047
Isolation Forest,0.041831543244771056,0.7638668779714739,0.9709873960684047
Isolation Forest,0.041831543244771056,0.7702060221870047,0.9709873960684047
Isolation Forest,0.0423968343697004,0.7702060221870047,0.9709873960684047
Isolation Forest,0.0423968343697004,0.7717908082408875,0.9709873960684047
Isolation Forest,0.04296212549462974,0.7717908082408875,0.9709873960684047
Isolation Forest,0.04296212549462974,0.7797147385103012,0.9709873960684047
Isolation Forest,0.04352741661955907,0.7797147385103012,0.9709873960684047
Isolation Forest,0.04352741661955907,0.786053882725832,0.9709873960684047
Isolation Forest,0.04409270774448841,0.786053882725832,0.9709873960684047
Isolation Forest,0.04409270774448841,0.7923930269413629,0.9709873960684047
Isolation Forest,0.04465799886941775,0.7923930269413629,0.9709873960684047
Isolation Forest,0.04465799886941775,0.8019017432646592,0.9709873960684047
Isolation Forest,0.04522328999434709,0.8019017432646592,0.9709873960684047
Isolation Forest,0.04522328999434709,0.8050713153724247,0.9709873960684047
Isolation Forest,0.04578858111927643,0.8050713153724247,0.9709873960684047
Isolation Forest,0.04578858111927643,0.8082408874801902,0.9709873960684047
Isolation Forest,0.046353872244205764,0.8082408874801902,0.9709873960684047
Isolation Forest,0.046353872244205764,0.8129952456418383,0.9709873960684047
Isolation Forest,0.046919163369135104,0.8129952456418383,0.9709873960684047
Isolation Forest,0.046919163369135104,0.8161648177496038,0.9709873960684047
Isolation Forest,0.048049745618993785,0.8161648177496038,0.9709873960684047
Isolation Forest,0.048049745618993785,0.8193343898573693,0.9709873960684047
Isolation Forest,0.0497456189937818,0.8193343898573693,0.9709873960684047
Isolation Forest,0.0497456189937818,0.8240887480190174,0.9709873960684047
Isolation Forest,0.05031091011871114,0.8240887480190174,0.9709873960684047
Isolation Forest,0.05031091011871114,0.8256735340729001,0.9709873960684047
Isolation Forest,0.05144149236856981,0.8256735340729001,0.9709873960684047
Isolation Forest,0.05144149236856981,0.8272583201267829,0.9709873960684047
Isolation Forest,0.05257207461842849,0.8272583201267829,0.9709873960684047
Isolation Forest,0.05257207461842849,0.8415213946117274,0.9709873960684047
Isolation Forest,0.05313736574335783,0.8415213946117274,0.9709873960684047
Isolation Forest,0.05313736574335783,0.8446909667194928,0.9709873960684047
Isolation Forest,0.053702656868287166,0.8446909667194928,0.9709873960684047
Isolation Forest,0.053702656868287166,0.8605388272583201,0.9709873960684047
Isolation Forest,0.054267947993216506,0.8605388272583201,0.9709873960684047
Isolation Forest,0.054267947993216506,0.8621236133122029,0.9709873960684047
Isolation Forest,0.054833239118145846,0.8621236133122029,0.9709873960684047
Isolation Forest,0.054833239118145846,0.8700475435816165,0.9709873960684047
Isolation Forest,0.055398530243075186,0.8700475435816165,0.9709873960684047
Isolation Forest,0.055398530243075186,0.873217115689382,0.9709873960684047
Isolation Forest,0.05596382136800452,0.873217115689382,0.9709873960684047
Isolation Forest,0.05596382136800452,0.8938193343898574,0.9709873960684047
Isolation Forest,0.05596382136800452,0.8969889064976229,0.9709873960684047
Isolation Forest,0.05596382136800452,0.9064976228209192,0.9709873960684047
Isolation Forest,0.05652911249293386,0.9064976228209192,0.9709873960684047
Isolation Forest,0.05652911249293386,0.9080824088748018,0.9709873960684047
Isolation Forest,0.0570944036178632,0.9080824088748018,0.9709873960684047
Isolation Forest,0.0570944036178632,0.9160063391442155,0.9709873960684047
Isolation Forest,0.05765969474279254,0.9160063391442155,0.9709873960684047
Isolation Forest,0.05765969474279254,0.919175911251981,0.9709873960684047
Isolation Forest,0.05822498586772187,0.919175911251981,0.9709873960684047
Isolation Forest,0.05822498586772187,0.9255150554675119,0.9709873960684047
Isolation Forest,0.058790276992651214,0.9255150554675119,0.9709873960684047
Isolation Forest,0.058790276992651214,0.9334389857369255,0.9709873960684047
Isolation Forest,0.059355568117580554,0.9334389857369255,0.9709873960684047
Isolation Forest,0.059355568117580554,0.936608557844691,0.9709873960684047
Isolation Forest,0.059920859242509894,0.936608557844691,0.9709873960684047
Isolation Forest,0.059920859242509894,0.9477020602218701,0.9709873960684047
Isolation Forest,0.060486150367439234,0.9477020602218701,0.9709873960684047
Isolation Forest,0.060486150367439234,0.9508716323296355,0.9709873960684047
Isolation Forest,0.06387789711701526,0.9508716323296355,0.9709873960684047
Isolation Forest,0.06387789711701526,0.9556259904912837,0.9709873960684047
Isolation Forest,0.0644431882419446,0.9556259904912837,0.9709873960684047
Isolation Forest,0.0644431882419446,0.9603803486529319,0.9709873960684047
Isolation Forest,0.06500847936687394,0.9603803486529319,0.9709873960684047
Isolation Forest,0.06500847936687394,0.9619651347068146,0.9709873960684047
Isolation Forest,0.06670435274166196,0.9619651347068146,0.9709873960684047
Isolation Forest,0.06670435274166196,0.9667194928684627,0.9709873960684047
Isolation Forest,0.06726964386659129,0.9667194928684627,0.9709873960684047
Isolation Forest,0.06726964386659129,0.971473851030111,0.9709873960684047
Isolation Forest,0.06783493499152063,0.971473851030111,0.9709873960684047
Isolation Forest,0.06783493499152063,0.9762282091917591,0.9709873960684047
Isolation Forest,0.06840022611644997,0.9762282091917591,0.9709873960684047
Isolation Forest,0.06840022611644997,0.9778129952456418,0.9709873960684047
Isolation Forest,0.06896551724137931,0.9778129952456418,0.9709873960684047
Isolation Forest,0.06896551724137931,0.9793977812995246,0.9709873960684047
Isolation Forest,0.07009609949123799,0.9793977812995246,0.9709873960684047
Isolation Forest,0.07009609949123799,0.9841521394611727,0.9709873960684047
Isolation Forest,0.071791972866026,0.9841521394611727,0.9709873960684047
Isolation Forest,0.071791972866026,0.9857369255150554,0.9709873960684047
Isolation Forest,0.07292255511588468,0.9857369255150554,0.9709873960684047
Isolation Forest,0.07292255511588468,0.9873217115689382,0.9709873960684047
Isolation Forest,0.07687959299039004,0.9873217115689382,0.9709873960684047
Isolation Forest,0.07687959299039004,0.9889064976228209,0.9709873960684047
Isolation Forest,0.08083663086489543,0.9889064976228209,0.9709873960684047
Isolation Forest,0.08083663086489543,0.9904912836767037,0.9709873960684047
Isolation Forest,0.08875070661390616,0.9904912836767037,0.9709873960684047
Isolation Forest,0.08875070661390616,0.9920760697305864,0.9709873960684047
Isolation Forest,0.16902204635387225,0.9920760697305864,0.9709873960684047
Isolation Forest,0.16902204635387225,0.993660855784469,0.9709873960684047
Isolation Forest,0.1695873374788016,0.993660855784469,0.9709873960684047
Isolation Forest,0.1695873374788016,0.9952456418383518,0.9709873960684047
Isolation Forest,0.2769926512153759,0.9952456418383518,0.9709873960684047
Isolation Forest,0.2781232334652346,0.9952456418383518,0.9709873960684047
Isolation Forest,0.29451667608818544,0.9952456418383518,0.9709873960684047
Isolation Forest,0.2956472583380441,0.9952456418383518,0.9709873960684047
Isolation Forest,0.3436970039570379,0.9952456418383518,0.9709873960684047
Isolation Forest,0.3436970039570379,0.9968304278922345,0.9709873960684047
Isolation Forest,0.5296777840587903,0.9968304278922345,0.9709873960684047
Isolation Forest,0.5308083663086489,0.9968304278922345,0.9709873960684047
Isolation Forest,0.6370830977953647,0.9968304278922345,0.9709873960684047
Isolation Forest,0.6370830977953647,0.9984152139461173,0.9709873960684047
Isolation Forest,0.646127755794234,0.9984152139461173,0.9709873960684047
Isolation Forest,0.6472583380440927,0.9984152139461173,0.9709873960684047
Isolation Forest,0.7105709440361786,0.9984152139461173,0.9709873960684047
Isolation Forest,0.7105709440361786,1.0,0.9709873960684047
Isolation Forest,0.8349349915206331,1.0,0.9709873960684047
Isolation Forest,0.8360655737704918,1.0,0.9709873960684047
Isolation Forest,0.8603730921424534,1.0,0.9709873960684047
Isolation Forest,0.861503674392312,1.0,0.9709873960684047
Isolation Forest,0.9660825325042397,1.0,0.9709873960684047
Isolation Forest,0.9672131147540983,1.0,0.9709873960684047
Isolation Forest,0.9858677218767665,1.0,0.9709873960684047
Isolation Forest,0.9869983041266253,1.0,0.9709873960684047
Isolation Forest,1.0,1.0,0.9709873960684047
One-Class SVM,0.0,0.0,0.3426201736366494
One-Class SVM,0.0,0.001584786053882726,0.3426201736366494
One-Class SVM,0.0,0.06814580031695722,0.3426201736366494
One-Class SVM,0.0005652911249293386,0.06814580031695722,0.3426201736366494
One-Class SVM,0.0005652911249293386,0.0919175911251981,0.3426201736366494
One-Class SVM,0.0011305822498586771,0.0919175911251981,0.3426201736366494
One-Class SVM,0.0011305822498586771,0.09667194928684628,0.3426201736366494
One-Class SVM,0.0016958733747880158,0.09667194928684628,0.3426201736366494
One-Class SVM,0.0016958733747880158,0.10776545166402536,0.3426201736366494
One-Class SVM,0.0022611644997173543,0.10776545166402536,0.3426201736366494
One-Class SVM,0.0022611644997173543,0.11251980982567353,0.3426201736366494
One-Class SVM,0.0033917467495760316,0.11251980982567353,0.3426201736366494
One-Class SVM,0.0033917467495760316,0.11410459587955626,0.3426201736366494
One-Class SVM,0.00395703787450537,0.11410459587955626,0.3426201736366494
One-Class SVM,0.00395703787450537,0.11568938193343899,0.3426201736366494
One-Class SVM,0.0045223289994347085,0.11568938193343899,0.3426201736366494
One-Class SVM,0.0045223289994347085,0.12202852614896989,0.3426201736366494
One-Class SVM,0.005087620124364048,0.12202852614896989,0.3426201736366494
One-Class SVM,0.005087620124364048,0.12361331220285261,0.3426201736366494
One-Class SVM,0.005652911249293386,0.12361331220285261,0.3426201736366494
One-Class SVM,0.005652911249293386,0.12519809825673534,0.3426201736366494
One-Class SVM,0.00791407574901074,0.12519809825673534,0.3426201736366494
One-Class SVM,0.00791407574901074,0.12678288431061807,0.3426201736366494
One-Class SVM,0.008479366873940079,0.12678288431061807,0.3426201736366494
One-Class SVM,0.008479366873940079,0.13153724247226625,0.3426201736366494
One-Class SVM,0.009044657998869417,0.13153724247226625,0.3426201736366494
One-Class SVM,0.009044657998869417,0.13312202852614896,0.3426201736366494
One-Class SVM,0.009609949123798756,0.13312202852614896,0.3426201736366494
One-Class SVM,0.009609949123798756,0.13946117274167988,0.3426201736366494
One-Class SVM,0.010175240248728096,0.13946117274167988,0.3426201736366494
One-Class SVM,0.010175240248728096,0.1410459587955626,0.3426201736366494
One-Class SVM,0.010740531373657434,0.1410459587955626,0.3426201736366494
One-Class SVM,0.010740531373657434,0.14580031695721077,0.3426201736366494
One-Class SVM,0.011871113623516111,0.14580031695721077,0.3426201736366494
One-Class SVM,0.011871113623516111,0.1473851030110935,0.3426201736366494
One-Class SVM,0.01243640474844545,0.1473851030110935,0.3426201736366494
One-Class SVM,0.01243640474844545,0.15530903328050713,0.3426201736366494
One-Class SVM,0.014697569248162803,0.15530903328050713,0.3426201736366494
One-Class SVM,0.014697569248162803,0.15689381933438987,0.3426201736366494
One-Class SVM,0.016958733747880157,0.15689381933438987,0.3426201736366494
One-Class SVM,0.016958733747880157,0.15847860538827258,0.3426201736366494
One-Class SVM,0.017524024872809497,0.15847860538827258,0.3426201736366494
One-Class SVM,0.017524024872809497,0.1600633914421553,0.3426201736366494
One-Class SVM,0.01921989824759751,0.1600633914421553,0.3426201736366494
One-Class SVM,0.01921989824759751,0.16164817749603805,0.3426201736366494
One-Class SVM,0.02148106274731487,0.16164817749603805,0.3426201736366494
One-Class SVM,0.02148106274731487,0.16323296354992076,0.3426201736366494
One-Class SVM,0.0248728094968909,0.16323296354992076,0.3426201736366494
One-Class SVM,0.0248728094968909,0.1664025356576862,0.3426201736366494
One-Class SVM,0.026568682871678916,0.1664025356576862,0.3426201736366494
One-Class SVM,0.026568682871678916,0.16957210776545167,0.3426201736366494
One-Class SVM,0.029960429621254947,0.16957210776545167,0.3426201736366494
One-Class SVM,0.029960429621254947,0.17115689381933438,0.3426201736366494
One-Class SVM,0.0322215941209723,0.17115689381933438,0.3426201736366494
One-Class SVM,0.0322215941209723,0.17274167987321712,0.3426201736366494
One-Class SVM,0.034482758620689655,0.17274167987321712,0.3426201736366494
One-Class SVM,0.034482758620689655,0.17432646592709986,0.3426201736366494
One-Class SVM,0.03900508762012436,0.17432646592709986,0.3426201736366494
One-Class SVM,0.03900508762012436,0.17591125198098256,0.3426201736366494
One-Class SVM,0.0395703787450537,0.17591125198098256,0.3426201736366494
One-Class SVM,0.0395703787450537,0.1774960380348653,0.3426201736366494
One-Class SVM,0.041831543244771056,0.1774960380348653,0.3426201736366494
One-Class SVM,0.041831543244771056,0.179080824088748,0.3426201736366494
One-Class SVM,0.04522328999434709,0.179080824088748,0.3426201736366494
One-Class SVM,0.04522328999434709,0.18066561014263074,0.3426201736366494
One-Class SVM,0.04861503674392312,0.18066561014263074,0.3426201736366494
One-Class SVM,0.04861503674392312,0.1838351822503962,0.3426201736366494
One-Class SVM,0.05031091011871114,0.1838351822503962,0.3426201736366494
One-Class SVM,0.05031091011871114,0.18541996830427893,0.3426201736366494
One-Class SVM,0.05144149236856981,0.18541996830427893,0.3426201736366494
One-Class SVM,0.05144149236856981,0.18700475435816163,0.3426201736366494
One-Class SVM,0.05313736574335783,0.18700475435816163,0.3426201736366494
One-Class SVM,0.05313736574335783,0.1901743264659271,0.3426201736366494
One-Class SVM,0.0570944036178632,0.1901743264659271,0.3426201736366494
One-Class SVM,0.0570944036178632,0.19175911251980982,0.3426201736366494
One-Class SVM,0.059355568117580554,0.19175911251980982,0.3426201736366494
One-Class SVM,0.059355568117580554,0.19334389857369255,0.3426201736366494
One-Class SVM,0.06670435274166196,0.19334389857369255,0.3426201736366494
One-Class SVM,0.06670435274166196,0.1949286846275753,0.3426201736366494
One-Class SVM,0.06726964386659129,0.1949286846275753,0.3426201736366494
One-Class SVM,0.06726964386659129,0.196513470681458,0.3426201736366494
One-Class SVM,0.06896551724137931,0.196513470681458,0.3426201736366494
One-Class SVM,0.06896551724137931,0.19809825673534073,0.3426201736366494
One-Class SVM,0.07348784624081402,0.19809825673534073,0.3426201736366494
One-Class SVM,0.07348784624081402,0.19968304278922344,0.3426201736366494
One-Class SVM,0.07574901074053138,0.19968304278922344,0.3426201736366494
One-Class SVM,0.07574901074053138,0.20126782884310618,0.3426201736366494
One-Class SVM,0.07687959299039004,0.20126782884310618,0.3426201736366494
One-Class SVM,0.07687959299039004,0.20285261489698891,0.3426201736366494
One-Class SVM,0.08140192198982477,0.20285261489698891,0.3426201736366494
One-Class SVM,0.08140192198982477,0.20443740095087162,0.3426201736366494
One-Class SVM,0.08422837761447145,0.20443740095087162,0.3426201736366494
One-Class SVM,0.08422837761447145,0.20602218700475436,0.3426201736366494
One-Class SVM,0.0847936687394008,0.20602218700475436,0.3426201736366494
One-Class SVM,0.0847936687394008,0.2091917591125198,0.3426201736366494
One-Class SVM,0.08592425098925947,0.2091917591125198,0.3426201736366494
One-Class SVM,0.08592425098925947,0.21077654516640254,0.3426201736366494
One-Class SVM,0.09214245336348219,0.21077654516640254,0.3426201736366494
One-Class SVM,0.09214245336348219,0.21394611727416799,0.3426201736366494
One-Class SVM,0.09270774448841153,0.21394611727416799,0.3426201736366494
One-Class SVM,0.09270774448841153,0.21553090332805072,0.3426201736366494
One-Class SVM,0.0966647823629169,0.21553090332805072,0.3426201736366494
One-Class SVM,0.0966647823629169,0.21870047543581617,0.3426201736366494
One-Class SVM,0.09723007348784624,0.21870047543581617,0.3426201736366494
One-Class SVM,0.09723007348784624,0.2218700475435816,0.3426201736366494
One-Class SVM,0.10344827586206896,0.2218700475435816,0.3426201736366494
One-Class SVM,0.10344827586206896,0.22345483359746435,0.3426201736366494
One-Class SVM,0.1040135669869983,0.22345483359746435,0.3426201736366494
One-Class SVM,0.1040135669869983,0.22503961965134706,0.3426201736366494
One-Class SVM,0.11136235161107971,0.22503961965134706,0.3426201736366494
One-Class SVM,0.11136235161107971,0.2266244057052298,0.3426201736366494
One-Class SVM,0.11192764273600904,0.2266244057052298,0.3426201736366494
One-Class SVM,0.11192764273600904,0.22820919175911253,0.3426201736366494
One-Class SVM,0.11362351611079706,0.22820919175911253,0.3426201736366494
One-Class SVM,0.11362351611079706,0.22979397781299524,0.3426201736366494
One-Class SVM,0.11758055398530243,0.22979397781299524,0.3426201736366494
One-Class SVM,0.11758055398530243,0.23137876386687797,0.3426201736366494
One-Class SVM,0.12323346523459582,0.23137876386687797,0.3426201736366494
One-Class SVM,0.12323346523459582,0.23454833597464342,0.3426201736366494
One-Class SVM,0.12719050310910118,0.23454833597464342,0.3426201736366494
One-Class SVM,0.12719050310910118,0.23771790808240886,0.3426201736366494
One-Class SVM,0.13114754098360656,0.23771790808240886,0.3426201736366494
One-Class SVM,0.13114754098360656,0.2393026941362916,0.3426201736366494
One-Class SVM,0.1317128321085359,0.2393026941362916,0.3426201736366494
One-Class SVM,0.1317128321085359,0.24088748019017434,0.3426201736366494
One-Class SVM,0.13566986998304126,0.24088748019017434,0.3426201736366494
One-Class SVM,0.13566986998304126,0.24247226624405704,0.3426201736366494
One-Class SVM,0.143583945732052,0.24247226624405704,0.3426201736366494
One-Class SVM,0.143583945732052,0.24405705229793978,0.3426201736366494
One-Class SVM,0.14584511023176935,0.24405705229793978,0.3426201736366494
One-Class SVM,0.14584511023176935,0.24564183835182252,0.3426201736366494
One-Class SVM,0.14867156585641605,0.24564183835182252,0.3426201736366494
One-Class SVM,0.14867156585641605,0.24722662440570523,0.3426201736366494
One-Class SVM,0.1492368569813454,0.24722662440570523,0.3426201736366494
One-Class SVM,0.1492368569813454,0.24881141045958796,0.3426201736366494
One-Class SVM,0.1520633126059921,0.24881141045958796,0.3426201736366494
One-Class SVM,0.1520633126059921,0.2519809825673534,0.3426201736366494
One-Class SVM,0.15488976823063877,0.2519809825673534,0.3426201736366494
One-Class SVM,0.15488976823063877,0.25356576862123614,0.3426201736366494
One-Class SVM,0.1554550593555681,0.25356576862123614,0.3426201736366494
One-Class SVM,0.1554550593555681,0.2551505546751189,0.3426201736366494
One-Class SVM,0.1565856416054268,0.2551505546751189,0.3426201736366494
One-Class SVM,0.1565856416054268,0.25673534072900156,0.3426201736366494
One-Class SVM,0.1582815149802148,0.25673534072900156,0.3426201736366494
One-Class SVM,0.1582815149802148,0.2583201267828843,0.3426201736366494
One-Class SVM,0.16054267947993217,0.2583201267828843,0.3426201736366494
One-Class SVM,0.16054267947993217,0.25990491283676703,0.3426201736366494
One-Class SVM,0.16449971735443752,0.25990491283676703,0.3426201736366494
One-Class SVM,0.16449971735443752,0.26148969889064977,0.3426201736366494
One-Class SVM,0.17976257772752968,0.26148969889064977,0.3426201736366494
One-Class SVM,0.17976257772752968,0.2630744849445325,0.3426201736366494
One-Class SVM,0.19219898247597514,0.2630744849445325,0.3426201736366494
One-Class SVM,0.19219898247597514,0.26465927099841524,0.3426201736366494
One-Class SVM,0.19559072922555115,0.26465927099841524,0.3426201736366494
One-Class SVM,0.19559072922555115,0.2662440570522979,0.3426201736366494
One-Class SVM,0.1978518937252685,0.2662440570522979,0.3426201736366494
One-Class SVM,0.1978518937252685,0.26782884310618066,0.3426201736366494
One-Class SVM,0.1989824759751272,0.26782884310618066,0.3426201736366494
One-Class SVM,0.1989824759751272,0.2694136291600634,0.3426201736366494
One-Class SVM,0.20124364047484455,0.2694136291600634,0.3426201736366494
One-Class SVM,0.20124364047484455,0.27099841521394613,0.3426201736366494
One-Class SVM,0.2018089315997739,0.27099841521394613,0.3426201736366494
One-Class SVM,0.2018089315997739,0.27258320126782887,0.3426201736366494
One-Class SVM,0.20293951384963257,0.27258320126782887,0.3426201736366494
One-Class SVM,0.20293951384963257,0.27416798732171155,0.3426201736366494
One-Class SVM,0.20407009609949123,0.27416798732171155,0.3426201736366494
One-Class SVM,0.20407009609949123,0.2757527733755943,0.3426201736366494
One-Class SVM,0.20463538722442057,0.2757527733755943,0.3426201736366494
One-Class SVM,0.20463538722442057,0.277337559429477,0.3426201736366494
One-Class SVM,0.21254946297343133,0.277337559429477,0.3426201736366494
One-Class SVM,0.21254946297343133,0.27892234548335976,0.3426201736366494
One-Class SVM,0.21481062747314866,0.27892234548335976,0.3426201736366494
One-Class SVM,0.21481062747314866,0.2805071315372425,0.3426201736366494
One-Class SVM,0.22328999434708874,0.2805071315372425,0.3426201736366494
One-Class SVM,0.22328999434708874,0.2820919175911252,0.3426201736366494
One-Class SVM,0.2312040700960995,0.2820919175911252,0.3426201736366494
One-Class SVM,0.2312040700960995,0.2836767036450079,0.3426201736366494
One-Class SVM,0.2413793103448276,0.2836767036450079,0.3426201736366494
One-Class SVM,0.2413793103448276,0.28526148969889065,0.3426201736366494
One-Class SVM,0.24420576596947427,0.28526148969889065,0.3426201736366494
One-Class SVM,0.24420576596947427,0.2868462757527734,0.3426201736366494
One-Class SVM,0.2447710570944036,0.2868462757527734,0.3426201736366494
One-Class SVM,0.2447710570944036,0.2884310618066561,0.3426201736366494
One-Class SVM,0.2459016393442623,0.2884310618066561,0.3426201736366494
One-Class SVM,0.2459016393442623,0.2900158478605388,0.3426201736366494
One-Class SVM,0.2560768795929904,0.2900158478605388,0.3426201736366494
One-Class SVM,0.2560768795929904,0.29160063391442154,0.3426201736366494
One-Class SVM,0.2769926512153759,0.29160063391442154,0.3426201736366494
One-Class SVM,0.2769926512153759,0.2931854199683043,0.3426201736366494
One-Class SVM,0.28208027133973995,0.2931854199683043,0.3426201736366494
One-Class SVM,0.28208027133973995,0.294770206022187,0.3426201736366494
One-Class SVM,0.28773318258903335,0.294770206022187,0.3426201736366494
One-Class SVM,0.28773318258903335,0.29635499207606975,0.3426201736366494
One-Class SVM,0.2899943470887507,0.29635499207606975,0.3426201736366494
One-Class SVM,0.2899943470887507,0.2979397781299525,0.3426201736366494
One-Class SVM,0.2922555115884681,0.2979397781299525,0.3426201736366494
One-Class SVM,0.2922555115884681,0.29952456418383516,0.3426201736366494
One-Class SVM,0.30130016958733746,0.29952456418383516,0.3426201736366494
One-Class SVM,0.30130016958733746,0.3011093502377179,0.3426201736366494
One-Class SVM,0.3029960429621255,0.3011093502377179,0.3426201736366494
One-Class SVM,0.3029960429621255,0.30269413629160064,0.3426201736366494
One-Class SVM,0.30808366308648955,0.30269413629160064,0.3426201736366494
One-Class SVM,0.30808366308648955,0.30427892234548337,0.3426201736366494
One-Class SVM,0.3103448275862069,0.30427892234548337,0.3426201736366494
One-Class SVM,0.3103448275862069,0.3058637083993661,0.3426201736366494
One-Class SVM,0.3148671565856416,0.3058637083993661,0.3426201736366494
One-Class SVM,0.3148671565856416,0.3074484944532488,0.3426201736366494
One-Class SVM,0.32899943470887505,0.3074484944532488,0.3426201736366494
One-Class SVM,0.32899943470887505,0.3090332805071315,0.3426201736366494
One-Class SVM,0.33295647258338046,0.3090332805071315,0.3426201736366494
One-Class SVM,0.33295647258338046,0.31061806656101426,0.3426201736366494
One-Class SVM,0.3374788015828151,0.31061806656101426,0.3426201736366494
One-Class SVM,0.3374788015828151,0.312202852614897,0.3426201736366494
One-Class SVM,0.3776144714527982,0.312202852614897,0.3426201736366494
One-Class SVM,0.3776144714527982,0.31378763866877973,0.3426201736366494
One-Class SVM,0.3787450537026569,0.31378763866877973,0.3426201736366494
One-Class SVM,0.3787450537026569,0.3153724247226624,0.3426201736366494
One-Class SVM,0.38157150932730355,0.3153724247226624,0.3426201736366494
One-Class SVM,0.38157150932730355,0.31695721077654515,0.3426201736366494
One-Class SVM,0.3821368004522329,0.31695721077654515,0.3426201736366494
One-Class SVM,0.3821368004522329,0.3185419968304279,0.3426201736366494
One-Class SVM,0.3911814584511023,0.3185419968304279,0.3426201736366494
One-Class SVM,0.3911814584511023,0.3201267828843106,0.3426201736366494
One-Class SVM,0.39400791407574903,0.3201267828843106,0.3426201736366494
One-Class SVM,0.39400791407574903,0.32171156893819336,0.3426201736366494
One-Class SVM,0.39457320520067835,0.32171156893819336,0.3426201736366494
One-Class SVM,0.39457320520067835,0.3232963549920761,0.3426201736366494
One-Class SVM,0.4024872809496891,0.3232963549920761,0.3426201736366494
One-Class SVM,0.4024872809496891,0.3248811410459588,0.3426201736366494
One-Class SVM,0.4041831543244771,0.3248811410459588,0.3426201736366494
One-Class SVM,0.4041831543244771,0.3264659270998415,0.3426201736366494
One-Class SVM,0.40587902769926515,0.3264659270998415,0.3426201736366494
One-Class SVM,0.40587902769926515,0.32805071315372425,0.3426201736366494
One-Class SVM,0.41379310344827586,0.32805071315372425,0.3426201736366494
One-Class SVM,0.41379310344827586,0.329635499207607,0.3426201736366494
One-Class SVM,0.41661955907292253,0.329635499207607,0.3426201736366494
One-Class SVM,0.41661955907292253,0.3312202852614897,0.3426201736366494
One-Class SVM,0.42001130582249857,0.3312202852614897,0.3426201736366494
One-Class SVM,0.42001130582249857,0.33438985736925514,0.3426201736366494
One-Class SVM,0.42114188807235725,0.33438985736925514,0.3426201736366494
One-Class SVM,0.42114188807235725,0.3359746434231379,0.3426201736366494
One-Class SVM,0.43301300169587337,0.3359746434231379,0.3426201736366494
One-Class SVM,0.43301300169587337,0.3375594294770206,0.3426201736366494
One-Class SVM,0.4381006218202374,0.3375594294770206,0.3426201736366494
One-Class SVM,0.4381006218202374,0.33914421553090335,0.3426201736366494
One-Class SVM,0.45166760881854157,0.33914421553090335,0.3426201736366494
One-Class SVM,0.45166760881854157,0.34072900158478603,0.3426201736366494
One-Class SVM,0.46919163369135103,0.34072900158478603,0.3426201736366494
One-Class SVM,0.46919163369135103,0.34231378763866877,0.3426201736366494
One-Class SVM,0.4697569248162804,0.34231378763866877,0.3426201736366494
One-Class SVM,0.4697569248162804,0.3438985736925515,0.3426201736366494
One-Class SVM,0.48728094968908986,0.3438985736925515,0.3426201736366494
One-Class SVM,0.48728094968908986,0.34548335974643424,0.3426201736366494
One-Class SVM,0.4906726964386659,0.34548335974643424,0.3426201736366494
One-Class SVM,0.4906726964386659,0.347068145800317,0.3426201736366494
One-Class SVM,0.499152063312606,0.347068145800317,0.3426201736366494
One-Class SVM,0.499152063312606,0.3486529318541997,0.3426201736366494
One-Class SVM,0.5200678349349915,0.3486529318541997,0.3426201736366494
One-Class SVM,0.5200678349349915,0.3502377179080824,0.3426201736366494
One-Class SVM,0.5211984171848502,0.3502377179080824,0.3426201736366494
One-Class SVM,0.5211984171848502,0.3518225039619651,0.3426201736366494
One-Class SVM,0.5217637083097796,0.3518225039619651,0.3426201736366494
One-Class SVM,0.5217637083097796,0.35340729001584786,0.3426201736366494
One-Class SVM,0.5245901639344263,0.35340729001584786,0.3426201736366494
One-Class SVM,0.5245901639344263,0.3549920760697306,0.3426201736366494
One-Class SVM,0.532504239683437,0.3549920760697306,0.3426201736366494
One-Class SVM,0.532504239683437,0.35657686212361334,0.3426201736366494
One-Class SVM,0.534200113058225,0.35657686212361334,0.3426201736366494
One-Class SVM,0.534200113058225,0.358161648177496,0.3426201736366494
One-Class SVM,0.5421141888072357,0.358161648177496,0.3426201736366494
One-Class SVM,0.5421141888072357,0.35974643423137875,0.3426201736366494
One-Class SVM,0.5443753533069531,0.35974643423137875,0.3426201736366494
One-Class SVM,0.5443753533069531,0.3613312202852615,0.3426201736366494
One-Class SVM,0.5551158846806105,0.3613312202852615,0.3426201736366494
One-Class SVM,0.5551158846806105,0.3629160063391442,0.3426201736366494
One-Class SVM,0.5613340870548332,0.3629160063391442,0.3426201736366494
One-Class SVM,0.5613340870548332,0.36450079239302696,0.3426201736366494
One-Class SVM,0.5635952515545506,0.36450079239302696,0.3426201736366494
One-Class SVM,0.5635952515545506,0.36608557844690964,0.3426201736366494
One-Class SVM,0.5664217071791973,0.36608557844690964,0.3426201736366494
One-Class SVM,0.5664217071791973,0.3676703645007924,0.3426201736366494
One-Class SVM,0.5777275296777841,0.3676703645007924,0.3426201736366494
One-Class SVM,0.5777275296777841,0.3692551505546751,0.3426201736366494
One-Class SVM,0.5850763143018655,0.3692551505546751,0.3426201736366494
One-Class SVM,0.5850763143018655,0.3724247226624406,0.3426201736366494
One-Class SVM,0.5862068965517241,0.3724247226624406,0.3426201736366494
One-Class SVM,0.5862068965517241,0.37400950871632327,0.3426201736366494
One-Class SVM,0.6286037309214245,0.37400950871632327,0.3426201736366494
One-Class SVM,0.6286037309214245,0.375594294770206,0.3426201736366494
One-Class SVM,0.6297343131712833,0.375594294770206,0.3426201736366494
One-Class SVM,0.6297343131712833,0.37717908082408874,0.3426201736366494
One-Class SVM,0.6365178066704352,0.37717908082408874,0.3426201736366494
One-Class SVM,0.6365178066704352,0.3787638668779715,0.3426201736366494
One-Class SVM,0.64104013566987,0.3787638668779715,0.3426201736366494
One-Class SVM,0.64104013566987,0.3803486529318542,0.3426201736366494
One-Class SVM,0.6489542114188808,0.3803486529318542,0.3426201736366494
One-Class SVM,0.6489542114188808,0.38193343898573695,0.3426201736366494
One-Class SVM,0.6546071226681741,0.38193343898573695,0.3426201736366494
One-Class SVM,0.6546071226681741,0.38351822503961963,0.3426201736366494
One-Class SVM,0.6591294516676088,0.38351822503961963,0.3426201736366494
One-Class SVM,0.6591294516676088,0.38510301109350237,0.3426201736366494
One-Class SVM,0.6642170717919729,0.38510301109350237,0.3426201736366494
One-Class SVM,0.6642170717919729,0.3866877971473851,0.3426201736366494
One-Class SVM,0.6732617297908423,0.3866877971473851,0.3426201736366494
One-Class SVM,0.6732617297908423,0.38827258320126784,0.3426201736366494
One-Class SVM,0.6868287167891464,0.38827258320126784,0.3426201736366494
One-Class SVM,0.6868287167891464,0.39144215530903326,0.3426201736366494
One-Class SVM,0.6896551724137931,0.39144215530903326,0.3426201736366494
One-Class SVM,0.6896551724137931,0.393026941362916,0.3426201736366494
One-Class SVM,0.6941775014132278,0.393026941362916,0.3426201736366494
One-Class SVM,0.6941775014132278,0.39461172741679873,0.3426201736366494
One-Class SVM,0.6964386659129451,0.39461172741679873,0.3426201736366494
One-Class SVM,0.6964386659129451,0.39619651347068147,0.3426201736366494
One-Class SVM,0.6975692481628039,0.39619651347068147,0.3426201736366494
One-Class SVM,0.6975692481628039,0.3977812995245642,0.3426201736366494
One-Class SVM,0.7049180327868853,0.3977812995245642,0.3426201736366494
One-Class SVM,0.7049180327868853,0.3993660855784469,0.3426201736366494
One-Class SVM,0.7077444884115319,0.3993660855784469,0.3426201736366494
One-Class SVM,0.7077444884115319,0.4009508716323296,0.3426201736366494
One-Class SVM,0.7100056529112493,0.4009508716323296,0.3426201736366494
One-Class SVM,0.7100056529112493,0.40253565768621236,0.3426201736366494
One-Class SVM,0.7150932730356133,0.40253565768621236,0.3426201736366494
One-Class SVM,0.7150932730356133,0.4041204437400951,0.3426201736366494
One-Class SVM,0.7275296777840587,0.4041204437400951,0.3426201736366494
One-Class SVM,0.7275296777840587,0.40570522979397783,0.3426201736366494
One-Class SVM,0.7399660825325043,0.40570522979397783,0.3426201736366494
One-Class SVM,0.7399660825325043,0.40729001584786056,0.3426201736366494
One-Class SVM,0.7405313736574336,0.40729001584786056,0.3426201736366494
One-Class SVM,0.7405313736574336,0.40887480190174325,0.3426201736366494
One-Class SVM,0.756359525155455,0.40887480190174325,0.3426201736366494
One-Class SVM,0.756359525155455,0.410459587955626,0.3426201736366494
One-Class SVM,0.7614471452798192,0.410459587955626,0.3426201736366494
One-Class SVM,0.7614471452798192,0.4120443740095087,0.3426201736366494
One-Class SVM,0.7931034482758621,0.4120443740095087,0.3426201736366494
One-Class SVM,0.7931034482758621,0.41362916006339145,0.3426201736366494
One-Class SVM,0.7936687394007914,0.41362916006339145,0.3426201736366494
One-Class SVM,0.7936687394007914,0.4152139461172742,0.3426201736366494
One-Class SVM,0.7993216506500848,0.4152139461172742,0.3426201736366494
One-Class SVM,0.7993216506500848,0.41679873217115687,0.3426201736366494
One-Class SVM,0.8004522328999435,0.41679873217115687,0.3426201736366494
One-Class SVM,0.8004522328999435,0.4183835182250396,0.3426201736366494
One-Class SVM,0.8021481062747314,0.4183835182250396,0.3426201736366494
One-Class SVM,0.8021481062747314,0.41996830427892234,0.3426201736366494
One-Class SVM,0.8061051441492368,0.41996830427892234,0.3426201736366494
One-Class SVM,0.8061051441492368,0.4215530903328051,0.3426201736366494
One-Class SVM,0.8089315997738835,0.4215530903328051,0.3426201736366494
One-Class SVM,0.8089315997738835,0.4231378763866878,0.3426201736366494
One-Class SVM,0.823063877897117,0.4231378763866878,0.3426201736366494
One-Class SVM,0.823063877897117,0.4247226624405705,0.3426201736366494
One-Class SVM,0.8258903335217637,0.4247226624405705,0.3426201736366494
One-Class SVM,0.8258903335217637,0.42630744849445323,0.3426201736366494
One-Class SVM,0.8270209157716224,0.42630744849445323,0.3426201736366494
One-Class SVM,0.8270209157716224,0.42789223454833597,0.3426201736366494
One-Class SVM,0.828151498021481,0.42789223454833597,0.3426201736366494
One-Class SVM,0.828151498021481,0.4294770206022187,0.3426201736366494
One-Class SVM,0.8309779536461278,0.4294770206022187,0.3426201736366494
One-Class SVM,0.8309779536461278,0.43106180665610144,0.3426201736366494
One-Class SVM,0.8360655737704918,0.43106180665610144,0.3426201736366494
One-Class SVM,0.8360655737704918,0.4326465927099842,0.3426201736366494
One-Class SVM,0.8524590163934426,0.4326465927099842,0.3426201736366494
One-Class SVM,0.8524590163934426,0.43423137876386686,0.3426201736366494
One-Class SVM,0.8795929903900509,0.43423137876386686,0.3426201736366494
One-Class SVM,0.8795929903900509,0.4358161648177496,0.3426201736366494
One-Class SVM,0.8807235726399095,0.4358161648177496,0.3426201736366494
One-Class SVM,0.8807235726399095,0.43740095087163233,0.3426201736366494
One-Class SVM,0.8812888637648388,0.43740095087163233,0.3426201736366494
One-Class SVM,0.8812888637648388,0.43898573692551507,0.3426201736366494
One-Class SVM,0.8846806105144149,0.43898573692551507,0.3426201736366494
One-Class SVM,0.8846806105144149,0.4405705229793978,0.3426201736366494
One-Class SVM,0.8942905596382137,0.4405705229793978,0.3426201736366494
One-Class SVM,0.8942905596382137,0.4421553090332805,0.3426201736366494
One-Class SVM,0.894855850763143,0.4421553090332805,0.3426201736366494
One-Class SVM,0.894855850763143,0.4437400950871632,0.3426201736366494
One-Class SVM,0.8982475975127191,0.4437400950871632,0.3426201736366494
One-Class SVM,0.8982475975127191,0.44532488114104596,0.3426201736366494
One-Class SVM,0.8988128886376484,0.44532488114104596,0.3426201736366494
One-Class SVM,0.8988128886376484,0.44849445324881143,0.3426201736366494
One-Class SVM,0.899943470887507,0.44849445324881143,0.3426201736366494
One-Class SVM,0.899943470887507,0.4500792393026941,0.3426201736366494
One-Class SVM,0.9027699265121537,0.4500792393026941,0.3426201736366494
One-Class SVM,0.9027699265121537,0.45166402535657685,0.3426201736366494
One-Class SVM,0.9061616732617298,0.45166402535657685,0.3426201736366494
One-Class SVM,0.9061616732617298,0.4532488114104596,0.3426201736366494
One-Class SVM,0.9101187111362352,0.4532488114104596,0.3426201736366494
One-Class SVM,0.9101187111362352,0.4548335974643423,0.3426201736366494
One-Class SVM,0.9214245336348219,0.4548335974643423,0.3426201736366494
One-Class SVM,0.9214245336348219,0.45641838351822506,0.3426201736366494
One-Class SVM,0.92312040700961,0.45641838351822506,0.3426201736366494
One-Class SVM,0.92312040700961,0.45800316957210774,0.3426201736366494
One-Class SVM,0.9259468626342566,0.45800316957210774,0.3426201736366494
One-Class SVM,0.9259468626342566,0.4595879556259905,0.3426201736366494
One-Class SVM,0.928208027133974,0.4595879556259905,0.3426201736366494
One-Class SVM,0.928208027133974,0.4611727416798732,0.3426201736366494
One-Class SVM,0.9327303561334087,0.4611727416798732,0.3426201736366494
One-Class SVM,0.9327303561334087,0.46275752773375595,0.3426201736366494
One-Class SVM,0.9378179762577727,0.46275752773375595,0.3426201736366494
One-Class SVM,0.9378179762577727,0.4643423137876387,0.3426201736366494
One-Class SVM,0.9429055963821368,0.4643423137876387,0.3426201736366494
One-Class SVM,0.9429055963821368,0.4659270998415214,0.3426201736366494
One-Class SVM,0.9440361786319955,0.4659270998415214,0.3426201736366494
One-Class SVM,0.9440361786319955,0.4675118858954041,0.3426201736366494
One-Class SVM,0.9451667608818541,0.4675118858954041,0.3426201736366494
One-Class SVM,0.9451667608818541,0.46909667194928684,0.3426201736366494
One-Class SVM,0.9513849632560769,0.46909667194928684,0.3426201736366494
One-Class SVM,0.9513849632560769,0.4706814580031696,0.3426201736366494
One-Class SVM,0.9519502543810062,0.4706814580031696,0.3426201736366494
One-Class SVM,0.9519502543810062,0.4722662440570523,0.3426201736366494
One-Class SVM,0.9525155455059355,0.4722662440570523,0.3426201736366494
One-Class SVM,0.9525155455059355,0.47385103011093505,0.3426201736366494
One-Class SVM,0.9553420011305822,0.47385103011093505,0.3426201736366494
One-Class SVM,0.9553420011305822,0.4754358161648177,0.3426201736366494
One-Class SVM,0.958168456755229,0.4754358161648177,0.3426201736366494
One-Class SVM,0.958168456755229,0.47702060221870046,0.3426201736366494
One-Class SVM,0.9592990390050876,0.47702060221870046,0.3426201736366494
One-Class SVM,0.9592990390050876,0.4786053882725832,0.3426201736366494
One-Class SVM,0.9621254946297343,0.4786053882725832,0.3426201736366494
One-Class SVM,0.9621254946297343,0.48019017432646594,0.3426201736366494
One-Class SVM,0.9655172413793104,0.48019017432646594,0.3426201736366494
One-Class SVM,0.9655172413793104,0.48177496038034867,0.3426201736366494
One-Class SVM,0.9660825325042397,0.48177496038034867,0.3426201736366494
One-Class SVM,0.9660825325042397,0.48335974643423135,0.3426201736366494
One-Class SVM,0.9677784058790277,0.48335974643423135,0.3426201736366494
One-Class SVM,0.9677784058790277,0.4849445324881141,0.3426201736366494
One-Class SVM,0.9683436970039571,0.4849445324881141,0.3426201736366494
One-Class SVM,0.9683436970039571,0.48811410459587956,0.3426201736366494
One-Class SVM,0.9745618993781797,0.48811410459587956,0.3426201736366494
One-Class SVM,0.9745618993781797,0.4896988906497623,0.3426201736366494
One-Class SVM,0.9756924816280385,0.4896988906497623,0.3426201736366494
One-Class SVM,0.9756924816280385,0.4928684627575277,0.3426201736366494
One-Class SVM,0.9773883550028265,0.4928684627575277,0.3426201736366494
One-Class SVM,0.9773883550028265,0.49445324881141045,0.3426201736366494
One-Class SVM,0.9802148106274732,0.49445324881141045,0.3426201736366494
One-Class SVM,0.9802148106274732,0.4960380348652932,0.3426201736366494
One-Class SVM,0.9836065573770492,0.4960380348652932,0.3426201736366494
One-Class SVM,0.9836065573770492,0.5007923930269413,0.3426201736366494
One-Class SVM,0.9847371396269079,0.5007923930269413,0.3426201736366494
One-Class SVM,0.9847371396269079,0.5023771790808241,0.3426201736366494
One-Class SVM,0.9858677218767665,0.5023771790808241,0.3426201736366494
One-Class SVM,0.9858677218767665,0.5071315372424723,0.3426201736366494
One-Class SVM,0.9864330130016958,0.5071315372424723,0.3426201736366494
One-Class SVM,0.9864330130016958,0.5103011093502378,0.3426201736366494
One-Class SVM,0.9875635952515546,0.5103011093502378,0.3426201736366494
One-Class SVM,0.9875635952515546,0.5118858954041204,0.3426201736366494
One-Class SVM,0.9881288863764839,0.5118858954041204,0.3426201736366494
One-Class SVM,0.9881288863764839,0.5134706814580031,0.3426201736366494
One-Class SVM,0.9886941775014132,0.5134706814580031,0.3426201736366494
One-Class SVM,0.9886941775014132,0.5150554675118859,0.3426201736366494
One-Class SVM,0.9903900508762012,0.5150554675118859,0.3426201736366494
One-Class SVM,0.9903900508762012,0.5166402535657686,0.3426201736366494
One-Class SVM,0.9920859242509893,0.5166402535657686,0.3426201736366494
One-Class SVM,0.9920859242509893,0.5198098256735341,0.3426201736366494
One-Class SVM,0.9926512153759186,0.5198098256735341,0.3426201736366494
One-Class SVM,0.9926512153759186,0.5245641838351822,0.3426201736366494
One-Class SVM,0.9932165065008479,0.5245641838351822,0.3426201736366494
One-Class SVM,0.9932165065008479,0.526148969889065,0.3426201736366494
One-Class SVM,0.9943470887507067,0.526148969889065,0.3426201736366494
One-Class SVM,0.9943470887507067,0.5277337559429477,0.3426201736366494
One-Class SVM,0.994912379875636,0.5277337559429477,0.3426201736366494
One-Class SVM,0.994912379875636,0.5293185419968305,0.3426201736366494
One-Class SVM,0.9954776710005653,0.5293185419968305,0.3426201736366494
One-Class SVM,0.9954776710005653,0.5372424722662441,0.3426201736366494
One-Class SVM,0.9960429621254946,0.5372424722662441,0.3426201736366494
One-Class SVM,0.9960429621254946,0.5388272583201268,0.3426201736366494
One-Class SVM,0.9971735443753533,0.5388272583201268,0.3426201736366494
One-Class SVM,0.9971735443753533,0.5467511885895404,0.3426201736366494
One-Class SVM,0.998304126625212,0.5467511885895404,0.3426201736366494
One-Class SVM,0.998304126625212,0.5562599049128367,0.3426201736366494
One-Class SVM,0.9988694177501414,0.5562599049128367,0.3426201736366494
One-Class SVM,0.9988694177501414,0.5705229793977813,0.3426201736366494
One-Class SVM,0.9994347088750707,0.5705229793977813,0.3426201736366494
One-Class SVM,0.9994347088750707,0.572107765451664,0.3426201736366494
One-Class SVM,1.0,0.572107765451664,0.3426201736366494
One-Class SVM,1.0,1.0,0.3426201736366494
Local Outlier Factor,0.0,0.0,0.47386178049682903
Local Outlier Factor,0.0,0.001584786053882726,0.47386178049682903
Local Outlier Factor,0.0,0.028526148969889066,0.47386178049682903
Local Outlier Factor,0.0005652911249293386,0.028526148969889066,0.47386178049682903
Local Outlier Factor,0.0005652911249293386,0.03169572107765452,0.47386178049682903
Local Outlier Factor,0.0011305822498586771,0.03169572107765452,0.47386178049682903
Local Outlier Factor,0.0011305822498586771,0.03645007923930269,0.47386178049682903
Local Outlier Factor,0.0022611644997173543,0.03645007923930269,0.47386178049682903
Local Outlier Factor,0.0022611644997173543,0.039619651347068144,0.47386178049682903
Local Outlier Factor,0.002826455624646693,0.039619651347068144,0.47386178049682903
Local Outlier Factor,0.002826455624646693,0.04595879556259905,0.47386178049682903
Local Outlier Factor,0.0045223289994347085,0.04595879556259905,0.47386178049682903
Local Outlier Factor,0.0045223289994347085,0.0491283676703645,0.47386178049682903
Local Outlier Factor,0.006218202374222725,0.0491283676703645,0.47386178049682903
Local Outlier Factor,0.006218202374222725,0.05071315372424723,0.47386178049682903
Local Outlier Factor,0.006783493499152063,0.05071315372424723,0.47386178049682903
Local Outlier Factor,0.006783493499152063,0.05229793977812995,0.47386178049682903
Local Outlier Factor,0.007348784624081402,0.05229793977812995,0.47386178049682903
Local Outlier Factor,0.007348784624081402,0.0554675118858954,0.47386178049682903
Local Outlier Factor,0.00791407574901074,0.0554675118858954,0.47386178049682903
Local Outlier Factor,0.00791407574901074,0.060221870047543584,0.47386178049682903
Local Outlier Factor,0.008479366873940079,0.060221870047543584,0.47386178049682903
Local Outlier Factor,0.008479366873940079,0.06339144215530904,0.47386178049682903
Local Outlier Factor,0.011871113623516111,0.06339144215530904,0.47386178049682903
Local Outlier Factor,0.011871113623516111,0.06497622820919176,0.47386178049682903
Local Outlier Factor,0.01243640474844545,0.06497622820919176,0.47386178049682903
Local Outlier Factor,0.01243640474844545,0.06814580031695722,0.47386178049682903
Local Outlier Factor,0.013001695873374788,0.06814580031695722,0.47386178049682903
Local Outlier Factor,0.013001695873374788,0.06973058637083994,0.47386178049682903
Local Outlier Factor,0.01582815149802148,0.06973058637083994,0.47386178049682903
Local Outlier Factor,0.01582815149802148,0.07131537242472266,0.47386178049682903
Local Outlier Factor,0.016958733747880157,0.07131537242472266,0.47386178049682903
Local Outlier Factor,0.016958733747880157,0.07290015847860538,0.47386178049682903
Local Outlier Factor,0.017524024872809497,0.07290015847860538,0.47386178049682903
Local Outlier Factor,0.017524024872809497,0.07448494453248812,0.47386178049682903
Local Outlier Factor,0.018089315997738834,0.07448494453248812,0.47386178049682903
Local Outlier Factor,0.018089315997738834,0.08082408874801902,0.47386178049682903
Local Outlier Factor,0.018654607122668174,0.08082408874801902,0.47386178049682903
Local Outlier Factor,0.018654607122668174,0.08240887480190175,0.47386178049682903
Local Outlier Factor,0.022046353872244205,0.08240887480190175,0.47386178049682903
Local Outlier Factor,0.022046353872244205,0.08399366085578447,0.47386178049682903
Local Outlier Factor,0.022611644997173545,0.08399366085578447,0.47386178049682903
Local Outlier Factor,0.022611644997173545,0.08557844690966719,0.47386178049682903
Local Outlier Factor,0.023742227247032222,0.08557844690966719,0.47386178049682903
Local Outlier Factor,0.023742227247032222,0.08716323296354993,0.47386178049682903
Local Outlier Factor,0.025438100621820236,0.08716323296354993,0.47386178049682903
Local Outlier Factor,0.025438100621820236,0.08874801901743265,0.47386178049682903
Local Outlier Factor,0.026568682871678916,0.08874801901743265,0.47386178049682903
Local Outlier Factor,0.026568682871678916,0.09033280507131537,0.47386178049682903
Local Outlier Factor,0.029395138496325607,0.09033280507131537,0.47386178049682903
Local Outlier Factor,0.029395138496325607,0.0919175911251981,0.47386178049682903
Local Outlier Factor,0.029960429621254947,0.0919175911251981,0.47386178049682903
Local Outlier Factor,0.029960429621254947,0.09508716323296355,0.47386178049682903
Local Outlier Factor,0.03617863199547767,0.09508716323296355,0.47386178049682903
Local Outlier Factor,0.03617863199547767,0.098256735340729,0.47386178049682903
Local Outlier Factor,0.03674392312040701,0.098256735340729,0.47386178049682903
Local Outlier Factor,0.03674392312040701,0.09984152139461172,0.47386178049682903
Local Outlier Factor,0.03787450537026569,0.09984152139461172,0.47386178049682903
Local Outlier Factor,0.03787450537026569,0.10142630744849446,0.47386178049682903
Local Outlier Factor,0.03843979649519502,0.10142630744849446,0.47386178049682903
Local Outlier Factor,0.03843979649519502,0.10301109350237718,0.47386178049682903
Local Outlier Factor,0.03900508762012436,0.10301109350237718,0.47386178049682903
Local Outlier Factor,0.03900508762012436,0.1045958795562599,0.47386178049682903
Local Outlier Factor,0.0395703787450537,0.1045958795562599,0.47386178049682903
Local Outlier Factor,0.0395703787450537,0.10618066561014262,0.47386178049682903
Local Outlier Factor,0.04409270774448841,0.10618066561014262,0.47386178049682903
Local Outlier Factor,0.04409270774448841,0.10776545166402536,0.47386178049682903
Local Outlier Factor,0.047484454494064444,0.10776545166402536,0.47386178049682903
Local Outlier Factor,0.047484454494064444,0.10935023771790808,0.47386178049682903
Local Outlier Factor,0.0497456189937818,0.10935023771790808,0.47386178049682903
Local Outlier Factor,0.0497456189937818,0.1109350237717908,0.47386178049682903
Local Outlier Factor,0.05031091011871114,0.1109350237717908,0.47386178049682903
Local Outlier Factor,0.05031091011871114,0.11251980982567353,0.47386178049682903
Local Outlier Factor,0.05087620124364047,0.11251980982567353,0.47386178049682903
Local Outlier Factor,0.05087620124364047,0.11410459587955626,0.47386178049682903
Local Outlier Factor,0.05596382136800452,0.11410459587955626,0.47386178049682903
Local Outlier Factor,0.05596382136800452,0.11568938193343899,0.47386178049682903
Local Outlier Factor,0.0570944036178632,0.11568938193343899,0.47386178049682903
Local Outlier Factor,0.0570944036178632,0.11727416798732171,0.47386178049682903
Local Outlier Factor,0.05765969474279254,0.11727416798732171,0.47386178049682903
Local Outlier Factor,0.05765969474279254,0.11885895404120443,0.47386178049682903
Local Outlier Factor,0.05822498586772187,0.11885895404120443,0.47386178049682903
Local Outlier Factor,0.05822498586772187,0.12202852614896989,0.47386178049682903
Local Outlier Factor,0.059920859242509894,0.12202852614896989,0.47386178049682903
Local Outlier Factor,0.059920859242509894,0.12519809825673534,0.47386178049682903
Local Outlier Factor,0.06161673261729791,0.12519809825673534,0.47386178049682903
Local Outlier Factor,0.06161673261729791,0.12678288431061807,0.47386178049682903
Local Outlier Factor,0.06387789711701526,0.12678288431061807,0.47386178049682903
Local Outlier Factor,0.06387789711701526,0.12836767036450078,0.47386178049682903
Local Outlier Factor,0.0644431882419446,0.12836767036450078,0.47386178049682903
Local Outlier Factor,0.0644431882419446,0.13312202852614896,0.47386178049682903
Local Outlier Factor,0.06557377049180328,0.13312202852614896,0.47386178049682903
Local Outlier Factor,0.06557377049180328,0.13787638668779714,0.47386178049682903
Local Outlier Factor,0.06670435274166196,0.13787638668779714,0.47386178049682903
Local Outlier Factor,0.06670435274166196,0.13946117274167988,0.47386178049682903
Local Outlier Factor,0.06783493499152063,0.13946117274167988,0.47386178049682903
Local Outlier Factor,0.06783493499152063,0.1410459587955626,0.47386178049682903
Local Outlier Factor,0.07009609949123799,0.1410459587955626,0.47386178049682903
Local Outlier Factor,0.07009609949123799,0.14263074484944532,0.47386178049682903
Local Outlier Factor,0.07066139061616733,0.14263074484944532,0.47386178049682903
Local Outlier Factor,0.07066139061616733,0.14421553090332806,0.47386178049682903
Local Outlier Factor,0.071791972866026,0.14421553090332806,0.47386178049682903
Local Outlier Factor,0.071791972866026,0.14580031695721077,0.47386178049682903
Local Outlier Factor,0.07574901074053138,0.14580031695721077,0.47386178049682903
Local Outlier Factor,0.07574901074053138,0.1473851030110935,0.47386178049682903
Local Outlier Factor,0.07687959299039004,0.1473851030110935,0.47386178049682903
Local Outlier Factor,0.07687959299039004,0.15055467511885895,0.47386178049682903
Local Outlier Factor,0.08253250423968343,0.15055467511885895,0.47386178049682903
Local Outlier Factor,0.08253250423968343,0.15213946117274169,0.47386178049682903
Local Outlier Factor,0.08422837761447145,0.15213946117274169,0.47386178049682903
Local Outlier Factor,0.08422837761447145,0.1537242472266244,0.47386178049682903
Local Outlier Factor,0.08592425098925947,0.1537242472266244,0.47386178049682903
Local Outlier Factor,0.08592425098925947,0.15847860538827258,0.47386178049682903
Local Outlier Factor,0.08875070661390616,0.15847860538827258,0.47386178049682903
Local Outlier Factor,0.08875070661390616,0.1600633914421553,0.47386178049682903
Local Outlier Factor,0.09157716223855286,0.1600633914421553,0.47386178049682903
Local Outlier Factor,0.09157716223855286,0.1648177496038035,0.47386178049682903
Local Outlier Factor,0.09270774448841153,0.1648177496038035,0.47386178049682903
Local Outlier Factor,0.09270774448841153,0.1664025356576862,0.47386178049682903
Local Outlier Factor,0.09553420011305823,0.1664025356576862,0.47386178049682903
Local Outlier Factor,0.09553420011305823,0.16798732171156894,0.47386178049682903
Local Outlier Factor,0.10005652911249294,0.16798732171156894,0.47386178049682903
Local Outlier Factor,0.10005652911249294,0.16957210776545167,0.47386178049682903
Local Outlier Factor,0.10062182023742228,0.16957210776545167,0.47386178049682903
Local Outlier Factor,0.10062182023742228,0.17115689381933438,0.47386178049682903
Local Outlier Factor,0.10797060486150367,0.17115689381933438,0.47386178049682903
Local Outlier Factor,0.10797060486150367,0.17432646592709986,0.47386178049682903
Local Outlier Factor,0.10966647823629169,0.17432646592709986,0.47386178049682903
Local Outlier Factor,0.10966647823629169,0.17591125198098256,0.47386178049682903
Local Outlier Factor,0.11192764273600904,0.17591125198098256,0.47386178049682903
Local Outlier Factor,0.11192764273600904,0.18066561014263074,0.47386178049682903
Local Outlier Factor,0.11305822498586772,0.18066561014263074,0.47386178049682903
Local Outlier Factor,0.11305822498586772,0.18541996830427893,0.47386178049682903
Local Outlier Factor,0.11475409836065574,0.18541996830427893,0.47386178049682903
Local Outlier Factor,0.11475409836065574,0.18858954041204437,0.47386178049682903
Local Outlier Factor,0.11531938948558508,0.18858954041204437,0.47386178049682903
Local Outlier Factor,0.11531938948558508,0.1901743264659271,0.47386178049682903
Local Outlier Factor,0.11758055398530243,0.1901743264659271,0.47386178049682903
Local Outlier Factor,0.11758055398530243,0.19334389857369255,0.47386178049682903
Local Outlier Factor,0.11814584511023177,0.19334389857369255,0.47386178049682903
Local Outlier Factor,0.11814584511023177,0.1949286846275753,0.47386178049682903
Local Outlier Factor,0.11984171848501979,0.1949286846275753,0.47386178049682903
Local Outlier Factor,0.11984171848501979,0.19809825673534073,0.47386178049682903
Local Outlier Factor,0.12097230073487847,0.19809825673534073,0.47386178049682903
Local Outlier Factor,0.12097230073487847,0.19968304278922344,0.47386178049682903
Local Outlier Factor,0.12492933860938384,0.19968304278922344,0.47386178049682903
Local Outlier Factor,0.12492933860938384,0.20126782884310618,0.47386178049682903
Local Outlier Factor,0.12719050310910118,0.20126782884310618,0.47386178049682903
Local Outlier Factor,0.12719050310910118,0.20285261489698891,0.47386178049682903
Local Outlier Factor,0.12832108535895986,0.20285261489698891,0.47386178049682903
Local Outlier Factor,0.12832108535895986,0.20443740095087162,0.47386178049682903
Local Outlier Factor,0.1288863764838892,0.20443740095087162,0.47386178049682903
Local Outlier Factor,0.1288863764838892,0.20602218700475436,0.47386178049682903
Local Outlier Factor,0.1317128321085359,0.20602218700475436,0.47386178049682903
Local Outlier Factor,0.1317128321085359,0.2091917591125198,0.47386178049682903
Local Outlier Factor,0.13284341435839458,0.2091917591125198,0.47386178049682903
Local Outlier Factor,0.13284341435839458,0.21077654516640254,0.47386178049682903
Local Outlier Factor,0.13453928773318258,0.21077654516640254,0.47386178049682903
Local Outlier Factor,0.13453928773318258,0.21236133122028525,0.47386178049682903
Local Outlier Factor,0.13736574335782928,0.21236133122028525,0.47386178049682903
Local Outlier Factor,0.13736574335782928,0.21553090332805072,0.47386178049682903
Local Outlier Factor,0.13849632560768796,0.21553090332805072,0.47386178049682903
Local Outlier Factor,0.13849632560768796,0.21711568938193343,0.47386178049682903
Local Outlier Factor,0.13962690785754664,0.21711568938193343,0.47386178049682903
Local Outlier Factor,0.13962690785754664,0.21870047543581617,0.47386178049682903
Local Outlier Factor,0.14019219898247598,0.21870047543581617,0.47386178049682903
Local Outlier Factor,0.14019219898247598,0.2202852614896989,0.47386178049682903
Local Outlier Factor,0.14132278123233466,0.2202852614896989,0.47386178049682903
Local Outlier Factor,0.14132278123233466,0.2218700475435816,0.47386178049682903
Local Outlier Factor,0.14301865460712268,0.2218700475435816,0.47386178049682903
Local Outlier Factor,0.14301865460712268,0.22345483359746435,0.47386178049682903
Local Outlier Factor,0.14414923685698133,0.22345483359746435,0.47386178049682903
Local Outlier Factor,0.14414923685698133,0.22503961965134706,0.47386178049682903
Local Outlier Factor,0.1537591859807801,0.22503961965134706,0.47386178049682903
Local Outlier Factor,0.1537591859807801,0.2266244057052298,0.47386178049682903
Local Outlier Factor,0.15488976823063877,0.2266244057052298,0.47386178049682903
Local Outlier Factor,0.15488976823063877,0.22979397781299524,0.47386178049682903
Local Outlier Factor,0.1565856416054268,0.22979397781299524,0.47386178049682903
Local Outlier Factor,0.1565856416054268,0.23137876386687797,0.47386178049682903
Local Outlier Factor,0.1582815149802148,0.23137876386687797,0.47386178049682903
Local Outlier Factor,0.1582815149802148,0.2329635499207607,0.47386178049682903
Local Outlier Factor,0.1594120972300735,0.2329635499207607,0.47386178049682903
Local Outlier Factor,0.1594120972300735,0.23454833597464342,0.47386178049682903
Local Outlier Factor,0.15997738835500283,0.23454833597464342,0.47386178049682903
Local Outlier Factor,0.15997738835500283,0.23613312202852615,0.47386178049682903
Local Outlier Factor,0.1611079706048615,0.23613312202852615,0.47386178049682903
Local Outlier Factor,0.1611079706048615,0.23771790808240886,0.47386178049682903
Local Outlier Factor,0.16393442622950818,0.23771790808240886,0.47386178049682903
Local Outlier Factor,0.16393442622950818,0.2393026941362916,0.47386178049682903
Local Outlier Factor,0.16619559072922555,0.2393026941362916,0.47386178049682903
Local Outlier Factor,0.16619559072922555,0.24088748019017434,0.47386178049682903
Local Outlier Factor,0.1684567552289429,0.24088748019017434,0.47386178049682903
Local Outlier Factor,0.1684567552289429,0.24247226624405704,0.47386178049682903
Local Outlier Factor,0.17015262860373093,0.24247226624405704,0.47386178049682903
Local Outlier Factor,0.17015262860373093,0.24405705229793978,0.47386178049682903
Local Outlier Factor,0.1712832108535896,0.24405705229793978,0.47386178049682903
Local Outlier Factor,0.1712832108535896,0.24564183835182252,0.47386178049682903
Local Outlier Factor,0.17467495760316562,0.24564183835182252,0.47386178049682903
Local Outlier Factor,0.17467495760316562,0.24722662440570523,0.47386178049682903
Local Outlier Factor,0.17919728660260034,0.24722662440570523,0.47386178049682903
Local Outlier Factor,0.17919728660260034,0.2519809825673534,0.47386178049682903
Local Outlier Factor,0.17976257772752968,0.2519809825673534,0.47386178049682903
Local Outlier Factor,0.17976257772752968,0.25356576862123614,0.47386178049682903
Local Outlier Factor,0.18371961560203504,0.25356576862123614,0.47386178049682903
Local Outlier Factor,0.18371961560203504,0.2551505546751189,0.47386178049682903
Local Outlier Factor,0.1859807801017524,0.2551505546751189,0.47386178049682903
Local Outlier Factor,0.1859807801017524,0.25673534072900156,0.47386178049682903
Local Outlier Factor,0.18824194460146976,0.25673534072900156,0.47386178049682903
Local Outlier Factor,0.18824194460146976,0.2583201267828843,0.47386178049682903
Local Outlier Factor,0.18993781797625778,0.2583201267828843,0.47386178049682903
Local Outlier Factor,0.18993781797625778,0.25990491283676703,0.47386178049682903
Local Outlier Factor,0.1961560203504805,0.25990491283676703,0.47386178049682903
Local Outlier Factor,0.1961560203504805,0.26148969889064977,0.47386178049682903
Local Outlier Factor,0.19728660260033917,0.26148969889064977,0.47386178049682903
Local Outlier Factor,0.19728660260033917,0.2630744849445325,0.47386178049682903
Local Outlier Factor,0.19954776710005653,0.2630744849445325,0.47386178049682903
Local Outlier Factor,0.19954776710005653,0.26465927099841524,0.47386178049682903
Local Outlier Factor,0.2018089315997739,0.26465927099841524,0.47386178049682903
Local Outlier Factor,0.2018089315997739,0.26782884310618066,0.47386178049682903
Local Outlier Factor,0.2035048049745619,0.26782884310618066,0.47386178049682903
Local Outlier Factor,0.2035048049745619,0.2694136291600634,0.47386178049682903
Local Outlier Factor,0.20576596947427925,0.2694136291600634,0.47386178049682903
Local Outlier Factor,0.20576596947427925,0.27099841521394613,0.47386178049682903
Local Outlier Factor,0.211984171848502,0.27099841521394613,0.47386178049682903
Local Outlier Factor,0.211984171848502,0.27258320126782887,0.47386178049682903
Local Outlier Factor,0.21650650084793668,0.27258320126782887,0.47386178049682903
Local Outlier Factor,0.21650650084793668,0.2757527733755943,0.47386178049682903
Local Outlier Factor,0.21876766534765404,0.2757527733755943,0.47386178049682903
Local Outlier Factor,0.21876766534765404,0.277337559429477,0.47386178049682903
Local Outlier Factor,0.2210288298473714,0.277337559429477,0.47386178049682903
Local Outlier Factor,0.2210288298473714,0.27892234548335976,0.47386178049682903
Local Outlier Factor,0.22385528547201808,0.27892234548335976,0.47386178049682903
Local Outlier Factor,0.22385528547201808,0.2805071315372425,0.47386178049682903
Local Outlier Factor,0.2255511588468061,0.2805071315372425,0.47386178049682903
Local Outlier Factor,0.2255511588468061,0.2820919175911252,0.47386178049682903
Local Outlier Factor,0.22724703222159412,0.2820919175911252,0.47386178049682903
Local Outlier Factor,0.22724703222159412,0.2836767036450079,0.47386178049682903
Local Outlier Factor,0.23459581684567551,0.2836767036450079,0.47386178049682903
Local Outlier Factor,0.23459581684567551,0.2868462757527734,0.47386178049682903
Local Outlier Factor,0.2357263990955342,0.2868462757527734,0.47386178049682903
Local Outlier Factor,0.2357263990955342,0.2884310618066561,0.47386178049682903
Local Outlier Factor,0.23629169022046353,0.2884310618066561,0.47386178049682903
Local Outlier Factor,0.23629169022046353,0.2900158478605388,0.47386178049682903
Local Outlier Factor,0.23798756359525156,0.2900158478605388,0.47386178049682903
Local Outlier Factor,0.23798756359525156,0.29160063391442154,0.47386178049682903
Local Outlier Factor,0.2385528547201809,0.29160063391442154,0.47386178049682903
Local Outlier Factor,0.2385528547201809,0.2931854199683043,0.47386178049682903
Local Outlier Factor,0.24081401921989826,0.2931854199683043,0.47386178049682903
Local Outlier Factor,0.24081401921989826,0.294770206022187,0.47386178049682903
Local Outlier Factor,0.24420576596947427,0.294770206022187,0.47386178049682903
Local Outlier Factor,0.24420576596947427,0.29635499207606975,0.47386178049682903
Local Outlier Factor,0.2447710570944036,0.29635499207606975,0.47386178049682903
Local Outlier Factor,0.2447710570944036,0.2979397781299525,0.47386178049682903
Local Outlier Factor,0.24703222159412097,0.2979397781299525,0.47386178049682903
Local Outlier Factor,0.24703222159412097,0.29952456418383516,0.47386178049682903
Local Outlier Factor,0.248728094968909,0.29952456418383516,0.47386178049682903
Local Outlier Factor,0.248728094968909,0.3011093502377179,0.47386178049682903
Local Outlier Factor,0.25381571509327305,0.3011093502377179,0.47386178049682903
Local Outlier Factor,0.25381571509327305,0.30269413629160064,0.47386178049682903
Local Outlier Factor,0.25551158846806105,0.30269413629160064,0.47386178049682903
Local Outlier Factor,0.25551158846806105,0.30427892234548337,0.47386178049682903
Local Outlier Factor,0.2560768795929904,0.30427892234548337,0.47386178049682903
Local Outlier Factor,0.2560768795929904,0.3058637083993661,0.47386178049682903
Local Outlier Factor,0.2577727529677784,0.3058637083993661,0.47386178049682903
Local Outlier Factor,0.2577727529677784,0.3074484944532488,0.47386178049682903
Local Outlier Factor,0.26116449971735445,0.3074484944532488,0.47386178049682903
Local Outlier Factor,0.26116449971735445,0.31061806656101426,0.47386178049682903
Local Outlier Factor,0.2707744488411532,0.31061806656101426,0.47386178049682903
Local Outlier Factor,0.2707744488411532,0.3153724247226624,0.47386178049682903
Local Outlier Factor,0.2713397399660825,0.3153724247226624,0.47386178049682903
Local Outlier Factor,0.2713397399660825,0.31695721077654515,0.47386178049682903
Local Outlier Factor,0.27416619559072924,0.31695721077654515,0.47386178049682903
Local Outlier Factor,0.27416619559072924,0.32171156893819336,0.47386178049682903
Local Outlier Factor,0.2769926512153759,0.32171156893819336,0.47386178049682903
Local Outlier Factor,0.2769926512153759,0.3232963549920761,0.47386178049682903
Local Outlier Factor,0.28773318258903335,0.3232963549920761,0.47386178049682903
Local Outlier Factor,0.28773318258903335,0.3248811410459588,0.47386178049682903
Local Outlier Factor,0.29055963821368,0.3248811410459588,0.47386178049682903
Local Outlier Factor,0.29055963821368,0.3264659270998415,0.47386178049682903
Local Outlier Factor,0.2928208027133974,0.3264659270998415,0.47386178049682903
Local Outlier Factor,0.2928208027133974,0.329635499207607,0.47386178049682903
Local Outlier Factor,0.29395138496325607,0.329635499207607,0.47386178049682903
Local Outlier Factor,0.29395138496325607,0.3312202852614897,0.47386178049682903
Local Outlier Factor,0.29451667608818544,0.3312202852614897,0.47386178049682903
Local Outlier Factor,0.29451667608818544,0.3328050713153724,0.47386178049682903
Local Outlier Factor,0.29508196721311475,0.3328050713153724,0.47386178049682903
Local Outlier Factor,0.29508196721311475,0.33438985736925514,0.47386178049682903
Local Outlier Factor,0.29621254946297343,0.33438985736925514,0.47386178049682903
Local Outlier Factor,0.29621254946297343,0.3359746434231379,0.47386178049682903
Local Outlier Factor,0.2967778405879028,0.3359746434231379,0.47386178049682903
Local Outlier Factor,0.2967778405879028,0.3375594294770206,0.47386178049682903
Local Outlier Factor,0.2984737139626908,0.3375594294770206,0.47386178049682903
Local Outlier Factor,0.2984737139626908,0.33914421553090335,0.47386178049682903
Local Outlier Factor,0.30130016958733746,0.33914421553090335,0.47386178049682903
Local Outlier Factor,0.30130016958733746,0.34072900158478603,0.47386178049682903
Local Outlier Factor,0.30186546071226683,0.34072900158478603,0.47386178049682903
Local Outlier Factor,0.30186546071226683,0.34231378763866877,0.47386178049682903
Local Outlier Factor,0.30243075183719614,0.34231378763866877,0.47386178049682903
Local Outlier Factor,0.30243075183719614,0.3438985736925515,0.47386178049682903
Local Outlier Factor,0.3029960429621255,0.3438985736925515,0.47386178049682903
Local Outlier Factor,0.3029960429621255,0.34548335974643424,0.47386178049682903
Local Outlier Factor,0.30525720746184287,0.34548335974643424,0.47386178049682903
Local Outlier Factor,0.30525720746184287,0.3486529318541997,0.47386178049682903
Local Outlier Factor,0.3058224985867722,0.3486529318541997,0.47386178049682903
Local Outlier Factor,0.3058224985867722,0.3502377179080824,0.47386178049682903
Local Outlier Factor,0.3092142453363482,0.3502377179080824,0.47386178049682903
Local Outlier Factor,0.3092142453363482,0.3549920760697306,0.47386178049682903
Local Outlier Factor,0.30977953646127754,0.3549920760697306,0.47386178049682903
Local Outlier Factor,0.30977953646127754,0.35657686212361334,0.47386178049682903
Local Outlier Factor,0.3103448275862069,0.35657686212361334,0.47386178049682903
Local Outlier Factor,0.3103448275862069,0.35974643423137875,0.47386178049682903
Local Outlier Factor,0.3114754098360656,0.35974643423137875,0.47386178049682903
Local Outlier Factor,0.3114754098360656,0.3613312202852615,0.47386178049682903
Local Outlier Factor,0.31712832108535893,0.3613312202852615,0.47386178049682903
Local Outlier Factor,0.31712832108535893,0.3629160063391442,0.47386178049682903
Local Outlier Factor,0.322215941209723,0.3629160063391442,0.47386178049682903
Local Outlier Factor,0.322215941209723,0.36450079239302696,0.47386178049682903
Local Outlier Factor,0.3233465234595817,0.36450079239302696,0.47386178049682903
Local Outlier Factor,0.3233465234595817,0.36608557844690964,0.47386178049682903
Local Outlier Factor,0.3250423968343697,0.36608557844690964,0.47386178049682903
Local Outlier Factor,0.3250423968343697,0.3676703645007924,0.47386178049682903
Local Outlier Factor,0.3318258903335218,0.3676703645007924,0.47386178049682903
Local Outlier Factor,0.3318258903335218,0.3692551505546751,0.47386178049682903
Local Outlier Factor,0.33408705483323914,0.3692551505546751,0.47386178049682903
Local Outlier Factor,0.33408705483323914,0.37083993660855785,0.47386178049682903
Local Outlier Factor,0.3352176370830978,0.37083993660855785,0.47386178049682903
Local Outlier Factor,0.3352176370830978,0.37400950871632327,0.47386178049682903
Local Outlier Factor,0.34087054833239117,0.37400950871632327,0.47386178049682903
Local Outlier Factor,0.34087054833239117,0.375594294770206,0.47386178049682903
Local Outlier Factor,0.34595816845675526,0.375594294770206,0.47386178049682903
Local Outlier Factor,0.34595816845675526,0.37717908082408874,0.47386178049682903
Local Outlier Factor,0.34652345958168457,0.37717908082408874,0.47386178049682903
Local Outlier Factor,0.34652345958168457,0.3787638668779715,0.47386178049682903
Local Outlier Factor,0.3470887507066139,0.3787638668779715,0.47386178049682903
Local Outlier Factor,0.3470887507066139,0.3803486529318542,0.47386178049682903
Local Outlier Factor,0.34821933295647256,0.3803486529318542,0.47386178049682903
Local Outlier Factor,0.34821933295647256,0.38193343898573695,0.47386178049682903
Local Outlier Factor,0.35330695308083665,0.38193343898573695,0.47386178049682903
Local Outlier Factor,0.35330695308083665,0.38351822503961963,0.47386178049682903
Local Outlier Factor,0.35952515545505936,0.38351822503961963,0.47386178049682903
Local Outlier Factor,0.35952515545505936,0.38510301109350237,0.47386178049682903
Local Outlier Factor,0.3600904465799887,0.38510301109350237,0.47386178049682903
Local Outlier Factor,0.3600904465799887,0.3866877971473851,0.47386178049682903
Local Outlier Factor,0.36517806670435277,0.3866877971473851,0.47386178049682903
Local Outlier Factor,0.36517806670435277,0.38827258320126784,0.47386178049682903
Local Outlier Factor,0.3657433578292821,0.38827258320126784,0.47386178049682903
Local Outlier Factor,0.3657433578292821,0.3898573692551506,0.47386178049682903
Local Outlier Factor,0.36800452232899944,0.3898573692551506,0.47386178049682903
Local Outlier Factor,0.36800452232899944,0.39144215530903326,0.47386178049682903
Local Outlier Factor,0.36856981345392875,0.39144215530903326,0.47386178049682903
Local Outlier Factor,0.36856981345392875,0.393026941362916,0.47386178049682903
Local Outlier Factor,0.3730921424533635,0.393026941362916,0.47386178049682903
Local Outlier Factor,0.3730921424533635,0.39461172741679873,0.47386178049682903
Local Outlier Factor,0.37365743357829284,0.39461172741679873,0.47386178049682903
Local Outlier Factor,0.37365743357829284,0.39619651347068147,0.47386178049682903
Local Outlier Factor,0.3793103448275862,0.39619651347068147,0.47386178049682903
Local Outlier Factor,0.3793103448275862,0.3977812995245642,0.47386178049682903
Local Outlier Factor,0.38552854720180896,0.3977812995245642,0.47386178049682903
Local Outlier Factor,0.38552854720180896,0.3993660855784469,0.47386178049682903
Local Outlier Factor,0.390616167326173,0.3993660855784469,0.47386178049682903
Local Outlier Factor,0.390616167326173,0.4009508716323296,0.47386178049682903
Local Outlier Factor,0.392312040700961,0.4009508716323296,0.47386178049682903
Local Outlier Factor,0.392312040700961,0.40253565768621236,0.47386178049682903
Local Outlier Factor,0.3951384963256077,0.40253565768621236,0.47386178049682903
Local Outlier Factor,0.3951384963256077,0.4041204437400951,0.47386178049682903
Local Outlier Factor,0.39626907857546634,0.4041204437400951,0.47386178049682903
Local Outlier Factor,0.39626907857546634,0.40570522979397783,0.47386178049682903
Local Outlier Factor,0.40079140757490106,0.40570522979397783,0.47386178049682903
Local Outlier Factor,0.40079140757490106,0.40729001584786056,0.47386178049682903
Local Outlier Factor,0.4013566986998304,0.40729001584786056,0.47386178049682903
Local Outlier Factor,0.4013566986998304,0.40887480190174325,0.47386178049682903
Local Outlier Factor,0.4104013566986998,0.40887480190174325,0.47386178049682903
Local Outlier Factor,0.4104013566986998,0.410459587955626,0.47386178049682903
Local Outlier Factor,0.4115319389485585,0.410459587955626,0.47386178049682903
Local Outlier Factor,0.4115319389485585,0.4120443740095087,0.47386178049682903
Local Outlier Factor,0.4154889768230639,0.4120443740095087,0.47386178049682903
Local Outlier Factor,0.4154889768230639,0.41362916006339145,0.47386178049682903
Local Outlier Factor,0.41661955907292253,0.41362916006339145,0.47386178049682903
Local Outlier Factor,0.41661955907292253,0.4152139461172742,0.47386178049682903
Local Outlier Factor,0.42057659694742794,0.4152139461172742,0.47386178049682903
Local Outlier Factor,0.42057659694742794,0.41679873217115687,0.47386178049682903
Local Outlier Factor,0.4245336348219333,0.41679873217115687,0.47386178049682903
Local Outlier Factor,0.4245336348219333,0.4183835182250396,0.47386178049682903
Local Outlier Factor,0.42736009044657997,0.4183835182250396,0.47386178049682903
Local Outlier Factor,0.42736009044657997,0.41996830427892234,0.47386178049682903
Local Outlier Factor,0.42849067269643865,0.41996830427892234,0.47386178049682903
Local Outlier Factor,0.42849067269643865,0.4215530903328051,0.47386178049682903
Local Outlier Factor,0.43357829282080274,0.4215530903328051,0.47386178049682903
Local Outlier Factor,0.43357829282080274,0.4231378763866878,0.47386178049682903
Local Outlier Factor,0.43414358394573205,0.4231378763866878,0.47386178049682903
Local Outlier Factor,0.43414358394573205,0.4247226624405705,0.47386178049682903
Local Outlier Factor,0.4431882419446015,0.4247226624405705,0.47386178049682903
Local Outlier Factor,0.4431882419446015,0.42630744849445323,0.47386178049682903
Local Outlier Factor,0.4465799886941775,0.42630744849445323,0.47386178049682903
Local Outlier Factor,0.4465799886941775,0.42789223454833597,0.47386178049682903
Local Outlier Factor,0.44771057094403616,0.42789223454833597,0.47386178049682903
Local Outlier Factor,0.44771057094403616,0.4294770206022187,0.47386178049682903
Local Outlier Factor,0.4505370265686829,0.4294770206022187,0.47386178049682903
Local Outlier Factor,0.4505370265686829,0.43106180665610144,0.47386178049682903
Local Outlier Factor,0.4539287733182589,0.43106180665610144,0.47386178049682903
Local Outlier Factor,0.4539287733182589,0.4358161648177496,0.47386178049682903
Local Outlier Factor,0.4567552289429056,0.4358161648177496,0.47386178049682903
Local Outlier Factor,0.4567552289429056,0.43740095087163233,0.47386178049682903
Local Outlier Factor,0.46636517806670436,0.43740095087163233,0.47386178049682903
Local Outlier Factor,0.46636517806670436,0.43898573692551507,0.47386178049682903
Local Outlier Factor,0.46919163369135103,0.43898573692551507,0.47386178049682903
Local Outlier Factor,0.46919163369135103,0.4405705229793978,0.47386178049682903
Local Outlier Factor,0.47540983606557374,0.4405705229793978,0.47386178049682903
Local Outlier Factor,0.47540983606557374,0.4421553090332805,0.47386178049682903
Local Outlier Factor,0.47823629169022047,0.4421553090332805,0.47386178049682903
Local Outlier Factor,0.47823629169022047,0.4437400950871632,0.47386178049682903
Local Outlier Factor,0.47936687394007915,0.4437400950871632,0.47386178049682903
Local Outlier Factor,0.47936687394007915,0.4469096671949287,0.47386178049682903
Local Outlier Factor,0.47993216506500846,0.4469096671949287,0.47386178049682903
Local Outlier Factor,0.47993216506500846,0.44849445324881143,0.47386178049682903
Local Outlier Factor,0.4827586206896552,0.44849445324881143,0.47386178049682903
Local Outlier Factor,0.4827586206896552,0.4500792393026941,0.47386178049682903
Local Outlier Factor,0.4833239118145845,0.4500792393026941,0.47386178049682903
Local Outlier Factor,0.4833239118145845,0.45166402535657685,0.47386178049682903
Local Outlier Factor,0.48501978518937255,0.45166402535657685,0.47386178049682903
Local Outlier Factor,0.48501978518937255,0.4548335974643423,0.47386178049682903
Local Outlier Factor,0.48728094968908986,0.4548335974643423,0.47386178049682903
Local Outlier Factor,0.48728094968908986,0.45641838351822506,0.47386178049682903
Local Outlier Factor,0.49406444318824194,0.45641838351822506,0.47386178049682903
Local Outlier Factor,0.49406444318824194,0.4595879556259905,0.47386178049682903
Local Outlier Factor,0.49971735443753534,0.4595879556259905,0.47386178049682903
Local Outlier Factor,0.49971735443753534,0.4611727416798732,0.47386178049682903
Local Outlier Factor,0.5019785189372526,0.4611727416798732,0.47386178049682903
Local Outlier Factor,0.5019785189372526,0.46275752773375595,0.47386178049682903
Local Outlier Factor,0.5031091011871114,0.46275752773375595,0.47386178049682903
Local Outlier Factor,0.5031091011871114,0.4643423137876387,0.47386178049682903
Local Outlier Factor,0.5036743923120407,0.4643423137876387,0.47386178049682903
Local Outlier Factor,0.5036743923120407,0.4659270998415214,0.47386178049682903
Local Outlier Factor,0.50423968343697,0.4659270998415214,0.47386178049682903
Local Outlier Factor,0.50423968343697,0.4675118858954041,0.47386178049682903
Local Outlier Factor,0.5081967213114754,0.4675118858954041,0.47386178049682903
Local Outlier Factor,0.5081967213114754,0.46909667194928684,0.47386178049682903
Local Outlier Factor,0.5127190503109101,0.46909667194928684,0.47386178049682903
Local Outlier Factor,0.5127190503109101,0.4722662440570523,0.47386178049682903
Local Outlier Factor,0.5161107970604861,0.4722662440570523,0.47386178049682903
Local Outlier Factor,0.5161107970604861,0.47702060221870046,0.47386178049682903
Local Outlier Factor,0.5166760881854154,0.47702060221870046,0.47386178049682903
Local Outlier Factor,0.5166760881854154,0.4786053882725832,0.47386178049682903
Local Outlier Factor,0.5217637083097796,0.4786053882725832,0.47386178049682903
Local Outlier Factor,0.5217637083097796,0.48019017432646594,0.47386178049682903
Local Outlier Factor,0.5234595816845675,0.48019017432646594,0.47386178049682903
Local Outlier Factor,0.5234595816845675,0.48177496038034867,0.47386178049682903
Local Outlier Factor,0.5240248728094969,0.48177496038034867,0.47386178049682903
Local Outlier Factor,0.5240248728094969,0.48335974643423135,0.47386178049682903
Local Outlier Factor,0.5257207461842849,0.48335974643423135,0.47386178049682903
Local Outlier Factor,0.5257207461842849,0.4849445324881141,0.47386178049682903
Local Outlier Factor,0.5296777840587903,0.4849445324881141,0.47386178049682903
Local Outlier Factor,0.5296777840587903,0.48811410459587956,0.47386178049682903
Local Outlier Factor,0.537591859807801,0.48811410459587956,0.47386178049682903
Local Outlier Factor,0.537591859807801,0.4896988906497623,0.47386178049682903
Local Outlier Factor,0.542679479932165,0.4896988906497623,0.47386178049682903
Local Outlier Factor,0.542679479932165,0.49128367670364503,0.47386178049682903
Local Outlier Factor,0.5443753533069531,0.49128367670364503,0.47386178049682903
Local Outlier Factor,0.5443753533069531,0.49445324881141045,0.47386178049682903
Local Outlier Factor,0.5449406444318824,0.49445324881141045,0.47386178049682903
Local Outlier Factor,0.5449406444318824,0.4976228209191759,0.47386178049682903
Local Outlier Factor,0.5483323911814585,0.4976228209191759,0.47386178049682903
Local Outlier Factor,0.5483323911814585,0.49920760697305866,0.47386178049682903
Local Outlier Factor,0.5494629734313171,0.49920760697305866,0.47386178049682903
Local Outlier Factor,0.5494629734313171,0.5023771790808241,0.47386178049682903
Local Outlier Factor,0.5539853024307518,0.5023771790808241,0.47386178049682903
Local Outlier Factor,0.5539853024307518,0.5039619651347068,0.47386178049682903
Local Outlier Factor,0.5551158846806105,0.5039619651347068,0.47386178049682903
Local Outlier Factor,0.5551158846806105,0.5055467511885895,0.47386178049682903
Local Outlier Factor,0.5556811758055399,0.5055467511885895,0.47386178049682903
Local Outlier Factor,0.5556811758055399,0.5071315372424723,0.47386178049682903
Local Outlier Factor,0.5652911249293386,0.5071315372424723,0.47386178049682903
Local Outlier Factor,0.5652911249293386,0.508716323296355,0.47386178049682903
Local Outlier Factor,0.5664217071791973,0.508716323296355,0.47386178049682903
Local Outlier Factor,0.5664217071791973,0.5103011093502378,0.47386178049682903
Local Outlier Factor,0.5828151498021481,0.5103011093502378,0.47386178049682903
Local Outlier Factor,0.5828151498021481,0.5134706814580031,0.47386178049682903
Local Outlier Factor,0.5845110231769362,0.5134706814580031,0.47386178049682903
Local Outlier Factor,0.5845110231769362,0.5150554675118859,0.47386178049682903
Local Outlier Factor,0.5873374788015828,0.5150554675118859,0.47386178049682903
Local Outlier Factor,0.5873374788015828,0.5166402535657686,0.47386178049682903
Local Outlier Factor,0.5901639344262295,0.5166402535657686,0.47386178049682903
Local Outlier Factor,0.5901639344262295,0.5182250396196514,0.47386178049682903
Local Outlier Factor,0.5946862634256642,0.5182250396196514,0.47386178049682903
Local Outlier Factor,0.5946862634256642,0.5198098256735341,0.47386178049682903
Local Outlier Factor,0.5958168456755228,0.5198098256735341,0.47386178049682903
Local Outlier Factor,0.5958168456755228,0.5229793977812995,0.47386178049682903
Local Outlier Factor,0.5980780101752402,0.5229793977812995,0.47386178049682903
Local Outlier Factor,0.5980780101752402,0.5245641838351822,0.47386178049682903
Local Outlier Factor,0.6003391746749576,0.5245641838351822,0.47386178049682903
Local Outlier Factor,0.6003391746749576,0.5277337559429477,0.47386178049682903
Local Outlier Factor,0.6071226681741096,0.5277337559429477,0.47386178049682903
Local Outlier Factor,0.6071226681741096,0.5293185419968305,0.47386178049682903
Local Outlier Factor,0.6127755794234031,0.5293185419968305,0.47386178049682903
Local Outlier Factor,0.6127755794234031,0.5309033280507132,0.47386178049682903
Local Outlier Factor,0.6218202374222724,0.5309033280507132,0.47386178049682903
Local Outlier Factor,0.6218202374222724,0.5324881141045958,0.47386178049682903
Local Outlier Factor,0.6246466930469191,0.5324881141045958,0.47386178049682903
Local Outlier Factor,0.6246466930469191,0.5340729001584786,0.47386178049682903
Local Outlier Factor,0.6291690220463538,0.5340729001584786,0.47386178049682903
Local Outlier Factor,0.6291690220463538,0.5356576862123613,0.47386178049682903
Local Outlier Factor,0.6365178066704352,0.5356576862123613,0.47386178049682903
Local Outlier Factor,0.6365178066704352,0.5372424722662441,0.47386178049682903
Local Outlier Factor,0.637648388920294,0.5372424722662441,0.47386178049682903
Local Outlier Factor,0.637648388920294,0.5388272583201268,0.47386178049682903
Local Outlier Factor,0.639344262295082,0.5388272583201268,0.47386178049682903
Local Outlier Factor,0.639344262295082,0.5404120443740095,0.47386178049682903
Local Outlier Factor,0.6399095534200113,0.5404120443740095,0.47386178049682903
Local Outlier Factor,0.6399095534200113,0.5419968304278923,0.47386178049682903
Local Outlier Factor,0.6416054267947994,0.5419968304278923,0.47386178049682903
Local Outlier Factor,0.6416054267947994,0.5435816164817749,0.47386178049682903
Local Outlier Factor,0.6421707179197287,0.5435816164817749,0.47386178049682903
Local Outlier Factor,0.6421707179197287,0.5451664025356577,0.47386178049682903
Local Outlier Factor,0.6433013001695873,0.5451664025356577,0.47386178049682903
Local Outlier Factor,0.6433013001695873,0.5499207606973059,0.47386178049682903
Local Outlier Factor,0.644431882419446,0.5499207606973059,0.47386178049682903
Local Outlier Factor,0.644431882419446,0.554675118858954,0.47386178049682903
Local Outlier Factor,0.6489542114188808,0.554675118858954,0.47386178049682903
Local Outlier Factor,0.6489542114188808,0.5562599049128367,0.47386178049682903
Local Outlier Factor,0.6523459581684568,0.5562599049128367,0.47386178049682903
Local Outlier Factor,0.6523459581684568,0.5578446909667195,0.47386178049682903
Local Outlier Factor,0.6540418315432448,0.5578446909667195,0.47386178049682903
Local Outlier Factor,0.6540418315432448,0.5625990491283677,0.47386178049682903
Local Outlier Factor,0.6546071226681741,0.5625990491283677,0.47386178049682903
Local Outlier Factor,0.6546071226681741,0.5641838351822503,0.47386178049682903
Local Outlier Factor,0.6579988694177501,0.5641838351822503,0.47386178049682903
Local Outlier Factor,0.6579988694177501,0.5657686212361331,0.47386178049682903
Local Outlier Factor,0.6608253250423969,0.5657686212361331,0.47386178049682903
Local Outlier Factor,0.6608253250423969,0.5689381933438986,0.47386178049682903
Local Outlier Factor,0.6636517806670436,0.5689381933438986,0.47386178049682903
Local Outlier Factor,0.6636517806670436,0.5705229793977813,0.47386178049682903
Local Outlier Factor,0.6642170717919729,0.5705229793977813,0.47386178049682903
Local Outlier Factor,0.6642170717919729,0.572107765451664,0.47386178049682903
Local Outlier Factor,0.6721311475409836,0.572107765451664,0.47386178049682903
Local Outlier Factor,0.6721311475409836,0.5736925515055468,0.47386178049682903
Local Outlier Factor,0.672696438665913,0.5736925515055468,0.47386178049682903
Local Outlier Factor,0.672696438665913,0.5768621236133122,0.47386178049682903
Local Outlier Factor,0.6783493499152063,0.5768621236133122,0.47386178049682903
Local Outlier Factor,0.6783493499152063,0.5784469096671949,0.47386178049682903
Local Outlier Factor,0.6789146410401357,0.5784469096671949,0.47386178049682903
Local Outlier Factor,0.6789146410401357,0.5832012678288431,0.47386178049682903
Local Outlier Factor,0.6800452232899944,0.5832012678288431,0.47386178049682903
Local Outlier Factor,0.6800452232899944,0.5863708399366085,0.47386178049682903
Local Outlier Factor,0.6817410966647823,0.5863708399366085,0.47386178049682903
Local Outlier Factor,0.6817410966647823,0.5879556259904913,0.47386178049682903
Local Outlier Factor,0.6823063877897118,0.5879556259904913,0.47386178049682903
Local Outlier Factor,0.6823063877897118,0.589540412044374,0.47386178049682903
Local Outlier Factor,0.6828716789146411,0.589540412044374,0.47386178049682903
Local Outlier Factor,0.6828716789146411,0.5911251980982567,0.47386178049682903
Local Outlier Factor,0.6834369700395704,0.5911251980982567,0.47386178049682903
Local Outlier Factor,0.6834369700395704,0.5927099841521395,0.47386178049682903
Local Outlier Factor,0.6851328434143584,0.5927099841521395,0.47386178049682903
Local Outlier Factor,0.6851328434143584,0.5942947702060222,0.47386178049682903
Local Outlier Factor,0.686263425664217,0.5942947702060222,0.47386178049682903
Local Outlier Factor,0.686263425664217,0.595879556259905,0.47386178049682903
Local Outlier Factor,0.6902204635387225,0.595879556259905,0.47386178049682903
Local Outlier Factor,0.6902204635387225,0.5990491283676703,0.47386178049682903
Local Outlier Factor,0.6919163369135105,0.5990491283676703,0.47386178049682903
Local Outlier Factor,0.6919163369135105,0.6006339144215531,0.47386178049682903
Local Outlier Factor,0.6936122102882984,0.6006339144215531,0.47386178049682903
Local Outlier Factor,0.6936122102882984,0.6022187004754358,0.47386178049682903
Local Outlier Factor,0.6958733747880158,0.6022187004754358,0.47386178049682903
Local Outlier Factor,0.6958733747880158,0.6038034865293186,0.47386178049682903
Local Outlier Factor,0.6975692481628039,0.6038034865293186,0.47386178049682903
Local Outlier Factor,0.6975692481628039,0.6053882725832013,0.47386178049682903
Local Outlier Factor,0.7003957037874505,0.6053882725832013,0.47386178049682903
Local Outlier Factor,0.7003957037874505,0.6101426307448494,0.47386178049682903
Local Outlier Factor,0.7020915771622386,0.6101426307448494,0.47386178049682903
Local Outlier Factor,0.7020915771622386,0.6117274167987322,0.47386178049682903
Local Outlier Factor,0.7026568682871679,0.6117274167987322,0.47386178049682903
Local Outlier Factor,0.7026568682871679,0.6133122028526149,0.47386178049682903
Local Outlier Factor,0.7083097795364612,0.6133122028526149,0.47386178049682903
Local Outlier Factor,0.7083097795364612,0.6148969889064976,0.47386178049682903
Local Outlier Factor,0.7156585641605426,0.6148969889064976,0.47386178049682903
Local Outlier Factor,0.7156585641605426,0.6196513470681458,0.47386178049682903
Local Outlier Factor,0.71791972866026,0.6196513470681458,0.47386178049682903
Local Outlier Factor,0.71791972866026,0.6212361331220285,0.47386178049682903
Local Outlier Factor,0.7184850197851894,0.6212361331220285,0.47386178049682903
Local Outlier Factor,0.7184850197851894,0.624405705229794,0.47386178049682903
Local Outlier Factor,0.7201808931599774,0.624405705229794,0.47386178049682903
Local Outlier Factor,0.7201808931599774,0.6275752773375595,0.47386178049682903
Local Outlier Factor,0.7269643866591294,0.6275752773375595,0.47386178049682903
Local Outlier Factor,0.7269643866591294,0.6291600633914421,0.47386178049682903
Local Outlier Factor,0.7292255511588468,0.6291600633914421,0.47386178049682903
Local Outlier Factor,0.7292255511588468,0.6307448494453248,0.47386178049682903
Local Outlier Factor,0.7314867156585642,0.6307448494453248,0.47386178049682903
Local Outlier Factor,0.7314867156585642,0.6323296354992076,0.47386178049682903
Local Outlier Factor,0.7343131712832108,0.6323296354992076,0.47386178049682903
Local Outlier Factor,0.7343131712832108,0.6386687797147385,0.47386178049682903
Local Outlier Factor,0.7354437535330696,0.6386687797147385,0.47386178049682903
Local Outlier Factor,0.7354437535330696,0.6402535657686212,0.47386178049682903
Local Outlier Factor,0.7365743357829282,0.6402535657686212,0.47386178049682903
Local Outlier Factor,0.7365743357829282,0.6418383518225039,0.47386178049682903
Local Outlier Factor,0.7377049180327869,0.6418383518225039,0.47386178049682903
Local Outlier Factor,0.7377049180327869,0.6450079239302694,0.47386178049682903
Local Outlier Factor,0.7377049180327869,0.6465927099841522,0.47386178049682903
Local Outlier Factor,0.7394007914075749,0.6465927099841522,0.47386178049682903
Local Outlier Factor,0.7394007914075749,0.6513470681458003,0.47386178049682903
Local Outlier Factor,0.742792538157151,0.6513470681458003,0.47386178049682903
Local Outlier Factor,0.742792538157151,0.652931854199683,0.47386178049682903
Local Outlier Factor,0.746184284906727,0.652931854199683,0.47386178049682903
Local Outlier Factor,0.746184284906727,0.6545166402535658,0.47386178049682903
Local Outlier Factor,0.7524024872809497,0.6545166402535658,0.47386178049682903
Local Outlier Factor,0.7524024872809497,0.6561014263074485,0.47386178049682903
Local Outlier Factor,0.756359525155455,0.6561014263074485,0.47386178049682903
Local Outlier Factor,0.756359525155455,0.6576862123613312,0.47386178049682903
Local Outlier Factor,0.7569248162803844,0.6576862123613312,0.47386178049682903
Local Outlier Factor,0.7569248162803844,0.659270998415214,0.47386178049682903
Local Outlier Factor,0.7597512719050311,0.659270998415214,0.47386178049682903
Local Outlier Factor,0.7597512719050311,0.6608557844690967,0.47386178049682903
Local Outlier Factor,0.7614471452798192,0.6608557844690967,0.47386178049682903
Local Outlier Factor,0.7614471452798192,0.6624405705229794,0.47386178049682903
Local Outlier Factor,0.7642736009044658,0.6624405705229794,0.47386178049682903
Local Outlier Factor,0.7642736009044658,0.6640253565768621,0.47386178049682903
Local Outlier Factor,0.7682306387789711,0.6640253565768621,0.47386178049682903
Local Outlier Factor,0.7682306387789711,0.6656101426307448,0.47386178049682903
Local Outlier Factor,0.7704918032786885,0.6656101426307448,0.47386178049682903
Local Outlier Factor,0.7704918032786885,0.6687797147385103,0.47386178049682903
Local Outlier Factor,0.7727529677784059,0.6687797147385103,0.47386178049682903
Local Outlier Factor,0.7727529677784059,0.6703645007923931,0.47386178049682903
Local Outlier Factor,0.7744488411531939,0.6703645007923931,0.47386178049682903
Local Outlier Factor,0.7744488411531939,0.6719492868462758,0.47386178049682903
Local Outlier Factor,0.7750141322781232,0.6719492868462758,0.47386178049682903
Local Outlier Factor,0.7750141322781232,0.6751188589540412,0.47386178049682903
Local Outlier Factor,0.7755794234030525,0.6751188589540412,0.47386178049682903
Local Outlier Factor,0.7755794234030525,0.6767036450079239,0.47386178049682903
Local Outlier Factor,0.7767100056529113,0.6767036450079239,0.47386178049682903
Local Outlier Factor,0.7767100056529113,0.6798732171156894,0.47386178049682903
Local Outlier Factor,0.7778405879027699,0.6798732171156894,0.47386178049682903
Local Outlier Factor,0.7778405879027699,0.6830427892234548,0.47386178049682903
Local Outlier Factor,0.7801017524024872,0.6830427892234548,0.47386178049682903
Local Outlier Factor,0.7801017524024872,0.6846275752773375,0.47386178049682903
Local Outlier Factor,0.7806670435274167,0.6846275752773375,0.47386178049682903
Local Outlier Factor,0.7806670435274167,0.6862123613312203,0.47386178049682903
Local Outlier Factor,0.781232334652346,0.6862123613312203,0.47386178049682903
Local Outlier Factor,0.781232334652346,0.687797147385103,0.47386178049682903
Local Outlier Factor,0.7823629169022046,0.687797147385103,0.47386178049682903
Local Outlier Factor,0.7823629169022046,0.6893819334389857,0.47386178049682903
Local Outlier Factor,0.7868852459016393,0.6893819334389857,0.47386178049682903
Local Outlier Factor,0.7868852459016393,0.6909667194928685,0.47386178049682903
Local Outlier Factor,0.7880158281514981,0.6909667194928685,0.47386178049682903
Local Outlier Factor,0.7880158281514981,0.6925515055467512,0.47386178049682903
Local Outlier Factor,0.7931034482758621,0.6925515055467512,0.47386178049682903
Local Outlier Factor,0.7931034482758621,0.694136291600634,0.47386178049682903
Local Outlier Factor,0.7936687394007914,0.694136291600634,0.47386178049682903
Local Outlier Factor,0.7936687394007914,0.6957210776545166,0.47386178049682903
Local Outlier Factor,0.79479932165065,0.6957210776545166,0.47386178049682903
Local Outlier Factor,0.79479932165065,0.6973058637083994,0.47386178049682903
Local Outlier Factor,0.7993216506500848,0.6973058637083994,0.47386178049682903
Local Outlier Factor,0.7993216506500848,0.6988906497622821,0.47386178049682903
Local Outlier Factor,0.8078010175240249,0.6988906497622821,0.47386178049682903
Local Outlier Factor,0.8078010175240249,0.7004754358161648,0.47386178049682903
Local Outlier Factor,0.8168456755228943,0.7004754358161648,0.47386178049682903
Local Outlier Factor,0.8168456755228943,0.7020602218700476,0.47386178049682903
Local Outlier Factor,0.8174109666478236,0.7020602218700476,0.47386178049682903
Local Outlier Factor,0.8174109666478236,0.7036450079239303,0.47386178049682903
Local Outlier Factor,0.8185415488976823,0.7036450079239303,0.47386178049682903
Local Outlier Factor,0.8185415488976823,0.705229793977813,0.47386178049682903
Local Outlier Factor,0.819672131147541,0.705229793977813,0.47386178049682903
Local Outlier Factor,0.819672131147541,0.7068145800316957,0.47386178049682903
Local Outlier Factor,0.8202374222724703,0.7068145800316957,0.47386178049682903
Local Outlier Factor,0.8202374222724703,0.7083993660855784,0.47386178049682903
Local Outlier Factor,0.8241944601469757,0.7083993660855784,0.47386178049682903
Local Outlier Factor,0.8241944601469757,0.7099841521394612,0.47386178049682903
Local Outlier Factor,0.8264556246466931,0.7099841521394612,0.47386178049682903
Local Outlier Factor,0.8264556246466931,0.7115689381933439,0.47386178049682903
Local Outlier Factor,0.828151498021481,0.7115689381933439,0.47386178049682903
Local Outlier Factor,0.828151498021481,0.7131537242472267,0.47386178049682903
Local Outlier Factor,0.8298473713962691,0.7131537242472267,0.47386178049682903
Local Outlier Factor,0.8298473713962691,0.7147385103011094,0.47386178049682903
Local Outlier Factor,0.8309779536461278,0.7147385103011094,0.47386178049682903
Local Outlier Factor,0.8309779536461278,0.716323296354992,0.47386178049682903
Local Outlier Factor,0.8355002826455624,0.716323296354992,0.47386178049682903
Local Outlier Factor,0.8355002826455624,0.7179080824088748,0.47386178049682903
Local Outlier Factor,0.8371961560203505,0.7179080824088748,0.47386178049682903
Local Outlier Factor,0.8371961560203505,0.7194928684627575,0.47386178049682903
Local Outlier Factor,0.8394573205200678,0.7194928684627575,0.47386178049682903
Local Outlier Factor,0.8394573205200678,0.7210776545166403,0.47386178049682903
Local Outlier Factor,0.8456755228942906,0.7210776545166403,0.47386178049682903
Local Outlier Factor,0.8456755228942906,0.722662440570523,0.47386178049682903
Local Outlier Factor,0.847936687394008,0.722662440570523,0.47386178049682903
Local Outlier Factor,0.847936687394008,0.7274167987321711,0.47386178049682903
Local Outlier Factor,0.8558507631430187,0.7274167987321711,0.47386178049682903
Local Outlier Factor,0.8558507631430187,0.7290015847860539,0.47386178049682903
Local Outlier Factor,0.856416054267948,0.7290015847860539,0.47386178049682903
Local Outlier Factor,0.856416054267948,0.7321711568938193,0.47386178049682903
Local Outlier Factor,0.8575466365178067,0.7321711568938193,0.47386178049682903
Local Outlier Factor,0.8575466365178067,0.7353407290015848,0.47386178049682903
Local Outlier Factor,0.8598078010175241,0.7353407290015848,0.47386178049682903
Local Outlier Factor,0.8598078010175241,0.7369255150554676,0.47386178049682903
Local Outlier Factor,0.8603730921424534,0.7369255150554676,0.47386178049682903
Local Outlier Factor,0.8603730921424534,0.7385103011093502,0.47386178049682903
Local Outlier Factor,0.8631995477671001,0.7385103011093502,0.47386178049682903
Local Outlier Factor,0.8631995477671001,0.7400950871632329,0.47386178049682903
Local Outlier Factor,0.8671565856416055,0.7400950871632329,0.47386178049682903
Local Outlier Factor,0.8671565856416055,0.7416798732171157,0.47386178049682903
Local Outlier Factor,0.8688524590163934,0.7416798732171157,0.47386178049682903
Local Outlier Factor,0.8688524590163934,0.7496038034865293,0.47386178049682903
Local Outlier Factor,0.8699830412662521,0.7496038034865293,0.47386178049682903
Local Outlier Factor,0.8699830412662521,0.7543581616481775,0.47386178049682903
Local Outlier Factor,0.8711136235161108,0.7543581616481775,0.47386178049682903
Local Outlier Factor,0.8711136235161108,0.7559429477020603,0.47386178049682903
Local Outlier Factor,0.8722442057659695,0.7559429477020603,0.47386178049682903
Local Outlier Factor,0.8722442057659695,0.757527733755943,0.47386178049682903
Local Outlier Factor,0.8733747880158281,0.757527733755943,0.47386178049682903
Local Outlier Factor,0.8733747880158281,0.7591125198098256,0.47386178049682903
Local Outlier Factor,0.8762012436404748,0.7591125198098256,0.47386178049682903
Local Outlier Factor,0.8762012436404748,0.7638668779714739,0.47386178049682903
Local Outlier Factor,0.8812888637648388,0.7638668779714739,0.47386178049682903
Local Outlier Factor,0.8812888637648388,0.7654516640253566,0.47386178049682903
Local Outlier Factor,0.8824194460146976,0.7654516640253566,0.47386178049682903
Local Outlier Factor,0.8824194460146976,0.7670364500792393,0.47386178049682903
Local Outlier Factor,0.8835500282645562,0.7670364500792393,0.47386178049682903
Local Outlier Factor,0.8835500282645562,0.768621236133122,0.47386178049682903
Local Outlier Factor,0.8841153193894856,0.768621236133122,0.47386178049682903
Local Outlier Factor,0.8841153193894856,0.7702060221870047,0.47386178049682903
Local Outlier Factor,0.8869417750141323,0.7702060221870047,0.47386178049682903
Local Outlier Factor,0.8869417750141323,0.7717908082408875,0.47386178049682903
Local Outlier Factor,0.893159977388355,0.7717908082408875,0.47386178049682903
Local Outlier Factor,0.893159977388355,0.7765451664025357,0.47386178049682903
Local Outlier Factor,0.8976823063877897,0.7765451664025357,0.47386178049682903
Local Outlier Factor,0.8976823063877897,0.7781299524564184,0.47386178049682903
Local Outlier Factor,0.899943470887507,0.7781299524564184,0.47386178049682903
Local Outlier Factor,0.899943470887507,0.7797147385103012,0.47386178049682903
Local Outlier Factor,0.9010740531373658,0.7797147385103012,0.47386178049682903
Local Outlier Factor,0.9010740531373658,0.7812995245641838,0.47386178049682903
Local Outlier Factor,0.9027699265121537,0.7812995245641838,0.47386178049682903
Local Outlier Factor,0.9027699265121537,0.7844690966719493,0.47386178049682903
Local Outlier Factor,0.9050310910118711,0.7844690966719493,0.47386178049682903
Local Outlier Factor,0.9050310910118711,0.7876386687797148,0.47386178049682903
Local Outlier Factor,0.9135104578858112,0.7876386687797148,0.47386178049682903
Local Outlier Factor,0.9135104578858112,0.7892234548335975,0.47386178049682903
Local Outlier Factor,0.9174674957603166,0.7892234548335975,0.47386178049682903
Local Outlier Factor,0.9174674957603166,0.7908082408874801,0.47386178049682903
Local Outlier Factor,0.92312040700961,0.7908082408874801,0.47386178049682903
Local Outlier Factor,0.92312040700961,0.7923930269413629,0.47386178049682903
Local Outlier Factor,0.924816280384398,0.7923930269413629,0.47386178049682903
Local Outlier Factor,0.924816280384398,0.7955625990491284,0.47386178049682903
Local Outlier Factor,0.9287733182589033,0.7955625990491284,0.47386178049682903
Local Outlier Factor,0.9287733182589033,0.7987321711568938,0.47386178049682903
Local Outlier Factor,0.9293386093838327,0.7987321711568938,0.47386178049682903
Local Outlier Factor,0.9293386093838327,0.8003169572107766,0.47386178049682903
Local Outlier Factor,0.929903900508762,0.8003169572107766,0.47386178049682903
Local Outlier Factor,0.929903900508762,0.803486529318542,0.47386178049682903
Local Outlier Factor,0.9310344827586207,0.803486529318542,0.47386178049682903
Local Outlier Factor,0.9310344827586207,0.8050713153724247,0.47386178049682903
Local Outlier Factor,0.93159977388355,0.8050713153724247,0.47386178049682903
Local Outlier Factor,0.93159977388355,0.8082408874801902,0.47386178049682903
Local Outlier Factor,0.9338609383832673,0.8082408874801902,0.47386178049682903
Local Outlier Factor,0.9338609383832673,0.8098256735340729,0.47386178049682903
Local Outlier Factor,0.9355568117580554,0.8098256735340729,0.47386178049682903
Local Outlier Factor,0.9355568117580554,0.8114104595879557,0.47386178049682903
Local Outlier Factor,0.9372526851328434,0.8114104595879557,0.47386178049682903
Local Outlier Factor,0.9372526851328434,0.8145800316957211,0.47386178049682903
Local Outlier Factor,0.9406444318824194,0.8145800316957211,0.47386178049682903
Local Outlier Factor,0.9406444318824194,0.8256735340729001,0.47386178049682903
Local Outlier Factor,0.9412097230073487,0.8256735340729001,0.47386178049682903
Local Outlier Factor,0.9412097230073487,0.8320126782884311,0.47386178049682903
Local Outlier Factor,0.9423403052572075,0.8320126782884311,0.47386178049682903
Local Outlier Factor,0.9423403052572075,0.8335974643423137,0.47386178049682903
Local Outlier Factor,0.9446014697569248,0.8335974643423137,0.47386178049682903
Local Outlier Factor,0.9446014697569248,0.8351822503961965,0.47386178049682903
Local Outlier Factor,0.9457320520067835,0.8351822503961965,0.47386178049682903
Local Outlier Factor,0.9457320520067835,0.838351822503962,0.47386178049682903
Local Outlier Factor,0.9462973431317129,0.838351822503962,0.47386178049682903
Local Outlier Factor,0.9462973431317129,0.8415213946117274,0.47386178049682903
Local Outlier Factor,0.9474279253815715,0.8415213946117274,0.47386178049682903
Local Outlier Factor,0.9474279253815715,0.8446909667194928,0.47386178049682903
Local Outlier Factor,0.9479932165065008,0.8446909667194928,0.47386178049682903
Local Outlier Factor,0.9479932165065008,0.8462757527733756,0.47386178049682903
Local Outlier Factor,0.9485585076314302,0.8462757527733756,0.47386178049682903
Local Outlier Factor,0.9485585076314302,0.8510301109350238,0.47386178049682903
Local Outlier Factor,0.9502543810062182,0.8510301109350238,0.47386178049682903
Local Outlier Factor,0.9502543810062182,0.8541996830427893,0.47386178049682903
Local Outlier Factor,0.9513849632560769,0.8541996830427893,0.47386178049682903
Local Outlier Factor,0.9513849632560769,0.8557844690966719,0.47386178049682903
Local Outlier Factor,0.9536461277557943,0.8557844690966719,0.47386178049682903
Local Outlier Factor,0.9536461277557943,0.8573692551505546,0.47386178049682903
Local Outlier Factor,0.958168456755229,0.8573692551505546,0.47386178049682903
Local Outlier Factor,0.958168456755229,0.8589540412044374,0.47386178049682903
Local Outlier Factor,0.9587337478801583,0.8589540412044374,0.47386178049682903
Local Outlier Factor,0.9587337478801583,0.8605388272583201,0.47386178049682903
Local Outlier Factor,0.9592990390050876,0.8605388272583201,0.47386178049682903
Local Outlier Factor,0.9592990390050876,0.8637083993660856,0.47386178049682903
Local Outlier Factor,0.9604296212549462,0.8637083993660856,0.47386178049682903
Local Outlier Factor,0.9604296212549462,0.8684627575277337,0.47386178049682903
Local Outlier Factor,0.961560203504805,0.8684627575277337,0.47386178049682903
Local Outlier Factor,0.961560203504805,0.8700475435816165,0.47386178049682903
Local Outlier Factor,0.9621254946297343,0.8700475435816165,0.47386178049682903
Local Outlier Factor,0.9621254946297343,0.8716323296354992,0.47386178049682903
Local Outlier Factor,0.964951950254381,0.8716323296354992,0.47386178049682903
Local Outlier Factor,0.964951950254381,0.873217115689382,0.47386178049682903
Local Outlier Factor,0.9660825325042397,0.873217115689382,0.47386178049682903
Local Outlier Factor,0.9660825325042397,0.8748019017432647,0.47386178049682903
Local Outlier Factor,0.966647823629169,0.8748019017432647,0.47386178049682903
Local Outlier Factor,0.966647823629169,0.8795562599049128,0.47386178049682903
Local Outlier Factor,0.9689089881288864,0.8795562599049128,0.47386178049682903
Local Outlier Factor,0.9689089881288864,0.8827258320126783,0.47386178049682903
Local Outlier Factor,0.9734313171283211,0.8827258320126783,0.47386178049682903
Local Outlier Factor,0.9734313171283211,0.8874801901743264,0.47386178049682903
Local Outlier Factor,0.9745618993781797,0.8874801901743264,0.47386178049682903
Local Outlier Factor,0.9745618993781797,0.8890649762282092,0.47386178049682903
Local Outlier Factor,0.9751271905031091,0.8890649762282092,0.47386178049682903
Local Outlier Factor,0.9751271905031091,0.8922345483359746,0.47386178049682903
Local Outlier Factor,0.9762577727529678,0.8922345483359746,0.47386178049682903
Local Outlier Factor,0.9762577727529678,0.8954041204437401,0.47386178049682903
Local Outlier Factor,0.9768230638778971,0.8954041204437401,0.47386178049682903
Local Outlier Factor,0.9768230638778971,0.8985736925515055,0.47386178049682903
Local Outlier Factor,0.9773883550028265,0.8985736925515055,0.47386178049682903
Local Outlier Factor,0.9773883550028265,0.9096671949286846,0.47386178049682903
Local Outlier Factor,0.9779536461277558,0.9096671949286846,0.47386178049682903
Local Outlier Factor,0.9779536461277558,0.9128367670364501,0.47386178049682903
Local Outlier Factor,0.9785189372526851,0.9128367670364501,0.47386178049682903
Local Outlier Factor,0.9785189372526851,0.9144215530903328,0.47386178049682903
Local Outlier Factor,0.9796495195025439,0.9144215530903328,0.47386178049682903
Local Outlier Factor,0.9796495195025439,0.9175911251980983,0.47386178049682903
Local Outlier Factor,0.9807801017524025,0.9175911251980983,0.47386178049682903
Local Outlier Factor,0.9807801017524025,0.9223454833597464,0.47386178049682903
Local Outlier Factor,0.9819106840022611,0.9223454833597464,0.47386178049682903
Local Outlier Factor,0.9819106840022611,0.9239302694136292,0.47386178049682903
Local Outlier Factor,0.9836065573770492,0.9239302694136292,0.47386178049682903
Local Outlier Factor,0.9836065573770492,0.9255150554675119,0.47386178049682903
Local Outlier Factor,0.9847371396269079,0.9255150554675119,0.47386178049682903
Local Outlier Factor,0.9847371396269079,0.9270998415213946,0.47386178049682903
Local Outlier Factor,0.9853024307518372,0.9270998415213946,0.47386178049682903
Local Outlier Factor,0.9853024307518372,0.9286846275752774,0.47386178049682903
Local Outlier Factor,0.9858677218767665,0.9286846275752774,0.47386178049682903
Local Outlier Factor,0.9858677218767665,0.9318541996830428,0.47386178049682903
Local Outlier Factor,0.9864330130016958,0.9318541996830428,0.47386178049682903
Local Outlier Factor,0.9864330130016958,0.9334389857369255,0.47386178049682903
Local Outlier Factor,0.9875635952515546,0.9334389857369255,0.47386178049682903
Local Outlier Factor,0.9875635952515546,0.9350237717908082,0.47386178049682903
Local Outlier Factor,0.9881288863764839,0.9350237717908082,0.47386178049682903
Local Outlier Factor,0.9881288863764839,0.936608557844691,0.47386178049682903
Local Outlier Factor,0.9886941775014132,0.936608557844691,0.47386178049682903
Local Outlier Factor,0.9886941775014132,0.9397781299524565,0.47386178049682903
Local Outlier Factor,0.9892594686263426,0.9397781299524565,0.47386178049682903
Local Outlier Factor,0.9892594686263426,0.9461172741679873,0.47386178049682903
Local Outlier Factor,0.9903900508762012,0.9461172741679873,0.47386178049682903
Local Outlier Factor,0.9903900508762012,0.9477020602218701,0.47386178049682903
Local Outlier Factor,0.9915206331260599,0.9477020602218701,0.47386178049682903
Local Outlier Factor,0.9932165065008479,0.9477020602218701,0.47386178049682903
Local Outlier Factor,0.9932165065008479,0.9492868462757528,0.47386178049682903
Local Outlier Factor,0.9943470887507067,0.9492868462757528,0.47386178049682903
Local Outlier Factor,0.9943470887507067,0.9556259904912837,0.47386178049682903
Local Outlier Factor,0.9954776710005653,0.9556259904912837,0.47386178049682903
Local Outlier Factor,0.9954776710005653,0.9572107765451664,0.47386178049682903
Local Outlier Factor,0.9971735443753533,0.9572107765451664,0.47386178049682903
Local Outlier Factor,0.9971735443753533,0.9587955625990491,0.47386178049682903
Local Outlier Factor,0.9988694177501414,0.9587955625990491,0.47386178049682903
Local Outlier Factor,0.9988694177501414,0.971473851030111,0.47386178049682903
Local Outlier Factor,0.9994347088750707,0.971473851030111,0.47386178049682903
Local Outlier Factor,0.9994347088750707,0.9730586370839936,0.47386178049682903
Local Outlier Factor,1.0,0.9730586370839936,0.47386178049682903
Local Outlier Factor,1.0,0.9857369255150554,0.47386178049682903
Local Outlier Factor,1.0,0.9889064976228209,0.47386178049682903
Local Outlier Factor,1.0,1.0,0.47386178049682903
Elliptic Envelope,0.0,0.0,0.9969074723244753
Elliptic Envelope,0.0,0.001584786053882726,0.9969074723244753
Elliptic Envelope,0.0,0.9904912836767037,0.9969074723244753
Elliptic Envelope,0.006783493499152063,0.9904912836767037,0.9969074723244753
Elliptic Envelope,0.006783493499152063,0.9920760697305864,0.9969074723244753
Elliptic Envelope,0.19728660260033917,0.9920760697305864,0.9969074723244753
Elliptic Envelope,0.19728660260033917,0.993660855784469,0.9969074723244753
Elliptic Envelope,0.23968343697003958,0.993660855784469,0.9969074723244753
Elliptic Envelope,0.23968343697003958,0.9952456418383518,0.9969074723244753
Elliptic Envelope,0.2577727529677784,0.9952456418383518,0.9969074723244753
Elliptic Envelope,0.2577727529677784,0.9968304278922345,0.9969074723244753
Elliptic Envelope,0.5703787450537027,0.9968304278922345,0.9969074723244753
Elliptic Envelope,0.5703787450537027,0.9984152139461173,0.9969074723244753
Elliptic Envelope,0.679479932165065,0.9984152139461173,0.9969074723244753
Elliptic Envelope,0.679479932165065,1.0,0.9969074723244753
Elliptic Envelope,1.0,1.0,0.9969074723244753
