hour,isp_s,solar_temp,anomaly_present,anomaly_score,detector_flag
0,1784.4491029456622,45.307878148648825,0,0.4052210440982152,0
1,1778.933201962423,44.5962553966179,0,0.42195837449121165,0
2,1782.501718616071,45.344382067072715,0,0.382979756944463,0
3,1781.3186764726465,45.029408843667106,0,0.3722543037769796,0
4,1781.4568208494675,44.88952326529899,0,0.371924243403413,0
5,1781.7412834042923,44.909510101496714,0,0.3706555587983794,0
6,1779.5760166450234,45.13172232650407,0,0.3835274386637333,0
7,1781.721681146827,44.57167662814148,0,0.3824654007994297,0
8,1780.96174430847,44.67725157167039,0,0.3815058013819457,0
9,1785.9875994199738,44.893275285179776,0,0.44662170369234044,0
10,1782.2709439358734,44.91860748192277,0,0.36835472670677005,0
11,1781.5768430467901,45.81841176449818,0,0.4397353440967291,0
12,1781.6624550982183,44.8320553714705,0,0.3757238446749749,0
13,1781.1983443846693,45.20761341303276,0,0.37342044634327337,0
14,1780.7338193385538,44.335821491058375,0,0.42689304375329556,0
15,1781.5310388273185,44.45552760516166,0,0.39506314798508063,0
16,1782.5783344662082,44.44171528767802,0,0.39994346725909435,0
17,1781.7137356721119,45.377153084752706,0,0.38317414281913986,0
18,1783.1493104435517,45.651028102524414,0,0.41679612737267596,0
19,1781.76023744512,44.722066954697915,0,0.37692900737812307,0
20,1782.029111478092,45.15528081656834,0,0.3700976303938103,0
21,1783.8549850214554,44.93610524814756,0,0.3868874568917473,0
22,1782.6541266272252,45.15299690741462,0,0.3750644149036023,0
23,1781.3937255172632,44.09451004644428,0,0.4654160048810809,0
24,1781.7805932304827,44.98241561070719,0,0.3715531546745091,0
25,1782.6486301581058,46.09737396379471,0,0.49883292883212416,0
26,1784.3221056409186,44.71447266539985,0,0.40450190420102916,0
27,1781.6764556071896,45.34304365319151,0,0.37958757410183874,0
28,1781.707729585105,44.45666837914899,0,0.3926167010680518,0
29,1783.2027763215308,45.15813012150279,0,0.37768278578770637,0
30,1780.9362480682073,45.3418626156967,0,0.38561144374408474,0
31,1781.649935721072,45.19390883309793,0,0.371470678171033,0
32,1783.0590467609477,44.5310307333457,0,0.38931558817833284,0
33,1782.696420019429,45.6735252616868,0,0.41949549700584565,0
34,1782.1098200439387,44.2990869196372,0,0.4188427853592901,0
35,1782.8041252257942,44.707718945746365,0,0.38090702979018043,0
36,1778.6062052317875,45.327955547103805,0,0.413789571500066,0
37,1783.2255681810002,44.99954305030661,0,0.37712579279908665,0
38,1780.8484262882303,44.64583123771417,0,0.3845373419595675,0
39,1779.997656188813,44.89834665958239,0,0.380346259896068,0
40,1782.3317349114252,44.564627355309355,0,0.38217365178339135,0
41,1782.8406538624192,44.586702462792125,0,0.386595517726759,0
42,1781.4662790531806,45.68066492017871,0,0.411036550603827,0
43,1780.708312991879,44.8122710125421,0,0.3830841724400147,0
44,1782.0313498002408,44.16545393152573,0,0.4435676419069405,0
45,1781.9367032301086,44.867368096200856,0,0.369532498353971,0
46,1783.6867177992217,46.035266427101995,0,0.4994193858427222,0
47,1782.8968895849753,44.37994120175316,0,0.4155126804398677,0
48,1782.2325787755176,44.59148848797068,0,0.38068039268345943,0
49,1783.3339598462687,44.57332940508651,0,0.39359388786146843,0
50,1781.753372340113,44.7150573633623,0,0.37685613084390707,0
51,1780.888920511622,44.06338192618043,0,0.48181941876369794,0
52,1782.7008699732303,44.551501377519216,0,0.38796473614438476,0
53,1782.6990461023868,45.35533756571985,0,0.3889554850895105,0
54,1781.7422053066477,44.46630377075542,0,0.39202697360288213,0
55,1781.0606297064433,44.70248092915829,0,0.3791104573504562,0
56,1782.274984686256,44.43539675436175,0,0.3965033101274521,0
57,1779.0073268658505,45.13221732033976,0,0.3926026408964242,0
58,1782.8281497241953,44.68626559417949,0,0.3802177949758625,0
59,1782.589641912894,45.1197051895373,0,0.3731568141426829,0
60,1780.0333714273313,44.34052661152593,0,0.43524961384582206,0
61,1782.0736242118057,44.92323944075558,0,0.36938977071367446,0
62,1780.8430804037505,44.83122201455342,0,0.38135539363811566,0
63,1782.9086652537098,44.39353924199055,0,0.4101418603812932,0
64,1779.5589992718678,44.26082195666501,0,0.45802457996480406,0
65,1780.9026065544065,45.08836409874595,0,0.3697267250065229,0
66,1782.8514959852905,44.739607509547255,0,0.37826103522582355,0
67,1783.3876812581186,44.859204050055276,0,0.3804333090650781,0
68,1779.4103935438486,44.53178018559127,0,0.41492399967790095,0
69,1781.4023521862985,44.60850813221196,0,0.3833658009843018,0
70,1782.3936241110512,44.46043817303227,0,0.39175388002080497,0
71,1781.2689406344603,44.78523625012645,0,0.3774970044718376,0
72,1783.9087682775878,45.36530437923717,0,0.3986535172417138,0
73,1780.5705279820586,44.310224571645705,0,0.42879735453015444,0
74,1782.4254383355444,44.75238746403455,0,0.374702041377995,0
75,1780.7419133777466,44.54341735568467,0,0.3930922530700965,0
76,1783.6871555317618,45.45382664306508,0,0.3976055942436603,0
77,1781.9740185251333,45.22477664044606,0,0.37123539691184676,0
78,1781.5532993231993,45.65980444425807,0,0.4049010250396435,0
79,1779.9381780603208,45.48861144794446,0,0.40013959990863707,0
80,1784.01819065408,45.09420743286947,0,0.3871356254264892,0
81,1782.903334311237,45.324066079213196,0,0.3819169899263689,0
82,1782.9042766050113,45.44898314124588,0,0.3913981209397366,0
83,1783.3654575107014,44.78040734472864,0,0.3835881491655006,0
84,1782.4190718937477,44.06029830858804,0,0.47788917011930004,0
85,1781.2329040673083,44.974325062367306,0,0.3738590367041027,0
86,1781.0397105275638,45.02602393054007,0,0.37101209893367637,0
87,1781.0397600247668,45.09863086951511,0,0.3693064508817869,0
88,1783.6440868096004,45.151369593045615,0,0.3805513472343699,0
89,1780.2475425585656,44.74417629110922,0,0.3848611062511143,0
90,1781.284356585875,45.03804945054603,0,0.36947681192744175,0
91,1781.6145072968566,45.570665223932096,0,0.39440617430634334,0
92,1782.269542830419,44.936056321612305,0,0.3691453518902883,0
93,1782.6904192662093,45.075335426714226,0,0.37308166705110346,0
94,1780.5010835890853,45.338811420198155,0,0.38536286375039397,0
95,1779.9239838584729,45.27171427985565,0,0.38537678961683564,0
96,1781.9947029208536,45.69020918933665,0,0.4129487371641731,0
97,1783.4562765903434,44.45756715966671,0,0.4061118806033941,0
98,1782.908469671156,46.069340780145566,0,0.499764359527594,0
99,1782.25878094044,44.720094289861734,0,0.3749761161198373,0
100,1781.6194132271792,44.686316962336164,0,0.3761957173155857,0
101,1782.3518804349603,45.352120673695296,0,0.38186621502781426,0
102,1781.7079978971094,44.64006162945672,0,0.3791723424269642,0
103,1782.980647896591,44.85019107406574,0,0.3766590173410291,0
104,1781.0466631933357,43.902642288947504,0,0.5170238488449304,0
105,1782.1610879365037,44.504384003865944,0,0.3865388871928791,0
106,1781.8670638366661,45.5026905384287,0,0.3878291913584741,0
107,1782.652031267436,45.348240201326284,0,0.3875806129128137,0
108,1782.2695662283793,44.775090792804136,0,0.37310694396987193,0
109,1785.0600415635695,44.980004450937734,0,0.41555414658784934,0
110,1783.7983857097627,46.004724053085354,0,0.4938739673112286,0
111,1783.7960845986222,44.96205210977611,0,0.38511022331517775,0
112,1779.5525953948863,44.54012577005304,0,0.41091997240899897,0
113,1781.591620050357,45.612530328703166,0,0.39826168231107356,0
114,1781.2696672609045,45.347555928256185,0,0.38238699651502395,0
115,1782.6392659198668,44.38590321025852,0,0.4092915177285542,0
116,1779.2651682131336,45.39519711752907,0,0.4105771450153437,0
117,1783.409398414811,45.562896553520986,0,0.40559762609964,0
118,1783.2803799730743,44.7146200722205,0,0.38546362254669553,0
119,1780.437514970105,45.108847620480695,0,0.3731400146388006,0
120,1780.8257417656544,44.95415740594578,0,0.37726261302711755,0
121,1781.0385935870627,45.22693371939127,0,0.37309916794808595,0
122,1782.0519550803397,44.547674599227,0,0.38240078230944796,0
123,1782.7691652776273,45.93328905649664,0,0.467663157746433,0
124,1784.4574632664287,44.39307686367384,0,0.4399295753270664,0
125,1781.7630654841348,45.20151979484738,0,0.3705896217481585,0
126,1782.9210030706843,44.10241900815609,0,0.4628538895382619,0
127,1782.1865013720712,45.32338596754787,0,0.3768421355398581,0
128,1784.11191154069,44.547054857854846,0,0.4067543304000183,0
129,1782.890589433454,45.01558446666648,0,0.3737174792777717,0
130,1783.6422605410494,45.43359109947907,0,0.39724919934694003,0
131,1780.7067897722598,44.05619199654283,0,0.4906410079365085,0
132,1781.7693111461688,45.05091323248644,0,0.3671010714142118,0
133,1781.0234730937896,44.44603485423611,0,0.39911069168556035,0
134,1783.80593688481,44.89310594801782,0,0.3816271959537458,0
135,1782.7891678845813,44.848333049949815,0,0.37611288347647037,0
136,1781.633826689067,45.737949267891054,0,0.4208941697311605,0
137,1781.4570385355155,45.34822501161871,0,0.38394292866938634,0
138,1782.581597853848,45.12175858263351,0,0.37286705616823906,0
139,1781.1582053637846,44.95794707155827,0,0.37490396574613344,0
140,1780.8832933485455,44.80366340783332,0,0.3825322749272904,0
141,1782.5775293907259,44.35477222931512,0,0.4170295588956585,0
142,1784.9557584385263,44.19468192393963,0,0.48291880124674824,0
143,1781.7046397351223,45.08660769066435,0,0.364661601203296,0
144,1781.3329610630478,46.34192902361538,0,0.5527861191755362,1
145,1780.5946117991693,44.69046313580841,0,0.38355176697124266,0
146,1780.3979868509286,44.47937423960001,0,0.39724163491280345,0
147,1782.629979881477,44.76087487328645,0,0.37922673703580584,0
148,1783.0209636393342,45.05056488400675,0,0.37282780448825814,0
149,1782.011009665059,45.01417160188304,0,0.36806783799099674,0
150,1782.3990911864114,45.449768782881996,0,0.3856837506061447,0
151,1782.1390998930085,45.244460589512684,0,0.37416445860277764,0
152,1782.1663858152567,45.350276036764484,0,0.3836772447624211,0
153,1780.1686091369006,44.67870101407765,0,0.39043021423902907,0
154,1781.4502580723408,45.073016418975946,0,0.36998468043045535,0
155,1782.133775169108,44.75195336979551,0,0.37525741809359603,0
156,1781.0601998633235,44.982131679377716,0,0.3742214572639705,0
157,1781.4282843073681,45.87733586074033,0,0.4493593561506094,0
158,1781.0170557836068,44.963911237712765,0,0.37388255642991614,0
159,1781.5998039909618,45.034498489364935,0,0.3686499898925066,0
160,1783.0237299291903,46.369492254930364,0,0.5655212776638526,1
161,1781.5121035792133,45.550615017407274,0,0.3940158795929199,0
162,1781.8153551837636,46.2102710795587,0,0.5133138898924561,0
163,1782.9764620313258,44.71912803801417,0,0.3823518846751427,0
164,1782.7737242569883,45.26501109184012,0,0.3807788854348702,0
165,1784.0342490707515,45.39171083504882,0,0.4045954015851113,0
166,1779.4914179062457,43.85288243896732,0,0.5491137316290643,0
167,1783.0282307334278,44.96121602835119,0,0.3773901590997175,0
168,1781.4212590958723,44.75568031465593,0,0.37762738318714895,0
169,1782.1616301825813,45.589218363434945,0,0.39940250803357047,0
170,1783.0052632618788,44.20035224059616,0,0.4397703460056863,0
171,1783.2999037868296,45.14348084014456,0,0.38028646523361287,0
172,1783.2472208283707,45.46509011986955,0,0.3924764634003463,0
173,1782.186128029294,45.82553595331787,0,0.44152088496736397,0
174,1783.931595219622,45.2817890140716,0,0.3881748539423578,0
175,1781.6604309273407,45.55269637624811,0,0.39263647648578204,0
176,1781.830821704315,45.32412406944131,0,0.3756261927555559,0
177,1782.959221426673,44.46476346749244,0,0.3968826150962115,0
178,1781.3383531104234,44.57824170086102,0,0.38625353612091384,0
179,1784.5930875104416,43.510090940010585,0,0.6133737159663143,1
180,1783.2230478784256,45.20456196749167,0,0.3779726937017669,0
181,1784.6106903871444,45.89130793844799,0,0.48490055016988226,0
182,1781.9680929754131,44.14972794003543,0,0.4461295350987582,0
183,1781.5402937396864,44.89883232482322,0,0.36999613001162196,0
184,1782.2004576026004,45.44803207419958,0,0.38666507224316665,0
185,1782.8814918031273,44.47366002424159,0,0.3945740845351793,0
186,1781.295086775751,44.34613293542631,0,0.4189183329753631,0
187,1782.455642096367,45.6379026831052,0,0.4092574824317968,0
188,1781.979834865295,45.81253248090426,0,0.4363556469273439,0
189,1783.9388181126917,45.547257125222075,0,0.4116631337727778,0
190,1781.2047578252389,45.05599362880857,0,0.3708711290199387,0
191,1783.2553941260744,44.7858655337233,0,0.38253328811271,0
192,1781.227363757352,45.27776566058974,0,0.3749597059810186,0
193,1780.847238968271,44.323442720042635,0,0.4251324833819016,0
194,1781.1476406871493,45.01754439444757,0,0.3712865554762956,0
195,1780.5717769657892,45.15400381310153,0,0.37412042398484163,0
196,1782.1756204320798,44.75049035224413,0,0.3743251190208407,0
197,1783.2375129552945,45.047225126925994,0,0.37441281750484157,0
198,1782.1971778542418,45.27404874237868,0,0.3745961931090769,0
199,1782.7491901346218,45.16917961883174,0,0.3785092453397072,0
200,1783.9586090346902,45.59004503648041,0,0.41923503651926386,0
201,1782.3240317366146,43.957439174723014,0,0.5064990235189716,0
202,1782.2341948331557,43.692274321884994,0,0.5608792429199742,1
203,1781.6699262384477,44.12392430538247,0,0.4528820736085856,0
204,1780.0701092579864,44.98742381088062,0,0.38123819139967224,0
205,1782.9116867182418,45.94561858487119,0,0.47095798838998454,0
206,1779.892247462849,45.18045942970033,0,0.3840736437509183,0
207,1782.7832117236605,44.797254768039224,0,0.3821800621919223,0
208,1781.9828155971193,44.44718987801357,0,0.39329766714263664,0
209,1783.3521377409725,45.02419046031979,0,0.37886296624209564,0
210,1781.9186756873873,44.545382963045185,0,0.38462992500304793,0
211,1781.0121598104508,44.477913251573845,0,0.39133300272034943,0
212,1782.429492320103,44.97230212427467,0,0.37187950253378943,0
213,1781.3277166371502,44.96876164159458,0,0.3768897340617742,0
214,1781.7828518104059,44.866113685694955,0,0.3698889323070185,0
215,1782.0502449442345,44.754236448240206,0,0.37390852798444635,0
216,1781.8385403459051,45.40304778464992,0,0.385911172387229,0
217,1781.7734372700313,45.178220992865896,0,0.3694467302545678,0
218,1781.0010660140556,44.22475520371604,0,0.4395695189202177,0
219,1781.7730394590885,44.45206374480354,0,0.3952288294213099,0
220,1779.4339912714547,45.09669654160043,0,0.3858894086252026,0
221,1781.8112014857297,44.958700892170455,0,0.3720030717091217,0
222,1780.5623328168817,44.57098677611847,0,0.3921569683110281,0
223,1783.3443164284165,45.075542737489776,0,0.37781909717095025,0
224,1783.5239120967856,44.58009176914249,0,0.39319962326645286,0
225,1779.6587690633744,44.56483885363362,0,0.40718368721347153,0
226,1782.173900148439,44.49635256502071,0,0.3854554371653947,0
227,1781.8483632933999,45.4437250246776,0,0.38610391377704967,0
228,1780.743941243903,45.454259217621775,0,0.393765586234208,0
229,1782.6379837711788,45.429658619898284,0,0.39293992964571445,0
230,1781.4459725464144,44.86610366325261,0,0.37325739500726157,0
231,1779.878881085176,44.297999253278476,0,0.44699397712627714,0
232,1781.6799880175317,45.48015000232937,0,0.38690256539500106,0
233,1781.82209625804,44.71544654728515,0,0.3763893702596195,0
234,1782.1277172218897,45.30329194199294,0,0.37382368679398953,0
235,1780.5225204015208,45.71217732101415,0,0.424819221001813,0
236,1782.738817112306,45.22983332958271,0,0.3795775365069988,0
237,1782.8825485058387,45.283519709113314,0,0.3782445114002092,0
238,1780.6250072677742,44.98438226329273,0,0.37774219943689236,0
239,1781.2093733172203,44.43709153645916,0,0.3996828177704555,0
240,1781.9035952234049,45.4827170416745,0,0.38581953333512775,0
241,1781.320889607585,45.25089871500671,0,0.37566204237021994,0
242,1784.0925055318196,44.917961393622825,0,0.38905994865576565,0
243,1782.2500465393898,44.96351964286389,0,0.3713727041378088,0
244,1780.787301556375,45.26694542934904,0,0.37678735799238017,0
245,1781.0542692868503,44.59640562174282,0,0.3855824357134654,0
246,1781.931035690093,45.121393572988936,0,0.3674605970183036,0
247,1784.7549345699103,45.278850636030555,0,0.4093478138011158,0
248,1781.7860828138123,45.376605082855576,0,0.3834054830295324,0
249,1782.1529717030878,44.28268261045348,0,0.4226531872301149,0
250,1782.6168544537898,44.26813523744249,0,0.4316676799271247,0
251,1781.9518488764843,45.046991143993864,0,0.3688727772038444,0
252,1784.73679304708,44.94948912154984,0,0.4066626566220072,0
253,1781.36217006357,45.34048612001842,0,0.38280576041423076,0
254,1782.893043750175,44.66859327920171,0,0.382094984685776,0
255,1782.1925255627802,45.035162025154996,0,0.36896297816275075,0
256,1782.7454356478597,45.290563389518965,0,0.3788005696664026,0
257,1780.5880284498962,44.724448738193864,0,0.38426806693953336,0
258,1784.1217352341287,45.21525042528678,0,0.3974328088786056,0
259,1781.8541669914039,45.688891961323314,0,0.412196636271718,0
260,1782.040995914481,45.407142245790205,0,0.385046922520028,0
261,1780.8780284857576,45.06398214365655,0,0.37140307795047395,0
262,1781.12436567818,45.45131408825939,0,0.38905187985734285,0
263,1782.6770873198016,45.226439567289,0,0.37973119883684475,0
264,1783.1837998633328,45.56593068086704,0,0.4013890120887301,0
265,1782.9039056289046,45.26244955761037,0,0.3803934032209961,0
266,1783.4507642996264,44.9690392198523,0,0.3827608195090985,0
267,1782.8573866946276,44.591070505747865,0,0.3871421324488213,0
268,1782.0341542000283,44.98169899091048,0,0.370409476498109,0
269,1783.0038311873334,44.4762834006254,0,0.392331640642913,0
270,1782.7123238884897,44.665685366486414,0,0.3816891983669877,0
271,1781.8793096801503,44.99401240226303,0,0.37172375708786437,0
272,1782.8712872622482,45.8108857144913,0,0.4439465082706363,0
273,1783.542836873435,44.48425523139529,0,0.3998720165679777,0
274,1782.2814855887211,44.83890282397253,0,0.37385942123760274,0
275,1781.572553883083,44.364232760370825,0,0.41467899911613115,0
276,1782.8624536475536,45.41055653423823,0,0.3919707328525099,0
277,1784.280866085399,45.046510357056256,0,0.39410085901338515,0
278,1781.747325548205,45.50732604702123,0,0.3904062868181139,0
279,1781.8892284534609,45.3759325114674,0,0.38167809761916044,0
280,1781.8363229615584,45.03973929603279,0,0.3681493935655118,0
281,1783.4676208897956,44.74119632549671,0,0.3844991702980818,0
282,1779.7953620917042,45.07257606192754,0,0.38032633589498444,0
283,1782.4390144448969,45.08100885540543,0,0.3680326094341694,0
284,1783.430716698913,44.743388073427326,0,0.38577351377756114,0
285,1781.0239401949182,46.44294310218128,0,0.5655636342064111,1
286,1783.786772889795,45.84074254827573,0,0.4620175751267243,0
287,1782.6423708101643,44.4473942716675,0,0.3985840106860109,0
288,1781.341156899294,45.81996495967227,0,0.44328645497932834,0
289,1782.2449677832533,44.832722847139536,0,0.3744079169847069,0
290,1780.1586094544805,45.236615811646786,0,0.38159335201332983,0
291,1781.3213147565775,44.62237354848617,0,0.3853965117191747,0
292,1784.192284581059,45.21835061705315,0,0.3999407217733015,0
293,1780.927435142114,44.74219776382481,0,0.37785714234659484,0
294,1784.2134860782935,44.74745885613768,0,0.3992674736611445,0
295,1781.9021116941717,46.210091489634515,0,0.5120180226166355,0
296,1783.1935954607718,44.6924752314914,0,0.3815215642897814,0
297,1782.0526764271794,44.62497454902446,0,0.3776224250340794,0
298,1779.3102221476515,46.11520939740308,0,0.5212295478209645,0
299,1781.3128184268187,44.399564613564905,0,0.4074588146321082,0
300,1782.2278243158976,45.360565201006935,0,0.38149901026568833,0
301,1780.6188603492503,45.897995835814946,0,0.45685187115138076,0
302,1780.383107120073,45.81950931447069,0,0.44640027058191656,0
303,1782.4394230244675,44.83643467549931,0,0.3762835770280375,0
304,1781.220702000267,44.65716049694828,0,0.3811615964084246,0
305,1779.9650073348232,45.27847855345532,0,0.3826311951288262,0
306,1781.1790617916722,45.41572856241681,0,0.38991985270344554,0
307,1783.0328850880317,44.53886137241395,0,0.38906064941972174,0
308,1781.4315047159012,44.56526240885042,0,0.38581298142686393,0
309,1783.1217270857421,44.38275792794197,0,0.4148493405401276,0
310,1783.83272731518,44.70128526333412,0,0.39167540690591274,0
311,1782.0390184805947,45.034180870561094,0,0.3673952173519473,0
312,1780.6443799878416,44.20992604466542,0,0.4475623067339939,0
313,1780.4381218852322,44.74315293763696,0,0.38104308200534365,0
314,1781.9684953749754,44.74878643857194,0,0.3739318290505264,0
315,1783.0572668124098,45.36953120635244,0,0.38784851118433095,0
316,1782.322818393976,44.360265242613195,0,0.4138394592380105,0
317,1782.656708628226,44.931891663538636,0,0.37341254884484304,0
318,1781.4679898629136,45.81708017614449,0,0.4409953942652069,0
319,1782.3605073109775,45.08783215138595,0,0.3675214656460206,0
320,1781.434429480947,45.253318011796466,0,0.374679700599117,0
321,1781.6092681157436,44.64048827896052,0,0.3792905231945027,0
322,1780.4493042320169,45.896365640150584,0,0.45948749616339424,0
323,1780.1133444033303,44.5271477216389,0,0.39919167352708496,0
324,1781.4216519697932,44.81724522294556,0,0.37998105372715557,0
325,1780.6708807913667,44.9708912457408,0,0.3781625585291763,0
326,1780.8495051358561,45.125514405450645,0,0.37221244855077795,0
327,1782.8052569555584,44.917357832408264,0,0.3733345778887664,0
328,1781.871502894232,44.54201940131764,0,0.3852837740031974,0
329,1785.496951065627,45.106114654425504,0,0.432682581553008,0
330,1783.111610490508,46.37199057730315,0,0.563612395813281,1
331,1781.2401748617845,44.795856801905956,0,0.379732263922109,0
332,1782.933608810514,45.42230746071671,0,0.3936567198599765,0
333,1782.428164665528,45.92654607291524,0,0.4596379968708346,0
334,1781.1771827045793,44.30862184167651,0,0.42008578162851873,0
335,1783.3231139605018,44.54308608557447,0,0.3963604703604228,0
336,1781.0696056705629,45.081743814805336,0,0.36806351506615315,0
337,1778.329942497166,45.56883119138463,0,0.44792357558505647,0
338,1782.9528777109679,44.9648865563244,0,0.37912158559476516,0
339,1781.2592890576586,45.201579716650976,0,0.3718698676750273,0
340,1783.7832449908256,44.75952912036784,0,0.3868589672854393,0
341,1781.2203933519397,45.74366935252778,0,0.4258958875819963,0
342,1780.5823749038575,45.01491859339064,0,0.37476375906891396,0
343,1783.8581539991303,45.66530560973524,0,0.4306760132412971,0
344,1780.7094020098375,45.42951150953378,0,0.3949861908469555,0
345,1782.244072429803,44.478629620679975,0,0.3853991378279689,0
346,1783.7396726349562,44.84128319901301,0,0.3861974891547263,0
347,1782.1373968120931,44.60020576593407,0,0.3799913389750443,0
348,1781.9032981016187,44.67099540029211,0,0.37602751202627915,0
349,1782.1229081246863,45.54982098659208,0,0.3939032783892185,0
350,1783.0068643826867,44.62497973915864,0,0.3846612686300207,0
351,1781.0318254083843,45.106164529271275,0,0.36881447340601176,0
352,1782.732769199155,44.38624895044453,0,0.4106462908155805,0
353,1782.6924905003273,45.02799246077356,0,0.3730132590810152,0
354,1784.799254430459,45.06131167550182,0,0.4038319613461883,0
355,1781.5961693640859,45.71382482511484,0,0.41709279970806856,0
356,1780.9022041689595,45.37984395827636,0,0.38920493135045764,0
357,1782.882824427608,44.652888627967044,0,0.3836499533345229,0
358,1781.523411300391,44.62822715081186,0,0.3807897035769179,0
359,1782.34693939966,44.87327216879892,0,0.36995202882664097,0
360,1782.1590918270363,44.61555802716546,0,0.3798208109184676,0
361,1783.4020727535908,44.86809683239065,0,0.3792334037802656,0
362,1781.211795017796,45.042734626886585,0,0.3714729767622029,0
363,1781.8892645653702,45.271101339444705,0,0.3713536197302047,0
364,1778.9374648209446,44.86171261466865,0,0.4003860358478695,0
365,1780.9318633244648,45.06592117820417,0,0.3716556522086682,0
366,1783.8436065738463,45.58756899431214,0,0.4148154466661936,0
367,1781.1821929024268,45.72191552095529,0,0.4218284855753574,0
368,1781.158227818529,45.10215152125214,0,0.36863960444537897,0
369,1780.538511381618,44.94948076928478,0,0.38121506796532284,0
370,1782.6958011476231,45.743430451344906,0,0.43043443949605903,0
371,1782.2135881960462,45.08157561258035,0,0.3670258739488954,0
372,1780.5757597684435,45.9818051887744,0,0.47490409134988,0
373,1782.800940448907,44.78986149697871,0,0.3808613713537389,0
374,1782.3121270558117,45.556896416595315,0,0.39222158968374365,0
375,1782.9048400553186,45.41349099851207,0,0.3923061856569114,0
376,1781.2302245898873,46.061197008017004,0,0.4909607019208732,0
377,1784.0856105092826,44.23227405977886,0,0.4645345406175592,0
378,1782.4918411271212,45.0025590332502,0,0.3719763961546182,0
379,1781.8597325796286,44.3848850016095,0,0.4078302643522244,0
380,1781.3773988620712,45.355043657020175,0,0.38405913602341185,0
381,1781.7062071539742,44.841667039642466,0,0.37383872404208573,0
382,1783.0305503931834,45.04240367691885,0,0.37377995189513213,0
383,1781.677239969482,44.814242459791195,0,0.3776014692568123,0
384,1783.2937726484497,44.933447795894395,0,0.38115926833624697,0
385,1782.696811407074,44.25011417441464,0,0.4344813039459686,0
386,1783.6157942085738,45.10600681964162,0,0.37924756148399075,0
387,1782.9769250740694,45.37237462799805,0,0.38910323287505344,0
388,1781.924472880397,45.09158213222027,0,0.3667538424646118,0
389,1779.708792069412,45.24472259668078,0,0.384386907661346,0
390,1782.3582846965965,44.94955319527708,0,0.37254309884065523,0
391,1782.9468912394661,44.79452394805483,0,0.3819300783680415,0
392,1782.1954707376644,46.3985374730743,0,0.5548372174435366,1
393,1782.6677180601,45.06380079189404,0,0.3724886684463073,0
394,1781.4340558825832,44.96268216991634,0,0.37588591406905003,0
395,1781.5434269016466,45.22952447514236,0,0.3706902686328026,0
396,1780.8691331473212,45.53792421235444,0,0.3991790808679695,0
397,1783.634280483387,44.35029190710648,0,0.430170229328281,0
398,1782.1900731163119,45.09978307945074,0,0.3709658776490478,0
399,1781.4090166985427,45.624590923416434,0,0.4028092469419745,0
400,1780.4017769913244,45.36430572281448,0,0.3883408196411195,0
401,1781.8160312685204,44.34030389262141,0,0.4156455814996836,0
402,1783.731157430355,44.644075943312004,0,0.39228622007807057,0
403,1782.5543059757008,45.509885954619755,0,0.39205526662565243,0
404,1781.1305741123697,44.9143836954162,0,0.37126983482889003,0
405,1783.7153939522823,44.97265859465781,0,0.3837498546198674,0
406,1783.7142121793977,45.193284175452526,0,0.3851854113455303,0
407,1783.1769314054632,45.258469723628224,0,0.3803977444633837,0
408,1782.9465802419218,45.321483878685626,0,0.38045926309152955,0
409,1783.3867821360768,44.49442840492122,0,0.3988175077653311,0
410,1782.6519108556147,44.70198820137632,0,0.381112132259407,0
411,1782.930000981029,44.779414206377254,0,0.3795764190128245,0
412,1781.0639695970624,44.10174274191799,0,0.4622810110370923,0
413,1783.7994693727821,44.92433537341021,0,0.3820767611588714,0
414,1782.277416228033,45.308549528815334,0,0.37263435739882844,0
415,1784.429054169316,45.06587856667974,0,0.39722470846177504,0
416,1779.549302431654,45.56346446455154,0,0.4143712669249231,0
417,1782.846490641759,44.89200178032584,0,0.37408048817030415,0
418,1783.177753848544,44.4058619690721,0,0.4105149823347806,0
419,1781.5884808668582,44.67220181093657,0,0.3758997504688919,0
420,1782.5429331689704,45.71024019459749,0,0.42350404545330533,0
421,1782.8979916779992,45.44992703784604,0,0.3913981209397366,0
422,1782.6928578147538,44.20145808656775,0,0.43895484171062554,0
423,1781.3524088926986,44.345817973223745,0,0.4196605327478513,0
424,1781.8296746040533,46.37479980821424,0,0.5540904009514468,1
425,1783.2228473601367,44.27933265020417,0,0.4323527816460032,0
426,1783.5327841010628,44.6124931163324,0,0.39261146269264885,0
427,1782.1187722123295,45.2703176086311,0,0.3739450479596983,0
428,1782.092438974848,44.469264712739225,0,0.3887616479703069,0
429,1782.2405956244966,44.923494278769375,0,0.3687728573924139,0
430,1783.2451982518103,45.832218570998776,0,0.45566249722759355,0
431,1780.7351538384676,44.885708849701274,0,0.3754751000478195,0
432,1780.4051209992613,44.23765922648905,0,0.44490563435244346,0
433,1782.1491779594264,45.08756000516248,0,0.36900286175650565,0
434,1780.6721654783958,44.49814761690772,0,0.396205870844084,0
435,1781.295468630402,45.43952898085626,0,0.38758031142222654,0
436,1782.1035548859584,45.35037393795534,0,0.3815309812271282,0
437,1782.5790059164988,44.6309020646034,0,0.3829295479377964,0
438,1780.7134897974236,45.15285990718255,0,0.3735263574498236,0
439,1782.9619265361061,45.17845730215109,0,0.37917318456517185,0
440,1779.871542453366,44.44597521108251,0,0.41959183763280333,0
441,1782.654499259131,45.139189636154995,0,0.37504362478212466,0
442,1780.1067218986086,44.2010165200749,0,0.45163240111212594,0
443,1780.4700919293703,45.00696807276737,0,0.377052847119307,0
444,1782.770666315493,44.27809836342566,0,0.42726961213020015,0
445,1781.5123653317585,44.0091926601629,0,0.4948036595319247,0
446,1781.0453300426996,44.96245316574707,0,0.37424031159772886,0
447,1781.4662678888524,44.83556121350596,0,0.37701064197882905,0
448,1782.5580391129865,45.09203423557035,0,0.37083389747312745,0
449,1781.9351438446436,45.33289624880363,0,0.3785886706180715,0
450,1781.96474066945,45.03974096090851,0,0.3692364688270773,0
451,1783.2657316803682,44.34152036323963,0,0.4245776767340671,0
452,1781.140331289332,44.95659969028411,0,0.37483072443359894,0
453,1781.4336795857093,45.466866710573676,0,0.3879941969460716,0
454,1781.3730840253904,45.03081196730539,0,0.3715699615137498,0
455,1783.402706592824,45.03113168933857,0,0.3780463876865491,0
456,1783.1896867896937,44.8615100548585,0,0.3768007271328144,0
457,1783.544491865242,44.758103491162395,0,0.38433078303696216,0
458,1781.9594992715733,44.20346851944206,0,0.43459023511142997,0
459,1781.8118369377937,44.23122983605514,0,0.4327543332069882,0
460,1783.023327595233,44.9095458158322,0,0.3747489927172247,0
461,1781.5267059841913,44.78167152544765,0,0.37312641379793343,0
462,1782.9967996300497,45.31856127935334,0,0.38017130609174454,0
463,1782.8691513018962,44.575515562383586,0,0.38783529311964754,0
464,1781.1620183841746,45.84819140904479,0,0.4442539986272756,0
465,1781.9001663969118,45.66122836532498,0,0.40531443780386367,0
466,1781.856898808903,45.42052272236284,0,0.38695229642138945,0
467,1784.0800084561538,45.67901923345677,0,0.4393850860694924,0
468,1785.105388006902,45.244886296317844,0,0.4238089353347945,0
469,1781.8800873010978,45.53987938047413,0,0.39237446390549907,0
470,1782.0168776146907,45.32572071383069,0,0.37657076334203193,0
471,1779.2620986542534,44.64623245394592,0,0.40966183738568324,0
472,1782.2538387595557,45.52638704798241,0,0.3900078046962472,0
473,1781.9915604332102,44.440044093063115,0,0.3948481480587259,0
474,1780.7125874498602,45.05216803124842,0,0.37264419829084855,0
475,1782.9427130793147,44.990858882739225,0,0.3774593546933948,0
476,1780.121095426557,44.730312609177396,0,0.38661803142401496,0
477,1781.7421764578419,44.51303512928435,0,0.38674758005303156,0
478,1782.1666281146677,45.01577583326187,0,0.3698223453018024,0
479,1780.501200068622,45.22744903113607,0,0.3773391209301342,0
480,1783.0280888906482,44.51612600522021,0,0.39073586468758364,0
481,1783.2666740990667,44.065067003595004,0,0.48404955314869713,0
482,1780.3362949761918,45.71496975768151,0,0.42616373663987284,0
483,1780.310593681697,44.427149195996066,0,0.4146470741616432,0
484,1782.722711380475,45.30761512422345,0,0.3790311105528148,0
485,1781.963403595931,43.83296908774621,0,0.5292001495127737,0
486,1780.5463162323367,44.55054638130368,0,0.39351642062686554,0
487,1781.6457279205556,44.78099646245865,0,0.37302918259662743,0
488,1781.870979983245,45.72461770564778,0,0.41904241719417,0
489,1781.8283532794908,45.299139839266395,0,0.3714739678428522,0
490,1782.9929863785524,44.668704798739235,0,0.3814007515291839,0
491,1782.4610378998495,44.705624028241274,0,0.3778058369249506,0
492,1784.1233565675122,45.0423232803851,0,0.3892042147932022,0
493,1783.6492325904153,45.25037688656854,0,0.3843390007621861,0
494,1782.8141685267517,44.77175754377713,0,0.37888091281264547,0
495,1783.2924952495553,45.28468887370141,0,0.38139082293373916,0
496,1783.5885836049354,44.14694381221037,0,0.46177926545703,0
497,1782.847193804088,45.077134912661265,0,0.3733326173392535,0
498,1780.5291092652315,44.69149330271826,0,0.38562194324376775,0
499,1783.031300593805,44.70180321954298,0,0.3815163797027257,0
500,1782.0867271043999,45.11368926782168,0,0.36929139417389695,0
501,1783.942573204259,44.640299204324926,0,0.39864306430825275,0
502,1782.1121690239272,44.75593827356732,0,0.3739139318766039,0
503,1782.631190940871,45.38688669331853,0,0.38987506218735,0
504,1782.3955678872999,45.40395244039083,0,0.3860223372354142,0
505,1784.0174706056844,45.83289460045302,0,0.4661792687960449,0
506,1782.212618781803,44.478466936413525,0,0.38666951417946677,0
507,1781.6765521183747,45.701722436980944,0,0.41535854041834275,0
508,1782.370910159703,45.08568880478904,0,0.36705200703246205,0
509,1781.4725900789047,44.83522498273484,0,0.37701064197882905,0
510,1782.1944470843482,44.6937171376421,0,0.3757614568182568,0
511,1781.9910335632956,45.84966191393122,0,0.4423233184987774,0
512,1782.3259470786,45.39350163260461,0,0.38405722526030894,0
513,1784.3079408441968,45.482489540504154,0,0.41818896214991536,0
514,1781.513171315279,45.86956110057324,0,0.4476878036562443,0
515,1782.0443678489694,44.417699724658675,0,0.400411652748216,0
516,1781.760609902983,45.39794605572601,0,0.386261969307187,0
517,1782.8071338481905,45.20681863908736,0,0.3794839705961921,0
518,1780.5821104401246,45.66780216935361,0,0.4128985616980666,0
519,1781.1687246180486,44.91077095738708,0,0.3727720603357676,0
520,1781.9526124775703,45.46390448850569,0,0.38648449415865793,0
521,1782.6553774203448,44.99974194006733,0,0.37558047708728337,0
522,1781.9444625474289,45.652534856811656,0,0.40339421184189006,0
523,1781.3996564743034,45.164600701025584,0,0.3709241820055269,0
524,1780.9598071154744,44.73584704412853,0,0.37797725712724933,0
525,1782.6141031612628,45.12119113477175,0,0.3733638605338419,0
526,1783.7306383113141,44.98314856611,0,0.3842486205965186,0
527,1782.3874505905635,44.98869186250081,0,0.3723664515109141,0
528,1782.2257620302785,44.668526465087645,0,0.37551597504228856,0
529,1782.5326476074958,45.18068998140457,0,0.3763338369246648,0
530,1780.868816500058,44.97258189909621,0,0.37737890282947645,0
531,1781.6259901368983,45.12733451738283,0,0.3684227326451517,0
532,1781.6784882945587,45.43020009607489,0,0.38678920532280825,0
533,1782.3542885431584,44.75812652469321,0,0.37411246158484424,0
534,1781.9615691712806,45.4807361678238,0,0.3868317400694981,0
535,1780.540319937648,45.11762871376676,0,0.37545537965169806,0
536,1783.35027486609,45.432077955425875,0,0.39799876865455247,0
537,1784.0308901333947,45.009577283162415,0,0.38686020973580154,0
538,1781.6841634632242,44.0857065201956,0,0.466626963939374,0
539,1782.4786090671178,45.28228636421272,0,0.37515838114351024,0
540,1782.3205938983833,45.96896063852221,0,0.4633504222698157,0
541,1782.9415963395759,46.03857825123594,0,0.4931210127896955,0
542,1780.2242602824547,45.59286008288239,0,0.40895512139709855,0
543,1783.9356116685262,45.62381570452687,0,0.4260370714514287,0
544,1781.4385772025703,45.10473856167343,0,0.3700985194176467,0
545,1783.5170713707605,44.03532979490415,0,0.5041528001282625,0
546,1782.0968053734518,44.5687712541678,0,0.38034462681191467,0
547,1781.5325332390016,44.50298844925668,0,0.38958879412490766,0
548,1781.831456761356,44.36529770894315,0,0.41354630144239113,0
549,1783.0766075349889,44.82348004547299,0,0.381727863388453,0
550,1780.9640686450464,45.59795670000021,0,0.4070347746608934,0
551,1781.5497865031311,45.55058989942096,0,0.3926520748541815,0
552,1781.4213837313334,44.65485733900309,0,0.3801999812070711,0
553,1779.9414619254812,44.684397850545956,0,0.3934248098373647,0
554,1783.5605103866567,44.90044272784103,0,0.37991622251624774,0
555,1782.694666599051,45.42847580343674,0,0.394666098837948,0
556,1781.9744219741885,44.673540588015086,0,0.3761485193369717,0
557,1783.3963952474978,45.9983864723588,0,0.4852831423422602,0
558,1780.852284178091,44.90665132158964,0,0.37591823920074335,0
559,1781.9118602229103,44.158656159931596,0,0.44469615507632115,0
560,1784.0704834039216,45.10731869894045,0,0.38972245806328915,0
561,1783.1755996963536,44.59897173471748,0,0.38931432740434296,0
562,1779.3294595114073,44.75542360266751,0,0.399617315228846,0
563,1778.00150243712,45.76091636122465,0,0.47432103490237765,0
564,1780.7545153654874,45.66786670794043,0,0.41363215803084386,0
565,1783.273539970427,46.0040653581395,0,0.48647775854424385,0
566,1781.4330650535485,45.35416938558885,0,0.38390916477478626,0
567,1781.7387071222693,44.419169743663616,0,0.4023877042558033,0
568,1782.7299257305556,44.71756481404375,0,0.38062380025142206,0
569,1780.9377572352312,45.46858039381243,0,0.3933166246946881,0
570,1782.2554534745736,45.42773983447929,0,0.38643859541359205,0
571,1782.9505178709724,45.05479083130703,0,0.3735382713814001,0
572,1782.5604158642761,45.735343547108435,0,0.426783296611893,0
573,1782.4751345567709,44.76631276330033,0,0.37689160350391154,0
574,1781.277544662057,45.358676910506034,0,0.3831113083685773,0
575,1782.6171445741993,45.10999930083889,0,0.3738189591757602,0
576,1781.486843912498,43.473108180889696,0,0.591464041696702,1
577,1783.565936340674,44.4716323483247,0,0.4019412522680437,0
578,1785.084111286431,44.45390307506573,0,0.44877984588681513,0
579,1781.1121129412468,45.32483731615531,0,0.3781270915198226,0
580,1779.3905975126715,45.71630185386979,0,0.4411174086808596,0
581,1781.4894721244045,45.370395234362356,0,0.38269892970182817,0
582,1782.4522141287966,46.470275497857386,0,0.5650796345111074,1
583,1783.2601575923404,45.24476530249713,0,0.3811715144173037,0
584,1783.2948186162016,45.556757767477364,0,0.405068842919202,0
585,1781.059258360422,45.18505459124962,0,0.3752907482978634,0
586,1781.048117590795,45.62516148922881,0,0.40419543909870526,0
587,1783.5207611024525,44.84224688784066,0,0.38414512441258125,0
588,1780.6891347570825,44.086362522001004,0,0.47571142090632107,0
589,1783.3082776214576,45.004038358977375,0,0.38095657058994375,0
590,1781.7277344873557,45.616216290732886,0,0.39828797283955036,0
591,1782.9196843061654,44.670221458509694,0,0.3815605386050855,0
592,1782.8473976565165,44.93442379914038,0,0.37467004430617284,0
593,1782.9319829772733,44.461406524269115,0,0.39723232178867623,0
594,1782.9845120366324,44.60374515623107,0,0.3857706167166994,0
595,1780.8127308238063,44.470709701729895,0,0.3970047658660923,0
596,1782.3570253303335,44.348537332207954,0,0.4147966210528487,0
597,1782.016778893579,45.20167297412446,0,0.3714582260031286,0
598,1782.370089634377,44.178747622582875,0,0.443512474861265,0
599,1783.4798980730886,45.0576844701236,0,0.3768903925351809,0
600,1781.6746701106465,44.51253197704526,0,0.3862342977513786,0
601,1781.1456354928548,45.11662043029507,0,0.36850153994459933,0
602,1781.1262614285772,45.26589548723834,0,0.3733240127857096,0
603,1781.6270179466605,45.01990917934291,0,0.36897586685753486,0
604,1782.9031326609133,46.00599851277628,0,0.48186694721132856,0
605,1781.0222212491024,44.979101653069215,0,0.3735309838082711,0
606,1783.3911094741215,45.38438110868726,0,0.39450620712857376,0
607,1782.348541758639,44.94768497267058,0,0.37254309884065523,0
608,1781.7286668952256,44.84026763457325,0,0.3732666168031497,0
609,1780.4020188266566,45.18543404459928,0,0.3808931183260163,0
610,1782.2939198213821,45.53842118535859,0,0.39138016403752723,0
611,1782.829763186511,44.458316114389525,0,0.39730085508024743,0
612,1779.8810810559285,45.009813558356946,0,0.3815500288483703,0
613,1783.4303514855428,45.350141055922606,0,0.3923939104946646,0
614,1783.977296417872,45.047512893988895,0,0.38373563442013525,0
615,1782.4062027562918,45.5395477984723,0,0.39293194774373896,0
616,1782.5901370780389,45.0274403016098,0,0.372054970516034,0
617,1784.8964339959057,45.25032459946084,0,0.41866690257359346,0
618,1783.4782688158214,44.84505300345169,0,0.38359883516412857,0
619,1780.92269136128,45.16862355527363,0,0.37483206168565164,0
620,1781.980025776623,44.934224305995244,0,0.369404973964486,0
621,1781.8116827188594,45.284512596779656,0,0.37035979640705985,0
622,1781.818947844686,44.573281927497206,0,0.38277427297246,0
623,1779.1628786186866,44.93920515894097,0,0.39385114293807916,0
624,1782.9084058086753,44.958863420232014,0,0.3784262815125287,0
625,1781.2359166595243,45.25594034194249,0,0.37462567336297936,0
626,1782.1963817573733,44.4014169384408,0,0.4026111124518694,0
627,1781.8366327875096,43.98741015932019,0,0.49682861657860045,0
628,1783.0453144524217,45.164117706250856,0,0.3790010743796956,0
629,1781.6450295716668,44.42839755582047,0,0.40014455076992406,0
630,1781.0454863270518,45.209481447532106,0,0.3732012222979255,0
631,1782.638906976071,44.5477406668651,0,0.3876333408296196,0
632,1783.6858628218083,44.914320530173526,0,0.38000208726084217,0
633,1781.616227179936,44.19922593959852,0,0.43697056797600925,0
634,1783.6439376333915,45.07167210197361,0,0.3788999956476732,0
635,1782.3146197800081,45.6868393510618,0,0.4135450061306944,0
636,1781.3607246176628,45.91555704521896,0,0.459657873869882,0
637,1783.8301893604298,44.798347041354816,0,0.3905975420160195,0
638,1781.0176483973357,45.10236854949649,0,0.36917797924160256,0
639,1783.2168578389376,44.80366744101374,0,0.38405887871802913,0
640,1781.402176839854,45.76813678871025,0,0.4280037215811957,0
641,1782.5402623747707,44.2426930299327,0,0.43316731955067284,0
642,1780.519022033667,45.6966488493657,0,0.42105808597869754,0
643,1780.994888854495,46.08028102916823,0,0.4940897521816295,0
644,1783.2780627608397,44.27199394094916,0,0.4391875813854722,0
645,1782.2257402222974,44.786426044305074,0,0.37386308554256925,0
646,1782.0459516197595,45.20586343445527,0,0.3717127475726053,0
647,1781.4722301095587,45.618540160534224,0,0.4001617407801612,0
648,1782.5357768084734,44.75799758134166,0,0.37609310933309686,0
649,1780.3232768668827,44.39292843986377,0,0.41836227580893465,0
650,1780.6560777068084,44.16780448922337,0,0.4533542766948048,0
651,1781.8106515616043,45.36552915426832,0,0.38076977136746765,0
652,1780.9988627625858,44.63831073293869,0,0.38365587612414603,0
653,1781.1592874780333,45.608441703794945,0,0.4020818856379274,0
654,1781.9141960903419,44.32324996310801,0,0.4157723334125393,0
655,1781.8349744016643,44.88402522592778,0,0.3690734540468664,0
656,1781.732991959235,44.72148110874536,0,0.37549682296732767,0
657,1783.9983307428827,44.95585305020055,0,0.390109219604651,0
658,1783.2132909603297,44.7023011633026,0,0.38205866058122634,0
659,1783.4756814222346,44.25767970512371,0,0.4470012437463109,0
660,1781.9662055983617,45.250601085568114,0,0.37205681105959976,0
661,1781.3943788546123,45.28521582000289,0,0.3728801294161771,0
662,1780.2553209870584,46.01133527679399,0,0.485879178122352,0
663,1781.5822351143033,45.28067737799866,0,0.3714762151863678,0
664,1779.496853379832,44.27691455590581,0,0.45666211946327206,0
665,1781.2995104195024,45.873811743803245,0,0.44750945380886026,0
666,1782.9170867225205,45.09231169900892,0,0.3745783263389165,0
667,1783.9458362931364,45.110469299129754,0,0.3846156807423054,0
668,1783.1587283000208,43.44608920422179,0,0.5964167322851002,1
669,1780.9660794692618,45.75334077312655,0,0.42874582114379933,0
670,1782.5911422273628,45.353780448841974,0,0.38695173820318973,0
671,1781.0530031699311,44.2165911128345,0,0.4402751530238764,0
672,1782.9875685481056,45.54138943304617,0,0.39879947173654845,0
673,1781.8663665801778,45.434651317843496,0,0.38625242637727975,0
674,1783.0298401373484,44.729286105637016,0,0.3811995518880677,0
675,1785.0874746866796,45.43930548935549,0,0.4421054463391265,0
676,1783.1070291639987,45.09319130787904,0,0.3740994815820232,0
677,1784.7989399344544,45.76024546128759,0,0.46728888091232196,0
678,1782.2129307755774,45.01979603873386,0,0.36964789682714805,0
679,1781.6043387351824,44.98155744525352,0,0.3712383336442621,0
680,1783.600445267052,45.03502591539068,0,0.37770625365445276,0
681,1784.0692278663207,45.408282039717406,0,0.40793283157381827,0
682,1781.3339824865316,45.7531579853304,0,0.4258064025309385,0
683,1782.0919583587154,46.1157505691379,0,0.4961602706829964,0
684,1780.2785645654515,45.40025047454099,0,0.3964651724901891,0
685,1781.7599449468587,45.43240933410307,0,0.38754218093580317,0
686,1783.0659986742028,45.03719721244551,0,0.37286446791231975,0
687,1781.8963381951162,45.296815247871876,0,0.371531396171266,0
688,1781.316935810902,45.113632696358884,0,0.3699617443328979,0
689,1780.3113121173506,44.136913626317245,0,0.4627898601684141,0
690,1782.4419053999013,43.97742582313402,0,0.5028500538782466,0
691,1782.9570487963986,44.79153315655832,0,0.38163527811889175,0
692,1782.715800819331,44.73726314244727,0,0.37867756313357254,0
693,1782.3063788387394,45.00530171417328,0,0.3698260515259733,0
694,1780.4711215807936,44.703914009073344,0,0.38485182932886564,0
695,1784.1141703689375,45.02364501774294,0,0.39096874659214054,0
696,1781.9321563624885,45.46381821126113,0,0.386044559751097,0
697,1781.8262442599876,45.03813384228519,0,0.3683558996153003,0
698,1782.879514260043,44.64008541412153,0,0.38457511191513755,0
699,1779.4041765177542,45.39569236981708,0,0.4079989931649507,0
700,1781.922639315201,44.56931144632997,0,0.38187396171882143,0
701,1781.8358524764242,44.87395053576294,0,0.36982144613499235,0
702,1782.4467397583337,45.19669773524931,0,0.375452653198763,0
703,1783.6165918173294,44.85140793049619,0,0.37990692328901043,0
704,1782.566640154757,45.496658518962484,0,0.3934364013090206,0
705,1779.8014819190068,45.121131344482116,0,0.3803034418903539,0
706,1781.5931078963915,45.04326675915602,0,0.3685655190235381,0
707,1782.2466380377114,45.25531543847398,0,0.3736304816749129,0
708,1782.1766006870064,45.10560671008841,0,0.3709126609151872,0
709,1780.4624845178666,44.44104580775551,0,0.40621165705097695,0
710,1780.0034897521218,44.41615110707517,0,0.42092857750848484,0
711,1782.65881305506,44.78951359300263,0,0.38010740526388814,0
712,1782.4122421116547,44.80191975068448,0,0.37748114027965946,0
713,1781.974438718661,45.03284803124191,0,0.3683609734901006,0
714,1779.9294936196795,45.17145974944787,0,0.383230156476458,0
715,1784.1288604405463,44.99532701460415,0,0.39112153986389914,0
716,1778.519719505792,44.66044886446766,0,0.4226027919928285,0
717,1781.5630832603354,44.91173175131262,0,0.36990320047662234,0
718,1784.509381716269,45.19766125594376,0,0.4079140672352012,0
719,1781.811088957667,45.03410119049469,0,0.367955457870332,0
720,1782.2784842582103,44.722256512266895,0,0.3755793227199741,0
721,1780.5850242726078,44.956145572517116,0,0.37915138092906736,0
722,1783.6303680313554,45.72720277710822,0,0.4368170617660266,0
723,1780.4488525071097,44.682773564263755,0,0.38548896225006857,0
724,1782.3053030078927,44.91225577776179,0,0.3692967900500958,0
725,1782.1618867756213,45.45766000870016,0,0.3876668111616875,0
726,1780.7391305334377,44.77878748222054,0,0.3810689516066912,0
727,1783.0643752819296,44.469152436191415,0,0.39617656531708073,0
728,1780.3008503865244,44.99077847671021,0,0.3809034193881699,0
729,1781.1798185604798,44.57708843735765,0,0.3860544616351978,0
730,1781.9655573565005,45.32822549575522,0,0.3768118570207323,0
731,1781.5050027639245,45.869961404248706,0,0.44759010379446684,0
732,1782.5613680095364,44.89805661353826,0,0.37243173851953215,0
733,1783.1088658092026,45.14107933714657,0,0.3751694169237199,0
734,1781.647471482896,44.78508386158056,0,0.3742085663987958,0
735,1781.3502408385534,45.28545560802169,0,0.3740154359599196,0
736,1781.3796261248835,45.41171478946201,0,0.388363292381433,0
737,1781.5612872659933,44.984273777913025,0,0.37147042780491074,0
738,1782.971578673633,45.51900344367984,0,0.3958675067454975,0
739,1781.738897992142,45.25405346923857,0,0.37153972799033846,0
740,1782.4891674403975,44.17394845552485,0,0.4446735943087052,0
741,1781.89061666876,44.369665706421216,0,0.4128539895717275,0
742,1780.986641789505,45.08772665092136,0,0.3694078591030181,0
743,1783.036463687791,44.32225707515466,0,0.421480302863215,0
744,1780.754350490318,44.392873012806675,0,0.41346481747696445,0
745,1782.0074373560485,45.02364671390617,0,0.3681506677908518,0
746,1783.784428626091,44.95578019332096,0,0.38628992677779816,0
747,1780.6882715495,45.390149264718495,0,0.3923713991791704,0
748,1781.9337737750266,45.06794735153221,0,0.3671730106936246,0
749,1780.0982626819,45.79161229864414,0,0.4409791061812626,0
750,1781.3887004745332,45.044797447682846,0,0.37079270818718274,0
751,1780.2064804097852,45.283655325386746,0,0.3818016684359797,0
752,1781.5660953853992,44.98271706503427,0,0.37147042780491074,0
753,1781.354043046731,44.166439726336556,0,0.44705835832406154,0
754,1782.1583659365672,44.870090145041274,0,0.3705348674605601,0
755,1783.9011610887858,45.939369743157165,0,0.4871911410062927,0
756,1782.3395814199407,44.609991304334756,0,0.3800030060344817,0
757,1782.7898093433,44.86099065027199,0,0.37535973593341626,0
758,1781.9391576726075,44.749233298018716,0,0.3745443375219026,0
759,1781.7065716614406,45.86610654391963,0,0.4453965941953209,0
760,1780.9992218107457,45.239378324856304,0,0.3757241937964389,0
761,1779.8389718148815,45.16687766753942,0,0.38418391868525364,0
762,1782.082344442079,45.308217711713176,0,0.3728607877569817,0
763,1783.954948222977,45.466463150291894,0,0.40324424047377233,0
764,1782.5715598462448,45.27335069588784,0,0.3783761332657398,0
765,1781.3592132496365,45.44607516280188,0,0.38985374609233087,0
766,1783.9792873723586,44.70118370821371,0,0.3944632963727911,0
767,1781.480851797646,44.03582355555201,0,0.4890343299780635,0
768,1781.257392345524,45.02522980487183,0,0.3697283190257388,0
769,1780.544766777962,45.28585876687979,0,0.37776412981896124,0
770,1780.8455388779003,44.06995432682701,0,0.4799376430220161,0
771,1781.7043645565138,44.073476339145756,0,0.4682529196522724,0
772,1784.398824801384,45.388584745416225,0,0.417171327864941,0
773,1781.7525885440832,44.57579769082494,0,0.38381446369534933,0
774,1780.7621804383198,44.6754521484569,0,0.38488700048979546,0
775,1781.2734976446827,45.24005742711375,0,0.3727649578326531,0
776,1781.732565887093,44.96977242249575,0,0.37136778383850544,0
777,1779.9458976909734,45.16600737597592,0,0.3828235182458429,0
778,1782.1519541233286,46.22638596386646,0,0.522789789682747,0
779,1782.8408021826897,44.912926710158935,0,0.37329303006916387,0
780,1782.384974689206,44.67484088352928,0,0.37725185180699905,0
781,1782.7208791809187,44.93940148783478,0,0.3743965094021562,0
782,1780.452543548276,45.452610491689384,0,0.3941249520354578,0
783,1779.961689716824,44.728052738434684,0,0.3901574790953442,0
784,1783.54268951427,46.56196696396567,0,0.5823114660837159,1
785,1783.3131976034904,44.895305998986984,0,0.38036092789263526,0
786,1780.151682651122,46.650803187495974,0,0.582419134314288,1
787,1782.247657989741,45.16402556380436,0,0.3728392189158485,0
788,1782.030633443969,44.22315959376821,0,0.43024882206881665,0
789,1782.653863556047,44.17956440911225,0,0.4453868720355668,0
790,1782.2503034545316,44.8374917210624,0,0.3738205721451747,0
791,1781.397441714494,45.14287725708966,0,0.3692565793836223,0
792,1782.2343079657714,45.99476129991461,0,0.46969289061022934,0
793,1782.188456258002,46.29927296063953,0,0.5368442501750734,0
794,1781.9416468427894,45.487376824266214,0,0.38816344889069004,0
795,1779.7770976433737,46.15809918030128,0,0.5204642383413626,0
796,1778.4057587730713,44.38771288116294,0,0.46459435473394556,0
797,1781.0517734478917,44.43032782420682,0,0.4028785430165967,0
798,1780.0382741902652,44.874445639038385,0,0.3800479382300793,0
799,1782.3030744512973,45.25369749396797,0,0.37378804818140715,0
800,1782.8593160610092,45.39333921457199,0,0.39006410200613706,0
801,1782.315738508475,45.048988500466095,0,0.3672928303369827,0
802,1781.5565665249442,45.29781485523089,0,0.3720674285670817,0
803,1782.0845770135104,44.59384077659014,0,0.37979169862439877,0
804,1783.4008092546608,44.6276427410378,0,0.390964336702926,0
805,1781.1254303596752,44.791770261298105,0,0.37683634190728704,0
806,1783.106753687675,45.02760465954667,0,0.37323590011981755,0
807,1782.849139597109,44.505780942810944,0,0.3916458245173489,0
808,1782.3140211289185,45.86614681174721,0,0.44430069424120805,0
809,1783.7423161892004,44.75006032529131,0,0.3876731734642245,0
810,1781.138617700152,45.10106319178816,0,0.3685096514242514,0
811,1783.1310072269127,43.90834141659913,0,0.5224252959974154,0
812,1780.8852580973182,46.309955398213326,0,0.5438970122656845,0
813,1781.0795621081243,45.35245934233078,0,0.3846064146995579,0
814,1780.728346697965,44.964716252978704,0,0.37895926490885123,0
815,1782.534997917125,44.39589372583607,0,0.40234453432674616,0
816,1780.8722879555007,44.928506609523474,0,0.37339785965591377,0
817,1782.0625918782196,45.88017044044551,0,0.4483868010572648,0
818,1780.6359457060444,44.64954094025198,0,0.38594609197972524,0
819,1783.2795091029416,44.781098099961326,0,0.38236353230008263,0
820,1784.2034082134978,45.35247151612089,0,0.4082225012621087,0
821,1782.2712919707874,44.63901137618796,0,0.37765232241352525,0
822,1783.972038498868,45.23164551178872,0,0.391507106195132,0
823,1782.672796364578,45.06007599519593,0,0.3724886684463073,0
824,1784.6031719786547,44.315059511790494,0,0.45835142948227237,0
825,1782.1196571185314,45.32693500687805,0,0.37691548588944224,0
826,1780.1154916750766,44.26486631432196,0,0.4464737364584351,0
827,1783.7887008369946,45.245349754497695,0,0.3841549422358694,0
828,1781.8483594291838,44.663837302846524,0,0.3774060878792756,0
829,1780.7569859802625,45.33063065006608,0,0.3834931156640337,0
830,1781.212480968639,44.429856387144966,0,0.40177833373607025,0
831,1780.048401933875,45.11158601947917,0,0.3772426225554452,0
832,1781.7987578356713,45.674662054491165,0,0.40777820235061757,0
833,1780.7144834938224,46.17768795607682,0,0.5110927061646445,0
834,1783.781016667414,45.087130901589106,0,0.3804030806126599,0
835,1782.7973903982565,45.92056715624735,0,0.4654790752775772,0
836,1780.0075127764737,45.35834050556043,0,0.39194111690302774,0
837,1780.1887532101257,45.24915975185202,0,0.38149217566359545,0
838,1781.319629063436,44.99631478771904,0,0.3747099048788592,0
839,1779.6899507752855,44.99620700557028,0,0.385470092308009,0
840,1781.868233029714,45.337072897782534,0,0.37879562809558426,0
841,1781.9478622202823,44.54084346397231,0,0.3847465189480622,0
842,1781.0726323992915,44.801869824245216,0,0.3792557170900213,0
843,1781.3442067437472,44.728671555424604,0,0.37979186616341704,0
844,1782.598623412996,45.13302971410955,0,0.37495041338980223,0
845,1783.7060215472916,44.52825505508364,0,0.3988484646418841,0
846,1783.7948078615088,44.963394277303834,0,0.38511022331517775,0
847,1782.0411705967654,45.41449647866383,0,0.38551366794463154,0
848,1783.027018920251,44.457400870686385,0,0.39861411927448925,0
849,1781.1139735282475,44.77905366385135,0,0.3761359224935732,0
850,1782.4943445403612,45.4608884983079,0,0.38912126681973846,0
851,1780.8483936129662,45.396902739015594,0,0.39052440950942474,0
852,1782.875488040058,45.548843284231836,0,0.39814429808231866,0
853,1780.5139185608843,44.80497749606019,0,0.38510266638868046,0
854,1780.8419003142112,45.86197289151364,0,0.4510726666475455,0
855,1781.9899864262077,44.15061460893948,0,0.44533522103618617,0
856,1782.668387018629,44.51229402127259,0,0.38943717288823276,0
857,1780.2741905453215,44.44152211302706,0,0.41110984173541726,0
858,1781.3560336974765,44.70330137986687,0,0.38048269257476663,0
859,1782.1621812614485,45.15869689679164,0,0.3738344801556148,0
860,1782.274855568461,44.9342788185805,0,0.3687041003166962,0
861,1780.993440939178,45.432200641958495,0,0.39157014889818387,0
862,1782.116259069508,44.76672049509158,0,0.3740752016950196,0
863,1781.679315555252,45.549913856394475,0,0.39327736085999265,0
864,1783.6845949894218,45.22927901891641,0,0.3838784650758168,0
865,1782.6682779194052,45.02991376357637,0,0.37286838017102963,0
866,1780.4110855716012,44.901505407487114,0,0.37683156546533697,0
867,1779.358131459592,44.554138287898155,0,0.412853341750222,0
868,1782.1198581602664,45.01583174000261,0,0.368332927778916,0
869,1783.41850145614,45.6962184434203,0,0.4304245726707233,0
870,1782.2084880654652,44.52771451988186,0,0.38420994528138525,0
871,1783.0584792415143,44.54353319486324,0,0.3888309428095829,0
872,1781.418391907563,44.71879456627341,0,0.37868871831370005,0
873,1780.3632953251272,44.74857662065766,0,0.3805902450162162,0
874,1782.898312479162,45.77978995337483,0,0.43718867893125957,0
875,1782.1187307295686,44.95290792875962,0,0.37186665346930375,0
876,1782.8204195125109,45.21560841873864,0,0.38137626251065554,0
877,1780.3421208697312,45.683224187121645,0,0.4182761549320376,0
878,1782.2178641296118,45.284251634811525,0,0.3734303532388644,0
879,1781.2493988120473,44.585011478381674,0,0.38550940602884604,0
880,1782.9679066117817,44.85107055176769,0,0.37601164966809536,0
881,1781.303175210915,45.60004596809594,0,0.40098531202176274,0
882,1781.2711261176282,44.46138238563716,0,0.39535086735496766,0
883,1781.297135547584,44.78912050223131,0,0.37750347159500564,0
884,1783.5164604461615,45.62953577510671,0,0.41854652214245613,0
885,1782.034637034935,44.42034994628609,0,0.40111002961951725,0
886,1781.0880034115803,44.18176322793437,0,0.4461201205828823,0
887,1780.7728989893367,45.49682397480893,0,0.39561806279934936,0
888,1780.7470530700068,45.60822502177847,0,0.405479782266959,0
889,1783.7551530579076,44.96332373256964,0,0.3853708717877188,0
890,1779.8222705838034,45.30198626467642,0,0.3872049001098132,0
891,1780.979570961522,44.559360801820084,0,0.3879199214030164,0
892,1782.7654684099452,45.57282694832028,0,0.40274818421820463,0
893,1783.4141948542924,44.61954292398332,0,0.39145557390731,0
894,1781.8220671111267,44.580087689106314,0,0.38290161080030355,0
895,1782.9426192645285,44.936918257059226,0,0.37560419250031585,0
896,1782.9115407494028,44.675357360589516,0,0.3819136082457149,0
897,1783.183424492249,45.37588880057496,0,0.38880773812306796,0
898,1782.05569803693,45.35035635365505,0,0.38152532556958824,0
899,1783.9859617332484,45.330566435697015,0,0.3946241396358179,0
900,1782.2593504471197,44.748589781245755,0,0.37259433520468654,0
901,1783.857840102807,45.08981564073925,0,0.3835537269182744,0
902,1780.7006538991689,44.625903892136954,0,0.38870785372746525,0
903,1783.1527356663798,45.048774416165394,0,0.37266886841221236,0
904,1780.5179556957266,44.38915389340835,0,0.4187423199177465,0
905,1780.2292999530996,45.326352842492746,0,0.3866729812808282,0
906,1782.6305988916033,44.06814084056621,0,0.47381654014426206,0
907,1781.040306622072,45.014904631911556,0,0.3707381166959721,0
908,1782.5723924820572,45.05138250223678,0,0.3698670993216936,0
909,1780.7528914742963,45.14042638716091,0,0.3722091527968151,0
910,1783.968450585859,44.703489453742954,0,0.3940830431215074,0
911,1782.0544956088427,45.46857643197251,0,0.3857969241262841,0
912,1780.686871500077,44.77947771481185,0,0.3807414615027483,0
913,1782.2587909225297,45.163412515569505,0,0.3728392189158485,0
914,1783.1088959241113,45.674092526933194,0,0.4194127592691607,0
915,1781.1277367193582,44.78264258080619,0,0.37559589361550305,0
916,1782.674099612433,44.81893805664069,0,0.38206750372752046,0
917,1784.5120172542656,43.65966562965165,0,0.6015089573026435,1
918,1783.0985829290487,45.49897958575796,0,0.3933173210438255,0
919,1782.0470975522242,45.14372775803363,0,0.36976783531613167,0
920,1781.376569278753,45.162103587202374,0,0.3716332084307293,0
921,1782.7549656446556,44.721669772009896,0,0.38095568833750365,0
922,1780.2427131666118,45.81953550309748,0,0.44984040386085394,0
923,1778.416226373238,45.25171979593812,0,0.41600125524631004,0
924,1781.263923583762,44.73387799688757,0,0.3762960661641981,0
925,1780.7658405348793,45.09698476874553,0,0.3725347473622504,0
926,1784.1598076527048,45.64405414196643,0,0.4367309260893101,0
927,1782.2350638538846,45.12112901731451,0,0.3688243453491901,0
928,1780.885916284384,44.96225016641634,0,0.3765614896864875,0
929,1780.673750684925,45.23610296554867,0,0.3772625182252133,0
930,1782.6697697417055,44.62952224900263,0,0.38334337082114134,0
931,1781.0745467737595,44.088117842542395,0,0.4674855668723296,0
932,1781.3732387998052,45.52697307802815,0,0.3943687658496941,0
933,1781.9635563092932,44.50257331305988,0,0.3876325817334373,0
934,1782.180435541325,44.25806109917082,0,0.4308060781717111,0
935,1782.192654635301,44.123474060409634,0,0.45592867181480556,0
936,1782.2153064917127,44.29531169036504,0,0.42200432072281413,0
937,1783.6413978649866,45.56616294112684,0,0.40735393044459645,0
938,1784.1224147323023,44.94934675521766,0,0.39306363968959523,0
939,1780.098102735686,44.501030463773276,0,0.4016544723450034,0
940,1785.1755397824475,45.06400825661681,0,0.4209071389529746,0
941,1782.238956515787,44.829819969868964,0,0.3743360215432464,0
942,1783.5778323387842,45.05454938382108,0,0.376599914017803,0
943,1781.1981399173187,44.84777213825558,0,0.3738366607199811,0
944,1782.4767749827463,45.17152122326481,0,0.3755643107209336,0
945,1782.3450077012922,45.947780090473394,0,0.46151583235206106,0
946,1782.2233569056236,45.70337771494486,0,0.41664310728809,0
947,1783.1108570793758,44.83733142168025,0,0.3805645149873589,0
948,1782.8468824527522,44.125347886651745,0,0.4570582595267117,0
949,1780.8823018203177,44.00642475108535,0,0.5029111198937143,0
950,1781.9478933443893,44.595958100015444,0,0.38146761502824655,0
951,1782.9641553057686,44.77016808965287,0,0.38015420295001323,0
952,1782.9142990639139,44.97367531282981,0,0.3776895563711202,0
953,1781.6868369066651,45.041114017595746,0,0.36858653980509487,0
954,1781.7532676167748,44.87520382367538,0,0.37022714087863406,0
955,1781.9055468412666,45.15034982702,0,0.36769637361235236,0
956,1780.7650927277655,44.37212745270116,0,0.42184640391721356,0
957,1780.5453240089766,44.81673920701562,0,0.38454271030454307,0
958,1783.9735466475804,44.811865082035624,0,0.39377048157128836,0
959,1781.6162052908505,44.96132701665095,0,0.37158310749949386,0
960,1782.204820255725,43.990164033852096,0,0.5013618791653399,0
961,1781.1927386614334,44.94472695248032,0,0.3735008528172588,0
962,1783.6473341350622,45.118621064646,0,0.3799962422769221,0
963,1784.193161000768,44.9700875629846,0,0.3939528135543665,0
964,1781.8264978277514,44.10462778157577,0,0.45774376885106477,0
965,1782.7076938363102,45.5414602663697,0,0.3992031759381689,0
966,1781.184413241737,45.066773784232794,0,0.3694375674482362,0
967,1784.2084171979845,44.65718509616067,0,0.40346311357383496,0
968,1783.2013703548987,44.5986019785053,0,0.38887654289365275,0
969,1781.082457590408,44.928353542829626,0,0.37065618218007085,0
970,1783.587808125396,46.04498527555961,0,0.5026388688462171,0
971,1782.5223057265189,45.8873818640514,0,0.45395650144255806,0
972,1782.586447164388,45.15007658428882,0,0.3744683242150775,0
973,1782.5186961440834,45.996621746871746,0,0.4741471132631765,0
974,1781.2868730483851,45.627955494680144,0,0.40187271652699286,0
975,1781.4431602736126,44.94640989924879,0,0.3761726357151407,0
976,1782.835450676862,45.26640274530503,0,0.38073985057429377,0
977,1782.0282042505487,44.547075160542775,0,0.382271440620294,0
978,1780.9490268701788,45.36743710421809,0,0.38738996913814805,0
979,1784.5240189266297,45.60462533925186,0,0.43560649028939114,0
980,1781.834261880642,44.72500383378178,0,0.3766766675321641,0
981,1781.4139099331453,45.263415554461815,0,0.3740206784228247,0
982,1781.2473819427526,45.571972063189925,0,0.3962635501658875,0
983,1782.9125261427012,44.81514800038326,0,0.3837476749964041,0
984,1783.2535987952429,45.79269795609731,0,0.44534951166777986,0
985,1782.3784740641147,44.63778176759633,0,0.37935358723808427,0
986,1783.1261101197554,45.10340177596338,0,0.37448369818098265,0
987,1780.283824999794,45.306023522026514,0,0.381874263033182,0
988,1781.6362377528276,44.9898009786502,0,0.3715924631371283,0
989,1781.5171531058816,44.29160656276561,0,0.4243587355861173,0
990,1782.0872120162444,45.7807843263082,0,0.42966592708235357,0
991,1782.6663853286705,45.37585118562077,0,0.3890395505596179,0
992,1779.6318639639283,44.874047920865515,0,0.3863407105649383,0
993,1785.8295255114333,44.828896263972936,0,0.4457528369320195,0
994,1781.0368129778199,45.67604519026369,0,0.412289838842978,0
995,1782.4903054490062,44.43639224226584,0,0.39841740312049767,0
996,1783.068799405242,45.13008397048092,0,0.3751054199890361,0
997,1783.0958907101262,44.941188599342475,0,0.37536214853914873,0
998,1782.361835373323,44.38855039315019,0,0.4041804607478833,0
999,1778.5787534605834,45.258630197471604,0,0.4107884839246985,0
1000,1782.2570535616735,44.570365344532775,1,0.3808087985757159,0
1001,1779.657763757405,45.54711931577353,1,0.41262341721438517,0
1002,1781.8274699905073,45.15500566786657,1,0.3681257378527528,0
1003,1780.1542113602054,44.768274113416304,1,0.38235813556093967,0
1004,1778.9770286069233,45.2574126477043,1,0.3988141708993601,0
1005,1782.2397321607737,44.91724781177131,1,0.3683977086344265,0
1006,1781.5738547803805,45.11016611203826,1,0.3670215568930717,0
1007,1782.3466209922547,46.09187171969276,1,0.49283423239100094,0
1008,1779.2582064873181,45.153399993310316,1,0.3903018122131248,0
1009,1783.699508208991,44.6042362689476,1,0.39490676839194455,0
1010,1783.2136412066443,45.15059850252526,1,0.3748304073342607,0
1011,1780.3127854955435,45.24993937795585,1,0.3794571937471301,0
1012,1781.9089505990314,45.24535392456718,1,0.37097858346827467,0
1013,1780.946438845371,44.817460734353695,1,0.38210815163853423,0
1014,1782.2125150374031,44.08190143996293,1,0.471486591947566,0
1015,1781.6500246524954,44.21717338368058,1,0.43386646093249776,0
1016,1781.449824793017,45.10526249453625,1,0.36960321624844755,0
1017,1781.4712295522675,44.65338239687753,1,0.3798339301585903,0
1018,1780.34930667081,44.57351885642003,1,0.3922676308808187,0
1019,1780.0363248948638,46.12488251521954,1,0.5129744671503584,0
1020,1780.6057053529753,44.65274801455307,1,0.38601977857988307,0
1021,1781.8214430141254,45.144224749347586,1,0.3677976999342678,0
1022,1780.6776238256139,44.499413599269005,1,0.396205870844084,0
1023,1781.13604453984,45.440094102885844,1,0.38981726729946165,0
1024,1779.7342323998653,44.926822585138574,1,0.3839524587979402,0
1025,1781.0248046731413,45.059113636172434,1,0.36898585499325104,0
1026,1781.65332061354,45.054266351421525,1,0.36733671820289715,0
1027,1780.8715709897285,45.02841819075472,1,0.3733338846006987,0
1028,1779.645066668969,44.920194450426905,1,0.3862645373005563,0
1029,1782.6643800656004,45.081981961816744,1,0.37283854269317,0
1030,1781.4675945616557,45.17855900773334,1,0.371794648731596,0
1031,1779.6649112450602,45.77222292654192,1,0.4417275077924875,0
1032,1781.7926260002878,44.62852170363796,1,0.3800990896696596,0
1033,1780.299765068506,45.55275174707868,1,0.401999637115491,0
1034,1781.2624192482472,44.45795606995148,1,0.3953769575158895,0
1035,1780.3017808364316,44.956931153834866,1,0.38134631238803113,0
1036,1778.536561459482,44.19284515027372,1,0.4865290512171836,0
1037,1779.9646790322986,44.44746263439867,1,0.4154181382675436,0
1038,1783.1570057973859,44.6128563610289,1,0.3878517389815253,0
1039,1781.9645225249808,44.08463379746123,1,0.46811368579996027,0
1040,1780.5768689749325,45.86782134690756,1,0.45198307090568457,0
1041,1779.6708443600992,45.2382002145616,1,0.3876286684916645,0
1042,1778.8807662054328,44.73542464580982,1,0.40924075357914813,0
1043,1779.6405873129245,44.20119376854663,1,0.46160012166904785,0
1044,1781.0744444979769,44.323300894419575,1,0.42106226477648223,0
1045,1781.5729713547425,44.965923697073706,1,0.37231597604877353,0
1046,1782.300573402857,44.17323747684727,1,0.44259985689939807,0
1047,1778.3314767731413,45.468723233407744,1,0.43459452508402985,0
1048,1779.1103218031888,44.63955199471121,1,0.4130963590908338,0
1049,1780.5454354628819,45.05190245180942,1,0.3741490771510968,0
1050,1779.06580794301,45.1519753271584,1,0.39146214440528326,0
1051,1780.8201152236745,44.10389698570125,1,0.4667117186598075,0
1052,1778.9758279918678,44.888304995295215,1,0.3978210124998769,0
1053,1780.6043311063559,45.10829668689599,1,0.3726146447611697,0
1054,1779.0347944255561,44.8523990385167,1,0.39624988357205554,0
1055,1781.5266900789525,44.967741898402345,1,0.37317732788710095,0
1056,1779.5301927597013,45.415972920646105,1,0.4049678480871925,0
1057,1778.930696698515,44.67048237159419,1,0.4151344746379072,0
1058,1780.3831186700868,44.758021957683326,1,0.3799706325773211,0
1059,1778.9426890337402,45.75096776886185,1,0.45316478167493207,0
1060,1783.6916231622013,44.83329227197115,1,0.38646936725336745,0
1061,1780.0849933303525,45.39929195515601,1,0.3952628584334524,0
1062,1779.4107594171514,45.53376878496974,1,0.4163618209888853,0
1063,1777.3019502680404,44.075316969781056,1,0.5379460709830738,0
1064,1780.58176300857,44.863173678601356,1,0.3762790290933662,0
1065,1780.6352736014173,45.40239250070528,1,0.393984732154612,0
1066,1778.1327804534556,44.970017273469516,1,0.4198609279045962,0
1067,1778.3254391942808,45.38075486849715,1,0.43112063123989564,0
1068,1780.2150151334802,44.22303771155089,1,0.4500575139562752,0
1069,1780.9800694674873,45.030327016400086,1,0.37252405765894975,0
1070,1777.3128280974033,45.581347408123804,1,0.4666052505128438,0
1071,1777.746812660535,45.442859132198826,1,0.43979697990328226,0
1072,1779.75184304374,44.89963801941039,1,0.3855461882667682,0
1073,1781.115317280354,45.122488831681686,1,0.36810332973957455,0
1074,1777.4222405047396,44.53172810898404,1,0.46531179455211974,0
1075,1779.1044721545773,43.80512798825464,1,0.565894293978656,1
1076,1781.0324285194606,45.27354386188417,1,0.37543262305732794,0
1077,1778.634945417159,44.744128222884456,1,0.4146994065556257,0
1078,1780.127666221227,45.47727313796945,1,0.39590379488020405,0
1079,1779.9241579238706,45.985040544504514,1,0.4857151200415143,0
1080,1779.040023281932,44.19323914364142,1,0.47436449422456517,0
1081,1777.310342673186,45.07020284467311,1,0.4354601319551063,0
1082,1779.475218258068,45.16490779006495,1,0.3895430246696913,0
1083,1779.0770478065242,44.70248613701635,1,0.4046097155181525,0
1084,1779.9753432636003,45.360052068476584,1,0.39299909946008516,0
1085,1777.1186311174106,44.71416907473124,1,0.45399826858434156,0
1086,1779.4898094556659,44.822532379834335,1,0.3951109748213158,0
1087,1781.4615284781173,45.02488200607128,1,0.3710802356196988,0
1088,1778.402780524743,45.94341042707617,1,0.5085160174517814,0
1089,1776.6861886029797,44.891408624668294,1,0.4537958335976855,0
1090,1778.739061969626,45.650823960555684,1,0.44398260560642694,0
1091,1776.4615271098833,46.156547082219106,1,0.574317416931112,1
1092,1778.3664693303067,45.56531866089644,1,0.44472622999595246,0
1093,1779.0202458140445,44.368364123216786,1,0.4574990305573945,0
1094,1778.7760862783018,45.058425911564754,1,0.3975776502431518,0
1095,1779.8598640514288,45.208552537548066,1,0.3847318898182596,0
1096,1777.6388622375914,45.38355805221215,1,0.4439541352557679,0
1097,1778.541943818628,44.97064434944737,1,0.41043814959179703,0
1098,1778.9273367460905,44.5259066864082,1,0.42897553264310045,0
1099,1777.8298031028676,44.92780039986757,1,0.42378887841848945,0
1100,1777.618074280131,45.56802267335231,1,0.4605875227849644,0
1101,1778.5793999151344,45.54490271558585,1,0.4380767694237438,0
1102,1778.1831662869015,45.555856439024446,1,0.4450534961054396,0
1103,1777.717438333054,45.27637903391085,1,0.4308404304799439,0
1104,1777.5291921990918,45.777662888575065,1,0.48959710487940067,0
1105,1777.849255815556,45.42292842148095,1,0.4388069084950811,0
1106,1778.0129979731043,45.46567938824275,1,0.4353375208514291,0
1107,1778.4599597820625,44.98832844136406,1,0.4122405745105139,0
1108,1775.5359039098894,45.96408319658681,1,0.5452218110179079,0
1109,1776.9305867926898,45.260328481410774,1,0.4475265905976059,0
1110,1777.1194554316833,45.22421438765397,1,0.4432551675570427,0
1111,1778.927175454366,44.31346266449317,1,0.46290512885940205,0
1112,1778.66729998219,44.24483756582967,1,0.48194217853040594,0
1113,1776.8091490754127,44.59481100230791,1,0.46920594386712533,0
1114,1776.608933547858,45.04713080260136,1,0.4517752489022015,0
1115,1777.0958465415574,44.626502795158764,1,0.46060487252518717,0
1116,1777.665210998331,44.4283798520636,1,0.4754623128146911,0
1117,1776.2552580617075,45.07449549415001,1,0.45687258510907575,0
1118,1776.1082643163443,45.27148252699792,1,0.46601286578721673,0
1119,1776.8514387602602,43.60157173825207,1,0.6272313619662933,1
1120,1777.8074172030565,43.49161090928922,1,0.6223261813504982,1
1121,1778.759870627674,45.359355749754265,1,0.41602866153362966,0
1122,1778.2991440931671,45.518651984472775,1,0.44190230635781336,0
1123,1775.9780888169134,44.934155935652825,1,0.46649379063427326,0
1124,1775.4075759864431,44.23360677926401,1,0.5262344305658806,0
1125,1778.752485677504,44.79449062692091,1,0.4109626198701774,0
1126,1775.1500023313552,45.150393168494084,1,0.4695093516934651,0
1127,1776.594189448758,44.98602741299989,1,0.45635769295145395,0
1128,1776.1871125540908,45.50168229689523,1,0.47847401288401914,0
1129,1777.9946944576086,44.95374348247835,1,0.4228535963508061,0
1130,1777.1833332706738,45.75842323489788,1,0.4959989100949914,0
1131,1777.063987019365,44.39016388349646,1,0.4912769772131544,0
1132,1777.2643182477557,44.42368622597644,1,0.4824408034598182,0
1133,1775.5116057432504,44.7850406355471,1,0.4737082938304752,0
1134,1776.7642806437157,45.5794129186612,1,0.48243479534717304,0
1135,1776.3893547110556,44.169793720537626,1,0.5250374335848258,0
1136,1778.164343419917,44.40298607854436,1,0.4654242453201218,0
1137,1775.6543979335247,45.190336781685396,1,0.4690294729366447,0
1138,1775.9025582251193,45.114330089504264,1,0.4648088389055109,0
1139,1780.5788845103339,44.696182627237306,1,0.38407799370887746,0
1140,1776.713527616255,44.86729750968267,1,0.4536620658758492,0
1141,1777.7764741488727,45.668365280925556,1,0.4684027695560855,0
1142,1776.5389478706343,44.26607779162737,1,0.5143354879963989,0
1143,1776.252611083536,44.88061897628015,1,0.46005586613072125,0
1144,1776.2100064518888,44.90372392136378,1,0.4629589144815107,0
1145,1774.633729739994,44.67930967510227,1,0.48439746449178067,0
1146,1774.6247135878953,44.824249498129916,1,0.48335041192823824,0
1147,1775.272200659833,44.87769168773015,1,0.4716796720884343,0
1148,1775.8929250571364,45.39083294144539,1,0.4784755159066357,0
1149,1776.4193177927657,45.47618536424629,1,0.4731889116875907,0
1150,1775.2339196828752,45.56731299086517,1,0.4959948127428391,0
1151,1775.8120864668851,45.9536990549132,1,0.5448530461665878,0
1152,1775.2131679548695,45.13307252969076,1,0.46912231658405956,0
1153,1776.659637623664,44.408903606545074,1,0.4901383345165827,0
1154,1775.1706218259171,44.331451204146624,1,0.5179883926097044,0
1155,1776.0491444545628,45.14086857513086,1,0.4619221801402808,0
1156,1776.0436351472172,45.25043669361467,1,0.4653110019294279,0
1157,1774.280097168647,45.30768065956704,1,0.47702020624848207,0
1158,1775.8524049786695,44.79318359141125,1,0.47488419682026956,0
1159,1774.2092003222238,45.17787953633195,1,0.4734821616032311,0
1160,1778.3325408740632,45.75615134603069,1,0.4729194533852189,0
1161,1775.159857657336,45.14339205803769,1,0.46932380337108853,0
1162,1775.74896650645,44.56324345043693,1,0.47991366682702546,0
1163,1773.9505062073047,44.927987373057455,1,0.4814993405120415,0
1164,1775.9785435073072,45.31043828229865,1,0.46909609406716235,0
1165,1777.225177862909,44.76818834599428,1,0.44805343253867647,0
1166,1775.8474422703002,45.70859644554372,1,0.5098422513822747,0
1167,1775.3093111392548,44.90609487850503,1,0.472809923448603,0
1168,1776.2989499095238,45.018352480707804,1,0.4559779289607908,0
1169,1776.1169552927543,45.14707638747047,1,0.460031977518325,0
1170,1776.977652170749,45.76220879373307,1,0.49885649609150456,0
1171,1774.4223443577544,44.366331134077654,1,0.5209473160568836,0
1172,1777.1254105569737,44.517111877846986,1,0.47305650051966736,0
1173,1775.750365125077,44.378911825316685,1,0.5059995211353896,0
1174,1777.0897831284942,44.39061798292842,1,0.4904170573199066,0
1175,1775.9650352190004,45.25432042611507,1,0.46822536504256806,0
1176,1775.3818689361644,44.929987330383106,1,0.46786816438706436,0
1177,1777.1369231574008,44.8955803190219,1,0.4437644295450839,0
1178,1774.533602224943,45.12961380566304,1,0.47138524959572664,0
1179,1775.1763157037628,45.327113173490254,1,0.47639483059842674,0
1180,1774.2149177748631,44.925666976221265,1,0.4770109591679938,0
1181,1776.584261686187,44.844252639404715,1,0.46042113527579404,0
1182,1776.5014956303185,44.899341322999454,1,0.456699093134785,0
1183,1777.300129268512,44.47593375270493,1,0.4699151639605172,0
1184,1773.8795617750002,44.33152331196422,1,0.5254851546271115,0
1185,1775.521383968418,45.22825744226193,1,0.46769495214731327,0
1186,1774.05992560711,44.894330364063464,1,0.47963787838438865,0
1187,1775.9922620177902,45.11293246665173,1,0.46452705177272313,0
1188,1774.5331133952832,44.410174795801765,1,0.5052521921087493,0
1189,1773.2431279290236,45.0481105599188,1,0.4860049898698613,0
1190,1777.5661227213727,44.870674189327865,1,0.436672449217361,0
1191,1776.2884200230035,44.785100199953916,1,0.4642771566123803,0
1192,1777.1837292309413,46.23658856273646,1,0.5828600664051418,1
1193,1776.8256212208723,44.26595493650113,1,0.5138137642557356,0
1194,1775.9135038317108,45.277204328755545,1,0.4677757891658582,0
1195,1775.1238883203637,44.966520814923776,1,0.47483933922187566,0
1196,1775.76584473985,45.99255630715863,1,0.5494251337890595,0
1197,1775.0001370947548,45.62464401962082,1,0.5035950398474747,0
1198,1774.8447683439927,45.27274563084228,1,0.4745474831355707,0
1199,1772.2581122064582,44.990579649264035,1,0.5019355608124941,0
1200,1775.441630548792,44.32650471924898,1,0.512450520912277,0
1201,1775.2788275336063,44.04374292894367,1,0.5649329964062341,1
1202,1773.8557264604938,44.7435155353238,1,0.4872335067909503,0
1203,1775.311021042541,45.69276353083443,1,0.5084049336056327,0
1204,1774.794103646242,44.94901904467269,1,0.4759511564308422,0
1205,1773.2089712762738,45.180474548899596,1,0.48828556778350257,0
1206,1775.5410932484708,44.8358420845462,1,0.4740796285812952,0
1207,1773.5079651485041,44.11908191883226,1,0.549942592336191,0
1208,1776.1189351091796,44.299545318934896,1,0.5123751849706076,0
1209,1775.7691613493223,43.57537480508781,1,0.6338347432074719,1
1210,1774.9449250010844,45.44799157734113,1,0.485105571548628,0
1211,1773.5338540402652,45.378189577866664,1,0.49083030692612917,0
1212,1774.5897964772182,45.08622147748515,1,0.4700810726698699,0
1213,1774.8430670911814,44.730444738437924,1,0.48169206868907344,0
1214,1773.2863339452367,45.24798703316976,1,0.4870766108989726,0
1215,1774.1352374540072,44.93737661935163,1,0.48017408216447716,0
1216,1773.613651891609,45.88198285641022,1,0.5425820182132275,0
1217,1773.2039813092726,44.73411395701451,1,0.49445106486281903,0
1218,1776.0347414585979,45.61640733863157,1,0.4967839357618066,0
1219,1774.287277519085,44.706196515041974,1,0.48483065878486026,0
1220,1773.880203466063,44.898507385581894,1,0.4820609949076057,0
1221,1773.2635232580972,44.79492289252012,1,0.49564376763038354,0
1222,1775.750972233441,45.194082211394324,1,0.46801450489096613,0
1223,1772.8030279464676,45.15523090601294,1,0.49270131955240254,0
1224,1776.1269639107727,44.7465339234826,1,0.4694278775026427,0
1225,1775.6515310577417,44.943704547069764,1,0.46683337530305513,0
1226,1771.556180122877,44.60933015050794,1,0.5119275850218733,0
1227,1773.2522417043479,44.77033850071694,1,0.4942249914257335,0
1228,1776.1376322358171,44.506450305640065,1,0.48501177290117586,0
1229,1774.0730757707286,45.05415168364481,1,0.47410211467886676,0
1230,1773.0874017520307,45.240772473222414,1,0.49120103090696354,0
1231,1774.7091250840292,45.04008877192159,1,0.4700671600067465,0
1232,1773.4403404330844,45.432876743830136,1,0.49329831783122935,0
1233,1774.290057611588,44.7517049342196,1,0.4851139133321231,0
1234,1772.9790605608546,45.10338604113531,1,0.4905850397322938,0
1235,1774.8141591020544,44.3382716406199,1,0.5188814371177521,0
1236,1774.8713216243714,45.22558042466413,1,0.47488107558897935,0
1237,1774.5720204859774,44.51368880454499,1,0.49593060259499583,0
1238,1772.5740332672979,44.037297884043795,1,0.58420334404974,1
1239,1772.905102791441,44.72145949942596,1,0.4985798434787965,0
1240,1772.7716898021833,45.15207830554624,1,0.4936700934747095,0
1241,1776.7638169448257,44.97264633281122,1,0.4550538487799031,0
1242,1772.185872574897,45.14483769436714,1,0.4969542093042325,0
1243,1773.5222968946277,44.956618088847605,1,0.4848284862957435,0
1244,1771.546946173524,45.176886984152965,1,0.507851468874558,0
1245,1774.999325480981,45.24415804045033,1,0.47404971868995366,0
1246,1771.7366542330217,45.67334194324201,1,0.5358029604550819,0
1247,1772.909291538768,43.95791557458538,1,0.5869809361283221,1
1248,1773.614292951392,44.99449498635071,1,0.48308076587461685,0
1249,1772.6348769880447,44.89394571825306,1,0.4990194908440253,0
1250,1775.4399646883057,44.161593315013945,1,0.5302254338519222,0
1251,1773.5032893364476,44.91884973494207,1,0.48550527335088295,0
1252,1774.55308792251,45.17994589979458,1,0.4723035817246196,0
1253,1773.376023439158,44.896679818058445,1,0.4876601597286644,0
1254,1773.475530310571,44.63842201474717,1,0.49060541899421284,0
1255,1774.5267513582992,44.43332518691045,1,0.5059057118873267,0
1256,1773.5700723267541,45.22517564606838,1,0.48369208655688356,0
1257,1772.3765997897767,45.60740936084433,1,0.5213883820002163,0
1258,1771.905685909698,44.41562305772105,1,0.5253416634651845,0
1259,1775.0636702305694,44.40731694483617,1,0.5031548464806151,0
1260,1773.393724104129,45.14391482614719,1,0.4825344781749565,0
1261,1773.412578605285,44.394859693318,1,0.512098656960074,0
1262,1773.69732140399,45.015339854208726,1,0.47783003516864475,0
1263,1774.7264431179376,44.50110857905588,1,0.49530224463222783,0
1264,1773.2744516894472,44.413465856157416,1,0.512517666293281,0
1265,1771.6311163058351,45.43647779317772,1,0.5170352949861419,0
1266,1771.278117027558,45.11037491801871,1,0.5101619836969038,0
1267,1772.8124827012723,45.24175397523196,1,0.4959498255409625,0
1268,1770.9172458685791,44.50116109138855,1,0.526349300043884,0
1269,1773.975014189295,45.31442028876934,1,0.48261599143851197,0
1270,1774.4764156114397,45.24295142988758,1,0.4747632232997683,0
1271,1770.1816861073294,44.81945713503097,1,0.5203589200187226,0
1272,1772.0747637326797,45.00455228826108,1,0.5006609898637325,0
1273,1771.428150477445,45.269589735661945,1,0.5124104650026946,0
1274,1775.6415094246079,45.13749757508384,1,0.46334860559757124,0
1275,1771.725334457376,44.99976418545473,1,0.5061573357824319,0
1276,1774.2579011292742,45.5666906791216,1,0.5002104915036046,0
1277,1774.8733465230766,44.93609652224293,1,0.47487473489744686,0
1278,1772.486389410183,45.85840875187624,1,0.5526457418002858,1
1279,1772.794671917269,45.35795617869347,1,0.500379257838395,0
1280,1774.0227849943933,45.20482784679058,1,0.4812578454067258,0
1281,1769.3707938261362,44.99857517876424,1,0.5240813530804097,0
1282,1771.8036482480732,44.26518351636908,1,0.5522760726822559,1
1283,1771.9386435138724,44.7341476983182,1,0.507344979325272,0
1284,1770.1271295544298,44.921182171055044,1,0.5144730489985065,0
1285,1770.6715299140894,45.28232452417611,1,0.5178276034397861,0
1286,1772.3510406625082,45.45577496058113,1,0.506731576771859,0
1287,1772.0289726745723,45.03883012615581,1,0.5005370021710235,0
1288,1769.3232054955438,45.398076009692744,1,0.5316038678762337,0
1289,1772.645665722733,45.44080737050344,1,0.5046028895872426,0
1290,1773.0267828213425,44.99476686394275,1,0.4938648698209228,0
1291,1772.7905242448066,44.438251504101586,1,0.5200086492891883,0
1292,1771.4783727826823,44.396013407397035,1,0.532161586825918,0
1293,1770.0617649720168,45.3157963905448,1,0.5210661955369834,0
1294,1771.2660420161592,45.37626105549738,1,0.5180724896923077,0
1295,1771.5482626345581,44.55711770434657,1,0.5171222302221432,0
1296,1771.5606669097874,45.08326879013332,1,0.5039695340944199,0
1297,1770.7291502547691,45.02883116889917,1,0.5157029436793082,0
1298,1771.5601580219932,45.335298332234856,1,0.51283185232199,0
1299,1770.571887226658,44.65959704370283,1,0.5184160350560202,0
1300,1770.200788814626,44.26416198761475,1,0.5654303773561544,1
1301,1772.9045388975462,45.51043532272739,1,0.5053778657099978,0
1302,1771.1697649641908,44.880912744575454,1,0.5113491819381426,0
1303,1770.3603352014945,45.54959459010499,1,0.5398646277031577,0
1304,1772.3603659729458,44.972085383126995,1,0.4999231325338453,0
1305,1771.697504753543,45.39438958455785,1,0.5164242725630794,0
1306,1770.6773526194133,44.84512951371924,1,0.5200188295993959,0
1307,1771.364528775985,45.260812211868114,1,0.5122025552731985,0
1308,1772.8298502008115,44.8969946767062,1,0.49633229220870556,0
1309,1770.3565739605103,44.33396370121533,1,0.5530173183054494,1
1310,1772.0227549479469,44.50842751274278,1,0.5185502156260774,0
1311,1773.1551697097955,45.1846903706719,1,0.4933671765088096,0
1312,1772.1542632564701,44.918212912239326,1,0.502079445759531,0
1313,1772.8656925935554,44.42986149784805,1,0.520638450735426,0
1314,1769.8136926926854,43.67489752804125,1,0.6414947223194701,1
1315,1771.2731093985865,44.72540321817056,1,0.5139439178753894,0
1316,1773.989591567979,44.92302361628158,1,0.481190138720794,0
1317,1771.9388922655805,44.16698520591469,1,0.5583324960705373,1
1318,1773.1926671268789,44.901244765808364,1,0.4907476481190145,0
1319,1771.2306297789903,44.6367190154951,1,0.5137482391644507,0
1320,1771.9825348054283,44.71714038405374,1,0.507129360239972,0
1321,1772.3475071907387,44.43140221807749,1,0.5224490913373637,0
1322,1773.0165834085885,44.73021102325237,1,0.49660901681435343,0
1323,1771.3322426530883,45.255065481885225,1,0.5125235007563987,0
1324,1772.7722134615826,45.533792827953526,1,0.5122413340589259,0
1325,1770.2650719045214,45.63447617562815,1,0.5415007314733291,0
1326,1769.680678793553,44.742074651803826,1,0.5251403176283787,0
1327,1769.9586272363579,44.63316562816492,1,0.5231962073029668,0
1328,1771.3150616580074,44.83747578855702,1,0.5174137183302676,0
1329,1770.8440701989664,44.6353667597096,1,0.5167694508789783,0
1330,1769.8430732242264,45.479795494546245,1,0.5303998047364313,0
1331,1770.8960695559967,45.266061349262834,1,0.5161668337734048,0
1332,1771.3499790838232,45.157210496303236,1,0.5102807546171885,0
1333,1772.20643651194,45.41133175881312,1,0.5087946309662809,0
1334,1771.4842407496694,44.747068823087204,1,0.5133049622048877,0
1335,1769.3943052026855,44.516860414854605,1,0.53257279320691,0
1336,1770.4867313512477,44.89050096551373,1,0.5156444963224981,0
1337,1772.3357955388658,44.82814213552677,1,0.505106503611492,0
1338,1772.453919083651,44.48203408550552,1,0.5145583619041009,0
1339,1769.7998824444478,45.285951662439615,1,0.5257266427015426,0
1340,1770.9482800300082,45.499893545263646,1,0.5274951780015379,0
1341,1770.0741955176072,44.90683868428015,1,0.516998772454919,0
1342,1770.0650945000639,45.098192343979036,1,0.5183319879792744,0
1343,1770.3444683040452,45.05795985045857,1,0.5142596003770421,0
1344,1771.1789308797156,44.58268454130173,1,0.5169301705207198,0
1345,1770.9105017493262,44.64827984987005,1,0.5169425964734375,0
1346,1770.1225788289037,44.74490970555339,1,0.5208367020248598,0
1347,1769.437511569901,45.0465064165406,1,0.5206884431031996,0
1348,1769.8040365970505,44.5401316673718,1,0.5315929536307187,0
1349,1773.780521382323,44.71282040729281,1,0.4851711289267726,0
1350,1771.094956408905,45.22842305095123,1,0.5141154480238406,0
1351,1773.312409362537,45.04416790089236,1,0.4842540580575455,0
1352,1772.549207854361,44.880226919624654,1,0.49972929304847086,0
1353,1771.650878942289,44.48587026904941,1,0.5196408363087095,0
1354,1770.8279445216165,44.025665863173366,1,0.5991031690106603,1
1355,1768.7846710243439,45.91878809612818,1,0.5837781401627553,1
1356,1770.888084053,45.84144526391444,1,0.5690398525827888,1
1357,1772.841843594523,45.45592176551202,1,0.5036611796631341,0
1358,1769.0229557215534,44.779691921313855,1,0.5295823032046653,0
1359,1769.9537472376517,44.16158701580869,1,0.5733025544901869,1
1360,1772.015369744341,44.555011986059775,1,0.5130435914582764,0
1361,1770.4414367898983,44.10130911995809,1,0.5799006839596649,1
1362,1771.7055153890483,44.87061900128111,1,0.5071377967322346,0
1363,1770.3091945239426,44.73525536659588,1,0.5162969445637315,0
1364,1770.7838019178707,45.772236413284546,1,0.5569231355621473,1
1365,1770.0407145796833,45.413255852912165,1,0.5294458524452047,0
1366,1769.8891055042811,44.68510872862129,1,0.5248043067609336,0
1367,1770.1199149081572,44.23783304347729,1,0.5692562500008401,1
1368,1770.9336669403633,44.55176252969729,1,0.5258789653308472,0
1369,1770.137430049659,44.83072703947072,1,0.5209219766048706,0
1370,1767.708306895835,44.83714658152917,1,0.5393650313792052,0
1371,1770.2478987409556,44.111196857205115,1,0.5771779930368303,1
1372,1771.9527637784863,45.51154878258869,1,0.5195707118727126,0
1373,1769.8271079901308,45.626605902806546,1,0.5446955184328763,0
1374,1768.4478348112684,44.25092491202385,1,0.5771514434562997,1
1375,1769.7384268906449,44.87113632673043,1,0.5227097970168377,0
1376,1768.303205833939,45.49497908822615,1,0.5462673263881024,0
1377,1771.4660007997193,45.11143769956471,1,0.5085629847164473,0
1378,1770.254139793629,45.031046298449866,1,0.5162084621909501,0
1379,1770.311068872766,45.310470096439836,1,0.5191266384729961,0
1380,1769.5765798034251,45.01802835506774,1,0.5221206966210528,0
1381,1770.6074657074141,45.04355254293963,1,0.5150696780502321,0
1382,1769.8765239941054,45.214237246003734,1,0.5275683470550129,0
1383,1771.4564024058234,44.72766937551267,1,0.5123330651914253,0
1384,1770.6969984407822,45.110192961820346,1,0.5158799599785361,0
1385,1768.118653946704,44.69537102817288,1,0.5409007165419027,0
1386,1768.5307299209176,44.26250525384058,1,0.5761540988917496,1
1387,1769.5392291416442,45.09517671418387,1,0.5229196369627225,0
1388,1770.4057680931628,45.896890836741115,1,0.5748400489264488,1
1389,1769.3932851788236,45.420600116348886,1,0.5331314498009667,0
1390,1768.3624395269796,45.702952354492126,1,0.5617302404623207,1
1391,1768.6491223672062,44.420270497677464,1,0.5507784442790177,0
1392,1769.3414186125594,44.183106485059085,1,0.5739418787098135,1
1393,1771.3598602999618,45.68660475241245,1,0.5429374720504481,0
1394,1768.4534941668114,45.672132542895156,1,0.5549830650247823,1
1395,1768.8271423770316,44.45862042379387,1,0.5438468308525825,0
1396,1769.9797892697657,45.9122026669474,1,0.5810521067636495,1
1397,1769.7213872375278,44.78984530810106,1,0.52850789163395,0
1398,1769.9886546520572,44.69141646518861,1,0.5227200813158693,0
1399,1770.0113989808603,44.186381018865255,1,0.5729718962352089,1
1400,1770.2387160531066,45.31733923440281,1,0.51947799129923,0
1401,1770.7905243249725,44.87204225745374,1,0.5157428717251268,0
1402,1769.0869795526908,44.427080136574695,1,0.5432370936031821,0
1403,1771.2057185859653,44.01637197104439,1,0.5942055918139896,1
1404,1769.3835757676711,45.79837023821101,1,0.5671131067685721,1
1405,1768.9189364525641,45.43210964230482,1,0.5351457727186639,0
1406,1768.8415641398597,44.134683368565526,1,0.5800682452836473,1
1407,1770.3059654509555,44.65171188844908,1,0.5179272929670737,0
1408,1770.6726373014733,44.32070026591392,1,0.5521442920600005,1
1409,1768.4171609372265,44.859085215533476,1,0.5349213793220167,0
1410,1770.2351637740182,45.325819588776056,1,0.5208825499950016,0
1411,1769.8235671205866,44.67437877623656,1,0.5258654371429501,0
1412,1768.300689028294,44.48794159408253,1,0.5454954750910864,0
1413,1769.2815721899412,45.101750198647615,1,0.523349226951336,0
1414,1770.1207660962318,45.77998794072671,1,0.5626323405158556,1
1415,1771.2509159781591,45.08847903878473,1,0.5084210392881156,0
1416,1769.5789425111125,45.849816858542646,1,0.5727473171795352,1
1417,1768.770422496736,45.06506217864886,1,0.5255972529134932,0
1418,1768.589970449202,46.030302516652974,1,0.5912511067832468,1
1419,1768.4348494412807,44.21747316704068,1,0.5780992822780272,1
1420,1770.3622196532601,44.08629480658253,1,0.5844357189535407,1
1421,1768.2136483858937,45.48862972419534,1,0.5464583911402932,0
1422,1768.7987544244884,45.04583523678213,1,0.5267359553897247,0
1423,1768.2581384268267,46.27715923137705,1,0.6196373340795753,1
1424,1769.3370823082546,44.57366395099619,1,0.5299285963009789,0
1425,1769.8102519818108,44.59592858996163,1,0.527632361035395,0
1426,1770.4119761812435,45.158265303752366,1,0.5195974690749234,0
1427,1770.7938137666656,45.5186212367344,1,0.5330760148513062,0
1428,1768.6889648487497,43.846909211901654,1,0.6226464829469026,1
1429,1768.0392168239773,45.48574402364556,1,0.5441815775957815,0
1430,1770.1708948693379,45.26516504743523,1,0.5178939231385411,0
1431,1769.45425860259,44.77382513683595,1,0.5269007670369055,0
1432,1769.05266548128,45.07230812779258,1,0.5216939910610436,0
1433,1768.7119291964325,45.05841621264244,1,0.5248128637892977,0
1434,1769.316203475987,45.79905699414815,1,0.5669212887321972,1
1435,1767.6884262131769,44.641781792352944,1,0.5375494195726829,0
1436,1768.1562386445178,44.47408660330137,1,0.5496690276965199,0
1437,1768.6609820496692,44.37841516200437,1,0.5589424601468322,1
1438,1769.2034133861252,44.7777733284659,1,0.5296088803194561,0
1439,1769.3648333730378,45.52707364479624,1,0.5407831479754724,0
1440,1768.2267473411014,45.49413279770799,1,0.5472027248528041,0
1441,1768.8051068042912,45.250758183807655,1,0.528565154613298,0
1442,1768.9045403457187,44.937232815862416,1,0.5256604483912826,0
1443,1769.6735485918973,45.9350736841841,1,0.5804341118718065,1
1444,1769.339127907674,45.278956434120076,1,0.5278219963280096,0
1445,1767.7055050150632,44.76153951477002,1,0.5393593218799465,0
1446,1769.4126259276097,45.286221628023284,1,0.5285367140662107,0
1447,1771.1529194901443,45.08587604325104,1,0.5085300615883154,0
1448,1766.7342575523085,44.50374736642371,1,0.5469911482441289,0
1449,1769.261399264267,44.437582480363,1,0.5415141975749136,0
1450,1768.0336479643656,45.374280928490585,1,0.5397266915697432,0
1451,1766.77637963351,46.24916754981891,1,0.6170428848678877,1
1452,1768.866601671095,44.501758671717866,1,0.5377481358455155,0
1453,1769.7443312682788,44.78603126718931,1,0.5281501255656975,0
1454,1766.9654804003235,45.12535419657653,1,0.5318325219762501,0
1455,1768.4963018245094,45.41263373231685,1,0.5407078287197903,0
1456,1769.7271323710693,44.99065364773472,1,0.525094265798404,0
1457,1767.7335349318769,45.60645051440615,1,0.5530161709320174,1
1458,1768.7842036114907,44.570870280399475,1,0.5351746565919245,0
1459,1768.4373420706918,45.55540590457517,1,0.5503855869426865,0
1460,1766.4896046553258,44.90558354706257,1,0.5361066155310005,0
1461,1769.3038042044884,45.08934953376367,1,0.5217135695597045,0
1462,1767.6694911938148,45.23403262400987,1,0.5309953688954283,0
1463,1769.279176191022,44.39003414476129,1,0.5488619722047808,0
1464,1766.5664496686763,45.257247011166235,1,0.53360157953622,0
1465,1766.470820048738,44.68064262848943,1,0.5416515349988874,0
1466,1767.3665792043114,44.984935457923214,1,0.5361374918151792,0
1467,1770.3265347755753,45.28862107194889,1,0.5200011339215673,0
1468,1768.5581602153231,45.06166220097169,1,0.5301973657555598,0
1469,1768.713379236118,44.62343641089456,1,0.5309310128638793,0
1470,1767.3563345854561,45.516046536860294,1,0.5495517946031983,0
1471,1766.1479515697897,45.51970800597428,1,0.5522449896074296,1
1472,1765.7235916818922,45.38742721902724,1,0.5428311700291483,0
1473,1766.748147884443,45.93216198001889,1,0.5896026538444349,1
1474,1768.248564426927,45.28755774902941,1,0.5368147457207918,0
1475,1770.0639401434455,43.76634972152752,1,0.6315891018424125,1
1476,1765.9459214372007,45.11298319930894,1,0.5361047630534288,0
1477,1765.3849133407805,45.01649235284396,1,0.5393754073347887,0
1478,1768.8682454304019,44.370287025778566,1,0.557347328009277,1
1479,1769.2044640627466,44.74904095880705,1,0.5285809439501552,0
1480,1768.0515353544056,44.543919091305966,1,0.5449638811839511,0
1481,1766.4966043082418,45.4305898112112,1,0.5423513111990751,0
1482,1769.163050139292,45.22450117810669,1,0.526156975415021,0
1483,1766.6189324619,45.04525350418885,1,0.5351345984969018,0
1484,1770.7561291808638,45.115120646451516,1,0.5158799599785361,0
1485,1767.4285543987905,44.651177782446155,1,0.5377422297471568,0
1486,1766.7482719950929,44.7286256647042,1,0.5396813280940909,0
1487,1766.859666924059,45.32570534901672,1,0.5365440162069645,0
1488,1770.7074796858017,45.216480206607685,1,0.5198499525331033,0
1489,1768.392786197763,44.84122599269,1,0.5399595625917595,0
1490,1768.1582672742588,44.41019570834921,1,0.553304333009999,1
1491,1766.2440460463865,45.641795186361286,1,0.5569248479753287,1
1492,1767.91517167267,45.015010049010726,1,0.5337400910837452,0
1493,1767.3766042570446,44.60549850231538,1,0.5373335686933205,0
1494,1769.224895512142,44.405920980466135,1,0.5435307748010639,0
1495,1766.5398208686172,45.20881962831923,1,0.5340345024522613,0
1496,1769.271212860135,45.015003041129525,1,0.5221829607447706,0
1497,1766.3255266316608,45.183303206741904,1,0.5370965336607578,0
1498,1766.3668853167474,45.07484302190605,1,0.5347761561195604,0
1499,1767.6403397594656,45.82579475641039,1,0.5771291286783274,1
1500,1767.5893088629973,44.67050723271748,1,0.5385405968581285,0
1501,1765.3401964431723,45.0803897531087,1,0.5382587676908053,0
1502,1765.5954642995532,44.579559704469155,1,0.5435726522298285,0
1503,1766.1755123149776,45.02592787768713,1,0.5399450900507216,0
1504,1768.1401120013988,44.673139026688126,1,0.5406306865831673,0
1505,1768.5892673476885,44.95970238519552,1,0.5330321318846754,0
1506,1768.2669816166167,45.28459814337321,1,0.5354913748055597,0
1507,1767.7365259468804,44.70854991528379,1,0.5387357925991372,0
1508,1768.0094642350716,44.8310657354185,1,0.5408494693692533,0
1509,1766.487369660949,45.36046745435361,1,0.5387784874386669,0
1510,1767.4329406739741,44.753484604252755,1,0.5390637459032191,0
1511,1766.821512826146,45.383873693010756,1,0.5400351031076813,0
1512,1766.5811124961783,45.753540377566786,1,0.569218910738087,1
1513,1769.4524553577883,45.316485964281064,1,0.5278171313984364,0
1514,1767.1454492096098,45.100474573075694,1,0.5307206443880599,0
1515,1768.4816638608822,45.132954057121225,1,0.5323396919595512,0
1516,1765.826001481391,45.23428344803338,1,0.5349682098371956,0
1517,1766.6996117969225,44.95574656423387,1,0.5355772850470731,0
1518,1766.278249870554,44.42730289867915,1,0.5546499604004979,1
1519,1766.5166874852766,45.40357452279888,1,0.5413091503157423,0
1520,1766.779678297296,44.36428958475702,1,0.5622677584703633,1
1521,1767.3989464932692,44.637069167445006,1,0.5365904588957281,0
1522,1767.0756429514809,45.105993277291034,1,0.5331986849761774,0
1523,1766.3067506308792,45.557250572197944,1,0.55413544569702,1
1524,1768.861649534683,44.31453251526036,1,0.5611118147728795,1
1525,1766.029314798614,46.39659470615194,1,0.634042787761069,1
1526,1768.1787616895003,45.11441792495256,1,0.5343778905687137,0
1527,1766.2247245929113,45.13311300113062,1,0.5363874001488134,0
1528,1765.6239231751845,45.11821554040766,1,0.5366889740179797,0
1529,1768.393979900827,45.31655072627309,1,0.5366427352797974,0
1530,1765.1725183431085,44.5252841847677,1,0.5479671272856381,0
1531,1765.6605093215549,45.02038725217322,1,0.541040707803123,0
1532,1767.4488444701033,44.84722549808383,1,0.5388557230307431,0
1533,1766.3712223980033,45.0340170949276,1,0.5381651121034504,0
1534,1765.2343943411706,45.43746790409687,1,0.5454296411120645,0
1535,1766.842220078744,45.04672256382548,1,0.5327676210982091,0
1536,1768.3767226278032,44.6534862328587,1,0.5386803899774157,0
1537,1767.384037819503,45.53756559947994,1,0.5494035658936763,0
1538,1766.9538731764305,44.34379170187311,1,0.5620842614008055,1
1539,1767.3157570406556,46.176113106262925,1,0.6111690911447561,1
1540,1765.993815321182,45.30989965304155,1,0.5354208023895983,0
1541,1767.724339796014,44.9098627914434,1,0.533271047303214,0
1542,1766.5416643611507,45.19664502655653,1,0.5344701913246825,0
1543,1764.7960948548289,44.27368939536039,1,0.579469539695771,1
1544,1765.5480602197238,44.800641771248586,1,0.5475501836505903,0
1545,1766.5771901302573,46.02304260210142,1,0.5918882541742674,1
1546,1766.621267353367,45.27173126737828,1,0.5333703802658384,0
1547,1766.357002907722,44.73103128425121,1,0.5401401146440429,0
1548,1765.235246536768,45.305416268737964,1,0.5374538618132582,0
1549,1766.772246517398,45.728654226902044,1,0.5680689007271512,1
1550,1765.3104320055081,45.5858656602163,1,0.5586841236382628,1
1551,1764.1886347815266,44.93023647773053,1,0.5421774027934402,0
1552,1765.6906810171445,44.94532787425614,1,0.5397711402893179,0
1553,1767.958649104614,44.69250900068614,1,0.5401135585940944,0
1554,1767.6418166591143,46.13013348654475,1,0.6074838881449025,1
1555,1766.284417724714,45.52144215999374,1,0.550758357357868,0
1556,1767.5143163733349,45.28357119634823,1,0.532641694493597,0
1557,1766.9869773369062,45.09534831893761,1,0.5334556195792306,0
1558,1765.4766833930419,44.92917432729445,1,0.5362846818555267,0
1559,1767.2213945479525,44.87917830778264,1,0.5357280322370608,0
1560,1766.075141665022,44.83807912486664,1,0.5435945663434945,0
1561,1765.9536470701937,45.08680822699035,1,0.5350012592343483,0
1562,1767.0048444609467,45.189701869608534,1,0.534218152818995,0
1563,1765.1783223610857,45.342037786446745,1,0.5430363809441926,0
1564,1766.6662168069859,44.320458210154165,1,0.5663706791161479,1
1565,1767.8149816953187,45.21607594677238,1,0.5335013760733408,0
1566,1767.6192291200389,45.3572002784093,1,0.5361694619364945,0
1567,1766.0865154690528,45.47551022860978,1,0.5436948116547328,0
1568,1767.4930837859004,44.99373367159991,1,0.5359481378745824,0
1569,1764.501313777457,45.079985411027884,1,0.5388608987037656,0
1570,1766.844541655211,45.149005543088414,1,0.5322148557645613,0
1571,1765.398619572345,45.52905774557734,1,0.5522902203813362,1
1572,1767.558371241471,46.06884662257692,1,0.6004051594607326,1
1573,1766.0581296945325,44.77641729154685,1,0.5434955879402673,0
1574,1766.3225323215634,44.82118395635419,1,0.5422691057067495,0
1575,1766.4373687348545,44.14033478504248,1,0.5857185053306843,1
1576,1764.7659316393394,45.42727573658229,1,0.5460501187932093,0
1577,1762.4596012537029,43.82854607228317,1,0.6295484470956539,1
1578,1765.000937680515,45.57903769075605,1,0.5602398606659622,1
1579,1765.8857198473454,45.45100998441679,1,0.5464829508592456,0
1580,1767.717766779313,44.713683238497225,1,0.5389180740620406,0
1581,1765.8685251277918,44.888064799927115,1,0.5385749235802454,0
1582,1766.6900171385953,45.120639677911804,1,0.5331697967809088,0
1583,1765.7977308513384,44.83171270128005,1,0.5463023118512388,0
1584,1765.9788675436757,44.966439385822575,1,0.5410265799074825,0
1585,1766.6994508181224,45.86268924093814,1,0.5824918408288196,1
1586,1765.5471170035814,44.788956413309634,1,0.5463526795492972,0
1587,1767.0126599292996,44.52148809912684,1,0.5447936869512465,0
1588,1768.1359435911036,45.24571413729099,1,0.5340244749600321,0
1589,1767.378504674898,44.97799894444199,1,0.5350234556613955,0
1590,1764.7603743694258,45.199160187309666,1,0.5371482997611258,0
1591,1766.8670034973964,44.808840885636975,1,0.5405689799777726,0
1592,1766.7266244785617,44.9925936860626,1,0.5391770467050495,0
1593,1767.0805894863124,45.396296258137134,1,0.5415346700595204,0
1594,1765.524421547782,45.01411060777497,1,0.5388282839849441,0
1595,1767.2180479238912,45.404907207605554,1,0.5397959199692175,0
1596,1766.1249390148098,45.24132499002765,1,0.5322411473489134,0
1597,1765.2476445801722,45.52980280861946,1,0.553898080729047,1
1598,1766.8971056525213,43.9858389233583,1,0.6086380819221999,1
1599,1765.44050893266,45.50265500351388,1,0.5485160638818686,0
1600,1763.8739600106742,45.020008411289716,1,0.543750217860862,0
1601,1765.6926189753754,45.29989172178426,1,0.5375484657098883,0
1602,1763.996304802615,44.74496033480118,1,0.5456796825438633,0
1603,1764.7462200514253,44.55403640167715,1,0.5470871106925462,0
1604,1765.7006203955618,44.41051905489177,1,0.5552797266991565,1
1605,1762.9848759150534,43.63870759119222,1,0.6533219192302426,1
1606,1764.6772331916118,45.576838280996,1,0.5599441275417616,1
1607,1764.95485663384,45.974159071057,1,0.5934412021905924,1
1608,1764.2500717884893,44.58300378026553,1,0.5482911327067072,0
1609,1764.22693700311,44.2895024621448,1,0.5768575121830045,1
1610,1763.4032919139643,44.92948662879765,1,0.5447533527290687,0
1611,1764.3540686880829,45.43894101878438,1,0.5493191412563766,0
1612,1764.28628784573,45.109243673115444,1,0.5393175082406158,0
1613,1765.875906007844,45.04372285432051,1,0.5380100255080875,0
1614,1765.1498172118881,44.839054550790244,1,0.5459665320593886,0
1615,1766.635982720116,44.37104420350669,1,0.5623411741333387,1
1616,1766.17161709585,44.258884588712064,1,0.5790865151261807,1
1617,1765.7266726658634,43.969435536950265,1,0.6108524495740015,1
1618,1766.0777714460767,45.58317629618181,1,0.5555945098190008,1
1619,1764.5596776150705,45.19172245735422,1,0.5395692743579156,0
1620,1767.315347522618,44.4872171788542,1,0.54483200032537,0
1621,1766.3900173592517,44.88957488506524,1,0.5364049684995625,0
1622,1765.0186228835712,44.27385238369207,1,0.5792398357004563,1
1623,1765.024916710354,45.1519943112324,1,0.5381280980731561,0
1624,1765.0087194879493,44.68423826608291,1,0.544255946611615,0
1625,1763.9009911864143,44.32416377758678,1,0.5718022332030118,1
1626,1766.1771372455394,44.626007650896476,1,0.5421062809686062,0
1627,1763.8906804929452,44.672533538817014,1,0.5470357920408164,0
1628,1765.6651212162365,44.443938060265246,1,0.5544851815307843,1
1629,1765.4242734907928,45.64159050763502,1,0.5573578205046874,1
1630,1764.7948062583423,44.90801847685557,1,0.5407268739693646,0
1631,1765.651206116988,45.91028584802617,1,0.5897431955412676,1
1632,1765.8783715239588,44.812455773115154,1,0.5443650643058576,0
1633,1763.4730719457361,45.300940300947296,1,0.5415862336758226,0
1634,1762.5347793850763,44.25966061513747,1,0.5862456053126903,1
1635,1764.3555736549058,45.43306824547284,1,0.5485451163680668,0
1636,1765.7178872557897,44.88058631778468,1,0.5407440972616437,0
1637,1765.295584432583,45.39688854985999,1,0.544139173088907,0
1638,1765.377841162391,45.538583866755346,1,0.554178688392374,1
1639,1765.2960835678737,45.2919178794185,1,0.5371092179229816,0
1640,1766.625540508472,44.583196791096995,1,0.5397187144638798,0
1641,1763.683350396428,45.041996357040105,1,0.5434223022983905,0
1642,1764.631253197492,44.40282110270877,1,0.5564838083696029,1
1643,1767.7475018011655,45.2943919544036,1,0.5333629385300496,0
1644,1763.028153175133,44.0664797319952,1,0.6040982044320373,1
1645,1762.98685443616,45.2239824105137,1,0.5390440095000488,0
1646,1763.9368489450776,45.258022218984415,1,0.5379428600094222,0
1647,1764.7137531488636,45.1504022269375,1,0.5375282916522243,0
1648,1765.0923361639138,45.94396834295677,1,0.5935542650649968,1
1649,1764.4986532452524,45.091974816903665,1,0.5359648711425036,0
1650,1765.574373024883,44.94367236188108,1,0.5369828903958117,0
1651,1766.5051939799127,44.99274432722935,1,0.5401277116913481,0
1652,1764.68320869993,44.53605931904588,1,0.5487546488882467,0
1653,1763.1741133689015,45.63123111412665,1,0.5624913698878756,1
1654,1764.1700440589516,45.172762320179686,1,0.5376535295463677,0
1655,1764.382339584172,45.73511283966725,1,0.5746628353644798,1
1656,1765.0939581272285,45.46220358128024,1,0.5465860550545965,0
1657,1763.3722080643952,44.848363705047376,1,0.5470335457442977,0
1658,1766.0875580240545,44.88596430456682,1,0.5381706883418771,0
1659,1764.7849157309652,44.22025826370497,1,0.5838657240380033,1
1660,1766.158356325301,45.21104014082823,1,0.5356571714131066,0
1661,1763.8062790196545,44.18214933675776,1,0.5897185024645301,1
1662,1763.803627123503,44.90752841231376,1,0.5448909617576896,0
1663,1767.7310977543514,45.074698009776526,1,0.5299367786160447,0
1664,1761.9497172411975,45.876264666937224,1,0.5929242564132116,1
1665,1763.9771767026953,44.53633180818811,1,0.5515587598782519,1
1666,1764.093348945125,44.042869882074214,1,0.6108878577332144,1
1667,1763.5892870092048,45.73985816112113,1,0.5752690921080076,1
1668,1763.032308538006,45.513458522957215,1,0.5585412262680575,1
1669,1765.5074381236368,44.790158717641155,1,0.5454834557350703,0
1670,1763.7776642579383,45.11589190138054,1,0.5407745650952036,0
1671,1763.5038853045903,45.76984723102204,1,0.574920339213316,1
1672,1764.5620992778256,44.09386119818994,1,0.5931934708903442,1
1673,1763.9516493308658,44.854670359192944,1,0.5432095397166766,0
1674,1762.8143852643202,44.4437067475279,1,0.5618637013694125,1
1675,1762.489034998548,45.653034480728124,1,0.5654079009230345,1
1676,1764.2716629081951,45.5895582595049,1,0.5637055399572849,1
1677,1765.1460121723856,44.37034825879906,1,0.5632822130326792,1
1678,1764.2013767601923,45.15641509935561,1,0.5380283818829141,0
1679,1764.8918076315942,45.18443855138091,1,0.5400848617730294,0
1680,1764.8845809448433,44.37872432280729,1,0.5643638881234178,1
1681,1762.9901218777052,44.982429762193334,1,0.5501052831788645,0
1682,1765.1140432671773,44.43271017047316,1,0.5550759736770075,1
1683,1764.341741313738,46.2381867727934,1,0.622148521089131,1
1684,1766.7264499497967,44.47455698505518,1,0.5477372776246829,0
1685,1764.804789402071,45.01340495841652,1,0.5420725018456433,0
1686,1763.1898467540511,45.629892911479786,1,0.5618190054633365,1
1687,1764.0803406321997,45.49704913523387,1,0.5530984022992643,1
1688,1761.4613461901845,45.018011420569664,1,0.5512122529395621,0
1689,1763.2694355616366,45.72748044514599,1,0.5746855594729335,1
1690,1764.4072786438076,45.6344407699398,1,0.5626549352218306,1
1691,1764.4850605852068,45.958569875621166,1,0.5958631154436537,1
1692,1764.9090239865056,44.789806042838045,1,0.5460647396221019,0
1693,1763.404914978651,45.351070642732964,1,0.5463951966700908,0
1694,1762.8163029835882,44.60986957524197,1,0.5511402712748042,0
1695,1763.1063119521093,45.14706661570726,1,0.540941830592585,0
1696,1762.5215069872443,45.720863443898146,1,0.5756191664136744,1
1697,1765.7111724470037,45.293891517453666,1,0.5370552598552604,0
1698,1762.5490229914337,44.770897771427606,1,0.552158869576825,1
1699,1762.2840315667559,45.07613720661472,1,0.5451376136147704,0
1700,1766.0554027227745,45.13262956298407,1,0.5351450917944546,0
1701,1763.274770573269,45.26973394495476,1,0.5386875163521974,0
1702,1764.4860393102515,44.887694080582975,1,0.5407981804976537,0
1703,1764.1475950523854,45.63674368618389,1,0.5632885644299086,1
1704,1763.0051718352158,45.36311370429908,1,0.5457512999365735,0
1705,1763.7713589970597,46.15107970029855,1,0.6162943015031302,1
1706,1765.2344810793506,45.467930027223154,1,0.544809699262816,0
1707,1763.1473194241564,45.646063105250086,1,0.5636638086312723,1
1708,1761.2965609547982,44.672158165436784,1,0.5533441410199819,1
1709,1760.8265079535581,45.052820371569155,1,0.5507649940287851,0
1710,1762.1285930788051,45.41432212499778,1,0.5511183965266027,0
1711,1763.2508513601533,44.67538304621567,1,0.5482495959525365,0
1712,1764.4991937862717,44.373719494116166,1,0.5645825621289576,1
1713,1764.7802422873733,45.72336560507841,1,0.568355134190847,1
1714,1765.0315008178627,45.69061076135858,1,0.5663732787926304,1
1715,1764.8945471587826,44.69216271941115,1,0.5432260400355136,0
1716,1765.6300864493248,45.47259938537395,1,0.5450974052832441,0
1717,1763.3280381270529,44.93271564139238,1,0.5442007741814908,0
1718,1763.739238157949,45.20117927115339,1,0.5398866510351419,0
1719,1760.6115318126551,45.6219483985292,1,0.5686768729329523,1
1720,1763.4209080114686,44.8591903873527,1,0.5449900245467492,0
1721,1765.337291907145,44.30489626893591,1,0.5680182993052505,1
1722,1763.1338075557028,45.81257700127659,1,0.5833574690375283,1
1723,1764.2796311420573,45.0642462867535,1,0.5403941523619051,0
1724,1763.2639481118376,45.5177792573595,1,0.5585590720388618,1
1725,1763.7566185913206,45.116012861032395,1,0.5407745650952036,0
1726,1762.5847769351224,45.91773545871806,1,0.5969667999024622,1
1727,1763.7908086289217,44.88958070041943,1,0.5436393844904863,0
1728,1762.2292312815478,45.07912628037785,1,0.5446769062468334,0
1729,1763.6591954104433,45.280638847589586,1,0.540481823965437,0
1730,1762.29328646611,46.225351019613065,1,0.6223637733470533,1
1731,1762.5630205620816,44.76219225380044,1,0.5512804083618663,0
1732,1764.4562718480458,45.50687895210529,1,0.5543410042223961,1
1733,1762.1529212492148,45.67374500239293,1,0.5703559166741269,1
1734,1763.890207968561,45.27619306810706,1,0.5404388983335673,0
1735,1764.2111900808957,45.14880231442187,1,0.5383747263753127,0
1736,1762.1118924289297,45.13164273403518,1,0.5441139479087086,0
1737,1761.9334684915543,44.726379152208175,1,0.5487215891261714,0
1738,1762.0687327720298,44.45117917990163,1,0.5613118951189715,1
1739,1764.058897516274,44.52001397474185,1,0.5510259770626366,0
1740,1762.926867961183,44.30309930088353,1,0.5765475315404139,1
1741,1763.446546819291,45.122746717400645,1,0.5409190821675728,0
1742,1765.1246528899,45.05504254890043,1,0.540285764525287,0
1743,1762.5563024824555,45.50087145952258,1,0.5567622395723869,1
1744,1764.388866287084,45.24541007119887,1,0.5366287467440751,0
1745,1762.9838655270719,45.153912567056345,1,0.5410468014272135,0
1746,1762.7320007582418,44.68666802017719,1,0.5516261377821948,1
1747,1761.4598160853354,44.79017462673279,1,0.5510304438332735,0
1748,1762.0018623359053,45.89548902402602,1,0.5939578224886207,1
1749,1765.8725520749588,45.58374152423707,1,0.5578831282398562,1
1750,1763.2784137184835,44.92866327663363,1,0.5442007741814908,0
1751,1761.9813676202887,44.220712929621115,1,0.5897417043120753,1
1752,1764.527336044693,45.47744428991403,1,0.5464095370121471,0
1753,1763.7456790245574,45.844738427987444,1,0.5869557035312822,1
1754,1763.9014731187044,45.76309425521547,1,0.5745087695240715,1
1755,1763.9434608266424,44.37148268442141,1,0.5668407172206533,1
1756,1760.6699471172305,44.853301004983535,1,0.5499237836085763,0
1757,1760.8178359405729,45.53832845675244,1,0.5645220975522971,1
1758,1762.5063081287385,44.69658636255679,1,0.5511683940928215,0
1759,1763.1536839274536,45.15261042848932,1,0.540941830592585,0
1760,1762.8114693705363,45.31709386077871,1,0.5442678689263681,0
1761,1763.8041461205248,45.135505790990074,1,0.5404447461915253,0
1762,1761.302068538391,45.16260741622461,1,0.5456590936229254,0
1763,1764.0461269970074,45.61871249032571,1,0.5631114896738322,1
1764,1760.1508140184035,46.10374807037086,1,0.6162120086484538,1
1765,1762.8749137794416,44.14362049532379,1,0.5917880430660724,1
1766,1763.3830455099694,45.479735611976615,1,0.5479859504865422,0
1767,1763.4078922235167,44.614888154649634,1,0.5489193424723879,0
1768,1763.4865195009968,44.87679182212627,1,0.5459152409918794,0
1769,1762.8196475893278,45.54661398942685,1,0.5637706359915726,1
1770,1762.7099414502252,45.5634298473252,1,0.5638107428200282,1
1771,1761.0519838904272,44.849230954700616,1,0.5496333635811453,0
1772,1762.717816932136,44.96755660010526,1,0.5519810050933566,1
1773,1762.3207233419607,45.52618646891278,1,0.5616233186185708,1
1774,1762.9463660032288,45.10558633943319,1,0.542168672211785,0
1775,1761.76652957799,45.041056148247215,1,0.5471424079947755,0
1776,1760.8563440171783,45.3996926108894,1,0.5536865525845599,1
1777,1764.1211478827513,44.23729761945447,1,0.5843987541496376,1
1778,1760.2671206798525,44.918405489337836,1,0.5522444060206182,1
1779,1762.098869954506,45.1646850395421,1,0.5434940114650606,0
1780,1764.1784821056087,44.014428544570926,1,0.6123604000310006,1
1781,1764.2309981029487,44.46976489401341,1,0.5558190647338529,1
1782,1760.3279906532687,45.818869513910386,1,0.5908547777084812,1
1783,1763.3820430381488,44.96851510593242,1,0.5490023090067024,0
1784,1761.7026761592813,44.741132676224204,1,0.5484000686116222,0
1785,1762.8953581595108,45.118641554898886,1,0.5424121181899412,0
1786,1763.2105827920832,45.03213325316013,1,0.5453967120707647,0
1787,1763.4695209142953,45.40119699541557,1,0.5485277633839801,0
1788,1760.066747568917,44.55273028884623,1,0.5607166144980463,1
1789,1761.2907939865393,44.742463155234766,1,0.5495640574270584,0
1790,1763.1266197377126,45.283678528872564,1,0.5412724009113622,0
1791,1763.084483300735,45.64091689013467,1,0.5636638086312723,1
1792,1764.3466718941854,44.590483107181115,1,0.5470456838198453,0
1793,1763.2997252697596,45.00861241318404,1,0.5466867526185868,0
1794,1763.783667761221,45.35235288326677,1,0.5455424604710493,0
1795,1763.6541851542013,44.371301853472794,1,0.567804865815789,1
1796,1763.2110098711778,44.91647274890719,1,0.5455752333619089,0
1797,1760.5742785922496,45.11989256715826,1,0.549870138013535,0
1798,1764.5559378036962,44.24195996744133,1,0.5824149362957911,1
1799,1762.6901676139425,44.828223514432295,1,0.5526746274689162,1
1800,1761.639302527358,44.43556039811023,1,0.5667870898289784,1
1801,1761.8889042190565,45.2484858862994,1,0.5400996374132253,0
1802,1761.3825104044488,45.292230460512464,1,0.5457073369192179,0
1803,1762.1327613596834,45.11998567133694,1,0.5447210274440026,0
1804,1760.0664638750548,44.29518843706005,1,0.58530827795144,1
1805,1763.242284297237,46.343619201934594,1,0.6314929554552496,1
1806,1760.84511048749,46.428194808755165,1,0.6380718139085099,1
1807,1763.3431780172002,44.94873504021793,1,0.5464341120854419,0
1808,1761.3899474332884,44.454066339261395,1,0.5625092022253337,1
1809,1762.849671168257,44.75977383008522,1,0.5493152293224961,0
1810,1763.6893549240635,45.867582800888094,1,0.5889930823993536,1
1811,1762.5925425818295,44.50696239403654,1,0.5576607646310782,1
1812,1762.0402492814922,45.26440880239711,1,0.5408947710485408,0
1813,1762.2234771611018,45.00871984442288,1,0.5497296830788256,0
1814,1761.7052343443033,45.329373056032715,1,0.5473956120006241,0
1815,1761.7013705107402,43.719673932818175,1,0.6446029186851988,1
1816,1764.428401832362,44.88811435332071,1,0.5407981804976537,0
1817,1760.5527844898004,44.0851153196612,1,0.6057701591669545,1
1818,1760.9809516978846,44.51303692877491,1,0.5606172872335269,1
1819,1761.3465712044874,44.69419276147251,1,0.5520566097116859,1
1820,1761.8503321206144,45.675000869084904,1,0.5703559166741269,1
1821,1762.6589231944022,44.52793106611985,1,0.5561231067568546,1
1822,1761.7315576516519,44.85444308670078,1,0.5466973137559226,0
1823,1763.1164552619935,45.43510873787991,1,0.5486165135302641,0
1824,1760.5635772721257,44.88377096305168,1,0.5500950676426344,0
1825,1762.2846415849142,44.75909285920667,1,0.5510519388002761,0
1826,1762.0709162501132,45.03479485130878,1,0.5490278554983273,0
1827,1760.5512837400136,45.332304687169085,1,0.5515930846978185,1
1828,1761.6466530475916,44.75798175024183,1,0.5495903355384216,0
1829,1761.3350460847869,45.488776787631956,1,0.5546631050030927,1
1830,1760.9300109774442,46.11462698574737,1,0.6175945894290645,1
1831,1760.7319268207839,44.91260062848881,1,0.5521638572264452,1
1832,1762.806907717171,45.20304465561492,1,0.5434154969202087,0
1833,1760.7389505215278,44.395984500650066,1,0.5695903588056992,1
1834,1762.8103516447075,45.20348822979134,1,0.5434154969202087,0
1835,1762.936206132146,45.47251563999664,1,0.5486216181016631,0
1836,1762.3918250392924,45.66384071599384,1,0.5677944357764307,1
1837,1762.4065773676405,44.297943158112616,1,0.5791332850413172,1
1838,1759.778068573186,45.39670732820882,1,0.5555360399787411,1
1839,1761.8110468402697,45.67948519506802,1,0.5717582416343865,1
1840,1762.4835090185477,44.82800256614155,1,0.5530098858743088,1
1841,1762.6078983807975,44.33762753974301,1,0.573951274221983,1
1842,1763.1600195119647,45.36511782818036,1,0.544443370968505,0
1843,1762.4563233854701,45.18412238446662,1,0.5460979346875872,0
1844,1761.4599352151513,45.25933444643099,1,0.5422531046068487,0
1845,1760.9087336362466,44.804195401269624,1,0.5533122983134365,1
1846,1760.6727597638287,44.54805714553344,1,0.5591524715388988,1
1847,1761.5918782158174,44.092519745147186,1,0.601933095436211,1
1848,1761.2331644167946,46.04318459412829,1,0.6094971247172262,1
1849,1763.1609162001291,45.09848429371378,1,0.5404114889447362,0
1850,1760.8582949911045,44.88290007465867,1,0.5500950676426344,0
1851,1760.3180320719148,44.90131845499715,1,0.5518389870470111,1
1852,1760.6588896561354,44.36400277937602,1,0.5752972276456952,1
1853,1764.2746409055126,45.19744767538661,1,0.5394715324119425,0
1854,1761.5740084094975,44.29845868924091,1,0.5809861639253925,1
1855,1759.9039560734655,45.16933872104885,1,0.5501851611875553,0
1856,1763.1993844915958,45.53445590803569,1,0.5580478682257987,1
1857,1761.0709375285946,44.75008431584764,1,0.548776693038403,0
1858,1761.624009033316,45.24572534286442,1,0.5407096313926724,0
1859,1760.5307405328108,45.181377667429395,1,0.5493488658717237,0
1860,1762.1300689893633,45.50756517353215,1,0.5588469292777265,1
1861,1762.2481823681346,45.274348974926795,1,0.5446271587589727,0
1862,1760.3685915233434,45.03043680744619,1,0.5555847272771836,1
1863,1761.3765547639694,44.60797549245887,1,0.5535646731506585,1
1864,1759.6213323765214,45.533683221691845,1,0.5655362286035811,1
1865,1762.9599749460513,44.80555936930776,1,0.5509814334113547,0
1866,1760.0827755928694,44.38629333136985,1,0.5735248509672646,1
1867,1760.1831480317337,45.31335320696803,1,0.5496953354783521,0
1868,1760.037286784562,45.344056962456335,1,0.5545407801627938,1
1869,1759.9245071905018,44.87786719832665,1,0.5521290019080956,1
1870,1761.3637298194933,45.96697092625499,1,0.6003339779367648,1
1871,1760.426047444836,44.5467850598951,1,0.5613922676088612,1
1872,1761.9381414867187,44.53184948875511,1,0.5560686616325011,1
1873,1761.7588683134559,45.6444585710017,1,0.56618024845225,1
1874,1762.5356814577578,44.866113654336026,1,0.5477506742452465,0
1875,1762.8040200586552,45.14766661798525,1,0.543508938180907,0
1876,1760.2757581938188,45.37526344517506,1,0.5524451837916234,1
1877,1761.1821201637144,45.3057179439541,1,0.5460574979167812,0
1878,1759.9732700606446,45.172110983308585,1,0.5508833599932446,0
1879,1760.8018257789772,45.12153220038225,1,0.5487546292345976,0
1880,1761.836218624449,45.63945321397321,1,0.5659887459420874,1
1881,1761.5231073191724,44.913403597352286,1,0.5499247102171263,0
1882,1760.2259876237783,44.2819208780184,1,0.5857161234487739,1
1883,1761.596787720438,44.73653921839323,1,0.5482689883428871,0
1884,1761.0702846319784,45.188716339767936,1,0.5489991456870056,0
1885,1761.67476279554,45.68975607363611,1,0.5731326304755621,1
1886,1758.0732992921198,45.478422342924496,1,0.5563547588903177,1
1887,1759.8329980537846,44.95349587742041,1,0.5562606719475376,1
1888,1762.1573509220657,44.43772726609618,1,0.5630177202846219,1
1889,1759.0051622464307,45.88124030982149,1,0.5960724003820288,1
1890,1760.3804886667892,44.79512460353089,1,0.5543372246173223,1
1891,1760.5681470380575,45.13581961611837,1,0.549906705226155,0
1892,1759.982778794466,43.913969898815445,1,0.6263058758463489,1
1893,1760.4141012715456,45.41803046663072,1,0.5560373449696137,1
1894,1761.04541529085,44.44495539766077,1,0.5647445649793109,1
1895,1760.6314140006498,44.90608338696658,1,0.5517680669893156,1
1896,1760.1428524415342,45.68804791482226,1,0.5748058707538682,1
1897,1761.493220089611,45.747057972059764,1,0.5775949980016633,1
1898,1761.8329672776329,45.42009431611734,1,0.5518646596542988,1
1899,1761.793538416809,44.49209829167173,1,0.5562759551507036,1
1900,1758.4568721944634,44.83176500670966,1,0.5563380397680658,1
1901,1762.4062976362384,45.10253285239468,1,0.5442656825505451,0
1902,1761.2545785336424,44.9836055286602,1,0.5561808597801218,1
1903,1760.5043026773144,44.95603174088033,1,0.5547734527078685,1
1904,1761.9533778281402,45.52076521773749,1,0.5618691020591793,1
1905,1761.7116132515841,45.06409973279359,1,0.5455634883293,0
1906,1761.775470655802,44.73046227568315,1,0.5480744720215093,0
1907,1759.7544344999342,46.196342615461816,1,0.6207172787220869,1
1908,1758.6165548672489,45.61024629555155,1,0.5704006433806572,1
1909,1762.4921170259877,45.13057814544236,1,0.5436318282961409,0
1910,1761.3385119170753,45.07036814746272,1,0.5479455279809659,0
1911,1760.0921463452062,45.53304777494088,1,0.5652066719595997,1
1912,1760.1077742587197,45.063694492120575,1,0.5523896468526235,1
1913,1760.368142091815,44.85160698454551,1,0.5515278583884154,1
1914,1761.5608833460196,45.24293400679697,1,0.540169251667934,0
1915,1759.111315477337,45.22404397310975,1,0.5462764754389334,0
1916,1759.5364352097208,45.380287438781934,1,0.5529543285874914,1
1917,1763.4532418802517,45.486181846947,1,0.5492511910817033,0
1918,1758.9719490031766,45.55792834443001,1,0.5698498822451102,1
1919,1761.1242224502155,45.46460716312715,1,0.550358640598201,0
1920,1760.78560132469,44.33423362396083,1,0.5787424714264333,1
1921,1760.676682687441,44.83162422151872,1,0.5531224907272828,1
1922,1762.0381667458823,44.84335295185548,1,0.5514459007148395,1
1923,1760.0079112008325,44.873726265959505,1,0.5517957008398454,1
1924,1761.9101853425677,44.952524982066755,1,0.5492290200814016,0
1925,1760.495043477313,45.640345321145865,1,0.5683394461835859,1
1926,1759.6444223755223,44.69537868338155,1,0.553023308855238,1
1927,1759.5315880546873,45.212370845266506,1,0.5495967264796516,0
1928,1759.7635358615582,44.58052275968877,1,0.5558771798990588,1
1929,1761.5201150077296,44.92183164611986,1,0.548651533256061,0
1930,1761.6624386590158,45.36431372380107,1,0.548102844051729,0
1931,1760.4714672100204,45.20626723812505,1,0.5481102423414903,0
1932,1759.4069678252645,44.19976728673998,1,0.5958035042936646,1
1933,1759.245829229305,45.62321218731277,1,0.5678810779617111,1
1934,1760.1179840863656,45.015446095095186,1,0.5554856739858711,1
1935,1761.9634832103757,44.22058542464026,1,0.5897417043120753,1
1936,1761.2135699900246,44.57066561663096,1,0.5569676414556202,1
1937,1759.9121737571177,45.92739540503429,1,0.602244714462245,1
1938,1762.067155224063,45.44334120943946,1,0.5523724037283297,1
1939,1758.3157266344306,44.549746523582755,1,0.5626929706670608,1
1940,1757.77874423751,45.087819995637375,1,0.5500197467550466,0
1941,1758.3720090484424,44.9363001496228,1,0.5533778718476506,1
1942,1761.296717717961,44.25946382601856,1,0.5862419585518579,1
1943,1758.8137976580779,44.52004071832108,1,0.5629662132876574,1
1944,1759.5748316494294,44.87248478870467,1,0.5524730970213809,1
1945,1760.1748071804316,45.31841296787974,1,0.5505935525380227,0
1946,1759.4847730009812,44.71922336144959,1,0.5523687414811792,1
1947,1761.1669175026393,45.18456103002248,1,0.5481244547335336,0
1948,1760.5838673664878,45.002742864408056,1,0.5536713093535764,1
1949,1759.810434851708,45.26873589075395,1,0.54750978926601,0
1950,1761.0372189425836,44.948456197772984,1,0.5513070769815936,0
1951,1757.6741516848554,45.88767844522534,1,0.5963568408184453,1
1952,1761.4971277390835,44.71236625002064,1,0.5520767729359833,1
1953,1759.438998533798,44.293659812170425,1,0.585605213049338,1
1954,1758.9282960272008,45.35741983070997,1,0.5526264651332147,1
1955,1760.0263303572722,45.4930463153936,1,0.5605388709118576,1
1956,1760.7201044194028,44.6258838924308,1,0.5535022650648987,1
1957,1760.0368778667466,45.524115299185475,1,0.5666371575810735,1
1958,1760.4692766315172,45.29124964942097,1,0.5486490619531635,0
1959,1759.7356005764748,44.859957544396636,1,0.5506065112170409,0
1960,1759.2135064371848,44.554155643420614,1,0.5612938294153992,1
1961,1761.84529670162,44.52544945573673,1,0.5555717811245663,1
1962,1761.2308545543472,45.29580101500577,1,0.54626144522252,0
1963,1758.1830785368352,45.116340467621015,1,0.55070645648373,0
1964,1760.5847590017847,44.71330847737412,1,0.5507519377430513,0
1965,1758.8861554167327,44.53503938580576,1,0.5621095242210298,1
1966,1758.9237154045948,45.11474139750903,1,0.5523192417177111,1
1967,1760.3668364803038,44.97347085313202,1,0.557636566138421,1
1968,1761.0434907894128,45.12610286207992,1,0.546618751020538,0
1969,1761.76417881455,44.35838619811367,1,0.5734503293833524,1
1970,1761.1423868062477,45.765181703816104,1,0.5785223162283301,1
1971,1759.1846313570904,44.24113962585057,1,0.5914855659507214,1
1972,1759.122554753629,44.74167990071434,1,0.5490561093136984,0
1973,1758.9095146585864,45.74085545788349,1,0.5814115787588886,1
1974,1759.4079687809055,45.09427225963705,1,0.5505486677088639,0
1975,1761.7228021078254,45.16738331718908,1,0.5431535411503298,0
1976,1760.2073404308264,45.0857079831366,1,0.5509473872000687,0
1977,1760.0439127392735,44.577629920343675,1,0.5567541601175326,1
1978,1755.9262012895445,44.70605144440294,1,0.557773511332573,1
1979,1760.0735395873403,44.615868363804765,1,0.5548439030917335,1
1980,1758.8747574231259,45.54727989482431,1,0.5690947916973955,1
1981,1759.4115951337308,45.650601038189045,1,0.5672322312391027,1
1982,1760.1237657113622,44.70867299488914,1,0.5526550555331129,1
1983,1760.5203158403572,45.08385600084559,1,0.5494603038973653,0
1984,1758.8432539830585,45.20693765517417,1,0.5499200749953472,0
1985,1758.6925228806613,45.52695900993108,1,0.5664083329402018,1
1986,1759.7442247434203,44.4169084272699,1,0.5690940164876506,1
1987,1758.804901751759,46.002695070687196,1,0.6036677279629152,1
1988,1761.4069349730858,44.76900570953279,1,0.5505928465716587,0
1989,1759.0598526503563,45.02554774318696,1,0.5558955421437839,1
1990,1757.467481267397,45.899276655110995,1,0.5979269641174852,1
1991,1759.5319237134916,45.31843685299948,1,0.5508759381796939,0
1992,1758.8033055166848,45.68215197533797,1,0.5749057699277423,1
1993,1759.3484097574315,45.63007023484226,1,0.5674342093949276,1
1994,1759.5519549593046,45.66529490200269,1,0.5704611138995358,1
1995,1760.8357467185995,44.11238045398126,1,0.6014303178209968,1
1996,1760.9705052881848,44.52261686042302,1,0.5583633388734559,1
1997,1758.9916701747113,44.8732761408323,1,0.5533604692647512,1
1998,1757.282154504303,44.871531871934486,1,0.5554218345574458,1
1999,1756.8778518344945,44.889348315319275,1,0.5549276100062709,1
2000,1761.5928976739106,45.16098950774251,1,0.5448623874798207,0
2001,1759.2671646881927,44.68286736106597,1,0.5544809332404498,1
2002,1760.1300621136377,45.34715385447174,1,0.5534244748654873,1
2003,1758.8593489159655,45.65979678042689,1,0.5694850404991214,1
2004,1759.610216077742,45.236745414771626,1,0.5472754660002371,0
2005,1760.2545638501965,45.610736752063936,1,0.5698529705398754,1
2006,1758.793836881471,45.446653199234426,1,0.5587251655687525,1
2007,1759.1997491846714,45.27047534668431,1,0.5470133929020567,0
2008,1759.9165443229,44.23671073939887,1,0.5913856770720507,1
2009,1757.8648025106525,44.73670653376131,1,0.5518389900462829,1
2010,1758.1698072096847,45.20056092625806,1,0.5495047062043564,0
2011,1759.9329883291405,45.14289316338658,1,0.551897028775802,1
2012,1758.7318035930664,44.34223541762512,1,0.5803517379316739,1
2013,1758.9739709767086,44.70273546241597,1,0.554476859700894,1
2014,1757.3551871761251,45.77449318285481,1,0.5838816350329633,1
2015,1759.7335507051976,45.28916924687595,1,0.5496175273343328,0
2016,1759.6851081025466,44.22234351741551,1,0.5942881263968901,1
2017,1761.5787076793563,45.13938876412966,1,0.5452421499578818,0
2018,1759.1539032151643,44.80776782673724,1,0.5540951699291259,1
2019,1758.9186258229324,45.016513181768396,1,0.55623413696684,1
2020,1760.1886604287774,45.023835874137475,1,0.5551271868361196,1
2021,1759.2389218615563,44.53847326412353,1,0.5621930753129124,1
2022,1761.0476604586258,45.46538130120606,1,0.5514844146566213,1
2023,1759.196481056157,45.3748052631765,1,0.5531622553572249,1
2024,1759.0267607493129,44.68739459224854,1,0.5546070971947596,1
2025,1760.123904272051,44.960596673205025,1,0.5570490582243659,1
2026,1760.625480868126,45.25331546091159,1,0.5455178157677243,0
2027,1759.7644348151182,44.83915604571865,1,0.5543730045602773,1
2028,1760.752486159366,44.84528157318082,1,0.5527982663534574,1
2029,1757.6110022025537,45.24808507322345,1,0.544437779669477,0
2030,1759.1629033683091,45.543063806539934,1,0.5676224785584129,1
2031,1759.6638916444385,45.813529377722496,1,0.5878598957204876,1
2032,1761.072882848694,44.758902826480174,1,0.5487213483062772,0
2033,1757.5673617159875,45.06626194440028,1,0.5525973773622381,1
2034,1761.0197843292235,44.738706647207344,1,0.5479579195116685,0
2035,1759.0053936465413,44.82403355717262,1,0.5549544946119424,1
2036,1760.0844502513226,45.44274591156622,1,0.5560719618385636,1
2037,1759.4824920252458,45.05054584068043,1,0.553681489023072,1
2038,1756.5717810203894,45.83954326053653,1,0.5955296111115531,1
2039,1758.2959032483675,45.04218382070402,1,0.5531310149540655,1
2040,1759.2036532366942,44.871318782083094,1,0.5521599816778086,1
2041,1758.232426030552,44.508772339940634,1,0.5638015923148635,1
2042,1758.282928473134,44.32606665853555,1,0.5835670494186925,1
2043,1759.1598418780218,44.9399856902524,1,0.5521773465066834,1
2044,1758.6673168016855,44.491728742974566,1,0.5640113897616863,1
2045,1758.6431383324054,45.83188613012976,1,0.5912246110176573,1
2046,1759.6045305348362,46.05304759729684,1,0.6113649111445842,1
2047,1758.2999657851396,44.21055774521409,1,0.5962727143864649,1
2048,1757.2043119034533,46.33013902379418,1,0.6360249073123037,1
2049,1757.650604677046,45.18428323030579,1,0.5523110495335991,1
2050,1759.1345777147376,44.80447586634378,1,0.5538911045424262,1
2051,1757.2133127574032,44.71807235651473,1,0.5548852358961591,1
2052,1758.1638261424996,45.09057946597915,1,0.548626006019337,0
2053,1759.4107315870488,44.62269020300274,1,0.5556816179081693,1
2054,1757.9414807889116,45.0259703010043,1,0.5558684134371462,1
2055,1758.0659048896075,45.13124908949147,1,0.5500927063201752,0
2056,1757.0777232320875,44.62497805874503,1,0.55880710251772,1
2057,1759.7453664357226,44.7126202350056,1,0.551799304453675,1
2058,1759.5890194540764,45.534963090508626,1,0.5655362286035811,1
2059,1758.3827970345258,44.93631689005033,1,0.5533778718476506,1
2060,1759.5213939313307,44.27844652689592,1,0.5867255017349868,1
2061,1757.911988761542,45.59693652634783,1,0.5680404600378695,1
2062,1757.246219576389,45.31021276365915,1,0.5494369216135168,0
2063,1756.9157547201796,45.293073238311706,1,0.5503130964682852,0
2064,1759.3566483582758,45.29965988267657,1,0.5501429905156145,0
2065,1757.6491914071905,44.385260906017706,1,0.5772184391199473,1
2066,1759.1016664732315,44.985364967074766,1,0.5600787311148747,1
2067,1758.302857884495,45.511904076966225,1,0.5644834210186157,1
2068,1759.8066720110805,44.78572779509855,1,0.5529001694495508,1
2069,1758.8520907729894,44.8680186714151,1,0.5515385038007956,1
2070,1757.3062334451133,46.244340342891626,1,0.62838105414456,1
2071,1756.8115045657978,44.76109761958594,1,0.5547371403229145,1
2072,1758.3432160545713,44.588758504508114,1,0.5590628084317175,1
2073,1759.6846700661802,44.88368541679615,1,0.5506367703584015,0
2074,1758.5368600128454,44.54811428937971,1,0.5630343063077712,1
2075,1760.1454679230658,45.107103662802686,1,0.5510400985180148,0
2076,1759.8451921350284,44.384772948692266,1,0.5739456650191417,1
2077,1758.0754390605016,45.12332145681218,1,0.5500927063201752,0
2078,1757.796062668939,44.64963246769061,1,0.5563079888257914,1
2079,1757.9580572358032,45.25996901813765,1,0.5461176614881884,0
2080,1758.294777840588,45.39662189218947,1,0.5560052961400964,1
2081,1758.8806923740974,45.76845846595478,1,0.5829702561233288,1
2082,1758.7301667698814,45.04511951544314,1,0.5543112520898872,1
2083,1757.139594709379,45.21068641809478,1,0.5504902172640732,0
2084,1758.5296434229103,45.07180186082803,1,0.5512499861297124,0
2085,1758.1829604812294,44.85613956822459,1,0.5521009136194232,1
2086,1759.298007516407,44.9540528661339,1,0.5567372683101824,1
2087,1756.9777976687856,45.7851038998242,1,0.5883431527576852,1
2088,1760.1418746923428,44.80127091543496,1,0.5542208979815887,1
2089,1758.4805848721992,43.96020969192315,1,0.623312909265169,1
2090,1757.8897786906887,44.99332699248141,1,0.560269007584967,1
2091,1758.0395331657157,44.39804497940098,1,0.5742692700405955,1
2092,1757.4772725063503,44.67945893477481,1,0.5568800720279724,1
2093,1758.7573863801492,44.17349771159818,1,0.598234211708802,1
2094,1759.5379472336265,45.10447251641831,1,0.5514869347307855,1
2095,1758.6714905347394,45.12860968440877,1,0.5509576486798171,0
2096,1758.5773629448756,45.03665331909064,1,0.5560754037536259,1
2097,1759.3760273508356,44.799213036009874,1,0.5546316464470104,1
2098,1760.2335188196168,45.41521832154155,1,0.5548095558238578,1
2099,1759.6075019129742,44.95051756034985,1,0.556487924458049,1
2100,1755.8124115993187,44.375217246346715,1,0.5787224962412546,1
2101,1758.508008513079,44.63105938647579,1,0.5564537273972165,1
2102,1758.7081447048652,44.95596291774332,1,0.5573817452442504,1
2103,1758.3972107556524,45.25921269650574,1,0.547161423316424,0
2104,1758.6421720364149,45.20827050305328,1,0.5499200749953472,0
2105,1760.2769261760718,45.125889095737314,1,0.5502398026686524,0
2106,1758.6781015999802,45.25446083436414,1,0.5471339653705758,0
2107,1758.302841778421,45.197342688987014,1,0.5494661546277497,0
2108,1758.1371329070846,44.531029813767255,1,0.56325637928568,1
2109,1756.4119655391503,44.10344750442193,1,0.6055673309556155,1
2110,1756.672840834535,44.19385679526053,1,0.5955216433751785,1
2111,1756.2219078811574,45.03205271650523,1,0.5561545327817143,1
2112,1760.10258238208,45.25147748657045,1,0.5458879082153031,0
2113,1758.2923492941918,44.89775356032565,1,0.5530503921915935,1
2114,1756.808263674653,44.781263648052175,1,0.5545971629900045,1
2115,1757.7592155351758,45.2926693799699,1,0.5484436147109347,0
2116,1758.1639792652204,44.76710519516643,1,0.5521406647982104,1
2117,1757.470179888959,45.036007180787436,1,0.5560872796593289,1
2118,1759.5175182703865,45.12133625943535,1,0.5509332603708827,0
2119,1758.5181483138363,44.85146264234777,1,0.553162901548156,1
2120,1759.1967091775637,45.48144811858405,1,0.5555190573649388,1
2121,1757.2197160403784,44.194230317363406,1,0.5966762808534489,1
2122,1756.5716779861461,44.56195511929241,1,0.5633990887385916,1
2123,1757.7093577212104,44.41662345962358,1,0.5731363733467193,1
2124,1757.8437389991639,44.411001554007115,1,0.5737585861014614,1
2125,1758.8709738241935,44.788709609411086,1,0.5531229101701483,1
2126,1755.6684752855613,45.112370885989286,1,0.549149568066308,0
2127,1759.061846908101,44.318615793846746,1,0.5821556472460321,1
2128,1757.9051072648413,45.38310948982068,1,0.5547634174779702,1
2129,1758.2172197287591,45.05558407011252,1,0.5508653421290274,0
2130,1759.0209674374066,45.1304642401375,1,0.5515170881215237,1
2131,1757.1507205702526,46.24001913685108,1,0.62838105414456,1
2132,1757.8427712808614,44.127723820102986,1,0.6026254174629013,1
2133,1758.4569368916534,45.12843211931623,1,0.5513305452192208,1
2134,1757.5437316313028,45.585425749995906,1,0.5679840896388779,1
2135,1756.3885175295086,45.24554686189025,1,0.5470113734331403,0
2136,1758.5128932293464,43.850094615757065,1,0.6325248651450986,1
2137,1757.5656111436,44.947110076650006,1,0.557166026668518,1
2138,1757.4154849242434,45.58369031454336,1,0.5681762672743488,1
2139,1758.3807847415208,44.23807426267389,1,0.5926873583309855,1
2140,1757.0619449946703,44.66789923253649,1,0.5566770918688818,1
2141,1759.4796680134664,44.854491363587,1,0.5531980606606421,1
2142,1758.878064793201,44.96047118253706,1,0.5586687322210017,1
2143,1759.5093328572984,45.57158400611847,1,0.568619931916615,1
2144,1757.039958666119,44.53056812103531,1,0.5655507537453076,1
2145,1757.7921535177268,46.50915069963162,1,0.6443966821910394,1
2146,1757.4218239038626,45.81037091064323,1,0.5904394368777021,1
2147,1757.0824611304256,45.622360517640494,1,0.5704362716858473,1
2148,1756.6236831162323,44.92199423819267,1,0.5544826566642773,1
2149,1757.4068975552455,44.535737340157425,1,0.5646298044724505,1
2150,1757.5698550858597,44.536256591318356,1,0.5653277761729948,1
2151,1756.6356391350384,45.1754484565312,1,0.5490852040149928,0
2152,1754.9275527920283,45.637591190290344,1,0.5695697654262476,1
2153,1756.5140969875856,45.61531753201919,1,0.5735234054347244,1
2154,1759.641260112603,44.92309904942599,1,0.5527239729950383,1
2155,1757.0962526561175,45.20084006453229,1,0.5503809104428177,0
2156,1758.7768099430675,45.127859781960595,1,0.5509576486798171,0
2157,1756.5590846427758,44.19941205500243,1,0.5957231383525614,1
2158,1755.3503675699726,45.335704178496336,1,0.5519338880484503,1
2159,1757.9002814792984,45.08429605827861,1,0.5508364609484054,0
2160,1758.342898704913,45.39569923054049,1,0.5561934207461737,1
2161,1758.0080977953064,45.778097718453985,1,0.5851960859049765,1
2162,1757.48843653777,44.456760770197505,1,0.571046603998685,1
2163,1757.4584356909136,44.40686982971465,1,0.5758611902912198,1
2164,1758.5929768033302,45.0750377782265,1,0.5519687268627882,1
2165,1756.8656661245661,45.71949598445127,1,0.5809633857524489,1
2166,1757.671346381344,44.037133389042324,1,0.6179781647092615,1
2167,1759.7073837214996,45.02624284460229,1,0.5546355322120071,1
2168,1755.14018075509,46.150102871818866,1,0.623276027161307,1
2169,1757.8659062046718,45.565406991346485,1,0.568021591393592,1
2170,1759.9071728872666,44.78688499581262,1,0.5530872434348164,1
2171,1755.3914675887927,45.065919939403585,1,0.5515733167442108,1
2172,1755.3510122803095,44.32192659145343,1,0.5802961864024044,1
2173,1756.575209129887,45.510139022933096,1,0.5645626565717714,1
2174,1757.0970040604855,44.91678637039345,1,0.5566909750575771,1
2175,1759.2454878894814,44.83156243795157,1,0.5551310924923181,1
2176,1756.4940156448802,45.1543866369196,1,0.5517773635637835,1
2177,1755.3233925635668,45.25732834531409,1,0.5456954715670328,0
2178,1759.193971822687,45.42140047249622,1,0.5565185201436251,1
2179,1757.1129686843328,45.05984547411319,1,0.5533329504369968,1
2180,1757.4970637672996,44.90038969836854,1,0.5554910805254176,1
2181,1757.3057604889614,44.64552659858976,1,0.5577761342502318,1
2182,1755.8941581753763,45.04500768381304,1,0.5549741563055901,1
2183,1756.463637807584,45.37569953060754,1,0.5557993808401082,1
2184,1757.9843430232045,44.43948268264481,1,0.5728204489021615,1
2185,1758.199570342669,43.91542553683916,1,0.6267737417518603,1
2186,1755.3966366920065,44.404496457264756,1,0.5736205937720253,1
2187,1757.419687321163,45.59450937902258,1,0.5680404600378695,1
2188,1756.0215055925858,45.00691430567598,1,0.5555363781217079,1
2189,1758.2028167254136,44.51496853023005,1,0.5640319255628267,1
2190,1756.9946793330798,45.21026089493392,1,0.5515810333404754,1
2191,1756.7998451784397,45.55492669278965,1,0.5687052011508125,1
2192,1757.5808283816675,45.05087229148281,1,0.5534640616854469,1
2193,1759.2901020340385,44.766413398962435,1,0.5509161141509139,0
2194,1757.4425696629726,45.072765997119845,1,0.5514482786091307,1
2195,1760.0013619959777,44.199229236105126,1,0.5948973425117965,1
2196,1757.8901543017612,45.16435970526889,1,0.5506915263045044,0
2197,1757.5272256675757,45.175134059468036,1,0.5496690842398738,0
2198,1757.511392738871,44.26077922735336,1,0.5886009368750442,1
2199,1757.5227550908562,45.16701641826119,1,0.5504460522063749,0
2200,1757.3117919661886,45.24007767864684,1,0.5450838649527209,0
2201,1760.0408820321347,45.89079807166645,1,0.5964255606407199,1
2202,1755.8271331858998,45.46681096536898,1,0.5591111181556491,1
2203,1757.3152093201259,45.070138442268025,1,0.5518215072143533,1
2204,1757.1596471436508,45.21037448682414,1,0.5504902172640732,0
2205,1757.4521084970079,45.21834534890785,1,0.5483111437003432,0
2206,1757.0978768412722,44.59238397555209,1,0.5601762028787591,1
2207,1758.2787471445681,45.16568254180918,1,0.5490717677064582,0
2208,1755.696778679956,44.50483034899346,1,0.5658313158194882,1
2209,1758.5423298942362,44.633852624635495,1,0.5552984841346835,1
2210,1758.6692118103758,45.220034321387644,1,0.5474806285901284,0
2211,1756.5322530429291,45.122728592418405,1,0.551762243834268,1
2212,1757.6720867102356,45.0496761266899,1,0.5534640616854469,1
2213,1755.0836373338873,44.924994595631375,1,0.5527518157273495,1
2214,1758.412819449212,44.69951699649487,1,0.5554424594854384,1
2215,1758.3600268602618,45.23990556110366,1,0.5459026300703353,0
2216,1759.0319181989098,44.104160689775796,1,0.6059209750162179,1
2217,1757.050163098383,45.74712719697793,1,0.581955868108546,1
2218,1759.6558275286081,45.34862353327262,1,0.5524687249800943,1
2219,1758.142497313734,45.06103177462323,1,0.5515188159682631,1
2220,1758.4796229384528,45.249446692347135,1,0.5460322066124237,0
2221,1758.094181681005,44.75843632117176,1,0.5515805928223624,1
2222,1757.0975503070354,44.7396600385467,1,0.5526828100687393,1
2223,1756.0662913432836,44.326183423601954,1,0.5822524091638326,1
2224,1757.4080516379452,45.35506817050321,1,0.5519843162927502,1
2225,1756.4781970154113,45.55926542434714,1,0.5719784564168108,1
2226,1758.4037367900037,45.33563308314766,1,0.5533755916531974,1
2227,1755.8096906250225,44.748546723681386,1,0.5544971144684627,1
2228,1755.7011280243353,44.463869057454104,1,0.5691912587116019,1
2229,1757.5116810024122,44.60248806950735,1,0.5598565409460606,1
2230,1756.093693921063,45.1783142557556,1,0.5472952922671688,0
2231,1757.7702610438068,45.26961835717653,1,0.546601926140985,0
2232,1757.4025326416217,45.362621511780006,1,0.5523502538177911,1
2233,1758.0173969703164,44.81610860828578,1,0.5543915683865815,1
2234,1757.6298606896155,44.74104759944358,1,0.553337447732168,1
2235,1756.7267257212063,44.26421088218716,1,0.5880333030490439,1
2236,1756.3471971859624,44.39282149775978,1,0.5757796144340045,1
2237,1756.5163467255043,45.92249488331352,1,0.607862113776044,1
2238,1757.6425701349233,44.73710114521046,1,0.5528310228482989,1
2239,1756.6182198018025,44.530692285931856,1,0.5648383804196452,1
2240,1758.7571278868127,44.438682000903576,1,0.5719892255437383,1
2241,1759.018043665795,44.90042367387225,1,0.5539544144251152,1
2242,1755.8365440001967,44.759464153640984,1,0.5550041694393039,1
2243,1757.6694852010473,45.29823499727601,1,0.5489472790857732,0
2244,1755.0743660724318,45.42516427364696,1,0.5561401954523267,1
2245,1756.0969469251047,45.29869205288914,1,0.5485910616689532,0
2246,1758.3068500847817,44.0183478605852,1,0.6186301181794565,1
2247,1755.096073572702,44.120724526082384,1,0.6011193290728097,1
2248,1756.1232273883945,44.724111601391556,1,0.5553123039306621,1
2249,1756.3245895807386,45.03957702809956,1,0.5542758123755704,1
2250,1754.6361730710146,44.28274015152167,1,0.5849730694086989,1
2251,1755.2638188317023,45.094763240448565,1,0.5489397311237015,0
2252,1757.2997484648454,43.940948578621516,1,0.6251022863301801,1
2253,1756.6900937699293,45.889542051273935,1,0.59581884664628,1
2254,1757.8236256339576,45.101391202497744,1,0.5523200043575028,1
2255,1756.0802347279662,44.23867581337241,1,0.5905821486454202,1
2256,1753.653650078943,45.733564221516914,1,0.5878825297121525,1
2257,1756.3686948578106,44.99545748517917,1,0.5574966548605067,1
2258,1754.9441844261314,44.48592607366108,1,0.5621094755427469,1
2259,1757.278182857768,44.722970739194245,1,0.5545099351151194,1
2260,1755.296411798433,44.668546590205324,1,0.5546196866677237,1
2261,1758.7835019685763,44.62157350757918,1,0.5559485983351179,1
2262,1754.2814041245715,45.143310353307925,1,0.5481158639075041,0
2263,1755.8257020663743,44.89285454956961,1,0.5523194822280466,1
2264,1759.1435954679596,44.49813685071379,1,0.5628704109969523,1
2265,1757.3122617733309,44.99178485424098,1,0.5603083171100113,1
2266,1756.7319184541457,45.64589531307788,1,0.5682687569065922,1
2267,1757.4174344643268,45.08663346478914,1,0.5500583371727159,0
2268,1758.0859714158773,44.56842337774261,1,0.5610613919530811,1
2269,1755.2973008449324,44.6412767998218,1,0.5563312719012445,1
2270,1756.6110088903724,45.79729733069462,1,0.5893697012149297,1
2271,1758.1483742684982,45.15483217701161,1,0.5495606611194072,0
2272,1757.564129195408,44.53373333401946,1,0.5645901917650145,1
2273,1755.6177616563596,45.70335155650689,1,0.5839794696698345,1
2274,1756.7956726830337,45.15418485745312,1,0.5517138412697525,1
2275,1757.2610027630399,45.49040635147117,1,0.5605020908905155,1
2276,1754.8244653099498,45.21642682185128,1,0.5459828675357252,0
2277,1757.7601614993428,44.92208701212836,1,0.5539638402973842,1
2278,1757.8557004233949,43.94777172448794,1,0.6241256083828346,1
2279,1754.4784008580025,44.920588363983065,1,0.5516551529192391,1
2280,1755.7307098317892,45.28193394503991,1,0.5492725807129779,0
2281,1755.276705711594,44.62227300147259,1,0.5580862761909855,1
2282,1754.5084101043342,45.26116760461745,1,0.5436217931492255,0
2283,1755.3384833663924,45.04591527888193,1,0.5541826387859901,1
2284,1754.1451144785578,44.36260129246585,1,0.5791225764975068,1
2285,1757.150961959032,43.63308306392578,1,0.6582684388349753,1
2286,1756.664099081017,44.84596614421495,1,0.5558741060309065,1
2287,1754.2149988453432,43.69688962099531,1,0.642858819342093,1
2288,1754.3701538463135,45.09759598485772,1,0.5458239264545502,0
2289,1757.066643568211,45.243961317431236,1,0.5441158742177936,0
2290,1755.5193671069103,45.050042656438954,1,0.5537892702723471,1
2291,1757.7502058834523,45.151449333854444,1,0.5511950446107403,0
2292,1755.4384194332335,45.49399610785615,1,0.5639160682221849,1
2293,1755.6564857225171,44.7751013370996,1,0.5541986586419009,1
2294,1756.199366909279,44.70208939869139,1,0.5573795016958855,1
2295,1754.8121133018572,45.82132776399233,1,0.5942006509436967,1
2296,1755.55662545697,44.87840903208666,1,0.5516627628765787,1
2297,1756.4701227276607,44.26296530294977,1,0.5878595293106251,1
2298,1759.0487933213042,44.18459087563636,1,0.5989428037608823,1
2299,1755.6211937025287,44.748815938661444,1,0.5530094417071076,1
2300,1756.278605037617,45.05320782288609,1,0.5516597810288453,1
2301,1754.7097685214524,44.855526425150714,1,0.5506598831480636,0
2302,1755.682772022969,44.60627320324374,1,0.5583782672733983,1
2303,1754.7857286693368,44.83419037916462,1,0.5528360349051492,1
2304,1754.8099023412467,44.2029120734176,1,0.5924901530523773,1
2305,1754.889766504719,44.88266178395785,1,0.5496754584060471,0
2306,1754.5466048579874,45.03828128166334,1,0.553110049464933,1
2307,1756.9646868389764,45.39404955847474,1,0.5573346388253174,1
2308,1756.6213292888394,44.697027016896676,1,0.5558730796917725,1
2309,1753.9607958461854,45.03596563330867,1,0.552564674172922,1
2310,1757.3729718960208,44.77517387329417,1,0.5552731763337323,1
2311,1756.3657419819313,44.61491565133463,1,0.5596865629000867,1
2312,1755.4118132310891,44.77360611276114,1,0.553584417536614,1
2313,1754.3719166982546,45.94613445738916,1,0.6063438036774383,1
2314,1755.9162870563327,45.03362998294509,1,0.5556197339726144,1
2315,1756.249787571873,44.19845475268112,1,0.5957231383525614,1
2316,1754.0485572002872,44.86038710690166,1,0.5499823762608966,0
2317,1753.7757723640634,44.548830929951585,1,0.563827700640219,1
2318,1757.2498358871376,44.980249604198576,1,0.5600344178187383,1
2319,1754.6290349454976,44.97134796259561,1,0.555026706300568,1
2320,1756.116688396694,45.46098756116573,1,0.5594895330875443,1
2321,1754.9202069280723,45.39537699205495,1,0.5550193642988613,1
2322,1754.9320739477919,45.090995622103655,1,0.5470858431304545,0
2323,1757.015718129286,44.77415305554476,1,0.554897613166275,1
2324,1754.7318042675809,44.8741137948237,1,0.5519114111377869,1
2325,1757.6648947259173,45.48175604221172,1,0.5557514197237614,1
2326,1756.5117186563189,45.5572755969237,1,0.5721719855478193,1
2327,1758.2354355667478,45.07929452087403,1,0.5509157946513262,0
2328,1755.6577945864283,43.74535061425857,1,0.6428204092456391,1
2329,1755.5416997021327,44.196696749066994,1,0.5938948631621078,1
2330,1755.5648678523496,45.57819919514576,1,0.5709794037335396,1
2331,1756.0873607972067,44.58997502765398,1,0.5611741324311236,1
2332,1757.6070591561058,45.641314344959966,1,0.5686465630897263,1
2333,1754.2183700383846,45.07203704368997,1,0.5474322350220173,0
2334,1758.0329178003394,44.79861256477462,1,0.554147757258664,1
2335,1755.9810294476622,46.076802129896166,1,0.6200057910423131,1
2336,1755.130448505768,45.10419065586285,1,0.5488514618850526,0
2337,1755.0618369904053,45.28783764170768,1,0.5462504635969628,0
2338,1756.7843563667047,44.48335662800679,1,0.5667638381609758,1
2339,1756.3899520873333,44.70598097080887,1,0.5575848522830664,1
2340,1756.4426300732027,46.33733055980421,1,0.6383370910632027,1
2341,1755.8908478898686,45.793550141493284,1,0.5937369295154378,1
2342,1757.17549353352,44.91844230144747,1,0.5561262874078253,1
2343,1756.0597086866962,45.49863265904392,1,0.5631422417515937,1
2344,1754.9988005103721,44.38804278691996,1,0.5733050802813344,1
2345,1756.064227484793,45.044852933165586,1,0.554223688337711,1
2346,1755.789047673678,43.972622833241516,1,0.6221584309470567,1
2347,1755.750218869806,44.829625841148335,1,0.555199136060513,1
2348,1756.972969804507,44.72393989671194,1,0.555045126561547,1
2349,1755.7536344342627,44.09298073731222,1,0.6069936960887521,1
2350,1754.021253797774,45.631802665137535,1,0.573259386652941,1
2351,1753.704773853499,45.332781484624185,1,0.5520862408952132,1
2352,1754.3312091115736,45.07329610088433,1,0.5477650325644864,0
2353,1753.954271394504,45.55542821453996,1,0.5712284528693491,1
2354,1754.7277993066623,45.39871351279754,1,0.5577061340205971,1
2355,1754.8629404023084,45.058666505159195,1,0.5507652543392678,0
2356,1757.4508959891946,44.12536519943515,1,0.6031179063985629,1
2357,1756.199231003939,45.17472378800353,1,0.5495931231960153,0
2358,1756.937273063736,46.25279586312654,1,0.6288063520255838,1
2359,1755.429697510337,44.694868737827505,1,0.5541397444695273,1
2360,1755.0442806509316,43.60581941262521,1,0.6559171844151134,1
2361,1753.2283658241488,44.48295812801838,1,0.5664185786954626,1
2362,1754.7747859377534,45.282002162308814,1,0.5459193030444152,0
2363,1756.1895660999453,44.31908395655982,1,0.5826737345479802,1
2364,1754.1181861835607,46.114515189652266,1,0.6219165426992003,1
2365,1756.6333947912842,44.603010826074595,1,0.5589622150264643,1
2366,1756.253600764788,45.40943125610872,1,0.5575651270239997,1
2367,1755.266917228508,44.37033776097463,1,0.5771698286590854,1
2368,1755.1942685165836,44.12076097489633,1,0.6015261758025302,1
2369,1756.9224173929958,43.420232073381165,1,0.6641504146308885,1
2370,1754.7794995385452,44.59037946252607,1,0.5584600474069025,1
2371,1754.7562232079542,44.88638403391877,1,0.5516679103984187,1
2372,1754.788779334634,44.96117445012901,1,0.5543849462211013,1
2373,1753.4913445521408,45.637833625570444,1,0.5723721811001447,1
2374,1754.655635374486,45.20599811701507,1,0.5480703228015754,0
2375,1753.79957121145,45.097670638885226,1,0.5472581925116005,0
2376,1756.505200185851,45.15598327318645,1,0.5517773635637835,1
2377,1755.1253328968962,45.38167389539232,1,0.5536628079046554,1
2378,1753.1785677627372,45.097158341148926,1,0.5475919972828196,0
2379,1756.617018381561,44.91049558983453,1,0.5547687180992851,1
2380,1754.5293520506139,44.680359201431436,1,0.5547818955203373,1
2381,1754.5124941390777,45.11921029396399,1,0.5469054961086318,0
2382,1754.5404395699147,44.79684804518097,1,0.5542198603738363,1
2383,1753.5972495758142,44.892073526623854,1,0.5502399824823351,0
2384,1754.6417000284837,44.82385880166435,1,0.5521744891522368,1
2385,1755.732870804819,45.33469942669627,1,0.5523292854224118,1
2386,1753.412646634173,44.922025889856,1,0.5517629770285596,1
2387,1754.7493725853674,44.595554996747964,1,0.5584736396838818,1
2388,1754.1839391120866,44.398135733614325,1,0.5736254755023789,1
2389,1755.6351788504858,44.373367564441146,1,0.5769746090779,1
2390,1754.964689917997,45.36069702832784,1,0.550143735885179,0
2391,1752.0799947484682,44.133487064073044,1,0.5959340528011134,1
2392,1755.4765842144595,44.88151784035463,1,0.5512896416392767,0
2393,1755.7471273229692,44.446396072293304,1,0.5722445918273039,1
2394,1753.6350556696914,44.81412584426354,1,0.5528962441462402,1
2395,1754.2716755475706,44.88909700969481,1,0.5497493285049926,0
2396,1754.6049817593807,45.09973505385176,1,0.5480442120444218,0
2397,1754.4598859072098,44.68345533334767,1,0.5558747467866691,1
2398,1753.9956056176936,45.10766950330178,1,0.546932311036273,0
2399,1756.977488138478,44.77562585524415,1,0.5558091044309319,1
2400,1754.2770292735227,46.21728315205618,1,0.6278661395161048,1
2401,1754.578748578597,44.87214272669512,1,0.551702407437597,1
2402,1754.8066847810587,45.63870803363196,1,0.5701194920358107,1
2403,1754.8304915064914,44.28218615112974,1,0.5821571741906668,1
2404,1757.0516838160572,45.257974053607605,1,0.5466831066599309,0
2405,1755.8288591094117,44.824175498763346,1,0.5547559808348722,1
2406,1757.1040425165868,44.72093771262769,1,0.554134888171571,1
2407,1754.1160195665707,45.10551389403402,1,0.547487663171724,0
2408,1756.1354683155907,44.804220579733894,1,0.5556648744264404,1
2409,1755.1597776904925,44.83898414503806,1,0.5545606919735234,1
2410,1755.4647156791268,44.86683875248531,1,0.5513435892782561,1
2411,1752.823809163897,44.273874307386784,1,0.5881562893064983,1
2412,1754.186624800429,45.22675522060131,1,0.5448421318442687,0
2413,1754.6565917891767,45.41685020486801,1,0.558189625923452,1
2414,1754.2250204802724,44.85653169936865,1,0.5496711975824741,0
2415,1755.1663763394295,45.11020823052087,1,0.5494695464256415,0
2416,1755.354490136763,45.9242715155147,1,0.6080520240910537,1
2417,1755.5987364323416,45.20700251292724,1,0.5480496090960298,0
2418,1755.1319819904825,45.41322152657002,1,0.5572261987658774,1
2419,1753.3423717590426,45.46192386909105,1,0.5609731800461882,1
2420,1755.392678557603,45.44406806423254,1,0.5596196775088826,1
2421,1753.5060456031267,45.288348070053196,1,0.5485756702693884,0
2422,1755.8943968723386,45.0848336348458,1,0.5499815867371305,0
2423,1753.4124016493265,45.48727300185099,1,0.5629629124365414,1
2424,1755.6659073099925,45.438618433295446,1,0.5586739000708472,1
2425,1751.621424508184,44.97753472568493,1,0.5526243935559892,1
2426,1756.301712502936,45.43720740890193,1,0.5582902907630694,1
2427,1754.720988327969,45.05773031958423,1,0.5516976432536987,1
2428,1755.1445870950595,45.0449675492244,1,0.5541826387859901,1
2429,1754.1099283528458,45.40155043377093,1,0.5583115792838612,1
2430,1754.1595655768565,44.84436225330836,1,0.5526294578582998,1
2431,1753.7806205039412,44.919137942857766,1,0.5516158679765368,1
2432,1755.6070281432192,45.56129852551277,1,0.5707085794833285,1
2433,1754.268229106791,46.00236293447228,1,0.6078621978699414,1
2434,1754.166712521677,44.11492927585766,1,0.6009470905057038,1
2435,1753.7929721397281,45.51746336432957,1,0.5711247463379143,1
2436,1752.7210405850717,44.0790375675357,1,0.6085907435315534,1
2437,1753.3715351143103,44.74164315321,1,0.5523028384285851,1
2438,1754.165679342884,45.14209954221031,1,0.5484303461055653,0
2439,1752.9724868038627,45.456825114127305,1,0.5611536931431245,1
2440,1756.1614432274214,44.970413869567196,1,0.5581141258097682,1
2441,1753.6122634833741,44.441461999926474,1,0.572487280873874,1
2442,1754.3982669279767,44.769202179480324,1,0.5517407321356327,1
2443,1754.7910447375587,45.146190582918926,1,0.5473094332444381,0
2444,1752.9758099159014,45.77669055370288,1,0.590813284800749,1
2445,1754.9746125924653,45.55283531045712,1,0.5688271271215981,1
2446,1753.9503796546342,44.83118431748538,1,0.5526732043560599,1
2447,1754.5226793257643,45.31872549353761,1,0.5488912995759736,0
2448,1754.0992830596085,45.08431276488623,1,0.5477284247161098,0
2449,1754.4144549494083,45.44724657919372,1,0.5592613136734544,1
2450,1755.3541197476563,45.08956982352314,1,0.5485684516292998,0
2451,1754.5908019707772,44.62910840237074,1,0.5563794920547638,1
2452,1754.1616224527818,45.5967574219325,1,0.5713272725836778,1
2453,1756.9249508059515,45.70935334977986,1,0.5809282705664579,1
2454,1754.4359498802671,44.371008016553,1,0.5770751704956474,1
2455,1754.649044357218,45.37380009403394,1,0.5529877849999145,1
2456,1754.2423743351928,45.509262878811896,1,0.5666157732451059,1
2457,1754.7599654417968,45.22158418749065,1,0.5455148733846993,0
2458,1752.8117223882364,44.04578288789351,1,0.6159154356966254,1
2459,1755.7313000279712,45.49466390826623,1,0.5643200494549699,1
2460,1756.3951654746916,45.19672863940675,1,0.5521333322535878,1
2461,1753.1936487973426,44.80614048727595,1,0.552781374403644,1
2462,1755.6641353684536,45.789133716981354,1,0.5929204358413691,1
2463,1755.072098390931,44.94203801874311,1,0.5523608234385005,1
2464,1754.1673405540137,45.66269914721309,1,0.5767689457997743,1
2465,1752.8068402068507,45.51985640963279,1,0.5695256440801728,1
2466,1752.6382412330279,45.06491058920285,1,0.5490353959833799,0
2467,1754.3892276525348,44.67808650106933,1,0.5545664173989946,1
2468,1756.344222137844,44.51474276255925,1,0.5659989225562994,1
2469,1755.6465852804502,44.72348657488224,1,0.5528864641747329,1
2470,1756.1854992189203,45.2690504405748,1,0.5472103616248072,0
2471,1753.1476307798976,45.251559236474556,1,0.5452724410454586,0
2472,1753.4101864956033,43.904686638345154,1,0.6261392050976072,1
2473,1753.693485228932,45.45611716976313,1,0.5622660092930036,1
2474,1756.0301255729632,45.72637939858662,1,0.5864313629064608,1
2475,1753.130131082719,44.94591509295266,1,0.5545007446214638,1
2476,1753.1808880177384,43.8746867491867,1,0.6309431564273661,1
2477,1754.9114122250849,44.78768928719649,1,0.5526782887900942,1
2478,1754.0743006596185,44.865801670840334,1,0.5505408254162194,0
2479,1752.6698206335834,45.346969193116834,1,0.5525331816040392,1
2480,1755.3453104428588,44.32524098658063,1,0.5802961864024044,1
2481,1751.635640332163,44.956620526529726,1,0.551416685204326,1
2482,1753.6662487323804,45.27842717688495,1,0.5486534641640638,0
2483,1753.9723135881202,45.230909210028244,1,0.544413392743726,0
2484,1753.3328778635143,43.640154751884765,1,0.652042543936458,1
2485,1753.9345423363027,45.3545737687608,1,0.5514956133202862,1
2486,1754.5421255853323,45.082746153821645,1,0.5495881904463645,0
2487,1752.7302732704118,45.52268481187579,1,0.5708638674165759,1
2488,1754.5086432625762,46.31957809252478,1,0.6359657620655975,1
2489,1753.4080958185723,44.35016420008686,1,0.5804263716774816,1
2490,1753.619649438824,44.81969323335597,1,0.5530833168033781,1
2491,1753.0587005158923,45.13902425315796,1,0.5503498777500988,0
2492,1753.8429835668906,45.12818488370929,1,0.5473978398864677,0
2493,1753.6603315588302,45.040917596470365,1,0.5513763000548159,1
2494,1753.875251111955,44.509808397233684,1,0.5651740980436748,1
2495,1752.7567172685774,44.70895645592275,1,0.5548332656711603,1
2496,1753.7862154904426,45.11463999812699,1,0.5479717285920802,0
2497,1753.910716659483,45.96621583900022,1,0.6081195270628709,1
2498,1755.8331165298566,44.83893890018196,1,0.5556250425510667,1
2499,1754.4879137069681,45.31729527313189,1,0.5480180369255424,0
2500,1753.5010418858958,45.02449840385763,1,0.5530716843749647,1
2501,1754.7996690419573,45.30046549273002,1,0.547173637656381,0
2502,1754.7542226049006,45.7881890969236,1,0.5927730738379956,1
2503,1753.6133267669425,45.01561035622277,1,0.552831990425629,1
2504,1753.3927116780208,45.27490642749634,1,0.5477149263198212,0
2505,1756.1991540800589,44.63005118153658,1,0.5580166221288447,1
2506,1753.9491328713834,45.04828217405367,1,0.5504075204394476,0
2507,1754.3951218048353,44.149272425962444,1,0.5963550331129321,1
2508,1752.6915050477915,44.516867977828596,1,0.5658686983461084,1
2509,1753.7340035859293,44.73017840498884,1,0.5518394259226777,1
2510,1751.9091140185908,44.71317147565454,1,0.5540679032225316,1
2511,1753.902661063257,44.82681619461017,1,0.5521402999893943,1
2512,1754.5509962618667,44.36448262177843,1,0.5787942482459076,1
2513,1752.2043512529624,45.30488799246867,1,0.5476780161338005,0
2514,1752.6225448604682,45.524654003627454,1,0.5706707807381369,1
2515,1753.6990624573239,45.964773139117504,1,0.6070722321096347,1
2516,1754.51153321835,44.47868321439682,1,0.5666263661995108,1
2517,1753.8356722437966,45.17014073698166,1,0.547832865816576,0
2518,1752.4457655890399,45.14643324692426,1,0.5470267917297537,0
2519,1752.800810369145,44.37960648823424,1,0.5770989003466679,1
2520,1753.4963989400062,45.78331294181685,1,0.5923370510214985,1
2521,1753.8384189413227,44.85677690755392,1,0.5500753428200951,0
2522,1752.9120023297592,45.77742758681861,1,0.590813284800749,1
2523,1752.7358365475418,45.383424729095054,1,0.555999088174467,1
2524,1753.8934266413842,44.79938465810373,1,0.5531491929141295,1
2525,1754.2249836400292,45.754706481388745,1,0.5879344749975769,1
2526,1753.6298244640627,45.242221382676036,1,0.5441312897846518,0
2527,1752.9831113941354,45.880367092901274,1,0.6011565885554198,1
2528,1751.22410455048,45.34566914197854,1,0.550090988458006,0
2529,1753.7664817364373,45.04841994857067,1,0.5503932631176366,0
2530,1753.6795675603444,45.70600014368205,1,0.5861097257058028,1
2531,1753.0152431141253,44.76642843733408,1,0.554301212401151,1
2532,1752.1493011782093,44.22090749713335,1,0.5926866662352475,1
2533,1753.265607342182,45.884483881408634,1,0.6002948847379642,1
2534,1756.0130886905686,45.08856094374858,1,0.548980392321486,0
2535,1751.552914607037,45.01428171388,1,0.5495089778367828,0
2536,1752.3580718824278,44.91059502003319,1,0.5493742373232461,0
2537,1753.7951913679763,45.015897558921466,1,0.5523545052664292,1
2538,1751.9246683049814,45.03080062902763,1,0.5506265483553914,0
2539,1752.7235739153934,44.35458556267669,1,0.5795249186930805,1
2540,1753.6429244774313,45.57666928596707,1,0.5713250558567048,1
2541,1752.962986219812,45.62149835032707,1,0.5732169999645862,1
2542,1752.9839927469886,45.1041080470684,1,0.5492180672377083,0
2543,1753.3074663340142,44.71842607078156,1,0.5529517589898867,1
2544,1752.3778942586123,44.6353177979078,1,0.5565459868521372,1
2545,1754.4667762852046,45.02243945697125,1,0.5527441258058737,1
2546,1752.3814336079067,44.58986029778461,1,0.559536805459706,1
2547,1752.3992372401904,45.045113960785095,1,0.549250677021825,0
2548,1753.0144080624582,45.707207321782036,1,0.5850268627775707,1
2549,1753.062147154942,44.55348895556166,1,0.564105617295993,1
2550,1754.472765092754,44.23176416262202,1,0.5910953674080482,1
2551,1753.8032907392587,45.49531381942574,1,0.5667232186626808,1
2552,1753.0725712223891,44.79016805637047,1,0.5559525122604354,1
2553,1752.8198169470559,45.62267557065637,1,0.572982915815435,1
2554,1752.1650886377552,46.04214126961409,1,0.6113320141398658,1
2555,1754.44278906931,46.50969888143253,1,0.6451376274483963,1
2556,1752.422072091027,45.15791224261155,1,0.5462356804458937,0
2557,1754.4808530675639,44.192253001821555,1,0.5941855014914964,1
2558,1751.6350928125669,45.498122040126326,1,0.5673093673786659,1
2559,1753.9305360156736,45.0418766675222,1,0.5509143426365001,0
2560,1752.7837639585696,44.83314820530215,1,0.5548091836869142,1
2561,1751.775530964904,45.42985399150518,1,0.5592287271963211,1
2562,1750.3638417052798,44.39490680038129,1,0.5728584482290286,1
2563,1753.5162445779192,45.50041883055236,1,0.5668902801379793,1
2564,1754.219492161136,45.52880379309408,1,0.5689327585044515,1
2565,1753.3370381154373,44.75335458032046,1,0.5530335188042482,1
2566,1751.2942592382349,44.426037969767286,1,0.5732225957703835,1
2567,1755.4689169267579,45.40051895526419,1,0.5576586927650204,1
2568,1752.766345653516,45.22814153891151,1,0.5454176384657402,0
2569,1752.226032858646,44.62701454016847,1,0.5572554263189674,1
2570,1753.832748452404,44.5091975782464,1,0.5658994743845548,1
2571,1752.2746652983938,46.075440057449086,1,0.6152252804165536,1
2572,1754.897723847874,44.846291451910005,1,0.5526878207818683,1
2573,1753.2530213037455,44.40053255739252,1,0.5742426238748365,1
2574,1752.874903092798,45.0544757018165,1,0.548956816011568,0
2575,1753.249265658205,44.242358636529296,1,0.5899995603240348,1
2576,1752.6155827952425,44.81830025665433,1,0.5536166936746026,1
2577,1753.3238016737953,45.430944112110794,1,0.5584960915859366,1
2578,1755.1902284661828,45.58386990767133,1,0.5722400519943833,1
2579,1754.5935174990677,45.3655353418237,1,0.5527123257015158,1
2580,1754.5164034716117,44.908252178647665,1,0.5521265046544002,1
2581,1754.1088895378937,45.72124412531047,1,0.5853919037554627,1
2582,1753.1472622112465,45.21073733808936,1,0.5503011373006209,0
2583,1754.9884504099853,45.333740387199,1,0.5493805706615296,0
2584,1753.4291126518876,44.21540481992273,1,0.5931774807455551,1
2585,1754.4752315820217,44.91188756566722,1,0.552522552003416,1
2586,1753.3025885250922,44.68203089126914,1,0.5565031187987844,1
2587,1752.452932025499,45.467268403187916,1,0.5607073988543727,1
2588,1751.6388976455041,44.93261175316593,1,0.5498056035167689,0
2589,1753.8263602647312,44.91122327702799,1,0.551900450415446,1
2590,1751.7435248899067,45.70182893391585,1,0.582499770693619,1
2591,1753.120740832282,45.55930396249368,1,0.571543724161675,1
2592,1754.338158376537,44.5767320633506,1,0.5607888684419009,1
2593,1753.5935408280848,45.35474131544275,1,0.5529754519422778,1
2594,1752.3770643894773,44.986911665549364,1,0.5521438777268651,1
2595,1753.1235966112147,44.60493469658454,1,0.5596310580112389,1
2596,1755.217898232493,45.37127444254894,1,0.5528032092487459,1
2597,1752.7600647313193,45.00359289820096,1,0.5505239600571099,0
2598,1754.3166783867116,44.639908210828345,1,0.5556756162108849,1
2599,1753.7386060369552,45.24445281306117,1,0.5439743557054195,0
2600,1754.854274688465,44.64548136329453,1,0.5539522263248383,1
2601,1752.854744556348,44.366240007512864,1,0.5789498401168446,1
2602,1754.424922768625,43.792421025070176,1,0.6374244655608245,1
2603,1753.295319994992,45.730195735213016,1,0.5861535298756267,1
2604,1753.8060811339615,44.16015248825929,1,0.5956692494605326,1
2605,1751.8319570934038,45.080229035163605,1,0.5474058058814346,0
2606,1752.2964455364681,45.151967265616875,1,0.5466568060662239,0
2607,1752.5408806339665,45.18918445871719,1,0.5498237113101556,0
2608,1752.9911029847035,44.395915972077916,1,0.5757745840983992,1
2609,1752.994107514077,45.372522949922065,1,0.5529238856197222,1
2610,1752.4970731924882,44.92227027643288,1,0.5496485015165983,0
2611,1753.6861354905081,44.64007450389186,1,0.5567673982561953,1
2612,1752.3636930984123,45.7407129164444,1,0.5865353697056285,1
2613,1753.6554993785842,43.89752093985352,1,0.6269870530455512,1
2614,1751.757594541839,44.91806515366891,1,0.5507407768099429,0
2615,1752.8650800360488,45.1125457196353,1,0.5492402941200074,0
2616,1752.650530298971,44.250419026746066,1,0.5887561243603955,1
2617,1753.5599490723348,45.53307205903489,1,0.5704090440626521,1
2618,1751.1622430574703,43.945261959796746,1,0.6204694323036426,1
2619,1753.0570611078779,44.521034657363465,1,0.5645815970781288,1
2620,1751.2993292095118,44.66165595391595,1,0.5531707593447474,1
2621,1753.6460228440271,45.19217121314877,1,0.5493951901917974,0
2622,1751.9209971493406,45.46367854800719,1,0.5612570660318036,1
2623,1754.7576269896235,44.88848668880898,1,0.5517387617936166,1
2624,1753.2041989635188,45.71967079510791,1,0.5844212639890118,1
2625,1754.323582458278,44.75016336751224,1,0.5517963814066467,1
2626,1753.4064364037185,45.270595823511776,1,0.5459942137230098,0
2627,1753.75196380854,44.45551391151559,1,0.5700982679622641,1
2628,1751.6945614982196,45.69179488720866,1,0.5797677551772084,1
2629,1752.5066871450636,44.92121144573788,1,0.5503651541730231,0
2630,1751.219528577346,45.23363722411201,1,0.5420638176606042,0
2631,1753.2197472816824,44.83987936350274,1,0.5538536974159479,1
2632,1752.1709058265071,44.86566439537133,1,0.549237201863211,0
2633,1753.6968153449382,44.955436833784425,1,0.5522463207327478,1
2634,1753.6046603127882,44.70660131463443,1,0.5554789815906822,1
2635,1753.1820325858994,45.212797806764456,1,0.5485836345349345,0
2636,1752.390360901596,45.19375841640865,1,0.5471830734346121,0
2637,1753.233963426167,45.825305204790865,1,0.5960718466391021,1
2638,1752.6649437219537,44.65905173253312,1,0.556243028738239,1
2639,1752.4232133390617,44.74904325243053,1,0.5527601151067247,1
2640,1752.765703759766,45.052066640345004,1,0.547843696068476,0
2641,1753.6667190026933,44.94207620350552,1,0.550641041674561,0
2642,1752.9227037499304,44.671113371711904,1,0.5567153960793487,1
2643,1752.727999667227,45.33771940531441,1,0.5522499956089888,1
2644,1752.2448648081452,44.93250476103092,1,0.5483440553179664,0
2645,1751.3985979612441,44.398292912184985,1,0.5741565486976703,1
2646,1752.5362480632664,44.388382748787116,1,0.5753577563022138,1
2647,1752.7227121666192,45.73427073432466,1,0.5878974595846987,1
2648,1753.2798952276132,45.11228675168335,1,0.5489234388284979,0
2649,1751.7465183547065,44.723692070860494,1,0.5534538070388393,1
2650,1751.6603623484662,45.225899443006966,1,0.5442443950486574,0
2651,1750.9363485633544,44.982391348730395,1,0.5486895696131852,0
2652,1753.0292571225793,44.81165055801461,1,0.5542855738194741,1
2653,1751.2973506370454,45.87941257403482,1,0.5969327700970856,1
2654,1753.9386286078593,45.287766928727734,1,0.547574334618429,0
2655,1751.6154669391815,44.283518921801125,1,0.5850977076344681,1
2656,1751.8935724855469,44.28180931212666,1,0.5847019724221136,1
2657,1752.131923513402,44.68998912477075,1,0.5535697816129869,1
2658,1752.860367468279,44.53945451307009,1,0.5655498357932232,1
2659,1754.3046333100679,44.87084823148395,1,0.5509563637166787,0
2660,1751.6327557024006,45.51321815431012,1,0.5697724995529958,1
2661,1751.6665735871143,45.10672610195945,1,0.5471926456612488,0
2662,1754.6276891023717,43.88620022787029,1,0.629096652929727,1
2663,1754.657058671771,44.19382357443792,1,0.5952331561627889,1
2664,1754.575046692121,44.56919590366593,1,0.5616248878339858,1
2665,1751.8999281363294,45.01562623760278,1,0.5511685541217912,0
2666,1754.9743495351556,45.348919850988175,1,0.5498452581319548,0
2667,1752.4010757094295,44.92974409064701,1,0.5490865617419112,0
2668,1754.3656527091757,45.129697853495266,1,0.5457418386951136,0
2669,1751.409111915319,44.9447735740273,1,0.5493604166784726,0
2670,1752.352290783331,44.56198053886227,1,0.5626432416100626,1
2671,1750.8830974676414,45.876083641793876,1,0.5964572462545205,1
2672,1752.610763976439,45.5862586230504,1,0.5732824468446718,1
2673,1754.0829056975058,44.51731170467892,1,0.5650051267486477,1
2674,1753.2192802354602,44.53021119671959,1,0.5636295519420411,1
2675,1753.4110524430141,45.198373198224,1,0.5497637351504489,0
2676,1753.7489826679628,44.965260898293124,1,0.5543740503431843,1
2677,1753.5369800970675,44.245456032668976,1,0.5897230692560798,1
2678,1751.8757515287696,44.897949939499675,1,0.5514365369526301,1
2679,1751.9740840045665,46.17145007120711,1,0.6201593253548904,1
2680,1752.2818292735187,44.61492958225585,1,0.557703207756562,1
2681,1752.0136226177758,44.99024943440189,1,0.5506370433798362,0
2682,1753.5291639312627,44.054442137427245,1,0.6148469187758921,1
2683,1753.0512119098667,44.680683988962414,1,0.5563329466366957,1
2684,1752.7585404367833,45.8817835890873,1,0.6014701583710396,1
2685,1753.176801157152,45.78149280002614,1,0.5919364194250781,1
2686,1752.723625807345,44.64314885141944,1,0.557438269939144,1
2687,1751.9351581963374,44.734484043592445,1,0.5533082439438681,1
2688,1753.5349557396898,45.1752767795246,1,0.5484961984147061,0
2689,1752.9799371119145,44.858767255763034,1,0.5526029010745233,1
2690,1753.630908057659,46.13117247061024,1,0.6217734068994544,1
2691,1752.0335789105413,45.25764419757768,1,0.5440060360121247,0
2692,1755.1894246291256,45.211281519482746,1,0.5483689465314928,0
2693,1753.4007580533516,44.93143895449102,1,0.5520772067872736,1
2694,1752.9087171608242,44.532001451769204,1,0.5652338901015322,1
2695,1753.778290568577,45.09116067417361,1,0.5470296410037467,0
2696,1750.9763955588096,45.183177017437636,1,0.5437160243640272,0
2697,1749.9676413006607,44.506294491794996,1,0.562022244965156,1
2698,1751.4364139045665,45.08011051269967,1,0.5459696147026522,0
2699,1753.6674717260983,45.83340914011095,1,0.5978301029198674,1
2700,1751.9886603511034,44.63150402845842,1,0.5553836960080735,1
2701,1749.8982338990795,45.59608608223892,1,0.5677915090047744,1
2702,1751.38214323335,44.63689238793864,1,0.5544953419316684,1
2703,1751.5874316431346,44.76402825460321,1,0.5525146818209523,1
2704,1753.9758413108143,45.21955518186022,1,0.544413392743726,0
2705,1752.1817889073388,44.614832676871465,1,0.557703207756562,1
2706,1754.0158424297438,45.61416746076116,1,0.5741223727604635,1
2707,1751.6906387708063,45.30755176569476,1,0.5493993356369947,0
2708,1751.9978357374562,44.431862566205055,1,0.5731304218590482,1
2709,1752.169443357814,45.142484712350125,1,0.5468417676070845,0
2710,1751.646052702284,44.407872454481215,1,0.5746127918181655,1
2711,1748.6018395097406,46.293137572729115,1,0.6221959553540347,1
2712,1750.4088294549663,44.77416942038217,1,0.5511784739243163,0
2713,1753.854553709612,44.72986340850807,1,0.5509070065653286,0
2714,1751.5339159193309,45.14776272252584,1,0.545953276885006,0
2715,1753.1018971963265,45.02605754697669,1,0.5540639814127328,1
2716,1749.9659730555231,44.932953092164546,1,0.5439569297359154,0
2717,1752.3444347102693,44.163702678377554,1,0.5956312211678921,1
2718,1751.2933083328471,45.208648960001916,1,0.5439482583876675,0
2719,1749.0917766319353,45.2868948551898,1,0.5441672162789284,0
2720,1752.419371497427,43.88644926495505,1,0.626476721533004,1
2721,1751.326482431117,45.058640526236374,1,0.545751613174599,0
2722,1751.3338328960551,45.0995532970605,1,0.5449917397714215,0
2723,1753.8205887841104,45.10629995204793,1,0.5475405267956183,0
2724,1753.0205945404812,44.695383050839006,1,0.5566525381746371,1
2725,1751.2941774713136,45.91989636744402,1,0.6016553295302001,1
2726,1753.803303773088,45.61135657352767,1,0.573797304889318,1
2727,1750.1893976961696,44.99358034808436,1,0.5464735666742935,0
2728,1751.4083216313768,45.750528069952075,1,0.5849747777944175,1
2729,1750.5868899712727,44.670724984599254,1,0.552685663823038,1
2730,1751.0600668418745,44.882977101749134,1,0.5463105890664481,0
2731,1752.9175424533305,45.27134467289735,1,0.5468006530219024,0
2732,1752.6067720948213,44.25804525447944,1,0.5876815900375505,1
2733,1753.4618097733585,45.546383345886824,1,0.5704903418203108,1
2734,1753.1680273791574,44.37583973762123,1,0.5767679789598984,1
2735,1752.2777194928813,44.613669189159765,1,0.557703207756562,1
2736,1751.0719335391789,45.76713991163338,1,0.5852128907873703,1
2737,1751.913991361824,44.47046190515489,1,0.5676972535174422,1
2738,1751.3175709902291,45.80729708254948,1,0.591422252401998,1
2739,1751.5696747679915,45.095009176839866,1,0.5462952848360507,0
2740,1751.5239370992883,44.83577001781539,1,0.5515221838117922,1
2741,1752.753016702303,45.473505145498265,1,0.5619172383151689,1
2742,1751.1012865232499,45.04790395512215,1,0.5452338839619243,0
2743,1753.1109854879317,45.31502617030719,1,0.5491820449717171,0
2744,1752.6861468722457,45.01941162995861,1,0.5520472747706263,1
2745,1752.009754814736,45.699360439253205,1,0.5801601508360787,1
2746,1752.5983404111614,44.26371938121867,1,0.5881382821060244,1
2747,1750.7507625963779,44.20061700815962,1,0.5928830792389758,1
2748,1753.434895425436,44.40544268688469,1,0.574321695510712,1
2749,1752.301754145204,45.25839074819834,1,0.5440600266746507,0
2750,1752.3567844753989,45.48747744197021,1,0.5632127898371656,1
2751,1752.0735751602951,43.99612473632759,1,0.6146130108618907,1
2752,1751.970869978797,45.42152046354662,1,0.5593624277218001,1
2753,1750.6636910438804,44.83883160763159,1,0.5501728291790191,0
2754,1750.0665330120864,44.44146456597151,1,0.5683576763276859,1
2755,1751.1848889705022,44.89298214997431,1,0.5483612618258878,0
2756,1753.1805218393642,45.597213969244116,1,0.5705729416939335,1
2757,1750.9394582044367,45.286161291775535,1,0.5457974479294239,0
2758,1750.9467504013112,44.65894951595153,1,0.5519358896573198,1
2759,1751.8850797827458,45.20640231436083,1,0.5456183406358601,0
2760,1749.650538828952,44.815227489281455,1,0.545948507131426,0
2761,1751.8593925428247,46.398078874571866,1,0.6330033162442076,1
2762,1752.263075679751,45.457724765121256,1,0.560025357618982,1
2763,1753.202138075805,45.90074869475055,1,0.6012178592268218,1
2764,1751.8732455543122,45.553039296599536,1,0.5708239901588962,1
2765,1752.347381117042,44.98952870003738,1,0.5519848228180392,1
2766,1750.9979924238198,44.51009072806871,1,0.5643718900570452,1
2767,1750.763888775785,44.85133459944628,1,0.546210834023543,0
2768,1749.2403483971227,45.47076953023091,1,0.5583014722978653,1
2769,1753.614183778344,44.81385950613813,1,0.5528962441462402,1
2770,1750.9560062584114,45.126919981090865,1,0.5429985766339369,0
2771,1750.6560097601107,45.3034623088448,1,0.5473693783658822,0
2772,1751.2185081258604,45.64426892012269,1,0.5722155563650638,1
2773,1751.991275379622,45.10998177869173,1,0.5455332223423318,0
2774,1751.8141341552475,45.54901628989957,1,0.5714036017771983,1
2775,1752.1923395444098,45.04032858316205,1,0.5487958240090378,0
2776,1752.557698397128,44.44730718395694,1,0.5718532324439137,1
2777,1754.4638105576585,45.5163616773679,1,0.5693178208723267,1
2778,1750.3064662029703,45.43451920273212,1,0.5553042149962593,1
2779,1752.7850000007268,44.99422913578435,1,0.5536401935536817,1
2780,1749.41618099547,45.54808665423247,1,0.5696684950626808,1
2781,1752.4692461690815,44.98569073871882,1,0.5527045216591844,1
2782,1752.2811232779795,43.86652733432028,1,0.6285996382318774,1
2783,1752.6019694646898,44.227293509271256,1,0.5927536839618333,1
2784,1750.5418160833472,44.77112720775016,1,0.549597710499651,0
2785,1751.0868986945077,44.97920213769736,1,0.5503900259295129,0
2786,1752.480868119729,45.173249636094226,1,0.5459214866794122,0
2787,1748.2837286063075,44.31475980041734,1,0.5788340558102583,1
2788,1750.8531509149584,45.588417367728226,1,0.5696006022714032,1
2789,1751.1623984526907,44.55642516289256,1,0.561406282783035,1
2790,1749.773178388987,45.85100162066057,1,0.5916353881975095,1
2791,1752.1308105727971,44.639955251591765,1,0.554593762897832,1
2792,1750.8866597136628,44.48777073976812,1,0.5629770100727247,1
2793,1752.7911397599134,45.39419631625392,1,0.5566719451258078,1
2794,1751.890170452969,44.7042201840423,1,0.5540392368525967,1
2795,1751.5826273747805,44.5822321804817,1,0.5575304680159712,1
2796,1752.0966530185804,45.75143538548495,1,0.586390494565656,1
2797,1751.5293852131542,43.57087269544108,1,0.6515638958085955,1
2798,1750.335827744792,44.55230257612876,1,0.5603528815680191,1
2799,1748.881943181574,44.61851737125376,1,0.5538682030073361,1
2800,1752.0986672066872,45.339948669423485,1,0.5510672453050313,0
2801,1751.5912810562675,44.30298434662131,1,0.5818478411151832,1
2802,1750.36616272403,45.947007222798476,1,0.5998728593849637,1
2803,1751.0850352860416,44.22081341292648,1,0.5934671617117279,1
2804,1750.1925670238336,44.79192331074154,1,0.5491428003614228,0
2805,1751.0933087303194,45.16364265076727,1,0.5443610826941973,0
2806,1751.094706887124,44.90450882114749,1,0.548519272602449,0
2807,1750.7717723330318,44.86445960258745,1,0.5460960050056495,0
2808,1749.9041209477316,45.168970980056145,1,0.5402326732994713,0
2809,1751.2057811608954,45.045619638026906,1,0.5463209654991785,0
2810,1749.4979194269233,45.022147524051654,1,0.5445368236919798,0
2811,1750.026728160131,45.38809363314015,1,0.5528941318449859,1
2812,1751.8678250243954,45.0351096130853,1,0.5509910701511783,0
2813,1751.2783800148538,44.87828307036523,1,0.5474205940116107,0
2814,1751.9148789170392,45.1399792177901,1,0.5479163020039599,0
2815,1752.761837862976,44.19062868498867,1,0.5940268082416099,1
2816,1751.9357555220083,46.01241847554513,1,0.6071596784555345,1
2817,1752.4380722675728,45.333123006110824,1,0.5505628981533042,0
2818,1751.8877957824168,44.99449174520743,1,0.5526858048715059,1
2819,1751.4423669871971,45.02423300947839,1,0.5488104638428702,0
2820,1751.0867471806714,44.761213370929276,1,0.5508786968145144,0
2821,1752.2186964855591,45.336209674032816,1,0.5505628981533042,0
2822,1752.2802336697303,44.812692221051385,1,0.55140150307395,1
2823,1749.874825325182,45.99048211181003,1,0.598943404617595,1
2824,1751.5921428611,45.33747576278444,1,0.5519745130432259,1
2825,1752.1459401034765,44.94016524095705,1,0.5479347345840504,0
2826,1751.1398333677846,45.26814527295106,1,0.5441873786640716,0
2827,1748.9348339053545,44.69286093066713,1,0.5530789242001907,1
2828,1751.0632613521584,44.34990709057782,1,0.5799482465008431,1
2829,1748.8102739564124,45.45309045745995,1,0.5552759604949393,1
2830,1751.4974658134852,45.14898167262841,1,0.5456113974628994,0
2831,1749.9696407828249,45.56024115989215,1,0.567214086148756,1
2832,1751.947902320519,45.984303250425725,1,0.6051091691299145,1
2833,1749.9269568672942,45.61938069712747,1,0.5696621170966457,1
2834,1752.4156508998567,44.829872426495065,1,0.5529632223799089,1
2835,1752.6066057043456,45.46217021270248,1,0.5622269219152332,1
2836,1749.854350027428,44.62721007442587,1,0.5527401117342046,1
2837,1751.5780317126512,44.48588324523497,1,0.5643680921678231,1
2838,1752.4346159517959,44.67777809270933,1,0.5551715993441758,1
2839,1749.8703217833151,44.72147207877273,1,0.5486691446960218,0
2840,1748.6206390171847,44.8219799142116,1,0.5445701073436583,0
2841,1751.2871943456396,46.310323662764695,1,0.6252089352735705,1
2842,1750.4619639440346,45.208859236550204,1,0.541945459428369,0
2843,1750.852265062458,45.39092826601974,1,0.55514865860809,1
2844,1751.5867204720657,44.93153418146885,1,0.5491166172245237,0
2845,1748.7639586754333,44.35329146142304,1,0.5769960829105025,1
2846,1752.301691195519,45.33706891875993,1,0.5507491813219267,0
2847,1750.2797225551546,45.655267225589554,1,0.5701916549982381,1
2848,1750.8106027392942,45.42001666684965,1,0.5561172910244012,1
2849,1752.9332632955202,44.10100689446849,1,0.6051003310242171,1
2850,1751.683139458192,44.86812283028665,1,0.5492398094969226,0
2851,1751.0054840412681,44.97491623951808,1,0.549579233222674,0
2852,1748.8327702651413,44.520715314932254,1,0.5602896690033875,1
2853,1752.6430202893644,45.738696732815995,1,0.5876986115331525,1
2854,1749.9793225051314,44.632638752117536,1,0.5520364206947925,1
2855,1751.6622533223979,45.75167160365279,1,0.5866471168755147,1
2856,1750.637519015072,44.4422197979033,1,0.5706674302427944,1
2857,1752.2108644584976,44.66093556483413,1,0.5555371495836826,1
2858,1749.3740452854956,45.22972628035406,1,0.5405289609111377,0
2859,1750.5090651421658,44.26716363141863,1,0.5866978219656994,1
2860,1750.8168875082251,44.58494908774331,1,0.5557181750494404,1
2861,1750.1215842119616,44.81080639085289,1,0.5477562655634771,0
2862,1748.12322187174,45.308140297129775,1,0.5414989137488403,0
2863,1751.9838873825809,46.07535612150335,1,0.6143933374139178,1
2864,1751.6475400817885,45.13326801219787,1,0.5464253586177656,0
2865,1749.8222928813866,44.62932182122952,1,0.5527401117342046,1
2866,1750.8907020463155,45.92783756774246,1,0.600799583369185,1
2867,1751.6372455260694,44.85134033759636,1,0.549734203338654,0
2868,1751.5746154021717,44.806902807948774,1,0.5510519634195338,0
2869,1752.5065772328792,45.274015551549255,1,0.5481967298439712,0
2870,1750.9953406505754,44.86330816534221,1,0.5468738343729879,0
2871,1750.464082042654,45.01444273606761,1,0.5466922667211134,0
2872,1749.4672779866714,45.28322944201873,1,0.545002795222486,0
2873,1750.8025240339205,44.90032789759359,1,0.5465296371446814,0
2874,1750.461880477643,44.78674573651489,1,0.5517381375907918,1
2875,1752.1862488653808,43.843202787331215,1,0.6290250840539451,1
2876,1749.2359365759296,44.969806013656985,1,0.5460573171211497,0
2877,1750.4268064708895,45.342211343498896,1,0.54931829022859,0
2878,1751.9550932203167,44.997621752710415,1,0.5512169849616215,0
2879,1752.0855911150563,46.198193281158886,1,0.6215062644569754,1
2880,1750.237839840222,45.0794473553652,1,0.5432861053554832,0
2881,1751.6918937166856,45.319818916278415,1,0.549924871484864,0
2882,1749.2676846795837,44.722904857134,1,0.5493962661920683,0
2883,1752.7206445602503,44.53454121849594,1,0.5644695483316293,1
2884,1749.641497449175,45.64112499231658,1,0.5700142868639968,1
2885,1751.4371525526722,44.658524106936575,1,0.5534936222995024,1
2886,1750.299597796786,45.1535943342748,1,0.5429257288998603,0
2887,1748.2572529354813,45.17985835638686,1,0.5424639772125911,0
2888,1749.7802415781202,45.10341129332745,1,0.5406538597164091,0
2889,1752.9887381807093,43.85721510555289,1,0.6315838127246806,1
2890,1750.8595798810663,45.02885959468519,1,0.5464877317851384,0
2891,1748.9608377277484,45.048978342842716,1,0.5443130429573088,0
2892,1749.0619428693112,44.50734059032554,1,0.5628690274344632,1
2893,1750.9946054727002,45.58303170280092,1,0.5706049093947555,1
2894,1750.6132268725385,45.063331163788334,1,0.5442396773171241,0
2895,1750.7411763276857,45.454200849770004,1,0.5586232326726843,1
2896,1750.3182046269146,44.9007463766506,1,0.5471255772292414,0
2897,1750.939069014533,45.5797156968467,1,0.5701413552258149,1
2898,1750.8362816340837,44.48364448059732,1,0.5627865910129156,1
2899,1750.3158486042346,45.047636848390155,1,0.5435526146514746,0
2900,1748.0846968444005,45.76573323950808,1,0.582898518604955,1
2901,1750.1165047424242,44.989737083547624,1,0.5470284530031796,0
2902,1750.722615451237,44.866501218439154,1,0.5464656111104684,0
2903,1751.618297649819,44.517461614949795,1,0.5643500318746297,1
2904,1752.367192383583,45.3510829928065,1,0.5514015302329911,1
2905,1750.7124314952705,43.82190203479284,1,0.6302671370636452,1
2906,1752.4312318020704,44.56080992408694,1,0.5620725161914932,1
2907,1750.63833266348,44.85430178590341,1,0.5467654535751045,0
2908,1752.101277699281,45.071433265391214,1,0.5458001187681486,0
2909,1750.8501724814716,44.61097390132277,1,0.5545920754049242,1
2910,1751.2522360447183,45.33447510215549,1,0.5498582143670614,0
2911,1748.9686685904237,45.338500781100485,1,0.5481773925386096,0
2912,1749.8737391238997,45.0567385999767,1,0.5424075842713916,0
2913,1751.6812338675895,44.919965468094645,1,0.5505544964840284,0
2914,1751.6028677107006,45.43488469882702,1,0.5587169105022092,1
2915,1751.3047970863215,45.03863648655897,1,0.5467926379579062,0
2916,1749.9786939409782,45.24794895923645,1,0.5372277472115955,0
2917,1749.4694800150494,45.23045288932891,1,0.54071184909323,0
2918,1749.6958333694038,45.14988988728127,1,0.5406653533568733,0
2919,1750.0555640206671,45.055454635794355,1,0.5416848441779298,0
2920,1750.7115877292324,44.47580331053817,1,0.5639528945111694,1
2921,1749.3186977645921,45.63258711104639,1,0.5716870606062991,1
2922,1750.1685843110654,45.56259645469753,1,0.5667085578432727,1
2923,1749.6405978217565,45.188900535523636,1,0.5405329572668655,0
2924,1747.0244524503282,43.96266299544973,1,0.6169441985109287,1
2925,1748.6913143793527,44.787899286337726,1,0.548544486645806,0
2926,1750.3039974270446,44.67221969752897,1,0.5517760556640482,1
2927,1749.8206207447631,44.37721854565382,1,0.5736626655410287,1
2928,1750.8208995106147,44.276260331179344,1,0.5857513570783421,1
2929,1747.0162371791203,45.14567143809549,1,0.536536917777174,0
2930,1750.7300181635967,45.89406861523359,1,0.5965531717109868,1
2931,1749.3481603876962,43.974224074519896,1,0.6195877584578092,1
2932,1749.8589643837254,45.29665545531569,1,0.5433443598739853,0
2933,1748.5438661209628,45.00952669261195,1,0.541677590362372,0
2934,1750.9225170458149,44.26529291182622,1,0.5861298568223023,1
2935,1749.8274167759503,45.110864587432786,1,0.5415419537695132,0
2936,1751.363201437664,45.262566180850186,1,0.5430043992193251,0
2937,1748.7002761607257,45.53310898347018,1,0.5684414642937766,1
2938,1750.4761308772097,45.51480600684864,1,0.5675683922281417,1
2939,1751.0638465218915,45.02736090878576,1,0.547843980564821,0
2940,1751.7175073377136,44.55505449978931,1,0.5629955790471736,1
2941,1751.4967802862352,44.23179069007191,1,0.5905687219039735,1
2942,1750.761794684473,44.99365586807019,1,0.5487171056271114,0
2943,1750.601464852001,45.424474801570064,1,0.5576728443551022,1
2944,1748.9477957445015,44.183156991621026,1,0.5947957288719398,1
2945,1748.5286403788095,44.16003614135646,1,0.5957595254127328,1
2946,1752.3464388284451,44.86442019099915,1,0.549237201863211,0
2947,1751.8713745538146,44.37199260042324,1,0.577059655036791,1
2948,1749.6556729512656,44.99915286790734,1,0.5445612606128174,0
2949,1748.2048798927515,44.71486299246006,1,0.5470587064065361,0
2950,1751.561407554982,44.35565046734726,1,0.5781438927512341,1
2951,1751.1596748510447,45.42858076990591,1,0.5574225490417561,1
2952,1749.6591415247512,44.73596015288431,1,0.5478490191177454,0
2953,1750.2420287385803,44.03824534678376,1,0.6146427670878001,1
2954,1750.0205386446012,44.41071001091896,1,0.571383392953916,1
2955,1751.22419660688,45.47476446116807,1,0.5601692355888569,1
2956,1749.9576963740324,44.68342352597472,1,0.5518956880416171,1
2957,1751.5894096165393,43.90899896275072,1,0.6227736641609064,1
2958,1750.7396501811177,44.69491309565527,1,0.552997284760546,1
2959,1751.2932338368191,43.94617261848964,1,0.6202595672401929,1
2960,1749.3074143680776,44.24080653521887,1,0.588185503174003,1
2961,1750.6267094119694,45.10960537825148,1,0.5449261576638884,0
2962,1747.4972896855613,44.857781072565714,1,0.5356747125083119,0
2963,1751.181340840063,45.43209071712485,1,0.5573284126560607,1
2964,1747.8759746230978,44.26737324199869,1,0.5814364603883289,1
2965,1750.271968874091,45.91964056887471,1,0.5990032072030838,1
2966,1750.032963209098,44.395231809422,1,0.5713388627174728,1
2967,1751.290199824719,45.62459087798068,1,0.5721140081478299,1
2968,1749.6681583686209,44.720820200574565,1,0.5477693625071545,0
2969,1751.6544825197416,46.601461451745976,1,0.6399003296055122,1
2970,1751.2430042995204,45.13780564567444,1,0.5459398396973476,0
2971,1749.4085303513687,45.66798227089062,1,0.5748421308375921,1
2972,1750.690617135337,45.70130542912524,1,0.5796373480539162,1
2973,1750.6635089234037,45.142363264992724,1,0.5449650898564602,0
2974,1750.4574781087267,45.23701383240907,1,0.5402506893491661,0
2975,1747.9201749163408,45.01848686226991,1,0.5382263459357418,0
2976,1750.0847363158175,44.80501208857434,1,0.5475175506932609,0
2977,1749.84011397676,45.336426513556646,1,0.546291573202306,0
2978,1749.2919050787186,44.65931579538823,1,0.5517374682470103,1
2979,1748.1570826923391,45.380381557137426,1,0.5482076214692037,0
2980,1750.3613436025855,44.79587103526139,1,0.5501124846089703,0
2981,1750.397102547491,45.36131062181269,1,0.5498953116456758,0
2982,1748.318746615359,45.58853634005482,1,0.5716670649506822,1
2983,1748.3950882003155,44.49855530396594,1,0.5601999615228505,1
2984,1749.8195858623517,44.88855111713544,1,0.5444533843298192,0
2985,1750.3265505390261,45.282376438036266,1,0.5455225423505717,0
2986,1749.6866193220035,44.701607934322524,1,0.5497495853211253,0
2987,1748.5801838336745,45.051813793074,1,0.5414555088937413,0
2988,1749.4589548108775,45.07082465137952,1,0.5441536836895472,0
2989,1749.9140495322683,44.288849632754626,1,0.581606318307981,1
2990,1748.9178939932283,43.7080654717059,1,0.6391558592939856,1
2991,1748.8304058582237,45.41142667455177,1,0.5543199087953318,1
2992,1750.9075324264638,44.63037575501417,1,0.5536285671065931,1
2993,1751.3018564968659,45.38153549193254,1,0.552642072527721,1
2994,1751.2234856300656,45.0781820453626,1,0.545470455648653,0
2995,1750.7670228416519,44.90742531226258,1,0.5473080841539897,0
2996,1750.272955518842,45.3921373977754,1,0.5539202293330743,1
2997,1750.7230563161668,44.52884949014672,1,0.5617226639404437,1
2998,1750.3153189256564,44.88402934910404,1,0.5453295761119696,0
2999,1749.469868917748,44.72042510621854,1,0.5504260483130429,0
3000,1751.3174219704863,44.33899790953429,1,0.5788398597700356,1
3001,1750.642990287969,45.22714054516491,1,0.5418667409211128,0
3002,1748.9014779469808,45.77768002615679,1,0.5847677685248168,1
3003,1749.1462694888528,45.38315244371703,1,0.5523124412465773,1
3004,1749.7064465276746,44.89974923424167,1,0.543862951614216,0
3005,1750.2810871112877,44.978388885331945,1,0.5483536521649522,0
3006,1748.018164507232,44.68135785385841,1,0.5469005527774288,0
3007,1749.1112893958427,44.8340896061693,1,0.5466937368652217,0
3008,1750.549537569037,45.463775725447256,1,0.5589941601389998,1
3009,1749.7915312279756,44.93977633039581,1,0.5430648752771969,0
3010,1751.5224539133214,45.39049530670337,1,0.5567479676796877,1
3011,1750.294394318772,44.20960372142167,1,0.5922839564490328,1
3012,1747.1326516199053,45.823194929712734,1,0.5898022631317924,1
3013,1746.559522996132,45.1125807560138,1,0.5364689516756013,0
3014,1752.0706327048285,44.2429528723186,1,0.588198015370354,1
3015,1749.0235486041777,44.97238703214084,1,0.5452973441181794,0
3016,1747.855214188276,45.37304128549644,1,0.5451169320085482,0
3017,1749.805649172752,44.716246463912334,1,0.5481401011658512,0
3018,1749.0732290929259,45.547159293093564,1,0.5689875515844951,1
3019,1750.0500150560256,44.77849882372731,1,0.5501160601733021,0
3020,1750.4083254116606,44.744040852711294,1,0.5500975547085422,0
3021,1749.1751613537333,45.25852038357625,1,0.5401214128400813,0
3022,1752.0684613098115,45.10653885969548,1,0.5452716808056218,0
3023,1749.190394465019,45.034951913401535,1,0.5442459803411898,0
3024,1749.1039769404404,45.03906567447565,1,0.5444301261782377,0
3025,1747.8616286548895,45.54741814776595,1,0.5646237421039235,1
3026,1749.9838273498956,45.20757087288639,1,0.5402371625483602,0
3027,1749.3841417049223,44.4269801055289,1,0.5707224321624309,1
3028,1749.9621364697684,45.62033867988987,1,0.5696621170966457,1
3029,1750.1988077526482,45.28666031869989,1,0.5438532854277498,0
3030,1749.8191816807353,44.70510808250084,1,0.5496212538591311,0
3031,1750.8133786685544,44.42479436598865,1,0.5720951533089607,1
3032,1748.2699996970664,44.38085955259382,1,0.5732043926053123,1
3033,1747.5203934884057,44.757597731433826,1,0.5401065502697291,0
3034,1747.9569259965026,45.30763586067605,1,0.5396104553261931,0
3035,1749.3834539446616,45.48374832233851,1,0.5594283045704317,1
3036,1752.453692727861,45.60471775425962,1,0.5721767826843068,1
3037,1749.5577239424294,45.58072619982873,1,0.5683552509121045,1
3038,1750.7420369454999,45.32418678551398,1,0.5483258179983724,0
3039,1750.3677661435777,45.564830615179176,1,0.5694629735201049,1
3040,1748.9787919431462,45.257221546642334,1,0.5412343881599028,0
3041,1749.7778239160202,44.93569773631345,1,0.5430648752771969,0
3042,1750.7162343552875,45.86912686288419,1,0.5965232351621249,1
3043,1748.0609952103491,44.506990276682366,1,0.5560862451415564,1
3044,1748.2413435237222,44.2667545858377,1,0.5857871582977687,1
3045,1750.9710318059606,44.54622361000813,1,0.5616959161646116,1
3046,1749.3069894245116,45.7467218469802,1,0.5818452161440356,1
3047,1749.4624750554074,45.16144443322958,1,0.5427953931046114,0
3048,1749.1087083688108,45.19300895502697,1,0.5418706360138213,0
3049,1747.6222058267856,45.08452018313922,1,0.5370237828407919,0
3050,1750.033247125314,45.67061929745186,1,0.5722284264954843,1
3051,1748.6237679054989,45.77376675296184,1,0.5848851059681641,1
3052,1748.5761886950895,45.46263448798501,1,0.5573200611242057,1
3053,1751.2716972596616,45.298677396186676,1,0.5470768002409674,0
3054,1751.3072027060832,45.5718139504092,1,0.5697731802310381,1
3055,1748.6619226821292,44.50403211164235,1,0.5622793618512565,1
3056,1747.8726014497606,44.72446624796607,1,0.5429622078033927,0
3057,1749.680656665674,45.536259251976276,1,0.5666589144940162,1
3058,1747.9821487792988,45.26497594687649,1,0.5369337161688564,0
3059,1749.65485531321,44.55521418843637,1,0.5573839989159303,1
3060,1747.8495360782065,45.26843112900603,1,0.5368960465346242,0
3061,1749.831219302148,44.73722928235619,1,0.5480159532155049,0
3062,1748.9931529218677,45.21867046798552,1,0.5414379850690225,0
3063,1750.827313834816,44.582422918190865,1,0.5558672018218952,1
3064,1750.7995595358807,45.63506939344101,1,0.570231660714847,1
3065,1751.728913783139,45.679673474013036,1,0.5784971422392037,1
3066,1749.2636439285252,45.04274985006901,1,0.5445128262276112,0
3067,1748.1825483866985,45.24841647086025,1,0.5368828075229162,0
3068,1748.6717139397417,44.96883940539553,1,0.544402349303272,0
3069,1748.6708322534519,44.8669185771268,1,0.5426741706607145,0
3070,1748.2658657706863,44.83923714554297,1,0.5461507945518286,0
3071,1749.602008710317,45.79294197787792,1,0.586823644761108,1
3072,1749.665818660875,44.872878589820964,1,0.5427218479205935,0
3073,1748.6702120648076,45.542488835001244,1,0.5696009951552929,1
3074,1748.2429373979141,45.22903045663933,1,0.5406133250875892,0
3075,1749.7429815616044,44.890938494951236,1,0.5428793554274246,0
3076,1747.4907214538775,45.209704196046374,1,0.5367013566005882,0
3077,1749.0263692448502,45.16029538216117,1,0.5430799689788098,0
3078,1747.7000352454488,45.06909072671681,1,0.5378720595647397,0
3079,1748.7528961499181,45.10733479503279,1,0.5434371436455433,0
3080,1750.6178393986238,44.6716837571865,1,0.5532468578820537,1
3081,1748.689675068276,45.679807531944626,1,0.5769988628894827,1
3082,1749.382344835176,45.89506448290103,1,0.5955158215660963,1
3083,1749.618928584166,45.15453228540172,1,0.5400661117689378,0
3084,1750.3897187627292,44.887672751838686,1,0.5467511071000416,0
3085,1748.2922057931196,45.431678378440004,1,0.5555578508285326,1
3086,1749.1422869620692,45.225798609511585,1,0.5398828488759927,0
3087,1747.3979028962956,44.07906502163859,1,0.6021610700792345,1
3088,1749.7416098744359,45.116985841126755,1,0.5406538597164091,0
3089,1749.2967418363178,45.33883478597996,1,0.5479919792413911,0
3090,1749.1195451700285,44.98562266706152,1,0.5459517362099457,0
3091,1748.8115430038918,45.17706534260096,1,0.540276001585541,0
3092,1747.668537497099,44.49848551183794,1,0.5537551290657119,1
3093,1751.2902247531977,45.1885273532466,1,0.54479870958928,0
3094,1747.6103244178476,45.12141609064547,1,0.5377290344470195,0
3095,1748.4821223440003,44.0412895864566,1,0.6156510159186094,1
3096,1748.4185890904607,44.74430807999149,1,0.5480377909901022,0
3097,1749.3399798067971,45.43526736613235,1,0.5565408259049806,1
3098,1746.5155873055076,44.551628403221535,1,0.5504666544304148,0
3099,1751.3636225016726,45.1189623123417,1,0.5457844025798197,0
3100,1748.135123719623,44.80065837951642,1,0.5431033598212728,0
3101,1748.6861050798864,45.007520749464824,1,0.5428721644067878,0
3102,1748.6526774186034,44.98329020119294,1,0.5440813268844612,0
3103,1748.4673013910347,44.98194037512044,1,0.5446553208042909,0
3104,1750.891662687664,45.45203954691615,1,0.5583725108050525,1
3105,1751.6425114560018,45.75641432548389,1,0.587581934676448,1
3106,1750.3946663628851,45.186537028460464,1,0.5426692187103663,0
3107,1746.0216984769704,45.563381283211164,1,0.5628096457219777,1
3108,1749.37671112261,45.413293821714625,1,0.5560998941583194,1
3109,1750.0090901185213,45.05020229252642,1,0.5415663380801496,0
3110,1747.8375546170948,44.90568302465375,1,0.536837011175654,0
3111,1750.7407807414734,45.032544109580016,1,0.5463028899919179,0
3112,1749.816686025168,44.31842371810195,1,0.5779266475187506,1
3113,1747.4868432160633,45.58200313704742,1,0.565251823822362,1
3114,1748.2040095419134,44.8409100026502,1,0.5434252522968401,0
3115,1748.372304096137,45.1706066986266,1,0.5426220081199378,0
3116,1747.1115852537673,44.110670903340115,1,0.5959064886555674,1
3117,1747.3194853469063,44.6881978839567,1,0.5451025958728929,0
3118,1750.0170069980284,45.20986901150154,1,0.5400544349223189,0
3119,1751.2550679957076,44.71164817606157,1,0.5515213738045313,1
3120,1750.3990150549364,44.84872759170115,1,0.5480105398649466,0
3121,1749.8879347329764,45.99820998843652,1,0.598943404617595,1
3122,1751.5199942269303,44.799033268839395,1,0.5520248830625734,1
3123,1751.064186860968,44.88468459202094,1,0.5463105890664481,0
3124,1749.3965405716635,44.73457135787112,1,0.5503198903120089,0
3125,1748.7002032481964,44.97036034153443,1,0.5445210146994232,0
3126,1750.0154951863542,45.02168808356162,1,0.5442871365649407,0
3127,1746.6392284412636,45.255616891190996,1,0.5357734990350351,0
3128,1747.5929860044332,44.66705711601239,1,0.5440525247594263,0
3129,1748.1062874925985,45.278631456347206,1,0.5407727302674771,0
3130,1748.4618659714065,45.07802898271695,1,0.5435026628524199,0
3131,1751.5546805871338,45.21672964745487,1,0.5443098150136395,0
3132,1748.836420798381,45.70537993391388,1,0.5802888545590879,1
3133,1747.3825157563765,45.53640088795194,1,0.5619794367662576,1
3134,1748.8952093624655,45.06787836807454,1,0.5457359735920397,0
3135,1746.9869102999016,45.019380880330495,1,0.5353083552140989,0
3136,1749.6729810891397,44.18859541974226,1,0.5915245355837637,1
3137,1751.9817703275564,44.61345458445003,1,0.5575423393400348,1
3138,1750.5365471869043,44.82641606284176,1,0.5484228294452401,0
3139,1750.6085301741207,45.13248642618505,1,0.5436100699961418,0
3140,1748.4059564587185,45.52619162815478,1,0.5668311098758598,1
3141,1748.2645994065645,44.4109641366259,1,0.5696954256895492,1
3142,1749.5914602393202,46.21339707532405,1,0.6166931090602379,1
3143,1747.9502173880217,44.819652493123534,1,0.539823618092123,0
3144,1746.5640867274217,45.3554106958336,1,0.540673505082253,0
3145,1749.6548551171331,44.940475221070564,1,0.5430648752771969,0
3146,1748.1100726311267,45.687453286409664,1,0.5764474537746166,1
3147,1747.0786165081843,45.55595441238913,1,0.5633779978234204,1
3148,1748.2247821955502,45.89094496899847,1,0.5949521937238802,1
3149,1749.888332034951,44.95617053064457,1,0.5455508732001357,0
3150,1748.39438123309,44.84598588975265,1,0.5449448359528908,0
3151,1748.2081488024146,45.02398981946812,1,0.5405202494233149,0
3152,1747.6084623460154,45.06387096325587,1,0.5380657762713016,0
3153,1747.1735139638968,44.304574665625836,1,0.5749874598814115,1
3154,1749.6261006601062,44.821756356399526,1,0.545948507131426,0
3155,1748.6001107718905,44.34868728660686,1,0.5781571093709539,1
3156,1748.8820217885486,45.5478628451868,1,0.5684891311651394,1
3157,1748.6020089184851,44.61258306723357,1,0.5527328008954921,1
3158,1748.3760101552557,45.12093946989941,1,0.5427088530609293,0
3159,1747.3057275994372,45.18408987139526,1,0.5359583079342947,0
3160,1747.930763208536,45.284481237070366,1,0.5392136989470026,0
3161,1749.3031208852933,45.20319244446318,1,0.5415045631762903,0
3162,1748.9802116909784,44.083504048100984,1,0.6064206348962746,1
3163,1748.9564265282606,44.44042513508202,1,0.5679801048585924,1
3164,1749.4311114334391,45.45199652399437,1,0.5584559964407341,1
3165,1751.5895077489668,44.92006139514592,1,0.5496785877582427,0
3166,1747.8756569910147,45.371918489376576,1,0.5451169320085482,0
3167,1749.7377720187328,45.31157245292198,1,0.5422671674651267,0
3168,1746.4907569304694,44.88935208349571,1,0.5343739420589008,0
3169,1749.0850444477182,45.71163512731337,1,0.5798801992232716,1
3170,1748.1938645602404,44.75756362203168,1,0.5443089192607486,0
3171,1747.514929602258,44.34482876234408,1,0.5708663826871238,1
3172,1748.4751192964334,45.18681430604795,1,0.542701906912927,0
3173,1748.099431344648,45.08669780075271,1,0.5381975580992828,0
3174,1746.2269089481526,45.92780693073328,1,0.5981275348851777,1
3175,1748.485707073578,45.321535417391054,1,0.544304808179425,0
3176,1748.2389661646337,45.110111555460165,1,0.5434709214107413,0
3177,1749.405466177667,44.52338249027552,1,0.5612632494012302,1
3178,1749.0299452332465,44.40999153143235,1,0.5713616017173134,1
3179,1749.8992599274225,45.5801506466806,1,0.5680819345608422,1
3180,1747.774860007012,45.92770707208534,1,0.5976268732895055,1
3181,1750.848970524052,45.19269555423623,1,0.5426990023033788,0
3182,1749.1142756739632,44.767924949700344,1,0.5473634973835525,0
3183,1748.9042156666505,45.18889562725396,1,0.5443127487786156,0
3184,1748.4888566716193,45.360053675596546,1,0.5489112965080795,0
3185,1747.9379155670626,44.77466315210091,1,0.5428400311482292,0
3186,1749.2063272617406,45.631207881316584,1,0.5716870606062991,1
3187,1749.548202645286,44.764413817014635,1,0.5469592872998139,0
3188,1750.5799383944184,45.095301008440316,1,0.544530878679093,0
3189,1749.4833197735097,45.299063655303115,1,0.545134344475031,0
3190,1748.5074552550432,44.79308203958759,1,0.5472651264946037,0
3191,1748.6983486104796,45.55209716726442,1,0.5691015649746047,1
3192,1748.2327081265423,44.43157490365528,1,0.5684808876043104,1
3193,1748.0250631409926,44.9537854447564,1,0.5383102328978869,0
3194,1748.6139361488433,45.66029324015903,1,0.5732401595812512,1
3195,1750.9560073258504,45.61027481069632,1,0.5722618724858919,1
3196,1747.0649994937266,44.7283384705836,1,0.5417285386783959,0
3197,1748.005518683431,44.6327018190602,1,0.5466095430542874,0
3198,1748.1174314683128,44.90958368337938,1,0.539165289097538,0
3199,1746.8212121818708,45.43675967662376,1,0.5494983498107227,0
3200,1750.1688173074922,43.94941002194154,1,0.6218515363242444,1
3201,1747.2719175784118,44.56659146748894,1,0.54983318759711,0
3202,1749.5437151846215,44.835784848042046,1,0.5465694961395635,0
3203,1750.8038352128324,43.80858578008023,1,0.6329480721881664,1
3204,1747.7781289511797,44.40351067084813,1,0.5653296367439662,1
3205,1748.621023270571,45.23854839314664,1,0.539310467234655,0
3206,1746.62197996554,45.49739297268004,1,0.5572274013766049,1
3207,1748.3904472250201,44.92760183933017,1,0.5416980926024465,0
3208,1746.9951695731086,45.21775257957506,1,0.5354514691653499,0
3209,1748.8258366526038,44.78694198751826,1,0.5483204779903822,0
3210,1746.4253763143065,45.75189733633434,1,0.5805786599186108,1
3211,1747.6101429639884,45.06482764067142,1,0.5390306851695478,0
3212,1747.3417349004553,45.17424784927448,1,0.5360738455345971,0
3213,1748.1324649410185,44.57224006144165,1,0.5538170578601254,1
3214,1749.2642266521295,44.81558338656777,1,0.5460726067000573,0
3215,1749.1907094371304,45.69467593230948,1,0.5767670348072245,1
3216,1747.5290085036881,44.794668876562945,1,0.5409165134486494,0
3217,1749.6406592917863,44.66944530812928,1,0.5497817660855406,0
3218,1748.6211924959034,44.85396648430922,1,0.5421797231873773,0
3219,1749.0014533101414,45.06541348611757,1,0.544629384552338,0
3220,1749.0794852072718,44.5229610714192,1,0.5610734099968776,1
3221,1750.2516000123308,45.461416718980075,1,0.5565646816318428,1
3222,1747.8031080258945,45.352416016354,1,0.5431481830603874,0
3223,1746.0376237806192,46.37855669911502,1,0.6269345691700046,1
3224,1748.558917135863,45.37760851005097,1,0.5501028620935897,0
3225,1747.183185646346,44.44889846573222,1,0.5588278651498293,1
3226,1746.7388737886847,45.0500803305328,1,0.5360168542606403,0
3227,1746.752565911317,44.77699721782441,1,0.5417339657169388,0
3228,1749.5788979110027,44.724995939293166,1,0.5476499892109057,0
3229,1748.6628484631394,45.09200092052418,1,0.5421739634473587,0
3230,1746.0841581499621,44.7743141324427,1,0.5426758750885435,0
3231,1746.5460952706994,44.6232223986172,1,0.5465163409317961,0
3232,1746.5178267696472,45.5410548345132,1,0.5628917837935873,1
3233,1747.7659687633256,44.82198351631644,1,0.5389112967084595,0
3234,1749.4046267370422,45.77630291614262,1,0.5852695710043716,1
3235,1747.4402719638763,45.134828418836676,1,0.536457170590576,0
3236,1749.0945815401833,44.96464106644118,1,0.5472534906106522,0
3237,1748.5465278126578,45.22439819906155,1,0.5402476772202096,0
3238,1748.2801899484778,44.48579430717689,1,0.5609155391817106,1
3239,1749.1314864812891,44.67595449493377,1,0.5514104534926684,1
3240,1747.51777493289,44.96614984409969,1,0.5386295317815473,0
3241,1746.9091980843534,45.54820179106886,1,0.5627054313036765,1
3242,1746.9769975886743,44.930938014016455,1,0.5329253380881357,0
3243,1748.0929432785197,44.515153475592406,1,0.5574138214504947,1
3244,1748.4209583130958,45.34240730189646,1,0.5473892281004248,0
3245,1746.4132471205298,45.03907772440359,1,0.5357150247149762,0
3246,1746.915753677724,45.113232397464316,1,0.5368290464861237,0
3247,1746.418798450868,44.23691319910667,1,0.5837553151673472,1
3248,1748.275996097143,44.47176243736897,1,0.562245390360729,1
3249,1748.906026626983,45.04428509612283,1,0.5465585541716371,0
3250,1746.1602444493305,44.022228278766825,1,0.6115286805644242,1
3251,1749.5652110289739,45.47252893840445,1,0.5565465526812948,1
3252,1747.2899525418668,44.99966687694234,1,0.535554719767614,0
3253,1747.819742338776,44.262315418485215,1,0.5803956416931614,1
3254,1747.4504663794976,44.743364218358586,1,0.5405818493838047,0
3255,1748.4459327537677,44.76887463168836,1,0.5465677173813752,0
3256,1747.6111872521976,44.50154925890094,1,0.5532655859886519,1
3257,1747.715711089955,45.52943775191098,1,0.5620452123650488,1
3258,1748.3809276489242,44.775237470259796,1,0.548578581861945,0
3259,1748.2209862550758,45.12735881207362,1,0.542525289420317,0
3260,1747.7108200428427,45.900079970909125,1,0.5930949417734679,1
3261,1747.024713847096,45.30050248005722,1,0.537880730700679,0
3262,1747.5425000282437,44.377265920620445,1,0.5676754917452037,1
3263,1748.7960573556932,45.01913013943879,1,0.5437904686044334,0
3264,1747.3678310572593,45.14981243992443,1,0.537308481977949,0
3265,1746.3936629507025,43.903383218803725,1,0.6187109983579969,1
3266,1747.7757971161566,44.44720338918105,1,0.5602692050320649,1
3267,1749.2412639758754,45.016070859594,1,0.5440530681850342,0
3268,1748.9344691260746,44.02566472750478,1,0.6171871583732927,1
3269,1746.3026877315729,45.406739841664475,1,0.548608615330599,0
3270,1748.3272964088958,45.8664704004091,1,0.5951236297181626,1
3271,1749.327723339596,44.905112035079696,1,0.5443929484782759,0
3272,1748.699658281639,44.925592923613955,1,0.5422144281742193,0
3273,1745.5111393677776,44.58916110606091,1,0.546111962589157,0
3274,1746.7382789810754,45.1162613928342,1,0.5370106828007456,0
3275,1746.4619705679092,45.82142459675647,1,0.588631636288843,1
3276,1748.9709969314995,45.08954120244879,1,0.5415758794903441,0
3277,1747.681089712951,45.33194976386143,1,0.5408964899908792,0
3278,1747.1690701892794,44.875708017765156,1,0.5344318853699871,0
3279,1749.2454557821222,45.684613611832795,1,0.575502998216544,1
3280,1747.9783085356814,45.09798352201847,1,0.5369672325663901,0
3281,1748.0319590030986,44.920245383665325,1,0.5369233481858393,0
3282,1749.2852850631382,45.03220304142572,1,0.5435180596146456,0
3283,1749.6567103607492,45.73288290911662,1,0.5805761002207077,1
3284,1747.1396409501217,44.77067219243112,1,0.5397703626588567,0
3285,1745.8554437325315,44.30212349734511,1,0.575230975149107,1
3286,1746.134384358671,45.13488866733692,1,0.5355094380109017,0
3287,1747.7445357901186,45.18087845765662,1,0.5365782361249753,0
3288,1747.6758865109894,44.92769920128967,1,0.5361972895587093,0
3289,1747.5391850381855,44.37283894353439,1,0.5684441746464752,1
3290,1748.9785840467985,44.71640710089911,1,0.5499541202143704,0
3291,1747.4909208928034,44.80971949743567,1,0.5381479389185857,0
3292,1746.4019684592884,44.60499550871003,1,0.545503248002186,0
3293,1749.1025849862444,45.289830868728025,1,0.5441672162789284,0
3294,1745.728754070637,45.1480229077087,1,0.533702775148429,0
3295,1745.3952756139586,44.928147727610714,1,0.5357338025028046,0
3296,1748.8920014669798,44.99049352564563,1,0.5458426794319866,0
3297,1749.1819229796297,44.731081904691536,1,0.5499999088533302,0
3298,1749.1773920102926,45.06440196571563,1,0.5436933245058326,0
3299,1746.6199296111158,44.68679297848641,1,0.5468708306126701,0
3300,1748.3653788366223,45.53265310849109,1,0.5686337966821382,1
3301,1747.8956956817356,44.78375949033722,1,0.5424728772315448,0
3302,1749.2005928828119,44.8954091443052,1,0.5436840724716687,0
3303,1749.0176543234672,44.669744504266525,1,0.5520745595832034,1
3304,1747.3087232430369,45.041191070457565,1,0.5377386982784994,0
3305,1747.0277746674271,45.351640934886944,1,0.5408913714480013,0
3306,1746.4467689078435,45.609630802087324,1,0.5692710586822112,1
3307,1747.3478119582776,45.749260577101325,1,0.5809757732539628,1
3308,1746.6673401006358,45.84336388157735,1,0.5908082999889311,1
3309,1748.3635212610027,45.45670527428221,1,0.5573958829927957,1
3310,1748.7602350170948,45.11007587201598,1,0.5434371436455433,0
3311,1750.4889352943635,45.50975290491724,1,0.5659370223516345,1
3312,1748.4910386742613,45.011418895942896,1,0.5421939063918277,0
3313,1747.6471946074091,45.714298980079846,1,0.5789205875126988,1
3314,1747.5408731876473,45.28787840859425,1,0.5384465599594421,0
3315,1748.6387356731732,44.679199637356085,1,0.5511837065073759,0
3316,1745.9617198599458,45.13562067591566,1,0.5344659485622442,0
3317,1746.85213370379,44.06677006893951,1,0.603367551591641,1
3318,1747.8164280497654,44.69643784875254,1,0.5462337162195354,0
3319,1747.4517863830201,45.45606052831041,1,0.5512458725087208,0
3320,1746.3798699674983,45.34860597842618,1,0.5414598872375951,0
3321,1749.3402690516064,44.681861442293936,1,0.5531013073315618,1
3322,1748.0370391527795,44.7029548343539,1,0.54501532939543,0
3323,1748.0613666983722,45.69071273540228,1,0.5766967458843787,1
3324,1748.4782337614527,44.93930317361759,1,0.5411442810242004,0
3325,1748.0163441611608,44.96204034064684,1,0.5383480017540885,0
3326,1748.3047560871407,45.31964372847584,1,0.5446732019749139,0
3327,1749.5715968376803,44.14126999914836,1,0.5957425342523673,1
3328,1746.9408882320645,45.22643129952071,1,0.5353758164201805,0
3329,1748.0342830681118,44.51622298585579,1,0.5545205673353479,1
3330,1746.8174537282227,44.69894976778268,1,0.5450019398833083,0
3331,1748.6004860957191,45.069246403779914,1,0.543280713122382,0
3332,1748.7788802398006,45.053531915855025,1,0.5428999600815008,0
3333,1745.2732481241524,45.071824435235044,1,0.5338122612207082,0
3334,1747.6674418898403,44.71497298397546,1,0.5433154214539845,0
3335,1747.626256132083,45.62104028450246,1,0.5688901100643179,1
3336,1748.5432537512554,45.259206730994244,1,0.5401479463645528,0
3337,1747.0510722252175,43.94194113619872,1,0.617330774977329,1
3338,1748.291297900457,45.74432307433246,1,0.5837230968243542,1
3339,1746.7718148634692,44.6496828944113,1,0.5439961685488527,0
3340,1746.8965646755546,45.21387764974234,1,0.5365124854239159,0
3341,1745.5279433338992,43.47044655404857,1,0.6466360987224951,1
3342,1747.4480099843227,44.568900016707005,1,0.5496472142504887,0
3343,1747.5111643469959,43.90266072672205,1,0.620252513057987,1
3344,1746.3525658422689,44.180480271608936,1,0.5910321539892607,1
3345,1748.5233845884475,45.04532966917465,1,0.5429921184550593,0
3346,1749.032655893642,45.22431466493593,1,0.5408123485440006,0
3347,1748.3321119521484,44.76621651678739,1,0.547066346710516,0
3348,1747.0809840104455,45.14776838599402,1,0.5365745622142587,0
3349,1747.7935132101823,45.477432398173484,1,0.5538600236912922,1
3350,1748.5892825233132,44.28219746450925,1,0.5822480503139988,1
3351,1747.4077290609234,45.747711668791446,1,0.5794055779273972,1
3352,1747.7217185367474,44.66978621032407,1,0.5445339158919997,0
3353,1746.861507509563,45.203690750475815,1,0.5358618428173763,0
3354,1747.6215945330584,45.77678978127001,1,0.5832724055569741,1
3355,1748.7041637340678,44.041573834408496,1,0.6159025315227533,1
3356,1746.8078131825418,44.40858583461868,1,0.5642003709242176,1
3357,1747.5833616237892,45.07766034501235,1,0.5382956472025504,0
3358,1746.426152391082,45.661393855898154,1,0.5716399343879893,1
3359,1746.056359901874,45.35373914964432,1,0.5402984456696014,0
3360,1747.2015939158478,44.315909077222805,1,0.5744042129241143,1
3361,1746.7576930900277,44.571651796012276,1,0.5495355607198352,0
3362,1747.5340214104433,45.2139249950731,1,0.5372463202797734,0
3363,1747.9145086119947,45.15345466326662,1,0.5380696919511897,0
3364,1745.8892489369175,44.77199768781898,1,0.542507893661805,0
3365,1747.1835939426164,44.684261830691966,1,0.545493604882997,0
3366,1747.6565929052297,44.37652489322036,1,0.5685623364536826,1
3367,1747.2515664156513,44.88917551613377,1,0.5342961048645138,0
3368,1748.8456426206446,45.967091712339545,1,0.599926360379946,1
3369,1744.5543769503238,45.81091946060935,1,0.5831139956928161,1
3370,1748.6820774942018,45.41381895490608,1,0.5552710088439767,1
3371,1748.6999722258172,45.09581237337462,1,0.5434486112094725,0
3372,1747.5774303227677,45.877576813183175,1,0.5927296239450183,1
3373,1744.4404820606928,44.52718684635793,1,0.5475547240618726,0
3374,1748.4972604560242,45.39964793119261,1,0.5545872140741325,1
3375,1746.6034669617939,45.22170686152141,1,0.5350166964090074,0
3376,1749.0591087570078,45.21348190060838,1,0.5418109240292823,0
3377,1748.0575115049544,44.964837857472666,1,0.5407500089807875,0
3378,1746.0747870143089,44.883699605673215,1,0.5358078250349881,0
3379,1746.0695691569877,45.036962590000925,1,0.5365694937313897,0
3380,1747.0297363887719,45.102858565479046,1,0.5370483604780734,0
3381,1748.6110897200422,44.66297729517456,1,0.5507179616228527,0
3382,1747.5931793489601,45.53278418664035,1,0.5638554969699331,1
3383,1746.4734561190444,45.855074761904596,1,0.5920087162864652,1
3384,1745.2036066154853,45.15348309565633,1,0.5317695508756033,0
3385,1746.0959779064035,44.5877429186847,1,0.5471781896748682,0
3386,1747.5847781043312,44.01171984652629,1,0.6135781868334003,1
3387,1746.9716851662788,45.347183273957306,1,0.5422310514195725,0
3388,1745.1922027458027,45.45598041161405,1,0.5451432598729037,0
3389,1747.2701173675896,45.30856971005577,1,0.5372242759046855,0
3390,1747.2590368263236,44.91240532049762,1,0.5351047590666634,0
3391,1746.9474228682598,45.46586369154853,1,0.5507550472294049,0
3392,1747.0184583986822,45.59794039600327,1,0.5660524419673679,1
3393,1746.902209119234,45.13734179567454,1,0.5374588834745656,0
3394,1747.7671745408115,45.1566135529003,1,0.5361049341357763,0
3395,1747.3903107348067,45.23362422387277,1,0.5348536198348354,0
3396,1745.0584268003454,45.03928910438814,1,0.5336474466795721,0
3397,1746.0198407844784,45.49009959047213,1,0.5547296531037031,1
3398,1746.0736084805612,44.426241141166074,1,0.5633734922778451,1
3399,1748.3074639130248,44.74071632166491,1,0.5489655625896767,0
3400,1745.3887170382557,44.79882396752856,1,0.5413312866210626,0
3401,1748.4160262935934,45.97799910521755,1,0.6013641414900629,1
3402,1744.4818108737961,44.75472834232635,1,0.5384492788418704,0
3403,1748.3576532634643,45.1182437934362,1,0.543314364901937,0
3404,1747.503637781061,44.995329282314145,1,0.5377162814511244,0
3405,1745.4865732879161,44.40666973542961,1,0.5662128339530019,1
3406,1748.2200799790342,44.81239757440387,1,0.545345763305584,0
3407,1745.8711144424765,44.8361577090808,1,0.5401340780624385,0
3408,1746.5212596305516,44.640173775341836,1,0.5453051691994307,0
3409,1745.465363905636,44.8485807370645,1,0.5382234481764243,0
3410,1747.209797283051,45.757104382082886,1,0.58209844042601,1
3411,1747.5975289959467,45.68244407269579,1,0.574808616302691,1
3412,1748.1238496996766,44.59172436645849,1,0.5510198823140569,0
3413,1746.665848244674,44.8842271884508,1,0.5357060082959333,0
3414,1745.879637994079,45.67421572245524,1,0.5724522772046775,1
3415,1746.7937126544418,44.57402628168339,1,0.5499074947684189,0
3416,1746.3627761674318,45.31668568793083,1,0.5362973100937194,0
3417,1748.3458358955154,44.79484618421155,1,0.548044621094831,0
3418,1747.370358578014,45.592905676670895,1,0.5653266549009011,1
3419,1744.8248274331688,45.35190155681502,1,0.5361865721497822,0
3420,1748.4403980703119,45.58696212641033,1,0.571280413653997,1
3421,1746.2261265156103,44.531705797075766,1,0.5494639579790547,0
3422,1745.4126351478187,45.173366672820066,1,0.5316031967927617,0
3423,1746.2236470733492,44.38604655668297,1,0.5673821427993264,1
3424,1744.9153349446283,45.97909530053039,1,0.5949416031291289,1
3425,1747.260369265684,45.383210792785675,1,0.5451254976466112,0
3426,1744.4780432686512,44.83730652191739,1,0.5370837306883267,0
3427,1745.6540796698864,45.660749644652235,1,0.5698787347269263,1
3428,1745.3499122350756,44.978488374542025,1,0.5366533700719918,0
3429,1748.2500257213194,44.53417893506198,1,0.559054380757735,1
3430,1747.2955661960223,45.09524631042424,1,0.5366318649988776,0
3431,1745.8076390944614,44.38084773518387,1,0.5701364713614211,1
3432,1747.754200752377,45.85176097704869,1,0.5904763062227816,1
3433,1748.5863714931315,44.88216224600406,1,0.5408919827894764,0
3434,1747.9328699413816,45.44123710697424,1,0.5524480915892336,1
3435,1747.6816596996841,44.170899891354885,1,0.5898829354211457,1
3436,1746.9735243282664,44.7158503923748,1,0.5420500582608572,0
3437,1745.8430328734378,45.086713393779576,1,0.5325862811178159,0
3438,1746.2286577243265,44.35175518758007,1,0.5723629006139915,1
3439,1746.3736581083392,45.03292480293702,1,0.5348175582851032,0
3440,1747.64504643467,44.95954114062886,1,0.5371447376767997,0
3441,1746.8821241625556,45.304732635494034,1,0.5370048900742995,0
3442,1747.5937431387722,46.36566547176577,1,0.6272661771933196,1
3443,1748.4491937594219,44.97337842240169,1,0.5436731886875883,0
3444,1745.1694631379594,45.03439444587878,1,0.5339989899669523,0
3445,1746.7984739896513,45.53182415039074,1,0.560784872387772,1
3446,1745.4468360337173,45.19002551168902,1,0.5325168827577568,0
3447,1743.9067327778696,45.65732407652099,1,0.5676673265514193,1
3448,1747.4932899117334,45.65102997613107,1,0.569992285140247,1
3449,1746.8384550508704,45.038770010752756,1,0.5365656885190866,0
3450,1745.643002541469,43.84809594535873,1,0.6233329015035678,1
3451,1747.1582565949718,45.283282684180755,1,0.5368292739983709,0
3452,1744.2009118146386,44.14334674931128,1,0.5905790288021846,1
3453,1749.7725478526843,44.9851716263847,1,0.5458276641101445,0
3454,1747.5265247046414,44.92508747592012,1,0.5355420674934631,0
3455,1745.8835010661041,43.79907590323383,1,0.6283876226071018,1
3456,1746.7508533929386,44.60171442894368,1,0.5461073044204321,0
3457,1745.9844153855215,44.73103150477005,1,0.5432214632670932,0
3458,1744.135332119424,44.53307963812454,1,0.5468762292170724,0
3459,1746.2036357171487,44.96793877398776,1,0.5367524166402029,0
3460,1746.2185395651097,45.16656897972608,1,0.5347320700050998,0
3461,1744.9096656182508,43.98999714177257,1,0.6114857775746777,1
3462,1747.5309276826365,44.98347948744731,1,0.5377162814511244,0
3463,1747.979369183406,45.29392849828129,1,0.5392136989470026,0
3464,1747.0322349513422,45.52975360170473,1,0.5606118392098567,1
3465,1748.743473560369,44.17314805257347,1,0.5952370650166567,1
3466,1747.099342003922,45.20750504882811,1,0.5356433390791856,0
3467,1745.6071117332206,44.04269767622026,1,0.6085298038156489,1
3468,1748.8709625027723,45.39180141165767,1,0.5540711183500547,1
3469,1747.0064763434827,44.267065370755006,1,0.5815007874748106,1
3470,1747.0848671975552,45.16155730762802,1,0.5359529577915263,0
3471,1745.6670859731355,44.511206918466165,1,0.5521086692144053,1
3472,1744.8509663882548,45.09812373054905,1,0.5316564822122188,0
3473,1746.4978979631692,45.03071253692127,1,0.5344613934726267,0
3474,1746.1017461568172,45.94309629642067,1,0.5970328969433234,1
3475,1747.0440229545231,45.3648110997104,1,0.5426226773499212,0
3476,1745.392438761884,45.61101968302941,1,0.5650336909745676,1
3477,1744.8999002518508,44.960701444798644,1,0.5344858283096767,0
3478,1745.2001451133608,44.804936868216274,1,0.5383820390770264,0
3479,1745.8904490100972,44.27629933084602,1,0.5803136303635094,1
3480,1745.1491449225723,44.67606242942659,1,0.5425172339851837,0
3481,1747.4433397937757,45.19073081433156,1,0.536995215368001,0
3482,1746.6229224712279,45.194128224388116,1,0.5375022922831817,0
3483,1745.060963610279,45.511006212407786,1,0.5542452314763106,1
3484,1746.5652996209772,44.85462867573685,1,0.5357074387702667,0
3485,1745.5031655682394,44.121350673503116,1,0.5934831579184021,1
3486,1747.5411274324852,45.20582025158667,1,0.5364821843143232,0
3487,1746.6951989856457,44.85748149023804,1,0.5364557626261645,0
3488,1745.2597494347588,44.119443194327864,1,0.5932533162115554,1
3489,1745.8171296712155,44.998256887151214,1,0.5373610882160385,0
3490,1746.8249981044985,45.44518268153225,1,0.549860474177633,0
3491,1744.982075713894,45.02980928991703,1,0.5330646604936821,0
3492,1746.163323647923,44.68289279363045,1,0.546099865619461,0
3493,1748.0309375155218,45.24311515050066,1,0.5345894451112256,0
3494,1746.403674165542,44.96441401337666,1,0.5373825517887552,0
3495,1746.239735617937,44.694555626381835,1,0.5441853774649608,0
3496,1746.5148822079389,44.88179385191686,1,0.5344350708065498,0
3497,1746.3657883585563,45.867577793304065,1,0.5933986281203407,1
3498,1746.4796160317505,44.95553103291622,1,0.5362431898421933,0
3499,1743.3648013816535,44.01312952234923,1,0.6099343032835052,1
3500,1744.881540918692,44.0902351468835,1,0.5982141208573923,1
3501,1744.7363488023873,44.63467499114698,1,0.5447561618337767,0
3502,1744.8485497540096,45.63145905037184,1,0.5651609457315825,1
3503,1744.9161809243433,44.44241695656902,1,0.5591500874993208,1
3504,1748.5862538172967,45.72172889318524,1,0.5821454763437127,1
3505,1746.5039002048745,45.31298115856092,1,0.536644677311211,0
3506,1746.4416224774582,45.184819506758885,1,0.5354332097304066,0
3507,1745.6295159169053,44.59487334523441,1,0.5456793039716279,0
3508,1745.2456694400862,44.83195345721774,1,0.539243975869654,0
3509,1746.1363448761183,45.21791194156291,1,0.5344124812672781,0
3510,1746.8269533324565,45.6063388539624,1,0.5686406990125278,1
3511,1746.028478309772,45.14356163177976,1,0.5353146997441207,0
3512,1747.9133736909982,43.69003133858637,1,0.6357781485722189,1
3513,1747.0128278253248,45.26949798542666,1,0.5344843699129253,0
3514,1743.282566774702,45.22601245478596,1,0.5274153203774535,0
3515,1749.2393858561954,45.226913343702186,1,0.5398828488759927,0
3516,1745.0218053743226,45.122932547623044,1,0.5321429893640348,0
3517,1746.4292616297141,44.97118126639124,1,0.5358721771206434,0
3518,1747.1628761711,45.749748524726705,1,0.5811723466305883,1
3519,1745.0251668033088,44.66158071595919,1,0.5431376721564518,0
3520,1744.8284968726732,45.62902855342772,1,0.5651609457315825,1
3521,1748.006190284695,45.577542980745086,1,0.5660063649911392,1
3522,1744.8806814161303,45.51510630928229,1,0.5552790712092771,1
3523,1748.9771418869752,45.21441526142665,1,0.5419942459640894,0
3524,1747.6648491522253,44.779372114349144,1,0.5421059716421592,0
3525,1746.1178551150194,45.206335800045004,1,0.5349282754320465,0
3526,1747.6570758744597,45.041729223302085,1,0.53753506165239,0
3527,1747.8897112632376,44.733324341765524,1,0.5433433122890086,0
3528,1746.0117253269423,44.84070354139114,1,0.5398980073631928,0
3529,1744.0539567960611,45.59031051706455,1,0.560785941559663,1
3530,1747.4432559381314,44.70172897957902,1,0.5437128737837958,0
3531,1747.0617990533383,45.03097340986994,1,0.5351665511814134,0
3532,1743.8991237860284,44.664788316450135,1,0.541435360706502,0
3533,1747.8061007646768,45.01621331181442,1,0.5371683702203686,0
3534,1745.388924991841,45.4431931770862,1,0.5461406354231438,0
3535,1744.5940315382265,44.25041826555857,1,0.5780501250578728,1
3536,1745.038617043839,45.73890361634284,1,0.5779782415224467,1
3537,1747.452868276672,44.451899353027535,1,0.5582610099142928,1
3538,1748.1523715948745,44.17234789761756,1,0.5922824428772112,1
3539,1747.7578658303873,45.2050204055906,1,0.5358744189421152,0
3540,1746.3665747357072,45.348537728158675,1,0.5414598872375951,0
3541,1745.7485595930893,45.00194400532653,1,0.5364635597589367,0
3542,1746.8186383337681,45.07233155934571,1,0.5375226654523172,0
3543,1745.8643185823905,45.14133241269089,1,0.5340089878178518,0
3544,1746.0351558782506,45.028861159910264,1,0.5370725386230586,0
3545,1745.8705184091261,45.067880259021,1,0.5355139531959743,0
3546,1746.0950859560082,45.029455892968855,1,0.5370725386230586,0
3547,1744.4176473191467,44.46580896553625,1,0.5528644738763285,1
3548,1744.8114507743296,44.47444384173858,1,0.5526230557986953,1
3549,1745.8695516899438,44.953918005717966,1,0.5370643128712081,0
3550,1746.9354655492023,44.72646573145583,1,0.5417866405937203,0
3551,1745.2555979062554,45.581564596780396,1,0.5608732810950536,1
3552,1747.9061888630508,45.39694155862289,1,0.5503379677935791,0
3553,1747.9474111973973,45.363816479522896,1,0.5441086221386949,0
3554,1744.4180591661768,46.28975297098637,1,0.6153443547701398,1
3555,1746.035366449696,44.57998257835527,1,0.547482638437635,0
3556,1746.5174161111127,44.81555520028388,1,0.5381226891154688,0
3557,1745.1585927955277,45.02834267125534,1,0.5339670841237193,0
3558,1748.783192722091,44.47596452157809,1,0.5615962604486499,1
3559,1743.1197560062349,45.01795909859072,1,0.5306803578200374,0
3560,1745.890159598622,44.76467374384085,1,0.5411954449803826,0
3561,1745.9494746804967,44.60316356588847,1,0.5456554871179407,0
3562,1745.2037008587333,45.0220750105799,1,0.5328949193077214,0
3563,1745.276003709162,44.64674687700747,1,0.5428778233944204,0
3564,1744.3354834218762,44.688637984916156,1,0.542313196042764,0
3565,1745.9843752260595,44.131006215373134,1,0.5919503919756005,1
3566,1747.530119427405,45.18184795452845,1,0.5375999480945007,0
3567,1744.3654931822068,44.44913394433769,1,0.557409419704067,1
3568,1746.0073581534245,44.93758473949913,1,0.5348990936238401,0
3569,1747.0873462521695,44.58811920998577,1,0.547130065335477,0
3570,1747.605351257692,45.168888131487336,1,0.537060141378441,0
3571,1745.365301249445,44.74933509925253,1,0.542033974700804,0
3572,1747.0645189604709,45.2096629689042,1,0.5356433390791856,0
3573,1743.661022612062,45.452472742850965,1,0.5417167773607146,0
3574,1747.1498996494315,45.16675286486034,1,0.5359529577915263,0
3575,1744.2514503288767,44.93617787395799,1,0.5320103851796453,0
3576,1746.962782128521,45.20033014197385,1,0.5360427307474045,0
3577,1747.1963598512327,45.05666996341183,1,0.537201363639408,0
3578,1745.8203855123331,45.15319078487299,1,0.5340639933262687,0
3579,1745.29437463931,44.41165865160932,1,0.5640091245438044,1
3580,1746.0348597015677,44.71693153078528,1,0.5439117476906666,0
3581,1745.9299197901926,44.79928135373199,1,0.5414872717041281,0
3582,1745.4912598715985,45.19893107210991,1,0.5330575975446431,0
3583,1745.4987106201565,45.14076698635883,1,0.5342164783002628,0
3584,1745.1889021686402,44.021504805211286,1,0.6098331232740838,1
3585,1747.309656589173,44.714134740608834,1,0.5424679569357457,0
3586,1746.1048086534306,44.67578976915974,1,0.5445925840328127,0
3587,1745.3258858200554,45.51707777601392,1,0.5562191015513003,1
3588,1747.0930439764063,45.85116715045367,1,0.5913709556052487,1
3589,1745.3999104981694,44.02178364050442,1,0.6098331232740838,1
3590,1745.5721938478982,44.6206992523809,1,0.5465374385286179,0
3591,1745.9520593632951,44.476727064162944,1,0.5526789726692295,1
3592,1745.4239854724228,44.68558397440598,1,0.5456929049870408,0
3593,1746.7681190681878,44.79550402828953,1,0.5408406180007208,0
3594,1746.4940932404704,45.0983766933831,1,0.5354342880533659,0
3595,1748.333707319961,44.84475142662354,1,0.5457814013755445,0
3596,1745.8015965531697,44.42948811839083,1,0.5630088236419767,1
3597,1748.4352139607884,44.86635716965959,1,0.5424862758289206,0
3598,1744.4704132231525,45.16224878833331,1,0.5297629740437209,0
3599,1745.8231465418685,45.039239638260796,1,0.536078126785425,0
3600,1746.3257708120047,44.757484946411616,1,0.5397714417019175,0
3601,1743.115278590957,45.23750675054789,1,0.5253220116249705,0
3602,1747.1346358279673,45.55781976027059,1,0.5640065706700236,1
3603,1745.740833811401,45.25963063745794,1,0.532052041648626,0
3604,1744.0431927971367,44.731367236884154,1,0.5395723395515758,0
3605,1747.2408387865225,45.09180566239991,1,0.5355543495079381,0
3606,1746.896105154993,45.3867026025564,1,0.5457010988101227,0
3607,1744.692338252609,44.39626255875632,1,0.5651093276622775,1
3608,1746.005039938329,44.82222014488896,1,0.5385553465715643,0
3609,1745.842644865281,44.764772824609445,1,0.5411954449803826,0
3610,1744.832593004353,45.61399621909584,1,0.5637879015833384,1
3611,1746.8140763109602,45.33840028150229,1,0.541121152708184,0
3612,1743.9089512405144,45.09704524992982,1,0.5299894476153224,0
3613,1746.655158556525,44.13972987468572,1,0.5923849666266788,1
3614,1744.8667959471468,44.94697519516387,1,0.5342675607768559,0
3615,1746.9500207123187,44.305953020057444,1,0.5749874598814115,1
3616,1748.5206162950406,43.912147729038324,1,0.6250171524356747,1
3617,1747.1637865897449,45.865161550677364,1,0.5929599304724688,1
3618,1744.324264617481,43.90545270824913,1,0.6163229122406867,1
3619,1746.462088197907,45.220728628598174,1,0.5347078964523104,0
3620,1745.2421168139417,45.73928066702605,1,0.5783694260111832,1
3621,1746.6771139666726,44.56976126429772,1,0.5512905088203994,0
3622,1747.5633560424233,44.657848628426926,1,0.5433525822848967,0
3623,1744.0396598132922,45.498224354942955,1,0.5493932381844354,0
3624,1743.1066804863171,44.78089958946295,1,0.5363457256003824,0
3625,1745.1473973097532,45.530182387890605,1,0.5565078993888563,1
3626,1745.1846633031619,45.29768447647339,1,0.5318277852644605,0
3627,1744.2612442835227,44.90397979084836,1,0.5340739664668559,0
3628,1745.7218596406306,45.3909636676521,1,0.5456205262968196,0
3629,1745.4339992368346,45.887700200156026,1,0.5920004827445322,1
3630,1745.7490058174592,45.11285908814863,1,0.5353974482089449,0
3631,1745.5698107648413,45.07494976501395,1,0.5359347873774972,0
3632,1744.1249446808156,45.58487495059069,1,0.5616795497708056,1
3633,1747.4015217453261,44.501749840483086,1,0.5525174284478064,1
3634,1746.1219962701177,44.90327919934497,1,0.5361571923507339,0
3635,1744.7357873883468,44.886328733630236,1,0.5352471286955043,0
3636,1746.9963497745832,45.23160311163475,1,0.5348327501140006,0
3637,1744.475313565619,44.01859628912741,1,0.6087868515049912,1
3638,1743.2004715154153,45.643393291485076,1,0.5656788345220114,1
3639,1745.7208320056645,44.53978599970361,1,0.5504282813833554,0
3640,1744.4726012657559,44.48032989630546,1,0.5509731515188478,0
3641,1744.0680546518076,45.57797636615735,1,0.5585677752885468,1
3642,1746.69523386219,44.94954690582729,1,0.5371015671822025,0
3643,1745.1710332224923,44.83027472752914,1,0.5385418045478726,0
3644,1745.7853067516187,45.17357364855269,1,0.5324764239587165,0
3645,1746.948699499998,44.59332812740972,1,0.545957325542999,0
3646,1744.090807775621,43.99162461928539,1,0.6112325809847564,1
3647,1746.3009706287041,44.584576805279724,1,0.546340023270752,0
3648,1745.5959977956022,45.462416141213296,1,0.5467355488678609,0
3649,1746.8683034585,45.473038941234854,1,0.5513752754769067,1
3650,1746.0066993418345,45.150579719394706,1,0.5343993235285512,0
3651,1745.7487870681018,45.42658399308291,1,0.5461515855740741,0
3652,1746.198206861566,45.167400830918325,1,0.534780418398132,0
3653,1745.238037517616,45.25573765177826,1,0.5301192883854235,0
3654,1743.9396789251134,44.94201842204266,1,0.5303423191447612,0
3655,1744.5063405460894,44.04143522766726,1,0.6078011844206203,1
3656,1744.6029076119326,44.49326126911119,1,0.5490347993200738,0
3657,1745.0470776075567,44.82456446762732,1,0.5387240203748441,0
3658,1745.2421195570341,44.549521811515866,1,0.5480360315626781,0
3659,1745.31793385778,45.43635609926153,1,0.544968570103585,0
3660,1746.4857156106773,44.858017018709354,1,0.5346932367468008,0
3661,1744.766307076513,44.46247447458117,1,0.5568464367299565,1
3662,1744.758277895984,44.6611411699862,1,0.5435052760164801,0
3663,1745.3461200971742,45.291119017616964,1,0.5325728323576558,0
3664,1745.080837400554,44.47625912854025,1,0.5518884683478733,1
3665,1744.618356910993,44.78400545585895,1,0.5396266615597118,0
3666,1746.7927556363009,44.60159138420825,1,0.5464769181728673,0
3667,1745.5589419093133,45.009531438428674,1,0.5346849535505773,0
3668,1747.1310702286173,44.3718224160399,1,0.5684441746464752,1
3669,1745.9748839474719,44.74125365288958,1,0.5429511908655479,0
3670,1745.035990195687,44.202126214026826,1,0.5856419087444131,1
3671,1746.9781613087089,45.19562955206249,1,0.5358614218289581,0
3672,1744.658957480909,44.73285678971552,1,0.5408106025434997,0
3673,1745.862424866666,46.13457265290606,1,0.6103234609464309,1
3674,1747.0232724983296,45.18861529336863,1,0.5360427307474045,0
3675,1746.512098433704,46.242526329025786,1,0.6150858445431243,1
3676,1744.38144671025,45.402115982978415,1,0.5424151893304554,0
3677,1745.5319710644098,44.725476558208065,1,0.5438469781162161,0
3678,1745.5905747206132,44.8080667564285,1,0.5396249257098349,0
3679,1745.0129805325942,44.84420162940782,1,0.5390615841750453,0
3680,1744.7715270032538,45.01320478745958,1,0.5325610024298948,0
3681,1745.3614661553274,44.28982549900177,1,0.5765725359303785,1
3682,1742.844066621391,45.10489340698895,1,0.5295976821811665,0
3683,1747.006207657608,45.92262077192082,1,0.5985323567229635,1
3684,1746.7211806217001,45.657891678019475,1,0.5716800417185981,1
3685,1746.448034472427,44.864518482639305,1,0.5350988577116329,0
3686,1746.285875397959,45.26062183469636,1,0.5348691162283437,0
3687,1743.9239373324529,44.482130683255306,1,0.5510786361150735,0
3688,1745.427341276081,44.62743024137066,1,0.545087673101088,0
3689,1749.1153519806924,45.053188262346175,1,0.5416772870785348,0
3690,1744.184991268556,45.950970500161766,1,0.5921345784808071,1
3691,1746.9962731024114,46.016729383667936,1,0.6018852089104662,1
3692,1744.6294523224674,45.48238802478282,1,0.544847028264249,0
3693,1743.164395219204,45.14433134904355,1,0.5284160709525829,0
3694,1744.841230695108,45.200812156814,1,0.5303822896520912,0
3695,1746.4135053024404,44.1074186516037,1,0.5968887440589554,1
3696,1744.3572240037597,45.79434983598329,1,0.5830730861908199,1
3697,1745.876133714276,44.57812226539695,1,0.5475068466951888,0
3698,1745.6921056782965,45.39025382634174,1,0.5458051372120211,0
3699,1746.367800482958,43.980194942221225,1,0.613185929843449,1
3700,1744.7425787280959,44.68096528962819,1,0.5447280839771907,0
3701,1745.7338287028058,44.56138131607177,1,0.549181497880624,0
3702,1745.4204306545078,45.18472641097918,1,0.5323956613611787,0
3703,1745.572163314637,44.2115589706741,1,0.5875604412736015,1
3704,1745.7083269501304,44.96431511309519,1,0.53839157102083,0
3705,1743.6578325276985,44.59701489321756,1,0.5420126268597736,0
3706,1744.3677646906099,44.97018975721783,1,0.5337626737650975,0
3707,1746.2118809865951,45.16208765275942,1,0.5347320700050998,0
3708,1746.6053339576943,45.219062473058436,1,0.5350166964090074,0
3709,1746.121098469948,45.76096545466079,1,0.5818273551411662,1
3710,1746.237894831467,45.17366663090271,1,0.5341221170280315,0
3711,1745.498753325081,45.68998113316617,1,0.5739325294384723,1
3712,1744.6307464359634,45.20614045301321,1,0.5299945389984015,0
3713,1746.5946345630998,44.066529184722725,1,0.6025170822780391,1
3714,1745.8373283792182,44.63525334449361,1,0.5449300372296988,0
3715,1745.3924278046968,45.660394643670344,1,0.5687517328036094,1
3716,1744.888293055642,45.27512451577506,1,0.5309755331236936,0
3717,1745.4016554490884,45.03765389377065,1,0.5348900878836149,0
3718,1743.4360581269125,45.633221548523856,1,0.5637795773607638,1
3719,1743.766031424972,44.392733711561426,1,0.5630753199196615,1
3720,1744.9142901386342,44.888727636925374,1,0.5342834314217986,0
3721,1743.049705806332,45.280886349240255,1,0.5284992478630104,0
3722,1745.3668278764196,44.74130893370286,1,0.542660493235775,0
3723,1744.0746326505657,44.54326916851572,1,0.547469933230477,0
3724,1744.6355160971834,45.1391587100846,1,0.5308612603414455,0
3725,1745.737284720271,45.414294527316606,1,0.5455884455282755,0
3726,1743.7490017985242,44.57804172403347,1,0.5449055038954507,0
3727,1745.5795987734652,44.96125246462977,1,0.5378562689784668,0
3728,1744.5868115275493,45.49380572276555,1,0.5492800858833381,0
3729,1745.9086992096634,45.684234382206434,1,0.5728397216364861,1
3730,1746.2241280190071,45.06819743652066,1,0.5364857676118189,0
3731,1747.3573322219625,44.699148887375735,1,0.5440808669490581,0
3732,1746.871559280307,44.91312179445108,1,0.5347053210303085,0
3733,1745.1560512645806,44.52398084484144,1,0.548306366991041,0
3734,1743.1831829479868,44.624606175801595,1,0.542502860260813,0
3735,1745.777649107943,44.799394658703996,1,0.5422204934356768,0
3736,1747.0225642970895,44.871334211646236,1,0.5343272030766739,0
3737,1744.6988432473238,44.17893922821641,1,0.5896224367100834,1
3738,1744.4318542511055,45.70577209272142,1,0.5750134177628595,1
3739,1743.9991955109326,45.3607365786077,1,0.5356408126343231,0
3740,1745.4828812516394,45.16273084771571,1,0.5325704812609914,0
3741,1745.1985579233478,44.92513778504436,1,0.5343084177464087,0
3742,1744.2706552795466,45.55253269058468,1,0.558135550203521,1
3743,1742.7424394649368,44.59030428419235,1,0.5411101568542976,0
3744,1744.2561708202968,45.01937230263626,1,0.5332886203297839,0
3745,1744.52598822168,44.637525110520144,1,0.5426060425794338,0
3746,1745.5162017452074,44.931748524240454,1,0.5355483106954739,0
3747,1744.6121259916358,45.403164365541365,1,0.5418649825331906,0
3748,1744.9458801898666,44.601266044509075,1,0.5443644333181561,0
3749,1744.3369072935689,45.68377791902008,1,0.5701571551996315,1
3750,1744.3452302254957,44.90628472537169,1,0.5335322207112568,0
3751,1745.0689022627057,44.83148435000521,1,0.5390615841750453,0
3752,1745.5377253049887,44.77900461537818,1,0.5432697600582231,0
3753,1743.61416456926,45.90073192854383,1,0.5892975618162885,1
3754,1742.7713939262771,45.14919474154309,1,0.5274336734114106,0
3755,1745.4243135007998,45.83142032214787,1,0.5886192152967185,1
3756,1744.74748730485,44.36451374050949,1,0.5707279961577232,1
3757,1746.399818044023,44.984255442376046,1,0.5357685655198549,0
3758,1745.8082690594333,45.09827797378496,1,0.5348543599602429,0
3759,1745.50190818135,44.14875194776852,1,0.5909563502963052,1
3760,1744.6448329125594,45.001269067066275,1,0.5326330596731446,0
3761,1745.992146899436,44.56528688265413,1,0.5495096331966615,0
3762,1745.2713958238317,45.237525053175986,1,0.5295562495194572,0
3763,1744.2259614037805,45.63425190593512,1,0.5645831466224608,1
3764,1742.3638666672302,45.92801045523528,1,0.591656102084284,1
3765,1743.0297006705027,44.401821219322855,1,0.5621564668678788,1
3766,1745.2594421090948,45.45982503775989,1,0.5454380157964348,0
3767,1747.6833897183146,44.79746296699123,1,0.5410575287132448,0
3768,1746.034807018347,45.136246563409905,1,0.5358718789657204,0
3769,1744.549671120591,44.66465358972186,1,0.5411448632266763,0
3770,1744.886359609408,44.906534414464794,1,0.5347728656494889,0
3771,1745.1528334982836,45.02993568190941,1,0.5337864772635658,0
3772,1743.9069386690974,45.398732952968736,1,0.5417018346093186,0
3773,1745.217111241193,45.176005936176765,1,0.5299019730473707,0
3774,1743.8573011624915,45.02192052596317,1,0.5307223805454,0
3775,1744.2572397621275,45.547329013958795,1,0.5575804468659227,1
3776,1745.9807217569619,45.255445727181915,1,0.5325500697091292,0
3777,1746.6698230916547,45.41860342957055,1,0.5488799163523962,0
3778,1745.286179003258,44.84555168964227,1,0.5394264292765627,0
3779,1743.503220761583,45.065918136340805,1,0.5307006320766108,0
3780,1744.959662823808,44.92271762353032,1,0.5335858951785901,0
3781,1743.3143913616937,43.78539478492943,1,0.6282725240187064,1
3782,1746.6291290470506,45.71450915034115,1,0.5800013272182778,1
3783,1743.2311328706785,44.48672823756506,1,0.5497803817117384,0
3784,1744.126942093186,45.392619591845076,1,0.5408353651100694,0
3785,1742.6683463865324,44.61829233119472,1,0.5390305407546557,0
3786,1745.2845451530238,44.245510767076446,1,0.5817675686586145,1
3787,1744.0414914213152,44.577214966380176,1,0.5454860913394333,0
3788,1743.1737429187392,45.49535330541647,1,0.5480670617199449,0
3789,1743.2514396672238,45.42418502901916,1,0.5415824028262819,0
3790,1743.07183867802,45.11350758594792,1,0.5300939570755058,0
3791,1743.2559223057094,45.338316719231024,1,0.533430840708608,0
3792,1744.2968823920578,44.778272194321914,1,0.5395995817272895,0
3793,1742.7827672670048,46.259666969693384,1,0.6114430267949467,1
3794,1743.2077491624186,44.39585931022202,1,0.5630642546209749,1
3795,1744.4369561236074,45.338348119547426,1,0.5345578948395586,0
3796,1745.5669566554425,44.975949194378536,1,0.5385993495812255,0
3797,1744.6079486694352,45.54974535549401,1,0.5579859152918614,1
3798,1747.1067966206467,46.175868857682026,1,0.6139118191924109,1
3799,1745.8098438486472,45.5375200277633,1,0.5596658935581642,1
3800,1745.4830967045261,44.812735719672986,1,0.5397300326577334,0
3801,1747.4652414116147,44.43770278241022,1,0.559700805431504,1
3802,1743.9740126564432,44.88059389408585,1,0.5314409163429737,0
3803,1746.4183304271876,45.00919888440943,1,0.5341745561457236,0
3804,1743.5705024914084,45.84212004422599,1,0.5861299825874887,1
3805,1743.3573478710196,44.350880243612316,1,0.5698127521704539,1
3806,1745.381102592683,45.00804720228742,1,0.5340149156293379,0
3807,1743.6274445341255,44.677522646367514,1,0.5414938843058987,0
3808,1743.2492502544235,44.75685247135655,1,0.537628942599172,0
3809,1744.775742199131,45.96010158479294,1,0.5935431971983565,1
3810,1743.4999806212202,45.1160703588032,1,0.5299571845698448,0
3811,1745.9637899595755,45.5569567920823,1,0.5623895269024013,1
3812,1747.373165093401,44.88675956992256,1,0.5350519292777162,0
3813,1746.4370675154569,44.31204732601772,1,0.5746133156842127,1
3814,1744.782519174414,45.54244327870393,1,0.5583746340459249,1
3815,1743.8226011974639,45.1345442306763,1,0.5295779083830282,0
3816,1743.8874083198748,44.76777808147021,1,0.5375998738915659,0
3817,1745.0480169296295,44.34934782390253,1,0.572688168930673,1
3818,1742.0501311624362,45.12092037771095,1,0.5265710011151874,0
3819,1745.760351621238,45.76048365201792,1,0.5814507414189758,1
3820,1742.1246897623787,45.67487468427306,1,0.5683816312921479,1
3821,1743.5972994753631,45.189908898452586,1,0.526963423648639,0
3822,1743.9004062549886,45.79545302321113,1,0.5832294487214003,1
3823,1744.821010742976,45.40072527408905,1,0.5429198307126472,0
3824,1744.8643835356422,44.67088344258324,1,0.5431433716086229,0
3825,1745.590840602175,44.572246802678144,1,0.5481419909546703,0
3826,1743.8758961875935,45.1760086125394,1,0.527111009656563,0
3827,1746.08830900448,44.82865960969051,1,0.5397803494414681,0
3828,1743.007102259913,44.7150955861142,1,0.5392605050369897,0
3829,1745.0962589950477,44.63944373404782,1,0.5432963602427527,0
3830,1743.036551757921,45.89643804109522,1,0.5901430677432086,1
3831,1745.9531580793034,44.22413045321575,1,0.5867803239073681,1
3832,1743.5896940696434,45.10610546237143,1,0.5292765240013335,0
3833,1744.2006133583457,46.303721072280155,1,0.6150930671081718,1
3834,1745.7392573596262,45.11643447826668,1,0.5353974482089449,0
3835,1744.40857810118,44.68018691947364,1,0.5422232644303632,0
3836,1744.426036136924,44.896681974386844,1,0.5335322207112568,0
3837,1745.01021436446,45.19996416077161,1,0.5309204198779636,0
3838,1742.255488568962,44.6986628773443,1,0.537632135470657,0
3839,1744.3110349289232,44.242762155274086,1,0.580639286034881,1
3840,1743.6418413071863,45.03967747740405,1,0.5299451388669042,0
3841,1743.4732867733853,46.28554830881043,1,0.6134655716264057,1
3842,1744.1866501056186,44.66157234925559,1,0.541300794591678,0
3843,1742.9915492724094,46.30007278107804,1,0.6152890924668263,1
3844,1744.0579231260078,46.17201952659061,1,0.6094505069221929,1
3845,1745.579855124302,45.23829615413959,1,0.5311752660970646,0
3846,1744.5913606441932,45.54490345203637,1,0.5576195677565012,1
3847,1745.7417997804891,44.99050632610486,1,0.5382464539559537,0
3848,1744.711670802585,44.21420791342804,1,0.5861660210541866,1
3849,1743.5789821817527,44.903761697123265,1,0.5306341482568544,0
3850,1743.5337996451613,45.1367069956498,1,0.5280825536656454,0
3851,1742.9013300097993,45.93257075408845,1,0.5928371068496573,1
3852,1743.4314007831672,45.11303276378157,1,0.5301364957873407,0
3853,1745.4695330894617,45.10007358591411,1,0.5347002856059118,0
3854,1744.083045931969,44.433785500358326,1,0.5598275060213922,1
3855,1744.9472854917924,44.6167140547485,1,0.5445486192338145,0
3856,1745.877308299391,44.94307341215581,1,0.5361062175998029,0
3857,1742.6401436981926,45.57638879047634,1,0.5573571345575369,1
3858,1743.6383259074942,45.057114567298505,1,0.5297813569352331,0
3859,1742.5606075964943,44.83377560591425,1,0.5325498668890732,0
3860,1745.2809742831125,45.474799315121814,1,0.5464218328079405,0
3861,1744.8546038281365,45.25372521366512,1,0.528891964622645,0
3862,1744.9626643213003,45.11374328254168,1,0.5321963233530056,0
3863,1744.0024595939042,45.27328840789859,1,0.5283841405470221,0
3864,1744.1947207709209,45.33010414432717,1,0.5310188009000574,0
3865,1744.1791716083878,44.300034626939805,1,0.572257089727846,1
3866,1745.793564199128,44.78658288632591,1,0.5441621510667549,0
3867,1741.4741755418859,44.84540998040764,1,0.5255034181057906,0
3868,1744.5547520287423,45.24597413628884,1,0.5266232324997643,0
3869,1745.5973681577061,45.04585809801304,1,0.5350992398454565,0
3870,1743.109058014936,44.98146776495567,1,0.5325095996838582,0
3871,1744.2052859897565,44.2926824309198,1,0.5746358486122383,1
3872,1744.6864913524453,45.62462942351476,1,0.5661803373701312,1
3873,1744.6889471060572,45.467194332441295,1,0.5452808926309477,0
3874,1742.0630801366337,44.90817384958229,1,0.5278395036029483,0
3875,1744.1677119477906,45.43602350119035,1,0.5427306947256204,0
3876,1744.7072611999426,45.07733249731333,1,0.5331171627535628,0
3877,1742.002293757813,44.740479421811095,1,0.5323229321623996,0
3878,1744.0192680141433,45.371341891535735,1,0.5356828010530517,0
3879,1743.27251894732,46.36800022722848,1,0.6237809516538297,1
3880,1744.1199417015332,45.218594372667454,1,0.5283514141608953,0
3881,1744.5069691128565,43.94722697416562,1,0.6131642288457234,1
3882,1742.37302700528,44.601411582906245,1,0.5384559521065166,0
3883,1745.2910807860035,43.974270232035984,1,0.6125209600881912,1
3884,1743.3933561289405,45.589004051852115,1,0.5604614347013341,1
3885,1744.2869803165388,45.1611490912212,1,0.5295466351789654,0
3886,1743.5236994972863,44.86007908865319,1,0.531787417624289,0
3887,1745.3740274901454,44.62909984371068,1,0.5445303961443383,0
3888,1746.029634179878,45.83613335292245,1,0.5909667368694219,1
3889,1743.8650372715906,44.818836217667624,1,0.5354431728226069,0
3890,1743.3260009864566,45.147066818645655,1,0.5286743693304155,0
3891,1745.3080764596841,45.15347329953383,1,0.5326430512997048,0
3892,1745.5042021011861,45.20746016892633,1,0.5328032734065354,0
3893,1744.7373934160892,44.5575096598571,1,0.5489511662686154,0
3894,1743.2016666197396,45.183502197325225,1,0.5274203181750221,0
3895,1744.0274052910231,45.60385052193937,1,0.5622774595492236,1
3896,1743.5150807285204,44.20166542340292,1,0.5832917225665277,1
3897,1745.5637808718634,44.89774747375786,1,0.5374707423533589,0
3898,1744.536119140225,44.74090770343099,1,0.5403037492899884,0
3899,1745.9378700763832,45.629701711890185,1,0.5670476267906969,1
3900,1744.5923256897956,45.16294111452655,1,0.5297629740437209,0
3901,1745.482682107449,45.98863480178878,1,0.5969576580290566,1
3902,1746.23643542275,43.926992830668,1,0.616934612291757,1
3903,1744.4801493797002,46.15371928564065,1,0.6088750186849297,1
3904,1745.5773917730423,45.28033387874242,1,0.5336966394024919,0
3905,1742.2720197458952,44.98946470916597,1,0.5296182271858929,0
3906,1743.9714568430643,44.54186891685183,1,0.5480258312646208,0
3907,1743.2866821719024,45.597467868301884,1,0.5613887434123062,1
3908,1742.6062150398043,45.49087340101627,1,0.5472716191625271,0
3909,1743.1429125699776,44.97264937495582,1,0.531805108700218,0
3910,1744.449207490357,45.129822523389436,1,0.5312887806547083,0
3911,1744.003445558045,44.79919164609982,1,0.5370317086659763,0
3912,1744.9349139187964,44.52228941079535,1,0.5490471539597565,0
3913,1742.3978969710092,44.44143765999104,1,0.5529952935368445,1
3914,1743.8232365377446,44.177375782805775,1,0.5879410884337211,1
3915,1743.7089807107297,45.25452240258247,1,0.5258756669738857,0
3916,1745.1083371173484,44.79902443611808,1,0.5404120909062656,0
3917,1743.3788613404738,44.56132839714551,1,0.5468828155713017,0
3918,1744.0065439715943,44.97040376021326,1,0.5326214365422127,0
3919,1744.3800675474665,44.972966416861105,1,0.5334395781528295,0
3920,1742.453587406938,44.496060834321085,1,0.545431847595334,0
3921,1744.1589860149043,44.56924705588481,1,0.5462762560242221,0
3922,1743.0609846657221,44.34160886798432,1,0.5677102191516895,1
3923,1743.8936301837111,46.02344519748882,1,0.5967158967624986,1
3924,1745.1468151036856,44.90843443858387,1,0.5353158711493047,0
3925,1745.0738172119125,44.58350001183195,1,0.5451846491524174,0
3926,1743.8088110773162,45.1429691170631,1,0.5288483373543146,0
3927,1744.0463524256706,44.860191684993566,1,0.5331876953636997,0
3928,1743.7536170691546,45.12042028168134,1,0.5299894476153224,0
3929,1742.9653623563418,45.136290808912406,1,0.5290925350989183,0
3930,1745.593995029377,45.8033450669544,1,0.5850536063814648,1
3931,1743.7524594044912,44.640656429813646,1,0.5425407475570773,0
3932,1743.3678316543337,44.245545647005095,1,0.580732667562065,1
3933,1744.6566977560367,45.26054570904594,1,0.5285581132413505,0
3934,1743.1697050255655,45.37390056749193,1,0.5355121587706086,0
3935,1745.2657132696181,43.82453095035359,1,0.6239658303888461,1
3936,1741.7820256074374,45.21527083713046,1,0.521811839690108,0
3937,1742.5380233804756,44.99404571863701,1,0.5309067110822214,0
3938,1742.8724496262391,45.170443900385415,1,0.5268137502971348,0
3939,1743.6798137274448,44.20820156532504,1,0.5832917225665277,1
3940,1743.258302272358,45.16539986455513,1,0.5281468427802198,0
3941,1743.5073900200323,44.86785148268957,1,0.5318500147669848,0
3942,1744.7379518955875,45.00957417302465,1,0.5320538595443403,0
3943,1743.3196825736532,44.30358047882156,1,0.5718482285005727,1
3944,1745.2214025615567,44.74867992058292,1,0.5411830415189031,0
3945,1744.269864539667,44.75647128705155,1,0.5387866704893692,0
3946,1743.953072423034,46.25884057742422,1,0.6124901733125756,1
3947,1742.8471692194971,45.01006356896261,1,0.5281918027411537,0
3948,1743.715606947227,44.40336901806072,1,0.5629287389387281,1
3949,1743.879223103638,44.51657202806799,1,0.5489509708012016,0
3950,1743.2955721634596,46.20184901640702,1,0.6115043086238894,1
3951,1743.430271242266,45.0389496923302,1,0.5309004132490512,0
3952,1744.3636501759718,44.71504373600724,1,0.5411002986398733,0
3953,1745.5795440120917,44.78146833840144,1,0.5427186864146155,0
3954,1743.331016503391,44.675148765486014,1,0.541053419260029,0
3955,1741.9166820996536,45.043601634826516,1,0.5261198364287665,0
3956,1745.0662848397835,44.79860431424703,1,0.5404120909062656,0
3957,1742.2953675305007,44.758541171737164,1,0.5323609212030427,0
3958,1744.6764832447964,45.41730949806898,1,0.5425287477879375,0
3959,1744.2874518314795,45.167030530935975,1,0.529594514725158,0
3960,1743.7235830003626,44.96892827511725,1,0.532207853558468,0
3961,1743.5437915224215,44.79909371582589,1,0.5358401562316867,0
3962,1741.8642574906903,45.381274587453255,1,0.5311525944890623,0
3963,1745.357466259888,44.57236548509888,1,0.5470535965011464,0
3964,1743.1186845826114,44.921990801694086,1,0.5302450384792226,0
3965,1744.9417383581695,44.082709570952424,1,0.6007323646907065,1
3966,1743.15195258007,45.01392908742638,1,0.5310274237962064,0
3967,1743.573172737094,44.77077036946485,1,0.5365353051431084,0
3968,1741.8711976002544,45.4577798393699,1,0.5358164992685098,0
3969,1743.7096099293758,44.49509299446337,1,0.5486750070916028,0
3970,1741.208753030541,43.96078279660916,1,0.6024241652672742,1
3971,1742.8794675888462,45.66886717769984,1,0.5687420550566502,1
3972,1745.9133280981607,44.935827312388426,1,0.5353140409946977,0
3973,1743.6988438867565,45.429954731801296,1,0.5409731903361277,0
3974,1742.4661346335197,45.11744230721616,1,0.5273379775441753,0
3975,1744.176431451202,44.31827017261298,1,0.5706140778479903,1
3976,1743.1188193162648,44.53770305730004,1,0.54653341413289,0
3977,1743.6039233419965,45.27725943756655,1,0.5274380526028826,0
3978,1742.441366564422,44.72332432183245,1,0.5349843189342168,0
3979,1743.9484829563505,45.13964395877911,1,0.5293308034870671,0
3980,1742.8526603812359,44.86834528749402,1,0.5296132514562545,0
3981,1744.2750863857805,44.72695292774097,1,0.5405455765303253,0
3982,1743.6926316943945,44.63561638689237,1,0.5423028885117304,0
3983,1742.626508543199,45.355685810488964,1,0.5324029432401352,0
3984,1742.7121156389169,45.12778598654749,1,0.5279826497121498,0
3985,1743.6383787400678,44.87318619385925,1,0.530686312856126,0
3986,1742.1004815173976,44.39928804835773,1,0.5583733702026045,1
3987,1743.702850662182,45.332423416229446,1,0.5307935727355015,0
3988,1744.6608457394893,45.06530564841188,1,0.5322301089787679,0
3989,1745.0590390552366,44.79062873180222,1,0.5414529136694414,0
3990,1741.6225581944009,45.38795049206786,1,0.5329264046806589,0
3991,1743.8179163053883,45.40555246726217,1,0.5417889540065258,0
3992,1744.9465763331548,44.99483215708765,1,0.534900410876052,0
3993,1745.7289892252138,44.6166650631318,1,0.5460138879965144,0
3994,1742.165032028012,44.97672832156864,1,0.530457127653687,0
3995,1742.6455410613366,45.1603073844803,1,0.5257808049241105,0
3996,1743.8083846425786,44.83208723651321,1,0.5354977631133041,0
3997,1745.6307202259252,44.19878411873113,1,0.5874029176134572,1
3998,1743.5686913355266,45.061967080676794,1,0.5291320237454905,0
3999,1743.5688410291464,45.34559438264315,1,0.5324534432714018,0
4000,1743.813651567642,45.023185212105936,1,0.5316103037429687,0
4001,1745.8600969371512,45.62401466216274,1,0.5673022439813251,1
4002,1740.4385221287293,44.55550879642284,1,0.5315264302264633,0
4003,1744.0939402244367,44.94437919913279,1,0.5314786729487091,0
4004,1742.18629999498,43.636843271718796,1,0.6349787689254238,1
4005,1743.3890879493358,46.39198174876662,1,0.6241340851871395,1
4006,1744.3960309168465,44.961494776906264,1,0.5332458492829851,0
4007,1744.7981264797786,45.073392971326555,1,0.5331171627535628,0
4008,1742.8393015410604,45.020557333716674,1,0.5290267574448256,0
4009,1742.2956458467627,45.75538464930125,1,0.5761853613839891,1
4010,1744.0390249716993,44.61163395806932,1,0.542922821887809,0
4011,1743.0011066015811,45.48775798807072,1,0.5453262030852252,0
4012,1742.9761300790205,45.47858037413821,1,0.5435898446600372,0
4013,1744.1742082501269,45.35002045163491,1,0.5351233478278306,0
4014,1744.1127039700143,44.663450122730936,1,0.5411177072070497,0
4015,1745.7692343974388,44.488945463939146,1,0.5526401983957553,1
4016,1743.3638306509147,44.75321812300691,1,0.5372653132412181,0
4017,1742.6532811836626,45.500470394224486,1,0.5493522628514954,0
4018,1742.916217208013,45.90829825664811,1,0.591842689001893,1
4019,1744.1579866684347,44.75404892313351,1,0.5374528440893656,0
4020,1745.4568221089496,44.7600184486691,1,0.5410123932287795,0
4021,1742.8747415376665,44.52051022514187,1,0.5450491676181263,0
4022,1741.7921877542642,43.85388353884109,1,0.61310009464966,1
4023,1743.9771517839238,44.1291871577791,1,0.5907788514440232,1
4024,1743.2169186658143,44.65765857472829,1,0.5405501079085655,0
4025,1743.4013637762648,44.846283919284566,1,0.5350706556337917,0
4026,1742.9826379352394,43.69581879984243,1,0.6309783926512214,1
4027,1744.8011427219883,44.950712717384896,1,0.5349910063802774,0
4028,1744.1288746726723,44.366277854415,1,0.5673459234237465,1
4029,1744.4578792205457,45.41833528061886,1,0.542345245065402,0
4030,1741.784551272017,45.62933258812898,1,0.5602537080977528,1
4031,1744.3711287456576,45.12614212639658,1,0.5312887806547083,0
4032,1745.9207398942438,44.470730950113484,1,0.55320134628942,1
4033,1743.6549330289345,44.391733278365116,1,0.5634461503625621,1
4034,1743.2746578028175,44.90297808824422,1,0.5323806115487606,0
4035,1743.0255192615443,45.04854561647345,1,0.5298665686992732,0
4036,1743.2575257541055,44.72835898419814,1,0.5393840691580225,0
4037,1742.8430235580413,45.86099024982626,1,0.5889168795984085,1
4038,1743.267353289113,46.114330350603154,1,0.6082210546855454,1
4039,1743.7947012904622,45.22945617222498,1,0.5273256172358836,0
4040,1741.6718782798878,45.01846601054585,1,0.5253828042493125,0
4041,1743.4554961367073,45.11593152481205,1,0.5299571845698448,0
4042,1743.3338007609607,45.70043158320265,1,0.5724799334419881,1
4043,1743.7281982185816,44.886568970378285,1,0.5311159482100642,0
4044,1743.2557183708677,45.3630078660582,1,0.5357319302703262,0
4045,1742.6084670164146,44.12255153141326,1,0.5898342970433199,1
4046,1744.2991057429244,45.26785512143044,1,0.528743104193957,0
4047,1742.9018835721574,44.93201037235102,1,0.5289606910542054,0
4048,1741.6252935100001,45.03952342426166,1,0.525025380252464,0
4049,1742.1627710629198,44.99519914500957,1,0.5303155422458089,0
4050,1743.4977193475627,44.01211753855398,1,0.608587272508466,1
4051,1741.7929233856669,45.15359033160219,1,0.5235836124069786,0
4052,1744.8378515179306,44.436150843863,1,0.5603593981084996,1
4053,1744.3111143797717,45.30085873568018,1,0.5312037090942789,0
4054,1742.2520704373737,44.91911052396435,1,0.5267828482217848,0
4055,1742.1311944466684,44.71964868999248,1,0.5333676899666585,0
4056,1743.348693340719,44.9288328679383,1,0.5311774540963544,0
4057,1743.5552305448402,45.287640720093655,1,0.5272749881368769,0
4058,1744.40215847971,43.98132633777626,1,0.6110258401564217,1
4059,1744.634921749036,43.939385851955734,1,0.6141683118026429,1
4060,1744.8039917080544,43.97695149531259,1,0.6121066769538542,1
4061,1742.3077766333647,45.261277730263416,1,0.5226351022883796,0
4062,1742.4572464533671,45.161981156898705,1,0.5243393541283181,0
4063,1742.8251021729639,44.77282556261134,1,0.5361380118423974,0
4064,1743.003752571852,46.05764483574322,1,0.6032479121343279,1
4065,1741.3018122111632,45.25509444826267,1,0.5153583649498752,0
4066,1741.698631213484,44.851073122969545,1,0.5245780068716555,0
4067,1743.3488909816815,45.162833780510354,1,0.5277312412892676,0
4068,1743.3422004404454,45.149334044286064,1,0.5286743693304155,0
4069,1743.5430440681005,44.163653884175204,1,0.5883385334475257,1
4070,1745.060137344796,45.426162780062114,1,0.5441459601526213,0
4071,1744.2784774789661,44.486516712080096,1,0.5501086966864682,0
4072,1742.5114297281775,45.19606218106554,1,0.5266485374171757,0
4073,1742.969135339161,44.959799472471154,1,0.5314833633284616,0
4074,1742.8358424585201,45.675643256327625,1,0.5694990753612237,1
4075,1743.6987485515062,45.57983612562256,1,0.559101016240051,1
4076,1742.1747081502704,43.93135045011204,1,0.6096517265977318,1
4077,1743.1952436580475,44.469191239791385,1,0.5517321188337073,1
4078,1740.6408498632834,45.89860268356983,1,0.5790261491390306,1
4079,1743.7777156979078,45.57408297222348,1,0.5591349420119991,1
4080,1744.3012855130055,44.625439516095355,1,0.5434434085222142,0
4081,1742.4427252626692,44.90452385901138,1,0.5282935623007582,0
4082,1744.2369507640062,45.27320462886653,1,0.5301126090072891,0
4083,1742.8891694567255,45.22529503186155,1,0.5266905419012757,0
4084,1741.9773617868684,44.71521499341228,1,0.5322398241603788,0
4085,1742.1445079392502,44.82717091507863,1,0.528826105848749,0
4086,1742.2922420092013,45.30212191120981,1,0.5249494886828373,0
4087,1743.3480639721568,44.93585329576847,1,0.5303021117770086,0
4088,1742.4369070992184,43.559594551508724,1,0.6378221827241467,1
4089,1743.8222199920106,44.60143892701937,1,0.5429500684972077,0
4090,1743.6142362506712,44.92779190159844,1,0.530005155034801,0
4091,1742.3671630955537,45.87330623069205,1,0.5881414782995049,1
4092,1742.7554628760852,45.51279066589819,1,0.5514995433675997,1
4093,1741.8330526923528,44.909524107509455,1,0.5255689664401707,0
4094,1742.6091219580567,45.924349591179606,1,0.592436137036736,1
4095,1742.7835345675585,44.22335174217134,1,0.5814747347565199,1
4096,1744.2539998010939,45.20084307311899,1,0.529852126434685,0
4097,1741.3021213138788,45.167061619015996,1,0.5175482640920497,0
4098,1743.106972593069,45.22781537930533,1,0.5267428140626509,0
4099,1743.7972191934434,45.74078768218345,1,0.5767611905394912,1
4100,1743.538184334489,45.375602984569895,1,0.5353522354253105,0
4101,1743.131012229468,45.11400997681608,1,0.5300939570755058,0
4102,1743.2493571555942,44.34048181365046,1,0.5699409594300957,1
4103,1741.318287358574,44.78736996171194,1,0.5258836875418105,0
4104,1742.9672030162537,45.68909212244957,1,0.5719095862007807,1
4105,1744.0201171588474,45.343975387957855,1,0.5337912327440515,0
4106,1743.5777500943486,44.80373527703229,1,0.5345233031662123,0
4107,1744.4353007179475,43.76525656146425,1,0.6277025888215138,1
4108,1744.4691927905037,44.0823035328773,1,0.5998745113813847,1
4109,1741.9556332903085,45.66522982737365,1,0.565224068905802,1
4110,1743.066661969196,44.76296965885463,1,0.5355914696474344,0
4111,1741.7051023270797,44.82228851288853,1,0.526462401833824,0
4112,1743.5600519081822,44.38901572035054,1,0.5643439975965715,1
4113,1741.484951662049,44.81690649563897,1,0.525677014035709,0
4114,1742.910664678996,44.473055623406864,1,0.5489434004963377,0
4115,1742.8285919961213,44.7234658961899,1,0.5377794480407729,0
4116,1743.8151346646182,45.06215826440258,1,0.5304508719573963,0
4117,1741.7475977535337,46.228352477859346,1,0.609231328301804,1
4118,1742.1072780913005,44.709371912279686,1,0.5358650669259292,0
4119,1742.1316395367471,44.525329273742514,1,0.5428101249515728,0
4120,1741.6543303533158,45.08066626894345,1,0.5240046056134802,0
4121,1740.3483146347394,43.8845851489452,1,0.6080330943257323,1
4122,1740.8383032958889,45.42578808968427,1,0.5290729917718411,0
4123,1743.5382059238634,44.4923089541484,1,0.548887578006401,0
4124,1742.34943903972,45.452922276918564,1,0.5380294290976005,0
4125,1743.105654338301,44.98414349974704,1,0.531768481660359,0
4126,1741.8283541521898,45.5270345229015,1,0.5488321364845696,0
4127,1741.9843108769833,44.98405782164522,1,0.5276558599910703,0
4128,1742.1891827059328,45.377414044533324,1,0.5340105238050288,0
4129,1743.855081399817,44.653530389713545,1,0.5416324811186173,0
4130,1744.245542968574,44.57672955348575,1,0.5462247278269888,0
4131,1741.636611163907,45.79061463228773,1,0.578262880047135,1
4132,1744.5912307779301,45.58153579368962,1,0.5593854878812053,1
4133,1743.022980313748,44.88338368922485,1,0.5304231010316006,0
4134,1744.1657022909228,45.8994929201302,1,0.5895560331585001,1
4135,1742.6376225594202,44.45757627481186,1,0.5520305547306305,1
4136,1741.588533640307,44.73884151793652,1,0.5290274275515888,0
4137,1741.492270970517,44.31343849223909,1,0.5605704915665394,1
4138,1741.3306205992958,45.17785411221796,1,0.5177543840170449,0
4139,1744.6809419796882,45.38804185134509,1,0.542698118993285,0
4140,1740.793894505103,44.80103377276231,1,0.5198178773390577,0
4141,1743.3382766303307,44.81163025745686,1,0.5347901533251953,0
4142,1741.903183766226,44.97717971635875,1,0.527796735308131,0
4143,1744.0037677185962,44.88252667195641,1,0.5312611639235614,0
4144,1743.5976305265226,45.15441814305334,1,0.5269229362276685,0
4145,1743.5843286140896,44.7511421473891,1,0.5372194696587203,0
4146,1742.8043264470393,45.208629309949444,1,0.526486489893454,0
4147,1743.2099789200558,45.404314373832115,1,0.5408512691422952,0
4148,1744.006082485103,44.754068630606476,1,0.5372710582199035,0
4149,1741.7859234251491,45.358202372581786,1,0.527605947220842,0
4150,1742.0608192025436,44.889421091416175,1,0.5269997334621669,0
4151,1741.8056834670626,44.62918040230326,1,0.5349106619347751,0
4152,1739.6503061688145,45.20780019769423,1,0.5048647437503323,0
4153,1742.7584026247023,45.751825659640744,1,0.5763597672116944,1
4154,1742.3390759918589,44.562151266290094,1,0.5424693307588675,0
4155,1745.1197109996797,44.80376471206623,1,0.5390840020905002,0
4156,1742.2906617838485,44.209734900375686,1,0.5802193324072504,1
4157,1742.3732622907103,45.046641001622206,1,0.5261724225580389,0
4158,1740.67164412734,44.3974815351547,1,0.5527248214699908,1
4159,1743.217465718255,45.30568345112647,1,0.5287246077169676,0
4160,1742.9335504986777,45.33036842080755,1,0.5300205517517583,0
4161,1743.511315078141,45.25512290655329,1,0.5255088977882159,0
4162,1741.7349851502943,45.03766111539154,1,0.5252030227920698,0
4163,1741.674117301786,45.12896719317074,1,0.5231177180907233,0
4164,1742.78625000154,44.7024227039865,1,0.5403044521638639,0
4165,1742.6480673006743,44.7297266315267,1,0.536151615573246,0
4166,1740.839167411573,44.644930415387876,1,0.5263853821149285,0
4167,1741.7392486657966,45.44430368738131,1,0.5355491369823374,0
4168,1744.165461734123,44.836840079057154,1,0.5357541201054333,0
4169,1742.60140529782,44.22772989491912,1,0.5803461460358721,1
4170,1741.7368212897102,44.89750131355629,1,0.52512479695131,0
4171,1742.4058644970617,45.33568594335682,1,0.5294647048888025,0
4172,1743.6142696205404,45.713224014940806,1,0.5743958229152469,1
4173,1740.988371655441,44.602415965883864,1,0.5286994966491793,0
4174,1742.0370902444915,44.50779668188721,1,0.5445918379427847,0
4175,1743.6030057275775,45.56437497760407,1,0.5576023742974514,1
4176,1741.0453719506436,45.431829063553586,1,0.5310269958095154,0
4177,1743.799852545092,45.494064818765054,1,0.5492030169510355,0
4178,1741.5481992404943,45.57861804814645,1,0.5509223744557341,0
4179,1742.714830475191,45.83276198494531,1,0.5863461153802338,1
4180,1741.6524250040914,45.152865853115124,1,0.5227506132075996,0
4181,1744.0219101662244,44.40683153677322,1,0.5637191999248079,1
4182,1740.8582062401506,44.2039156622768,1,0.5730229455520719,1
4183,1741.3659080432185,44.08673279555129,1,0.5899416538196043,1
4184,1740.9658654520533,44.97004794126222,1,0.5208903819253999,0
4185,1742.4205486720175,45.778747744234316,1,0.579247833034751,1
4186,1741.3576226888722,45.089495056782155,1,0.5206229125554506,0
4187,1743.9285462671317,45.05056436548982,1,0.5296354787041181,0
4188,1741.0634293102323,46.06204235627666,1,0.5964341075931031,1
4189,1743.6434308365313,44.68923382807278,1,0.5410614834220496,0
4190,1741.6595970451565,45.05794597121851,1,0.5247159626153235,0
4191,1743.2714207515053,45.463528293230645,1,0.5421234442008667,0
4192,1741.6350208469432,45.296752108954294,1,0.5212902075801417,0
4193,1740.8966895745823,46.301368881536334,1,0.6070395304449576,1
4194,1742.1889150671736,44.97498243583185,1,0.5306366080271179,0
4195,1740.352276615022,44.70048609143903,1,0.5212465667211205,0
4196,1741.6915310986792,45.62887986235864,1,0.5600642101565548,1
4197,1743.6207943229444,44.9670573877454,1,0.5329445304651431,0
4198,1744.4265322418328,44.70950907204961,1,0.5428476773888944,0
4199,1741.22747093636,45.43523166846184,1,0.5311694011560111,0
4200,1741.5485094664346,45.33904366340075,1,0.5235341303868164,0
4201,1741.84089238368,45.67525460555803,1,0.5661679049536106,1
4202,1740.7199855808547,44.96105587932751,1,0.5165128262838566,0
4203,1743.7411297118451,45.30890420616765,1,0.528540867752353,0
4204,1743.291754081486,45.831284863232064,1,0.5876258397691706,1
4205,1741.5585974255857,46.166140157776006,1,0.6047740015362285,1
4206,1742.9592900947252,44.83281548445984,1,0.5332399567944697,0
4207,1740.363202639446,44.720765629890494,1,0.5182480013756616,0
4208,1743.9752086894412,43.72021975924736,1,0.6315365046962965,1
4209,1742.7035999107377,44.64552640570597,1,0.5395664015566085,0
4210,1743.8167970559994,45.822383009880824,1,0.5856235063619605,1
4211,1743.4864515652573,45.03107599247557,1,0.531038728151438,0
4212,1740.8519869727922,44.81759878166408,1,0.519044228223049,0
4213,1742.542619703675,43.83099381482185,1,0.6212618727909828,1
4214,1742.5849798436514,45.18330080410636,1,0.5259363729800186,0
4215,1743.413114956049,45.12889311647369,1,0.5293665590108426,0
4216,1740.80257966108,45.049181670890256,1,0.5159810646232779,0
4217,1741.843185126468,45.43521150256299,1,0.5352513640345792,0
4218,1740.9443077467638,44.73775492984125,1,0.5230177080546461,0
4219,1743.2226434306235,44.328377090234476,1,0.5692379058782723,1
4220,1741.9870248703533,44.496368107881,1,0.544467867820338,0
4221,1744.665658798147,45.02559978755017,1,0.5327493744319729,0
4222,1742.1864516989756,44.98845436574655,1,0.5303155422458089,0
4223,1740.601998706666,43.806770487711226,1,0.6161252986963276,1
4224,1743.5788750432594,44.62335856204111,1,0.5428916275795287,0
4225,1742.211813768407,45.38196997580943,1,0.532947643098937,0
4226,1742.1407617571033,44.329845699637424,1,0.5626673900463981,1
4227,1742.356735171788,45.095655746402386,1,0.5268281507273157,0
4228,1743.6001373300824,44.91752941726874,1,0.5307567239645968,0
4229,1742.245227197587,45.33697932783493,1,0.5293257285047817,0
4230,1741.03083361553,45.62969016632904,1,0.5570343992770124,1
4231,1742.9598481199787,45.59323654857064,1,0.5614385115804199,1
4232,1743.8494998871975,44.964083443189445,1,0.5326620262104558,0
4233,1737.9066235134521,45.414060764531186,1,0.522888475499511,0
4234,1742.9324337576602,43.3636596261508,1,0.6447057075875893,1
4235,1741.4970204109381,44.83977749340015,1,0.5252006228527598,0
4236,1742.110059570274,44.01552792747223,1,0.6026161843291012,1
4237,1744.6487324534733,44.40061777567407,1,0.5645332641060833,1
4238,1744.1380419807313,45.40140674018395,1,0.5417889540065258,0
4239,1745.2766995901784,44.78484560457371,1,0.5425307761697422,0
4240,1744.4291378814755,44.576769115528386,1,0.545855284645381,0
4241,1740.1063622154866,44.555383368532475,1,0.5295635412418773,0
4242,1740.8830098930823,44.65779592674453,1,0.5270148307556869,0
4243,1742.7982417654578,44.56898363065327,1,0.5436457921757948,0
4244,1743.452609069248,45.462153789944246,1,0.5414756321602571,0
4245,1742.762735921309,45.40642041398376,1,0.5394806241576101,0
4246,1743.4277693049255,45.365505608986396,1,0.5346862242172868,0
4247,1745.8249022140733,44.67794597549098,1,0.5461655182479275,0
4248,1743.761481493755,44.69250530923342,1,0.5420045639705288,0
4249,1743.2489067751483,44.30023438818877,1,0.5721383351266176,1
4250,1741.1452093959979,44.91407642048968,1,0.5181951638181352,0
4251,1744.5027703893445,45.2220353236155,1,0.5290877422027097,0
4252,1740.975872567794,45.551761356752195,1,0.548829229536536,0
4253,1744.0119607965248,45.40805009705863,1,0.5414225109937306,0
4254,1739.5445401286042,45.93874753737384,1,0.5803235963672921,1
4255,1740.0629000894646,45.05117029423952,1,0.5100847661164346,0
4256,1742.352729208225,45.67755493195413,1,0.5676746152183529,1
4257,1743.443818702104,44.76893489914787,1,0.5368294947414103,0
4258,1740.9071759746362,44.82667634151015,1,0.5194059006260753,0
4259,1741.145714943002,46.38736098121084,1,0.6157430626196883,1
4260,1742.4869831917047,44.162624631989026,1,0.5862993182401698,1
4261,1740.719978886069,44.91209762442719,1,0.5146288190679675,0
4262,1741.8846696991845,45.274144063407434,1,0.5218501033526156,0
4263,1740.0886800541286,45.05819727033855,1,0.5112622512757707,0
4264,1743.397460208654,45.64428011289115,1,0.5668829803153916,1
4265,1741.616695091425,45.3657570603674,1,0.5288411193722936,0
4266,1743.4970242682564,45.2411520307984,1,0.5253641674001397,0
4267,1741.2700532263727,44.78199248410499,1,0.5253502497156807,0
4268,1742.3091827092685,44.587696781756165,1,0.5402056568115298,0
4269,1742.3992744379807,44.60635879957246,1,0.5371366894235093,0
4270,1742.5840328125837,44.76416599927441,1,0.5343295409414628,0
4271,1742.1199897976035,44.80132294901438,1,0.5305534898674367,0
4272,1742.1413402259457,44.74574141285981,1,0.5327423523356327,0
4273,1742.4293957103046,45.170188721910314,1,0.5242673921849389,0
4274,1740.1446641726166,44.892407745207656,1,0.5100340109680861,0
4275,1742.4683430626578,44.90259424285574,1,0.5280778234984531,0
4276,1741.4371600012366,45.74234769189026,1,0.5708752703486938,1
4277,1742.5321275406359,45.347179479600435,1,0.5345345368239345,0
4278,1741.1403925632794,44.6766694518612,1,0.5272108218672233,0
4279,1739.2053462938827,44.58647413582482,1,0.520138991958418,0
4280,1742.7504202904024,45.23149467539784,1,0.5257635273342353,0
4281,1742.5438411480948,45.517844929896306,1,0.5527473727619763,1
4282,1742.6379446620017,44.304102011085924,1,0.5680306918321877,1
4283,1740.3930677230503,45.17448590785719,1,0.5076834150039294,0
4284,1742.2531337260375,44.829702207293586,1,0.5312199217029023,0
4285,1742.4377943941813,44.83527057683954,1,0.531238639545929,0
4286,1742.2194479040743,44.851165501610396,1,0.5266548100931867,0
4287,1741.0266001311838,45.96276382263075,1,0.5865543631212902,1
4288,1743.4240508927105,44.000467789622974,1,0.6101406747899185,1
4289,1743.0897231393196,45.03457662444101,1,0.5313872531087535,0
4290,1740.7713675252382,45.15127444758655,1,0.5134273423971827,0
4291,1742.4789088561936,45.241167607406176,1,0.5225541782456802,0
4292,1743.901365743212,45.00483738813038,1,0.5309713651133304,0
4293,1740.7239933673104,44.93292640566277,1,0.5137942456014792,0
4294,1739.707654250155,45.398255538942834,1,0.5214486940007727,0
4295,1742.2279051251548,44.8787535878975,1,0.5262993910131496,0
4296,1741.7679886738279,45.362006293394536,1,0.5292422177368229,0
4297,1740.819924950355,44.88646005680717,1,0.5157468162629152,0
4298,1742.3934397816045,45.116591086144055,1,0.5267022266446485,0
4299,1741.8511573447167,45.316777952697024,1,0.5227536796289332,0
4300,1742.3139129992053,45.326053123033255,1,0.5267645186393163,0
4301,1742.9449482147,44.93081405661925,1,0.5289606910542054,0
4302,1740.3810065426935,44.43244793504017,1,0.5471876649958465,0
4303,1740.1403843129985,45.26170495105564,1,0.5078038312963394,0
4304,1742.7882831485256,44.654774403734166,1,0.5388582589450515,0
4305,1742.649523485071,45.50403982468699,1,0.5502418509762147,0
4306,1741.6074044705167,44.63752691646216,1,0.5335440844738216,0
4307,1741.6808964745364,45.46655029149958,1,0.5356843475044453,0
4308,1744.060964285141,44.52075937521001,1,0.5475011745523181,0
4309,1743.8479484503064,44.35012327019017,1,0.5707645290676897,1
4310,1742.7783894526915,45.04815645045107,1,0.529150052655164,0
4311,1741.597570881569,46.142886172352966,1,0.6041605401638339,1
4312,1744.1369776918466,45.86162223157811,1,0.5891277171199062,1
4313,1740.941035417932,44.55364255138558,1,0.5354429534119444,0
4314,1741.8268344838139,44.75222680006735,1,0.5295992969384368,0
4315,1740.794308965899,45.02270258419895,1,0.5158246466427152,0
4316,1743.0598603755107,45.39355715509021,1,0.5404204204996299,0
4317,1742.5425277223105,45.5302022068014,1,0.5534086701172459,1
4318,1743.7639393305785,44.45174213672957,1,0.5564732991922661,1
4319,1741.5126227655926,45.019653020485485,1,0.5228585830540826,0
4320,1742.3889439718778,44.86111315381923,1,0.5278513618899878,0
4321,1740.9374249515301,44.83109890724977,1,0.5194059006260753,0
4322,1739.7484707240767,44.963314159934846,1,0.5089699758769102,0
4323,1740.6130555711645,44.50075519751745,1,0.5370180704522729,0
4324,1743.1538949308742,45.46998231907077,1,0.5422853020261557,0
4325,1740.6479903156219,44.16875992860047,1,0.5776189726368687,1
4326,1740.203152728192,45.1020483521131,1,0.5110551302560162,0
4327,1742.2926708151813,44.33145150264887,1,0.5643979929599612,1
4328,1742.4846617093126,44.92725925164549,1,0.528054608493194,0
4329,1742.1540399545127,45.069264185290365,1,0.5279504210090652,0
4330,1743.7069138176194,45.0059153321447,1,0.5300208830554294,0
4331,1741.1640419041296,45.33344191050818,1,0.5198024366932835,0
4332,1742.2184693470022,44.852032684257374,1,0.5266548100931867,0
4333,1743.024894014497,45.0898746771743,1,0.5286871837427254,0
4334,1741.194383437567,44.83268152420183,1,0.5207508235888135,0
4335,1741.88716761057,45.31290191233414,1,0.5227903570081619,0
4336,1740.1951850540972,44.09141621895897,1,0.5856192646057901,1
4337,1740.8425094292334,45.18315461024253,1,0.5135291726241472,0
4338,1741.7039807992617,45.17534628030474,1,0.5209197704244984,0
4339,1739.8952098051711,45.41048886393672,1,0.5234566300814363,0
4340,1740.5433474145373,45.2575394212397,1,0.5109507022900893,0
4341,1740.0717468643122,45.154826714185326,1,0.5088433961275926,0
4342,1740.0557907769619,45.316536805292344,1,0.5105158469609442,0
4343,1742.1009506740988,45.59921046339344,1,0.5595791638111425,1
4344,1741.5984328458164,44.44239095206064,1,0.5516017353398641,1
4345,1739.3215445455703,45.08739912781105,1,0.5047941112720137,0
4346,1740.2520168781534,45.50504720660808,1,0.5374468632043169,0
4347,1742.4957676247745,44.367909809137004,1,0.5635195458360868,1
4348,1743.3876736081756,44.04979166206126,1,0.6050218391652333,1
4349,1739.8105296930123,45.10570594547105,1,0.5093973187733261,0
4350,1741.6254475535368,44.422356828555785,1,0.5542555764906372,1
4351,1741.4456943476669,44.587850703801784,1,0.5349370290518995,0
4352,1740.6144689774553,45.34102755796153,1,0.5184155977874456,0
4353,1741.435888525217,45.25180962211334,1,0.5168487326096928,0
4354,1740.3351216426997,44.76645987600757,1,0.5154462408421983,0
4355,1742.2913742160304,44.29059457703767,1,0.5691906545155009,1
4356,1739.6979041694315,45.027172456800216,1,0.5075796331441037,0
4357,1741.3046690872818,45.70263439427282,1,0.5665427165947707,1
4358,1742.123314820678,46.007675346833594,1,0.5938769952809948,1
4359,1742.741632133552,44.595934075271266,1,0.5396122000345606,0
4360,1740.7325416787537,44.50995408715682,1,0.5356596530590804,0
4361,1742.0319025523104,44.587117653401485,1,0.5387312478534018,0
4362,1740.3529749252814,45.284726604816136,1,0.5100584524740646,0
4363,1740.972302591535,46.156468666882304,1,0.6018268055023289,1
4364,1741.6008957237814,44.21519602259168,1,0.5765572007756091,1
4365,1742.1242103591055,44.784613726247116,1,0.5328511244618946,0
4366,1742.3966040157964,44.95434174581311,1,0.5275624169099308,0
4367,1741.0080416458984,44.82953119338703,1,0.520285201380831,0
4368,1743.9241449223694,45.693439064252786,1,0.5715626848608258,1
4369,1741.200711393674,44.43067177173092,1,0.5520916646471646,1
4370,1742.1709673130733,44.99232189637849,1,0.5303155422458089,0
4371,1742.5990194535862,44.320102619226724,1,0.5666871569660911,1
4372,1742.932199663021,44.837941355995035,1,0.5330595958749139,0
4373,1742.2017997519229,45.061654897986706,1,0.5280329791444525,0
4374,1742.4083484154457,45.20645471900894,1,0.5243331109534715,0
4375,1741.5846630485983,44.53376977306125,1,0.5386993354207606,0
4376,1741.493816272421,44.99029340221688,1,0.5248388689965919,0
4377,1742.3920702149112,45.179664915631434,1,0.5224154266230036,0
4378,1742.2940814885424,45.22499815513186,1,0.5231587962388846,0
4379,1742.6485137441489,44.498348370194094,1,0.5471698111072795,0
4380,1739.9772228882562,44.90401251737855,1,0.5088438284744896,0
4381,1743.7039969970688,44.513237872695555,1,0.5484377771577521,0
4382,1742.9329778360122,45.5927143726672,1,0.5610587784423384,1
4383,1742.5974493864385,44.345005966205086,1,0.5661758764579093,1
4384,1743.0057821699702,44.89956839556802,1,0.5314770487928488,0
4385,1741.6046709278728,44.59628577293924,1,0.534433936320077,0
4386,1743.3220796258374,44.81766218189295,1,0.5348943185668367,0
4387,1742.9284707695315,45.75447381943994,1,0.5771402093912122,1
4388,1743.3036917798067,43.797830010851555,1,0.6282725240187064,1
4389,1741.531886867208,45.766490613513334,1,0.5717342705113848,1
4390,1740.7819481926094,44.87607691728242,1,0.5156254786000775,0
4391,1739.8983845609798,44.64661099154524,1,0.5197616611200164,0
4392,1742.801897047385,44.3832051435263,1,0.5631490977195006,1
4393,1740.4913145536475,44.98688720098329,1,0.5159250665982203,0
4394,1740.5950721131644,46.165950087298526,1,0.600657505958971,1
4395,1742.7824015586607,44.839060862472245,1,0.5330595958749139,0
4396,1741.7725667762606,45.80108743225885,1,0.5788160416093107,1
4397,1741.489872445735,44.62085494038441,1,0.5332456089678775,0
4398,1740.4851154477474,44.913222683431556,1,0.5131811630751204,0
4399,1741.8914404618938,44.85800048078715,1,0.525558202499061,0
4400,1739.320626775568,46.02115577210531,1,0.5848011931934182,1
4401,1740.6028293306638,44.87363449415723,1,0.5146971095508289,0
4402,1742.4207318395922,44.2297168199171,1,0.5759910261052711,1
4403,1742.9537257107422,44.005813138321656,1,0.6080191593239556,1
4404,1740.8677946551184,45.11846630136731,1,0.5175966684567377,0
4405,1741.4605268895905,45.32849665638617,1,0.5216536592058325,0
4406,1741.4655145023307,45.63536804421384,1,0.5593874034617169,1
4407,1739.8251335223706,45.55229411330424,1,0.5418657429586945,0
4408,1742.5866086954277,44.84314806200915,1,0.5325498668890732,0
4409,1742.047754625059,46.30723006813852,1,0.6130634820681125,1
4410,1742.3687253462679,44.77625377599042,1,0.5334607887651305,0
4411,1742.1516659840183,44.99118522409844,1,0.5303155422458089,0
4412,1740.6977206929212,44.31673571687977,1,0.5582211239645741,1
4413,1741.936648219558,45.27957720752636,1,0.5220892628566575,0
4414,1743.6646278960607,44.93733912862446,1,0.5295270190177228,0
4415,1741.4709967900794,45.48280378716722,1,0.536233535046854,0
4416,1740.624935531094,44.385067838400516,1,0.5542630231634021,1
4417,1739.7005512346545,45.36878366963211,1,0.5148288402300487,0
4418,1743.5666796677474,44.85715072446329,1,0.5308242987855956,0
4419,1738.5985876799186,44.5052438858688,1,0.5259102516782987,0
4420,1741.0385912908098,44.32732555833072,1,0.5591622363980767,1
4421,1742.130271994676,45.26035379222214,1,0.5223438618036657,0
4422,1740.0670686529827,45.75167893064611,1,0.5647640475753916,1
4423,1743.4077997707043,45.17811204096683,1,0.5267488616549965,0
4424,1742.3984498657082,44.538964302063356,1,0.5415316634825894,0
4425,1743.1803997493732,44.772353123826456,1,0.5375716555020114,0
4426,1741.8719558197881,45.36678236263434,1,0.5301009629460253,0
4427,1740.2028876838958,44.63899227235835,1,0.5211969889217237,0
4428,1743.4148695400772,44.56381300038763,1,0.5466594854911115,0
4429,1741.4369532362457,44.66817673744407,1,0.5321637605093424,0
4430,1740.5803590834935,45.10488608705746,1,0.5148926120467844,0
4431,1741.080071211845,45.963005183889486,1,0.5867528240159456,1
4432,1740.680261313241,45.30109155053141,1,0.5139023024828046,0
4433,1741.4878652560208,44.79777372648402,1,0.5259265265194571,0
4434,1739.53726004559,45.10842281358541,1,0.5075413342109443,0
4435,1741.6887382331734,45.883890044387314,1,0.585066048877316,1
4436,1740.7434952399583,45.78042045841887,1,0.5691690274010983,1
4437,1741.3563449478547,46.25209319831923,1,0.6072512085312646,1
4438,1741.0218663774695,44.797614967264195,1,0.5224451862247201,0
4439,1742.0029309092529,44.618583928152916,1,0.5365976960898461,0
4440,1740.491156255272,44.97352167915801,1,0.5155018810123297,0
4441,1743.2784907731645,43.82780513031689,1,0.6244849972275781,1
4442,1742.9718106209382,44.531144769617285,1,0.5461298170385486,0
4443,1741.2974262623911,45.5521575788533,1,0.5494500533016436,0
4444,1740.6801604662824,44.28790491977934,1,0.5618219294870254,1
4445,1739.8625965770957,44.337497548644556,1,0.553848672844511,1
4446,1740.9718719528476,45.09551941534795,1,0.5189016181905669,0
4447,1742.9394861348437,44.53458332174631,1,0.5449798294042437,0
4448,1739.9487230350755,44.158182905780826,1,0.576167756865846,1
4449,1742.4568115841994,44.58679268408761,1,0.5382977162621799,0
4450,1741.3179616926611,45.21994312739598,1,0.5158180488932393,0
4451,1741.6770998182315,45.055549123896775,1,0.524341107127256,0
4452,1741.293626280655,43.45401950987416,1,0.6360659538906415,1
4453,1740.637474062312,44.99297831444256,1,0.5169727514754303,0
4454,1740.992469200608,45.37548326160946,1,0.526483893130225,0
4455,1741.5688129344917,44.82191428893851,1,0.5251964183462321,0
4456,1741.8557946741626,44.720868402619686,1,0.5316499209320471,0
4457,1742.412473139761,45.18143586484161,1,0.5238794730825442,0
4458,1742.7525715923928,45.111559863879,1,0.5295036971437477,0
4459,1740.7608413857422,45.650874391673575,1,0.5567359740717303,1
4460,1741.9330890988929,45.09926374550048,1,0.5254607359275288,0
4461,1741.1126954524916,44.92416856575991,1,0.51784793885932,0
4462,1739.9052130207374,44.15467054602265,1,0.576619553433885,1
4463,1741.5680643700289,44.867293680816125,1,0.5231996169766594,0
4464,1741.541367183902,44.80702932319183,1,0.5252351706464295,0
4465,1739.8440532517018,45.2595570092044,1,0.5064209691727625,0
4466,1742.5094236952034,44.80064660356491,1,0.5336291251244654,0
4467,1742.5463977190586,45.1687065259083,1,0.5256441978988287,0
4468,1741.19282909405,45.0705604793585,1,0.5196491315797255,0
4469,1740.7316761834843,46.18219140733843,1,0.600657505958971,1
4470,1741.8434071638853,45.57108239997176,1,0.5532154413173572,1
4471,1740.5523479665483,44.636106469867606,1,0.5250526807573647,0
4472,1738.2524898056934,45.123899486958095,1,0.5031076532580185,0
4473,1741.1617179137631,45.44624927263768,1,0.5319101376520038,0
4474,1740.903209222955,45.3358265569121,1,0.5189419942051978,0
4475,1740.1741708815184,45.08446324945882,1,0.5096793692671011,0
4476,1740.9735433833728,44.50967344020734,1,0.5378763284988416,0
4477,1740.389561442433,45.24458553262247,1,0.5059806157646123,0
4478,1740.9011434180632,44.13406648618998,1,0.5804369273065935,1
4479,1742.3790525230895,45.303457164831634,1,0.5249494886828373,0
4480,1741.8382829165043,45.417097537028,1,0.53498141028718,0
4481,1740.2642619106543,44.18878760537656,1,0.5728398219808648,1
4482,1740.3346294464197,46.04554501004419,1,0.5908553618897354,1
4483,1743.0358998129716,45.641094706328246,1,0.5661970287373143,1
4484,1740.8010720792863,44.04691487139641,1,0.5932236489952527,1
4485,1741.041130066395,45.24679226011748,1,0.5124676422106865,0
4486,1741.293286200551,44.705066508986015,1,0.5284475595685484,0
4487,1740.886631094323,44.8190461937958,1,0.5199333025920188,0
4488,1743.238868790849,45.05308811600816,1,0.5302722939376842,0
4489,1743.8491348120142,45.57366598832102,1,0.558945822477703,1
4490,1740.6501386690281,45.24895337508139,1,0.5092780809713449,0
4491,1742.8249169716437,45.50752255304353,1,0.5502418509762147,0
4492,1742.6251262729013,45.234320467432774,1,0.5239644262689278,0
4493,1739.5393615524536,45.08186997473797,1,0.5061632144934385,0
4494,1740.312307202299,44.40284722075983,1,0.5498410101275176,0
4495,1744.0197904961783,44.8859354295207,1,0.5310814723028779,0
4496,1742.148709504423,45.329013971373556,1,0.5274205828208011,0
4497,1740.6304365649376,44.74051397303709,1,0.5215883068296733,0
4498,1740.097282427046,45.940415402183504,1,0.5813675835029734,1
4499,1740.4761945305597,44.908131681336236,1,0.5135944450152214,0
4500,1740.80261552924,44.32887766614359,1,0.5570462513494044,1
4501,1742.4260597920907,45.03331178266847,1,0.5280512825511897,0
4502,1742.3149253872218,44.57683159463932,1,0.5417687006252794,0
4503,1741.814814917535,45.587915804545716,1,0.5558821403685876,1
4504,1741.4137074702674,46.08315453502753,1,0.6002255115414987,1
4505,1739.6990604873922,45.19410061287376,1,0.5052158316966281,0
4506,1739.6937479538094,45.88733407897465,1,0.5768840963792544,1
4507,1742.8660122152758,45.11835740899566,1,0.5295036971437477,0
4508,1739.9838263582276,45.01637687923135,1,0.5096819516065582,0
4509,1739.5040089256597,44.71996324006957,1,0.5135423409595848,0
4510,1741.5764264683917,44.88808074646158,1,0.5227997947645048,0
4511,1741.2916345063315,44.9089493141561,1,0.5204876520779653,0
4512,1740.4058191339075,45.523877355196504,1,0.5396803122223627,0
4513,1742.1614492185195,44.90197101370865,1,0.5287544794338369,0
4514,1742.9333342028644,45.80221352738337,1,0.5826549746753491,1
4515,1741.3214219556107,44.911485017067946,1,0.5203364911092409,0
4516,1738.7136385086503,44.335700004843495,1,0.5548518931952084,1
4517,1740.1169510234852,45.47895507142982,1,0.5285876984199277,0
4518,1739.8384835843126,45.072289191286345,1,0.5090603854984069,0
4519,1741.721851268631,44.63204960931136,1,0.5339051952473925,0
4520,1739.3416233536273,44.97815222434656,1,0.5090731205635753,0
4521,1742.778340091662,45.1077560716917,1,0.5298354835008958,0
4522,1740.7023315046156,44.232819880638054,1,0.5698100819864765,1
4523,1739.1242189397287,44.43939801818612,1,0.5428683877350011,0
4524,1740.844071307929,44.06669190344145,1,0.5895438547918289,1
4525,1742.239521055318,45.54358745744528,1,0.5532545577562831,1
4526,1740.8842423255132,46.26114589207797,1,0.6040618785668053,1
4527,1740.952529128304,46.056673630603726,1,0.5945001536650708,1
4528,1739.9151934550262,45.224383128990105,1,0.5060172486568663,0
4529,1742.1802600210524,44.63726766240582,1,0.5371310306456865,0
4530,1739.7380748086402,45.20328471637454,1,0.505543464178238,0
4531,1741.8820072617243,44.67678688442883,1,0.5338854134637188,0
4532,1740.285417446849,45.46334865145276,1,0.5273472150694962,0
4533,1741.6005115854734,44.676538115819596,1,0.5331735916375665,0
4534,1741.7831161592305,44.72165773045877,1,0.5306086009677746,0
4535,1741.4932123111612,44.8794368505507,1,0.5219029755059595,0
4536,1739.11273942478,44.245645136574815,1,0.565694844199629,1
4537,1738.707041053009,45.261589377978275,1,0.5036756588439807,0
4538,1739.9584355074999,44.712558319260076,1,0.5163248593792832,0
4539,1739.886118391281,43.84612835343256,1,0.6089878895008431,1
4540,1741.6145593422136,44.9584916464597,1,0.5260520250670822,0
4541,1740.8311517696302,45.97794887371092,1,0.5860004951161646,1
4542,1741.3704103233913,45.243463013678635,1,0.5156698680938432,0
4543,1740.1181263693802,45.171455000973964,1,0.5083682657436034,0
4544,1739.6564459471417,43.80454038292807,1,0.6142301420286238,1
4545,1740.983757651046,45.32263901430531,1,0.5176912013285334,0
4546,1741.8922656674283,44.67616008850886,1,0.5338854134637188,0
4547,1740.789204975191,45.2608455150026,1,0.5116425748016815,0
4548,1739.4628576671357,44.49914750338621,1,0.5296041390933806,0
4549,1741.6277912108849,45.01831779253702,1,0.5253828042493125,0
4550,1740.5093582947202,44.93730850222139,1,0.5122013460068702,0
4551,1739.511548282803,44.69458074154489,1,0.5165621017534653,0
4552,1741.0654411443409,44.44655745526928,1,0.5493351936353427,0
4553,1740.5228959749054,45.49901836179651,1,0.5369858517701577,0
4554,1741.0297006360772,45.481168689139864,1,0.5337973146435365,0
4555,1743.3265130803304,44.690811797758194,1,0.5417353756349825,0
4556,1743.3630220065158,44.114063290246605,1,0.5942410664649749,1
4557,1740.7134361231115,44.49141097920835,1,0.5377257973733414,0
4558,1741.8485930322167,45.473230746596265,1,0.5372549162461702,0
4559,1739.6442121849386,44.40054627647338,1,0.549386667452238,0
4560,1738.1573910801874,44.88380943013644,1,0.5046192754225484,0
4561,1740.8984486355173,44.842020337508885,1,0.5191823406161634,0
4562,1741.5809764534656,44.70393499415851,1,0.5317311505366442,0
4563,1739.4051288059777,45.04630882288099,1,0.5073896213762953,0
4564,1741.195218297503,44.84251624137207,1,0.5212837643323409,0
4565,1740.5400692340856,44.755950938490365,1,0.5191132203908932,0
4566,1738.96947854677,45.82010726449438,1,0.5718905334044131,1
4567,1740.0185774203949,44.25894328033188,1,0.5619659521674543,1
4568,1740.0540051452717,45.81064603603331,1,0.5711658489652783,1
4569,1739.9073857769326,44.70033038791947,1,0.5177622407242322,0
4570,1741.8495425332183,45.81736028375566,1,0.5813478410403979,1
4571,1741.2765717412403,45.28927143850892,1,0.5174143503239051,0
4572,1741.3303749898887,45.132041773983495,1,0.5206795485021889,0
4573,1739.9003053771135,44.73053947456569,1,0.5144722148683276,0
4574,1737.3104245122865,44.53926653130606,1,0.5228327233065033,0
4575,1739.0662684575314,45.11723980567289,1,0.506018514911982,0
4576,1742.0550602863868,44.84966924593399,1,0.5271115384228835,0
4577,1741.7245848707266,46.58048417476501,1,0.6277452159615332,1
4578,1740.4097620163113,44.36728922127726,1,0.5528337380661716,1
4579,1738.2339036631995,45.20895945741848,1,0.5020653104200548,0
4580,1740.474324121053,44.56562988044703,1,0.5311978375050742,0
4581,1740.3932715966287,45.2592002758301,1,0.5081833665288779,0
4582,1739.1742862298097,44.45035732941701,1,0.5404703650928447,0
4583,1740.0108046846121,44.62617009111653,1,0.5202794658479504,0
4584,1741.6667243258842,45.58060386112243,1,0.5536117567773577,1
4585,1740.6081551782395,45.16694652034031,1,0.5118337048424947,0
4586,1740.2369769270938,45.168367782235634,1,0.5082761738311035,0
4587,1740.342815442687,44.74111688328419,1,0.5180270806726548,0
4588,1741.6716841635612,44.67622291089411,1,0.5331735916375665,0
4589,1738.543613174682,45.17805819748117,1,0.5006311806217857,0
4590,1739.7114087042467,44.59332851263271,1,0.519423087831724,0
4591,1739.408829150942,44.825947498623805,1,0.509980326955235,0
4592,1738.615810684482,45.287713355567206,1,0.5032889338134415,0
4593,1741.7762569170802,45.05926525526724,1,0.525071098381381,0
4594,1743.3558937810622,45.38208088851374,1,0.5361471683113076,0
4595,1740.4464292662335,47.00683776901285,1,0.6286686078766429,1
4596,1740.5473878796772,45.54922453213473,1,0.5445500268692003,0
4597,1742.1687630344638,44.798088356202015,1,0.5315104593740143,0
4598,1739.8114675568402,44.76372816653784,1,0.512000687717,0
4599,1740.3248090891004,45.2252185513846,1,0.5079690560441472,0
4600,1739.359422994776,44.252166652402934,1,0.5628982925525284,1
4601,1740.4677369376384,44.83414861998683,1,0.5161490700004964,0
4602,1744.0039886394914,44.50991823101692,1,0.5492078900266614,0
4603,1741.03821509227,45.12113399109944,1,0.5181832354862472,0
4604,1740.6306012020768,45.09829597035157,1,0.5141050928084393,0
4605,1740.489195468279,44.85979027732404,1,0.514863996626997,0
4606,1740.0482668873387,45.35491905767394,1,0.5165995960044408,0
4607,1742.296990616145,45.55424047047787,1,0.5537678377672199,1
4608,1740.720165956066,45.2095027546668,1,0.5124766714733731,0
4609,1741.0067943372387,45.72680194037077,1,0.5678445858763698,1
4610,1740.7895372290043,45.23811944913408,1,0.5105652147985221,0
4611,1741.2492144804676,44.64322297806441,1,0.5289075255802563,0
4612,1740.7921661228868,44.66386628740166,1,0.5259060727871008,0
4613,1738.6914354104754,46.15090938186646,1,0.5976040270843688,1
4614,1741.0635915838188,45.33892830175106,1,0.5213612943039416,0
4615,1740.230219573963,45.400417963311845,1,0.5249173468212536,0
4616,1741.1183268952745,45.269260356827154,1,0.5147046235272454,0
4617,1739.9003385021645,44.92098085631364,1,0.5077340190592782,0
4618,1739.0338157455387,44.741348027069975,1,0.5127119195341361,0
4619,1740.571045185094,44.765038660244024,1,0.5191653251449763,0
4620,1739.8980116740574,44.41438462010333,1,0.5480284530708766,0
4621,1739.7854080550549,44.76926933887067,1,0.5108871993985546,0
4622,1741.6783526553106,44.4529435185846,1,0.5491568042833137,0
4623,1740.9125999588027,45.035381869555586,1,0.5188926904756533,0
4624,1739.038158964568,45.38743081673106,1,0.518687788976613,0
4625,1741.2593162643063,45.28966104038698,1,0.5165718354636032,0
4626,1740.1453531869809,44.527710494005994,1,0.5299190981201564,0
4627,1741.5076708747429,45.01750362634368,1,0.5230354924570219,0
4628,1741.232242657549,45.49662407268792,1,0.539796511940055,0
4629,1741.6346811533074,44.51011841572815,1,0.5414171649331351,0
4630,1739.7771549986878,44.26351256622907,1,0.5615472009234911,1
4631,1740.1681897146768,46.15598850031962,1,0.5986567904519136,1
4632,1740.4026852659676,45.259454836900645,1,0.5083553105666541,0
4633,1737.7323660852392,45.22953810735456,1,0.5022283217068128,0
4634,1739.1209705370222,45.38110735963034,1,0.516382892231591,0
4635,1736.7937661509238,44.38855999750909,1,0.5477723024966538,0
4636,1740.6584010916793,45.50330048806713,1,0.538818681546853,0
4637,1739.8098211106146,44.6732505220605,1,0.5187357231613021,0
4638,1740.9813109100119,44.794424901895034,1,0.5229480536470403,0
4639,1739.78906794362,44.934279148907045,1,0.5062656887831996,0
4640,1738.3323663578014,44.10197150928649,1,0.5819962187121297,1
4641,1741.6280748231268,44.78065576981731,1,0.5295304237877002,0
4642,1738.6855821892334,44.33532530463086,1,0.5548518931952084,1
4643,1741.6525734165318,45.841627673008624,1,0.5832715959249318,1
4644,1738.7755755779604,45.43292281248892,1,0.5220236756375054,0
4645,1740.251438196356,45.171248824338576,1,0.5086509272994499,0
4646,1741.4972297692,45.17720295609056,1,0.5175946229407666,0
4647,1741.0246489101723,45.53035653835103,1,0.5449405600798629,0
4648,1739.7912957506578,44.44413358743248,1,0.5413167516568623,0
4649,1741.0640717614535,45.818836412683865,1,0.5765067982808828,1
4650,1739.932398515518,45.006469408573416,1,0.5083254131898154,0
4651,1739.1185076691097,44.74150445818365,1,0.5127119195341361,0
4652,1740.5213992403478,44.563782518074284,1,0.532483046674854,0
4653,1739.8594067688648,45.94986975607439,1,0.5818695198330431,1
4654,1737.4685357570843,45.361440170085956,1,0.5132686472099158,0
4655,1740.893945414107,45.86358456353714,1,0.5802142162485048,1
4656,1740.6105676505279,44.26409163038467,1,0.5652051915835844,1
4657,1739.3708330500913,44.431400463324564,1,0.5447139296901775,0
4658,1740.901319432863,44.50926158945026,1,0.5371489811969312,0
4659,1740.6316429696035,45.18912131247603,1,0.512190975275776,0
4660,1741.9316003889248,45.35176851430545,1,0.5288043441334765,0
4661,1738.9292603779422,44.98206101480906,1,0.5088117415659095,0
4662,1739.2047637943374,44.728869989222375,1,0.5132885638816296,0
4663,1740.6186050696326,44.54086442764956,1,0.5338724952576114,0
4664,1741.3569568675014,45.02950959713757,1,0.5233756300612166,0
4665,1739.7196525136137,44.3355271538088,1,0.5533734789798946,1
4666,1740.8775172464111,45.17242558446601,1,0.5146019280493933,0
4667,1740.4044578011185,45.73605566080029,1,0.5652203187980774,1
4668,1740.4182057158882,46.13047656689021,1,0.5979654708476176,1
4669,1740.9447249843486,44.11289824323247,1,0.5840924572834559,1
4670,1738.1062362678351,44.885132447260474,1,0.5046192754225484,0
4671,1738.8773003188996,45.064543830878435,1,0.506314626091002,0
4672,1740.8689554488292,44.07821944732891,1,0.590911924701347,1
4673,1741.0186031874225,44.9084454938702,1,0.5184994644521779,0
4674,1743.200106824644,45.28907028462733,1,0.5283358553144221,0
4675,1740.2552195765159,45.503504387750255,1,0.5374468632043169,0
4676,1741.6006636387337,45.52962348630619,1,0.5466816841853069,0
4677,1740.5857792090271,44.62111753151063,1,0.5266107805681262,0
4678,1742.0083903694772,44.647589110613076,1,0.5353720692440959,0
4679,1740.6972527052485,45.042827535549634,1,0.5163766882100224,0
4680,1738.6351581365714,44.18655978594997,1,0.5725197082390172,1
4681,1739.6156855339134,45.74333370445651,1,0.564335945300497,1
4682,1740.2903775266502,44.78930199194284,1,0.5170459532367322,0
4683,1740.7716430565963,45.049609037715484,1,0.515247174647513,0
4684,1738.5186952864,44.76858730945905,1,0.5073771076684805,0
4685,1741.4897297350594,44.463195686397505,1,0.5459180252011439,0
4686,1740.7036216320516,44.77130271995895,1,0.5210104203435135,0
4687,1740.2532643847521,44.77705244815261,1,0.5164279112125896,0
4688,1737.9124144664725,44.77413099190167,1,0.5090291610757292,0
4689,1739.6902050861909,46.17934397769943,1,0.5994485196475767,1
4690,1738.6861225013304,44.884039903893154,1,0.5059264882960015,0
4691,1741.9973871781913,44.60596264350377,1,0.5364161994621739,0
4692,1740.1244242615403,45.193483450793245,1,0.5093009591771949,0
4693,1741.1282796880578,44.59699328380908,1,0.5286358750844627,0
4694,1741.5496265374484,45.4167022426079,1,0.532143094456568,0
4695,1738.8495073375736,45.84148718069695,1,0.5745599458386276,1
4696,1739.5145139205902,44.82888828768411,1,0.509980326955235,0
4697,1738.7982716951894,44.38989136240126,1,0.5512107807977082,0
4698,1742.2218418335772,45.0694372530225,1,0.5268996021745128,0
4699,1739.488208505026,45.03398907033052,1,0.5081622163841815,0
4700,1738.9322853409765,45.689868023192545,1,0.5598223932399873,1
4701,1740.5780478835525,45.454300243610014,1,0.5282685553198349,0
4702,1740.6446644230696,45.73967642312446,1,0.566239817528965,1
4703,1740.4807441255384,44.999220332766455,1,0.5147532936971513,0
4704,1740.0272163572643,44.7197245071502,1,0.5157525953592125,0
4705,1740.6934312173046,44.94484193277056,1,0.5140584272315117,0
4706,1740.9365616222105,45.39372597552253,1,0.5286332009105814,0
4707,1741.7292570234572,44.80286064492761,1,0.5273925599934006,0
4708,1737.611999602739,44.61405486801295,1,0.5149250617039479,0
4709,1738.5932357886884,45.242622324478745,1,0.4998775806334427,0
4710,1740.4347198855342,44.80060170506377,1,0.516401120910524,0
4711,1739.1230479798187,45.358291067809766,1,0.5124079660265223,0
4712,1740.22940444267,44.11373133422907,1,0.5806096399931513,1
4713,1738.4903188499798,44.05224665258355,1,0.5894370280503287,1
4714,1740.5709629164764,45.28026415904164,1,0.5125508169341636,0
4715,1740.913535676227,44.724464878003815,1,0.523319460347511,0
4716,1738.8543284738764,45.1600129297543,1,0.5037683882896873,0
4717,1740.8013012363888,44.82064864413275,1,0.519044228223049,0
4718,1741.3284245110995,45.46394869688128,1,0.533968164246171,0
4719,1741.149408181998,45.923928111697876,1,0.5863104516497536,1
4720,1740.3151238854662,45.56427952217861,1,0.5448372687833146,0
4721,1740.716590027128,45.15520908121503,1,0.5126848227068248,0
4722,1740.6657741892507,45.220130194159765,1,0.5105522770553725,0
4723,1739.5044468277415,44.916698364578146,1,0.5075823482652227,0
4724,1740.037710269895,44.98656815073924,1,0.5118187242202927,0
4725,1740.68571161658,45.299750020294724,1,0.5138765135638648,0
4726,1741.5008145346842,45.43363773278025,1,0.5322688775969568,0
4727,1738.8664756326928,44.775538966419894,1,0.5110137840658949,0
4728,1737.8106804604606,44.838554313490796,1,0.5069858142842053,0
4729,1740.6724488821717,44.112865564979366,1,0.58330261387455,1
4730,1741.5667406541857,45.020302892319926,1,0.5223402349843888,0
4731,1737.6582149938267,45.159331991267706,1,0.5025762740281411,0
4732,1739.4988709637835,44.359213354812354,1,0.5533747839092872,1
4733,1741.0410416615316,45.467796555052985,1,0.5322244468706179,0
4734,1741.952593905649,45.42214247259859,1,0.535571176111597,0
4735,1739.445055493877,45.76077007220802,1,0.5640918529046091,1
4736,1741.7803464502115,44.7287263762967,1,0.5302875203251205,0
4737,1740.8581301168397,45.89934598724025,1,0.5800470751771505,1
4738,1741.2735518196287,44.606855837712395,1,0.5307534308777808,0
4739,1738.326258153328,44.36209749586249,1,0.5531882750212781,1
4740,1736.5174791399397,45.159541482516225,1,0.5024670065101279,0
4741,1739.6259323511813,45.39068094088246,1,0.5203809572489465,0
4742,1738.6722664666358,44.92901768184841,1,0.5044837981971294,0
4743,1741.088273034399,45.00247006106679,1,0.5192141658709976,0
4744,1739.3292893558903,45.53191950503455,1,0.5372142639752251,0
4745,1740.5108874567175,45.224826872549805,1,0.5102427582806683,0
4746,1738.6876438226325,45.93428657301831,1,0.5799617629903758,1
4747,1741.2911983967238,45.30095718268197,1,0.5184641539950035,0
4748,1739.9455089542914,45.08635039712652,1,0.5078782874086608,0
4749,1738.6597351977584,44.47986968438711,1,0.5287032091661811,0
4750,1741.6575891966734,44.65520607282248,1,0.5334149375830002,0
4751,1741.1319178239519,46.13814421663708,1,0.6014197554394617,1
4752,1739.3045435433926,44.548227733803195,1,0.5261154331690397,0
4753,1739.54897723038,44.24114316721117,1,0.5654684733124796,1
4754,1740.7430527796635,44.600146378792516,1,0.5265206404193332,0
4755,1742.4529972187454,45.02602084876835,1,0.5275659526854313,0
4756,1739.9354758219984,45.152181653117,1,0.5079002569994325,0
4757,1740.1310527020446,44.97995229128475,1,0.5128692319987006,0
4758,1738.7761902112682,44.299828543973994,1,0.5577303676921092,1
4759,1739.4020329862667,44.34763314881693,1,0.5539049462340813,1
4760,1740.4527487939058,45.16701000195424,1,0.5111415738738704,0
4761,1739.2738623144576,45.34959056926664,1,0.5138688877876475,0
4762,1740.270540312817,43.40801950534909,1,0.6335886114192223,1
4763,1739.7235135317426,44.96290393384412,1,0.5083321625583472,0
4764,1739.9956726688129,44.77220333938481,1,0.5142083111519407,0
4765,1738.8665984105105,45.28340930485279,1,0.5046797414472928,0
4766,1738.8415837347725,43.67958890542584,1,0.6223760187650832,1
4767,1741.2512152879765,44.54349407216208,1,0.5373475287781742,0
4768,1739.9464819105658,44.15189827052332,1,0.5767574117618756,1
4769,1739.2592642954824,45.3426775942956,1,0.5123674492693534,0
4770,1740.9814578824698,45.67450650419659,1,0.563306853685113,1
4771,1740.719674935299,45.23696961041908,1,0.5105395933430932,0
4772,1739.5678749025512,45.12071230165918,1,0.506683774832579,0
4773,1740.4219444558942,43.92635013834498,1,0.6039930494324979,1
4774,1740.1834495316677,44.59747451383059,1,0.5217131447064125,0
4775,1738.6885275772338,45.12800340406346,1,0.5047710637371744,0
4776,1739.456330779677,44.868207781112815,1,0.5072671952807004,0
4777,1740.4541528376344,45.22754559312529,1,0.5102427582806683,0
4778,1738.6679254891353,45.50881567319312,1,0.5324112648245704,0
4779,1738.8745358783535,44.69405569879664,1,0.5154078851706667,0
4780,1739.2338434078597,45.19565575631892,1,0.5049245817013199,0
4781,1740.5535470195584,45.03384099937428,1,0.5158464804246236,0
4782,1739.0739812223426,45.074625394653786,1,0.5061731203628241,0
4783,1739.914587726045,45.27070349609887,1,0.5064268625846928,0
4784,1740.5955688919782,44.795521540653255,1,0.519881316161042,0
4785,1740.749327832276,44.26265250632271,1,0.5655877310773179,1
4786,1738.4641138395102,45.21239418262722,1,0.5018914759496651,0
4787,1739.8952686889113,45.22335696614786,1,0.5058460954356646,0
4788,1739.4803882363258,44.987260067143296,1,0.5092763983361045,0
4789,1739.8166256315717,44.997586764026636,1,0.5096309487237418,0
4790,1740.6428543404108,45.51335987807283,1,0.5396471342120871,0
4791,1741.3660262747546,45.888614292569564,1,0.5827152210726041,1
4792,1740.0784598862642,44.74045582944957,1,0.517295305880625,0
4793,1738.9984587258266,46.056386849973265,1,0.5904226593366635,1
4794,1737.6848174539925,44.68256002285534,1,0.5120402144155722,0
4795,1738.4847491355517,44.566580433826836,1,0.5222540522676256,0
4796,1740.223751066963,45.109727894340374,1,0.5122696142691374,0
4797,1739.7999109742977,44.58814415967385,1,0.5207149554554658,0
4798,1739.7188434480631,46.05391942129848,1,0.5917000472267653,1
4799,1737.4494525314838,45.56233678794736,1,0.5384727228585302,0
4800,1742.2306639164349,44.53133828783996,1,0.5426833793168686,0
4801,1738.7612627354956,44.74156119278882,1,0.5127119195341361,0
4802,1737.563402489218,45.01905900115608,1,0.5041561298311592,0
4803,1740.012210739804,45.87702829330126,1,0.5768733394635491,1
4804,1737.1142351438273,44.54211417683654,1,0.5241195249360742,0
4805,1740.6079008118168,44.74952560976991,1,0.5208099005634363,0
4806,1739.3461144495864,44.5388039990339,1,0.5257900246205808,0
4807,1737.8040526295933,45.198148761323765,1,0.5038797794449122,0
4808,1737.4688830060593,44.74786334510022,1,0.5083674491518457,0
4809,1739.3403966537217,44.30309795097715,1,0.5562827666076199,1
4810,1738.8932473477687,44.49153345495811,1,0.5292376527421581,0
4811,1738.9507853548594,45.104726944455315,1,0.5060125213111242,0
4812,1739.743333740097,45.879480702847935,1,0.5762989255409273,1
4813,1737.8888995885864,45.88895563293932,1,0.5744475803970764,1
4814,1739.4359320265348,45.44594995790837,1,0.522410464439721,0
4815,1740.3302034942901,44.54611174803911,1,0.5305862628618822,0
4816,1739.5592602854938,46.029093073825344,1,0.5872654660284007,1
4817,1739.5614034734972,45.6168186590823,1,0.5483632449242196,0
4818,1738.468743960229,44.906191498264704,1,0.5044219903681295,0
4819,1739.9113470782065,44.543840581848706,1,0.527596184331363,0
4820,1738.57255581256,44.72292706588993,1,0.5107640109351466,0
4821,1737.3691202467378,44.96314666838666,1,0.5059972839635628,0
4822,1741.6425408800717,44.81327322958338,1,0.5269969689332501,0
4823,1737.7765037593576,45.41289463186529,1,0.5220983183808081,0
4824,1738.9222654447715,44.84662173167941,1,0.5085869148888178,0
4825,1739.381439191342,45.41696611682284,1,0.521306215585958,0
4826,1737.8007201879439,45.442672392752506,1,0.5245374724766025,0
4827,1739.5626868947734,45.789377761891544,1,0.5694050427173017,1
4828,1739.4683933248598,45.384651754465324,1,0.517423191921204,0
4829,1739.825535792667,44.229693191836034,1,0.5671837613235106,1
4830,1741.169888823148,45.4681906450414,1,0.5324045252171864,0
4831,1737.2727045412246,45.43950838675639,1,0.523923308559694,0
4832,1740.3658452206475,44.26602060142325,1,0.562693198441297,1
4833,1740.2896361006772,44.54809002871508,1,0.5304067995169958,0
4834,1739.2026570609976,44.494633803251894,1,0.5300214171145644,0
4835,1739.2964442614493,44.2701867043092,1,0.5624811477831035,1
4836,1737.386424362604,45.02077548044554,1,0.5045749846155486,0
4837,1740.0562219055867,45.92451235790382,1,0.5818018793979671,1
4838,1738.9018155329736,45.49221872801588,1,0.5307425786570836,0
4839,1739.3821161679182,45.33810389191179,1,0.5104731965452824,0
4840,1739.15716094821,45.16064082366487,1,0.5032220764361959,0
4841,1739.3456807435139,44.962184200627526,1,0.508068327636727,0
4842,1738.5865468246488,45.69799648090682,1,0.557552036016306,1
4843,1740.3643135564853,45.05979795984533,1,0.5117557017379474,0
4844,1739.8487429714653,46.01118349560052,1,0.5841868006132263,1
4845,1739.1081883581387,44.88499134268575,1,0.5060976687181584,0
4846,1742.1548854277073,44.643084728970436,1,0.5373935890376922,0
4847,1741.420018482479,45.683129396520684,1,0.5649896035428964,1
4848,1739.8643428661926,44.77091192902087,1,0.5123139863924363,0
4849,1738.0185882857813,44.769171430733195,1,0.5080574875834987,0
4850,1739.059578988517,45.450143502126444,1,0.5225381824022264,0
4851,1738.9745789377591,45.194013092848685,1,0.5037058909647794,0
4852,1738.7752170123772,45.0248139205762,1,0.5066618493681591,0
4853,1740.140782024942,44.72856474836572,1,0.5170831143399653,0
4854,1739.7995280459875,44.25003803233866,1,0.5634375789025389,1
4855,1739.718363948984,44.973816933700896,1,0.5089507079639487,0
4856,1738.5709454620637,44.72383455845925,1,0.5100375412770392,0
4857,1742.0203742186338,44.612259539905835,1,0.5364161994621739,0
4858,1739.1934504374753,45.19208309506535,1,0.5049245817013199,0
4859,1740.588370476827,44.33957243156308,1,0.5569242292413595,1
4860,1740.7517985844681,45.000123516759196,1,0.5163541296169438,0
4861,1739.2750396023832,45.24785255107642,1,0.5030271975281704,0
4862,1738.949510886248,44.838389016857846,1,0.5089874397461109,0
4863,1739.355461613403,44.996925088916946,1,0.5079478615859317,0
4864,1735.0523508257143,44.58351056746976,1,0.5189311586385806,0
4865,1739.7301632582644,45.16011490563521,1,0.5050534446041584,0
4866,1742.1133671670184,45.225290084175434,1,0.5230441762637533,0
4867,1739.2998003459206,44.43905337659673,1,0.5429331108093004,0
4868,1739.2114034851058,44.74321656189339,1,0.5128236772499519,0
4869,1738.0791812144862,45.55951417399119,1,0.5395918398538664,0
4870,1739.2898239741623,45.209057366225174,1,0.5047190895036743,0
4871,1738.3292803934557,45.02601858994542,1,0.504956779323997,0
4872,1738.7603881856548,45.68806090892786,1,0.5593630536404021,1
4873,1739.4343854244132,44.486811206756705,1,0.5297055717666741,0
4874,1738.7142062591668,43.85671548893851,1,0.6089617430201113,1
4875,1740.065073886638,44.61804314119569,1,0.5219526747132354,0
4876,1739.4178023158695,45.19003991931402,1,0.5043498077845648,0
4877,1736.8424167524333,44.937591187259336,1,0.5043439612938881,0
4878,1739.1061336377618,45.01575375117798,1,0.5064140477045305,0
4879,1740.8283650960484,45.07848953659224,1,0.516556113695818,0
4880,1738.7437855158225,44.33437921729685,1,0.5548518931952084,1
4881,1740.234736536842,45.58653892792942,1,0.5477615965418922,0
4882,1741.746319496588,45.98482506403024,1,0.5918713444443112,1
4883,1738.4390754075475,44.924276789603496,1,0.5042708841459781,0
4884,1738.2966535244234,44.81188478903238,1,0.5074379837052946,0
4885,1740.3367132431888,45.16216818777073,1,0.5088178610773849,0
4886,1741.7856238090787,44.89113606543539,1,0.5244667392951069,0
4887,1737.3634575686003,44.83271670159224,1,0.5072707913573622,0
4888,1740.0563880703812,44.87686390235078,1,0.5102045702198796,0
4889,1738.6740744362369,44.73615875199921,1,0.5101651745927513,0
4890,1739.1423535164981,45.14603848617654,1,0.5043207502877601,0
4891,1737.6970344216224,45.7180623347871,1,0.5614927245327542,1
4892,1737.184756833616,45.733166310364815,1,0.5603847384664665,1
4893,1739.2857004203547,44.99293076836065,1,0.5092172887254852,0
4894,1740.4357306158288,44.39746690620906,1,0.5506407259533814,0
4895,1739.7733773687576,45.82043547024573,1,0.5720555723073318,1
4896,1739.5987275212046,44.99752423259594,1,0.5082916484454785,0
4897,1737.8224218179726,44.99076141809402,1,0.5068156294419512,0
4898,1736.7214361536735,45.63262342475157,1,0.5431488937523447,0
4899,1739.7932773307718,44.78701439967343,1,0.5127308183650905,0
4900,1738.0998706063783,44.646937409188176,1,0.5155148490634879,0
4901,1739.51084982408,44.86492364259708,1,0.5081128765988595,0
4902,1741.0237992454236,44.79256446072624,1,0.5231616967536835,0
4903,1739.5750417125457,44.527396895301756,1,0.5264692677756335,0
4904,1738.0941007562758,45.31093015298929,1,0.5046613154841242,0
4905,1738.4937194662696,44.66610623472591,1,0.5135212249995494,0
4906,1739.4747641089818,45.65848611003526,1,0.5547001211499889,1
4907,1739.6661166516856,45.104034656539,1,0.5071632351175096,0
4908,1737.4904983068377,43.773614702560295,1,0.6153272586572424,1
4909,1738.4625624118219,44.79720322914132,1,0.508327936686334,0
4910,1738.5589914856641,45.16569175766238,1,0.5014819129562748,0
4911,1739.3860662528127,45.1416753203429,1,0.5057996475321318,0
4912,1740.753912293277,44.92954525493002,1,0.5137942456014792,0
4913,1739.6532787113722,44.60950509838117,1,0.5192734587310314,0
4914,1740.4251565557242,45.48650284686066,1,0.5306278559125202,0
4915,1739.2262590893868,45.055219511596505,1,0.5065505500163229,0
4916,1739.0328834824788,44.475046843161174,1,0.5307662813834289,0
4917,1738.7411390570478,44.657994938665965,1,0.5168246282723042,0
4918,1738.3057980235167,44.973356553203,1,0.5061495134046211,0
4919,1740.470025711356,43.99908795251779,1,0.598504474269122,1
4920,1739.0726307527511,45.59617603569893,1,0.5458167126456311,0
4921,1740.0715785992847,44.69675283775869,1,0.5211627505296805,0
4922,1739.341350192902,45.765439034512525,1,0.5644736388737447,1
4923,1740.7745204412763,45.535660747530585,1,0.5427446105628494,0
4924,1738.373441303708,44.93081674562832,1,0.5042168054699533,0
4925,1740.9893009384602,44.69438383770909,1,0.5271463084715737,0
4926,1737.898862414175,44.94691720931928,1,0.504653037894281,0
4927,1738.4720541187453,44.556573716300974,1,0.5229349869974639,0
4928,1737.4211855080432,45.32413279594062,1,0.5081405257021506,0
4929,1738.0879557792648,45.40714556453045,1,0.5211560953801433,0
4930,1738.6106107357361,44.67422861902619,1,0.5140660258083952,0
4931,1741.0842373997043,44.6654147186808,1,0.5274359078105193,0
4932,1738.3537362110417,44.3601704112951,1,0.5534892351257072,1
4933,1738.199389697458,45.62136273000378,1,0.5486963679181713,0
4934,1738.9505827640116,45.023570719828015,1,0.506490478119828,0
4935,1739.6424500714072,45.15313598635874,1,0.5054015674333341,0
4936,1738.428644375358,44.41151719402753,1,0.546946292950101,0
4937,1739.4390817816468,45.1538874378719,1,0.5039507372611336,0
4938,1739.0515528586975,44.79033422467586,1,0.511557759965541,0
4939,1737.4677808657002,44.47114930843743,1,0.5291336183376578,0
4940,1738.796238299291,44.94259651635279,1,0.5062049120612752,0
4941,1737.9041437949634,45.01706873440253,1,0.505105575075065,0
4942,1739.8416690103202,45.23909091581204,1,0.5046523500361242,0
4943,1739.765305590427,46.22813334292093,1,0.6027088090039031,1
4944,1738.7303445309312,44.44963786880229,1,0.5399329961854481,0
4945,1740.503481137332,45.213548749584525,1,0.5112901936172577,0
4946,1739.1895695397864,44.50453119511609,1,0.5292461386530515,0
4947,1739.4606949519437,45.125926167362756,1,0.5054122961068838,0
4948,1739.2527296838778,45.23068523837745,1,0.5041465202291213,0
4949,1737.504232114696,45.698178102329706,1,0.5574915141475094,1
4950,1739.0460203339396,44.65059563081581,1,0.5170094540956625,0
4951,1740.6931329278173,45.25783665835295,1,0.5112708633637695,0
4952,1737.565317370447,45.24302616439626,1,0.5010489075196066,0
4953,1739.5110669778328,44.76003050186934,1,0.5107403887094587,0
4954,1739.1293080012006,44.577070984021134,1,0.521865328013938,0
4955,1740.7433020220305,45.777659322379954,1,0.5682071112173416,1
4956,1741.0420023927038,45.70371010908458,1,0.5658115829683724,1
4957,1738.6345375521103,45.01117446488431,1,0.5037839959174534,0
4958,1738.0120159989945,44.03411333620952,1,0.5942775417349594,1
4959,1740.8619696633214,44.39144061812712,1,0.5535684510768041,1
4960,1739.5798306627262,44.27660232172316,1,0.5608031120033663,1
4961,1738.2791508646903,44.683930086514685,1,0.5133976774031961,0
4962,1738.9498127089648,45.14134941025726,1,0.5053288440956039,0
4963,1737.4819998858977,43.7524711163732,1,0.6165774930727422,1
4964,1740.9285909498067,44.68810023131798,1,0.5259258677047065,0
4965,1738.0747309290384,45.4560105507665,1,0.5219845044161174,0
4966,1739.662232221957,44.62165032613139,1,0.5194198176975985,0
4967,1737.3202383690084,44.888278286412714,1,0.5057238920963041,0
4968,1739.9805391939158,44.4043713126283,1,0.548944638884869,0
4969,1738.9510911995594,45.11089818298691,1,0.5067513798113642,0
4970,1737.8071017632217,44.73551345797256,1,0.5103156774987259,0
4971,1739.5507068539835,44.27181324440821,1,0.5618087955773823,1
4972,1739.1729926558576,44.919302436005545,1,0.5060591003826937,0
4973,1738.596170403593,45.355450829220345,1,0.5101281754693461,0
4974,1739.554174513761,44.332010765509054,1,0.5535052380909645,1
4975,1738.7152027315014,45.395119406932785,1,0.5209245894399988,0
4976,1738.740435330977,44.88419152091327,1,0.5059264882960015,0
4977,1739.5335065053794,45.14328254939862,1,0.5051322644926954,0
4978,1738.991083905714,45.58329162233653,1,0.5432828832813166,0
4979,1738.2121572172205,45.43744187539248,1,0.5221442058410573,0
4980,1738.347845237628,44.87018197380127,1,0.5046724199172965,0
4981,1738.235289876268,43.95900909516649,1,0.5977649734995377,1
4982,1740.488151099946,45.11853040280733,1,0.5138804383416409,0
4983,1742.1715418296333,44.87613473056755,1,0.528063090097065,0
4984,1741.082316170206,45.37725120920336,1,0.5261278018098685,0
4985,1737.3789367249542,44.79704415411156,1,0.5087429153711702,0
4986,1736.0588257948268,45.05497305950043,1,0.5022891283749815,0
4987,1738.3879763978314,45.02758806526298,1,0.504956779323997,0
4988,1738.6435282239383,46.046262617209145,1,0.5864101783834486,1
4989,1739.507217073013,45.55760860869431,1,0.5400327762733906,0
4990,1738.7879567396683,45.377551518019914,1,0.5158549619537638,0
4991,1739.499208467344,45.06517283279941,1,0.5072760496792433,0
4992,1740.5345561168533,45.191488272077265,1,0.5120177338783304,0
4993,1738.672333995744,45.408499619380365,1,0.5199192684159347,0
4994,1738.973470913192,44.49843311634563,1,0.5293153431442646,0
4995,1738.219453457836,45.01569560477113,1,0.5052764777409176,0
4996,1736.9495818027801,44.79984787962443,1,0.5106979293259705,0
4997,1737.629600182415,45.032720955404336,1,0.5044261095858281,0
4998,1739.1352423998103,45.296174366961175,1,0.5050253593862457,0
4999,1739.8869336788534,45.785853397263665,1,0.5687645332358823,1
5000,1738.5867743692502,44.566071297098304,1,0.5221140371065299,0
5001,1739.2268850565824,45.11109603747527,1,0.5076298007359671,0
5002,1737.0135554220133,45.443072026283545,1,0.5237851186068916,0
5003,1739.6505257811614,44.76516520691439,1,0.5112154004170764,0
5004,1739.8009202702422,45.01276067766498,1,0.5072864348738586,0
5005,1737.2974799386755,44.40784761436545,1,0.546127272132475,0
5006,1738.1869274001367,44.87885377641871,1,0.504107407464516,0
5007,1739.403948381057,44.065330362074015,1,0.587294850974374,1
5008,1739.1693749634308,45.453809860847436,1,0.5230362551384392,0
5009,1739.7200063558607,44.56411874115273,1,0.5250606003067689,0
5010,1737.5003619295537,44.64941368566703,1,0.5141776290131204,0
5011,1740.096807332938,44.33025024900449,1,0.5541296480435418,1
5012,1737.1064391814239,45.49339954012593,1,0.5309778825970832,0
5013,1740.171849378377,44.58146958257772,1,0.5238437309787515,0
5014,1737.784983910715,44.844117865582966,1,0.5061044531554694,0
5015,1739.4843054159958,45.10327388126143,1,0.5065654171840446,0
5016,1736.7727813978563,44.760893018671396,1,0.507423393346754,0
5017,1739.565712411633,45.205984271279604,1,0.5050001331737224,0
5018,1739.4829427074644,45.36005516049873,1,0.5136849879606982,0
5019,1739.1499220725964,45.70378909460866,1,0.5620336215461913,1
5020,1738.6562152570611,45.77462247556493,1,0.563440631909467,1
5021,1739.1332350624166,44.41835099368721,1,0.5471329605181048,0
5022,1741.2963601535753,44.64406694380416,1,0.5302581983727381,0
5023,1737.8215778301294,45.07946591719436,1,0.5052778657815264,0
5024,1739.5895696534822,45.12884018832929,1,0.5061343013868501,0
5025,1739.419556061583,44.87546016335096,1,0.5072097170309153,0
5026,1738.0359655710517,45.12970697395718,1,0.5040134138212645,0
5027,1739.1226719728036,44.29041189329261,1,0.5591093896139653,1
5028,1738.836410134309,45.427453037926625,1,0.5222989387121023,0
5029,1738.6003386215484,45.45630555217211,1,0.5205695765241783,0
5030,1738.8732177502623,44.77206203336018,1,0.5110137840658949,0
5031,1739.6892308953727,44.83042940310688,1,0.509925635991018,0
5032,1737.6990891303628,46.11710060488646,1,0.5924480771021154,1
5033,1738.4311991477875,44.31008327541322,1,0.5552974774302613,1
5034,1737.811387020943,45.83770777181389,1,0.5719680369215678,1
5035,1738.1625748291674,45.38503321674613,1,0.5170671152573456,0
5036,1738.816785975594,46.0636903113293,1,0.591392505095001,1
5037,1739.206479631349,44.61181247709219,1,0.5188745917121589,0
5038,1740.0767149506646,45.34688339223447,1,0.517703944767499,0
5039,1737.7641092167423,44.48942106589634,1,0.5274836911177482,0
5040,1737.2603918567931,44.38006763917609,1,0.5497868926045479,0
5041,1738.3779468720284,44.66585339173704,1,0.5141907735364981,0
5042,1740.134291418969,45.61299861821854,1,0.5510621419638557,0
5043,1736.7831000658769,44.691831387451,1,0.5119801050424454,0
5044,1738.336541221243,46.20244350219319,1,0.5990726963352733,1
5045,1737.180738664982,45.46826157505187,1,0.524814269748729,0
5046,1740.6298607388194,45.49958969998966,1,0.5369858517701577,0
5047,1739.7074411421422,45.13376514747813,1,0.5060546264983578,0
5048,1737.3107104911146,44.283948754992124,1,0.5573661202414875,1
5049,1739.460157759385,46.588931054131436,1,0.6203945389991877,1
5050,1737.9541536855172,44.7838763470607,1,0.5088569891174907,0
5051,1739.2563360849188,45.99399550534469,1,0.5836903460430847,1
5052,1737.5671504435022,45.39085366906052,1,0.5197480254796637,0
5053,1738.1692217471827,44.16929358567149,1,0.573882048267397,1
5054,1738.5111179729474,45.17511457259759,1,0.49968036654875114,0
5055,1740.4603292257448,45.21256282557233,1,0.5112901936172577,0
5056,1739.1608758899129,45.31216026529898,1,0.5060204122674908,0
5057,1737.7714238500164,44.79513773151262,1,0.5082805166114224,0
5058,1737.3948657944009,44.88871896197146,1,0.5052610440379007,0
5059,1737.9658086088439,45.085079284491385,1,0.5036577462574294,0
5060,1736.4588975238187,45.42052388682113,1,0.51838913024985,0
5061,1736.362444502362,46.20491520298657,1,0.5939089440474314,1
5062,1738.4891050835738,44.91625103293615,1,0.5046444097969076,0
5063,1740.9992764205986,45.18633552766693,1,0.5162833172790996,0
5064,1738.8905925037427,45.24077282749855,1,0.5015771523331937,0
5065,1740.8898004221774,45.47279502011827,1,0.5310694595013534,0
5066,1738.5043059689547,45.24572584420202,1,0.4993636911909894,0
5067,1737.5806926381665,44.39453384986218,1,0.5466510431027579,0
5068,1739.0504253054348,43.915429879220696,1,0.6018114967670762,1
5069,1739.6144703891903,44.227455955661334,1,0.5683966182398893,1
5070,1740.0146350540608,44.93617633753039,1,0.5076558598096734,0
5071,1738.611977363848,45.02311754586618,1,0.5050492356940054,0
5072,1738.7138169009033,44.810915607524514,1,0.5096428451276056,0
5073,1737.4638509140466,44.69209119770483,1,0.5120897189430342,0
5074,1736.0096969801439,44.93177457388952,1,0.5031421681483138,0
5075,1739.2251621022986,45.89343277232696,1,0.5774337200528267,1
5076,1741.140577610457,45.0451536058259,1,0.519893161711084,0
5077,1739.624359531819,45.306513996852914,1,0.5059013919034292,0
5078,1739.2722726544878,45.461711241510194,1,0.5253950636342279,0
5079,1738.3244422755145,44.70553381345725,1,0.5125663239469807,0
5080,1738.5468604348798,45.8850922580089,1,0.5747104988718581,1
5081,1736.5318175400744,45.45299325473954,1,0.519737833749466,0
5082,1737.9230531487801,45.341338168052346,1,0.5105824965009486,0
5083,1737.6921191387794,45.67286238919331,1,0.5570737969157132,1
5084,1737.9827231530062,44.596395339717056,1,0.5158217835777987,0
5085,1739.2933513822252,44.41913519200552,1,0.5471981920328794,0
5086,1739.224009308455,45.463563270573054,1,0.5252173561395069,0
5087,1738.5186970310779,45.401754005637905,1,0.5192472012559919,0
5088,1740.0190160072111,45.02614783578596,1,0.5098243441951841,0
5089,1736.6931770561266,45.2220414431677,1,0.4992175274281488,0
5090,1739.8815076455517,45.486222124284446,1,0.5282492888170011,0
5091,1738.7599266717848,45.23975142675734,1,0.5015731369449413,0
5092,1739.0631570191053,44.26508379081631,1,0.5622860672307467,1
5093,1738.3208256074897,44.629860123102695,1,0.514697423907854,0
5094,1739.2561596778871,45.735074166200995,1,0.5658298866962919,1
5095,1737.6889397566588,45.14420584212614,1,0.5025219650252837,0
5096,1739.2846638243147,45.639177430814506,1,0.5524051783322977,1
5097,1738.3757871455348,44.05719941888516,1,0.5894074486075765,1
5098,1735.238160047552,45.58785701708346,1,0.5357172113385682,0
5099,1739.2527259705494,45.685253994376986,1,0.5598962270926888,1
5100,1739.322972710183,45.24969420830215,1,0.502280614220648,0
5101,1737.5256005523363,44.68265338175304,1,0.5123508235466047,0
5102,1736.4773070171077,44.75556641464908,1,0.5087786294264481,0
5103,1738.559008144964,45.61743924105559,1,0.5457971275209226,0
5104,1740.754151048308,44.85998002505376,1,0.5163526255288474,0
5105,1738.8478951674024,44.206444699684724,1,0.5708677610539468,1
5106,1739.4165884322047,44.991248366667385,1,0.5091291188565065,0
5107,1737.4013158085952,45.67249126345247,1,0.555960386427887,1
5108,1740.3453879630222,45.33517894114712,1,0.5144135254278764,0
5109,1737.9526102112022,45.52366911021611,1,0.5352836534173394,0
5110,1738.841515449465,45.505569541643474,1,0.5343081865511917,0
5111,1739.8841918742678,44.463221192834816,1,0.5375409620390812,0
5112,1740.8256347431006,44.96219583812588,1,0.5172485189847881,0
5113,1738.6923554830287,45.44043663342593,1,0.5231096909552732,0
5114,1739.319192007231,44.16065218811555,1,0.575744634801527,1
5115,1736.929372201642,45.606454040655855,1,0.5438808174163119,0
5116,1739.712860269924,45.06197160941024,1,0.5073430445068831,0
5117,1736.5105808569936,45.0644158601822,1,0.50437065591785,0
5118,1738.599745460753,45.98527083690291,1,0.5805446966351283,1
5119,1736.3565897162914,44.93728897263172,1,0.5037698922744364,0
5120,1740.4902892247485,45.05247146654439,1,0.5128624560360494,0
5121,1740.9174999714378,44.76044995550086,1,0.5213190927507145,0
5122,1739.0703006768883,45.554704836159736,1,0.5405032690992106,0
5123,1738.4315368228388,45.463318613982985,1,0.5225898065784222,0
5124,1736.551976396482,45.46030945048345,1,0.5202394645145664,0
5125,1738.5351851034088,44.68403218387247,1,0.5134664891661072,0
5126,1737.637975175661,44.38418435421644,1,0.5483084789158582,0
5127,1740.5773782447484,45.140181604887644,1,0.5140127491620948,0
5128,1738.0136022696274,44.72102519460778,1,0.5107503348833792,0
5129,1738.6643585679374,44.326032780817776,1,0.5532458944429586,1
5130,1740.076925555658,45.07595254680895,1,0.5112283118323063,0
5131,1739.4816496677072,44.70644787222819,1,0.5154235317903061,0
5132,1737.7433917623594,45.370613754589634,1,0.5142854989932778,0
5133,1736.9913860656545,45.44507810308862,1,0.523717856871797,0
5134,1738.9872076714807,43.97820575452785,1,0.5974121622036536,1
5135,1737.8560871029906,45.68306024537072,1,0.5577752571975576,1
5136,1735.366107422835,45.271287778694536,1,0.49867261368229754,0
5137,1739.076235069994,45.63371763389212,1,0.5498844762439297,0
5138,1738.8169055944472,45.23147447906368,1,0.5030998738892909,0
5139,1737.8131389639807,44.413834004453875,1,0.5469007585310308,0
5140,1737.6973673119653,45.70081386778814,1,0.5594317154514838,1
5141,1739.847240508331,44.98774069349217,1,0.5107910612331179,0
5142,1737.9854239588417,44.84087393656912,1,0.5068143334592954,0
5143,1737.810890124536,45.64991795733219,1,0.5532887909963607,1
5144,1738.7737077794532,44.86206092820575,1,0.5080289786766363,0
5145,1739.5294227436978,45.769256755888875,1,0.5644736388737447,1
5146,1737.613940728052,45.70680356456611,1,0.5591723546963391,1
5147,1738.9179664474575,44.04459938322153,1,0.5916605840913275,1
5148,1739.2969106759178,45.86089606030217,1,0.5768762912394046,1
5149,1736.2782577115959,45.47281954401646,1,0.5219717008833846,0
5150,1738.1208699609347,45.302563875471684,1,0.5043452933514581,0
5151,1737.6345467071162,45.05764662674191,1,0.503715495017824,0
5152,1738.931934820729,44.51594390566819,1,0.5256529552284824,0
5153,1737.3459197689194,44.92555486148048,1,0.5051950027701864,0
5154,1738.9697175349013,44.888744480375806,1,0.5063320249965677,0
5155,1737.4720630244058,44.333783942620684,1,0.5518471044221646,1
5156,1737.442978459956,45.284962338654864,1,0.5040763782811016,0
5157,1738.243214012379,45.128581484878495,1,0.5034481641907499,0
5158,1738.7967056829486,45.89043079827567,1,0.5766887232869191,1
5159,1737.9354317715,44.606349304720055,1,0.5158217835777987,0
5160,1737.9754412245034,44.687286852649066,1,0.5130846985876265,0
5161,1737.4954379118299,45.365652374359044,1,0.5144407059675823,0
5162,1738.261210456655,44.39762397681366,1,0.5482748468886002,0
5163,1739.5987932258624,45.580348342703495,1,0.5428145195741497,0
5164,1737.9149684905376,45.12105792360921,1,0.5041839469539362,0
5165,1739.1706818936711,44.88747755937706,1,0.5066952233841315,0
5166,1738.6364517278794,44.96151713099935,1,0.5054559133106695,0
5167,1737.2737923665277,43.78683790565558,1,0.6152035991079325,1
5168,1739.535537556109,45.51453288511687,1,0.5356612033214606,0
5169,1736.545035900087,44.37863602554062,1,0.5504198449114373,0
5170,1739.1006091955182,46.03939251152066,1,0.5876919497076826,1
5171,1739.350574348522,44.346711822905625,1,0.5533430846335003,1
5172,1739.2949661807454,44.56873837353756,1,0.5247461730002221,0
5173,1738.0563950059286,44.95143116934251,1,0.5050300261354089,0
5174,1739.5064264586933,45.1762418778794,1,0.5026460178092446,0
5175,1740.2707909130131,44.79320004298743,1,0.5157507399450205,0
5176,1737.0452796775728,45.59434377015222,1,0.5437418890694979,0
5177,1736.7061813606545,44.79514361994209,1,0.5072780765669056,0
5178,1737.8473359621335,44.527789408818215,1,0.5241090465698985,0
5179,1738.2710258307704,45.08363505139291,1,0.5034333964515507,0
5180,1738.8885967916503,44.683580273275204,1,0.5151059789883442,0
5181,1738.2109890568472,44.43152481479243,1,0.5439477969024157,0
5182,1737.0864897544016,44.52584708792962,1,0.5250996861268118,0
5183,1736.5001899634842,44.819544998100284,1,0.507834961830441,0
5184,1736.995940233146,45.01468554653114,1,0.5072036505513453,0
5185,1737.2605116042632,44.618093730760705,1,0.5156152743488019,0
5186,1737.7977099755508,44.80176839120312,1,0.5071318721370962,0
5187,1737.3721013429465,45.61886889306443,1,0.5462631689016478,0
5188,1739.3975827696343,45.856245645527956,1,0.5738656399775588,1
5189,1739.994749455494,45.18060796648176,1,0.5071121498248312,0
5190,1737.2250517618559,44.82503282526381,1,0.5075034975486646,0
5191,1737.2812742787578,44.861082446716374,1,0.505926456718329,0
5192,1738.7016188011194,45.01696084943486,1,0.5062427602716287,0
5193,1738.8669716102606,44.52608929365079,1,0.5251152414808276,0
5194,1739.6282020575673,45.80376554638047,1,0.5699497309444185,1
5195,1738.2168228858357,44.86673788996669,1,0.5057243445677275,0
5196,1737.8619414639513,45.32334354202512,1,0.5081299531255934,0
5197,1738.93244883825,45.08996838583588,1,0.5043136018165145,0
5198,1738.6323395894785,44.74137042596969,1,0.511080049573188,0
5199,1737.6321207302367,45.26452772563623,1,0.5022429654412824,0
5200,1736.9934873259583,43.98698404517439,1,0.5970912076735961,1
5201,1736.8934273997722,45.20589350324609,1,0.5025159722969049,0
5202,1739.7843712803358,45.33051008485181,1,0.5099677170079565,0
5203,1737.8823887527626,45.036770811673414,1,0.5056911492677179,0
5204,1741.029573056512,44.75752227470681,1,0.5225288432353521,0
5205,1737.1478876939073,44.62080808096022,1,0.516706230411086,0
5206,1737.536876280565,44.72917788359386,1,0.5093861166372975,0
5207,1738.9739483810777,44.790195496626936,1,0.511557759965541,0
5208,1739.2734977719565,44.09715961839701,1,0.5840520702052869,1
5209,1739.7246106281395,44.74851813213375,1,0.5132178928361825,0
5210,1737.2692670828296,45.13672995344539,1,0.5043890851260022,0
5211,1738.6037476172112,45.274289662069286,1,0.5024133697083633,0
5212,1736.800775660622,44.18794386382525,1,0.5715368390146497,1
5213,1741.3791872914396,44.87478974817588,1,0.5222850742632056,0
5214,1740.76078059109,44.221237335195454,1,0.5728003825795042,1
5215,1738.2336024950134,44.770004842799054,1,0.5080574875834987,0
5216,1738.658961363788,45.238989976934704,1,0.5001458870442098,0
5217,1737.6655092067297,44.64399663367582,1,0.5140966497937606,0
5218,1738.7853746761057,45.07304464705976,1,0.5063443842330358,0
5219,1736.3883461796017,44.042770933941746,1,0.5906032540285169,1
5220,1737.3566788254868,45.89755008972416,1,0.5736711104523844,1
5221,1736.471477260076,44.51585363804492,1,0.5249325714094306,0
5222,1738.3816699802533,44.22610576994235,1,0.5675993113134783,1
5223,1740.2319220690445,45.60451015640905,1,0.5492184737827169,0
5224,1738.0284126262952,45.62759425818201,1,0.5477359424473867,0
5225,1736.798354173104,44.88639781377753,1,0.5045236865006978,0
5226,1738.1095788493149,44.25682576885412,1,0.5616672893120455,1
5227,1737.9698368149325,44.042303381160785,1,0.5913760831038738,1
5228,1738.2592590330098,44.45999993593291,1,0.5363018627913186,0
5229,1735.16986525236,44.54732847930618,1,0.5238180355728435,0
5230,1737.5558195855212,45.51057730206354,1,0.5337882594096081,0
5231,1737.3693392330313,45.07158226462435,1,0.5049670586541564,0
5232,1737.6055611741024,44.37960835221203,1,0.5498329753777591,0
5233,1740.191743419625,45.065630676850986,1,0.5114259202576784,0
5234,1736.849343840787,45.01778327265793,1,0.5059872527087493,0
5235,1735.9278681372298,44.28363931429416,1,0.5583968274449927,1
5236,1738.4560428930124,44.93043758820904,1,0.503755336725697,0
5237,1738.428882483548,44.080895295934575,1,0.587457531907859,1
5238,1736.1697850182265,44.72488424422841,1,0.5101779334580303,0
5239,1736.592116578404,45.055241962778744,1,0.5019877640999038,0
5240,1736.536864831551,45.19811407119188,1,0.5018707204269498,0
5241,1739.943852488787,45.09185657955705,1,0.5085865812894595,0
5242,1737.8684328456138,45.91664940061524,1,0.5784381196860888,1
5243,1737.9169569638548,45.15497313222614,1,0.5024149983931062,0
5244,1736.3060798003944,44.26594549906405,1,0.5632468321202547,1
5245,1737.164526739645,44.87163923838722,1,0.5050119644782621,0
5246,1738.439787596109,45.73404339517757,1,0.5628363456133311,1
5247,1739.56420011909,45.23071337373185,1,0.5041214395577809,0
5248,1738.3384195636067,44.834876136136074,1,0.5073213235334877,0
5249,1737.7819425121677,45.43478740778402,1,0.5225385125752721,0
5250,1738.6138397287193,45.34309093200707,1,0.5095498023968619,0
5251,1737.1927982605089,44.41678335818535,1,0.5469051460350036,0
5252,1736.5758562358535,45.67212299357035,1,0.5517919199078041,1
5253,1737.407523239405,44.94183153340383,1,0.5038836840069203,0
5254,1738.8557046443195,44.8012776540873,1,0.5103659011398648,0
5255,1739.3608614084856,44.72907691151448,1,0.5132315874124984,0
5256,1737.1897314663254,45.815403186132166,1,0.567493996694117,1
5257,1736.223130033192,44.774141844981514,1,0.5094048266067357,0
5258,1739.7823903240355,44.63927547262824,1,0.5185842534625724,0
5259,1738.2619426438796,45.10979113193781,1,0.5053979268494249,0
5260,1735.9194273934263,45.35284949030308,1,0.5074673435097657,0
5261,1736.358863382457,45.119402450317054,1,0.5043093385421805,0
5262,1738.515437822058,45.56357934756275,1,0.5386755977684902,0
5263,1737.9249547115392,44.69526279310379,1,0.5135799080051457,0
5264,1736.5329144668133,44.88672542932989,1,0.5050554098814295,0
5265,1736.7663960062835,44.78995407072434,1,0.508608876795267,0
5266,1739.0755244054935,44.80377744355276,1,0.509977800359889,0
5267,1739.0720701251912,45.13422694442964,1,0.504941853220987,0
5268,1738.8588948382517,45.417403790785094,1,0.5217603932678778,0
5269,1739.0427392387205,44.79058648156989,1,0.5113847327442729,0
5270,1737.6641022805215,44.457707460897595,1,0.5343168456147572,0
5271,1737.699769127787,44.4853474556077,1,0.5269116611935218,0
5272,1736.3294639514886,44.73009768330714,1,0.5105385764698314,0
5273,1738.8685415126542,45.386843464237515,1,0.5183369706096326,0
5274,1738.7995457425916,44.42270200320926,1,0.5459763981885858,0
5275,1736.9739459331051,44.70636679375203,1,0.5139738887739949,0
5276,1737.0392572500623,45.27431765455481,1,0.504790657557428,0
5277,1739.2814729989182,45.57457040371162,1,0.5431264322579739,0
5278,1737.7697742730643,45.25405804105723,1,0.5026865910405353,0
5279,1738.5163488804008,44.59385772303463,1,0.5162972355179501,0
5280,1738.6095105598645,44.84732155998081,1,0.5058842261360929,0
5281,1737.6659883889251,44.985347016710506,1,0.5055675689376381,0
5282,1737.373724675312,44.48444412324635,1,0.5274024779420928,0
5283,1738.519045556098,44.579169799828406,1,0.5196610260204909,0
5284,1739.6186722970945,45.276176157199785,1,0.5053537503643016,0
5285,1736.695063500368,45.400056409852105,1,0.5160324602039617,0
5286,1738.8798687596427,44.74672136079028,1,0.5119826793274707,0
5287,1736.2182657758212,44.58247132418056,1,0.5191994091128173,0
5288,1737.3546070906061,45.08160337257978,1,0.5050278316661975,0
5289,1735.7012667516533,45.4699014988872,1,0.5171508547150114,0
5290,1737.6972303648108,44.66547008569234,1,0.5128312135416341,0
5291,1738.8490508266111,45.7319671319905,1,0.5638696514085194,1
5292,1737.532083756279,45.42488999438092,1,0.5225615815500759,0
5293,1738.3368870302336,45.448425264495754,1,0.5220789202687222,0
5294,1736.7069597090735,44.51513437457205,1,0.5233965574671727,0
5295,1738.2367976599744,44.97084210424614,1,0.5065103987163363,0
5296,1738.1390543235707,45.38499145891484,1,0.5170671152573456,0
5297,1737.4182513551032,44.49132470329217,1,0.5274394814897359,0
5298,1737.677379751131,44.986786160871624,1,0.5055675689376381,0
5299,1735.9284599312527,45.31462833367011,1,0.5019442543273996,0
5300,1736.6536200718149,44.70374824620365,1,0.5109732689869594,0
5301,1736.7329719364748,44.8155431330619,1,0.5056445615403288,0
5302,1738.7814285855625,44.906599467490906,1,0.5069317614235457,0
5303,1737.6045467313436,43.261657919118385,1,0.6319885779900252,1
5304,1737.5311556738582,44.85400953253071,1,0.5044659648305536,0
5305,1738.426413727894,45.07064954938245,1,0.5042139002564657,0
5306,1740.3542763904675,44.92177219709599,1,0.5105520340153009,0
5307,1739.2642731797034,45.05748613837865,1,0.5070842010011906,0
5308,1738.9511672241724,44.445762637601916,1,0.5418117882954179,0
5309,1736.5743166626216,44.08044663090568,1,0.5855160028994184,1
5310,1738.5489806901935,45.71331554102584,1,0.5601206825956181,1
5311,1736.241029825858,46.20744120924386,1,0.59370806269577,1
5312,1738.7286156634407,45.23319849533634,1,0.5020572358503921,0
5313,1735.091954884886,45.585090347756,1,0.5370626755764281,0
5314,1737.857816035457,44.78938330311127,1,0.5095460265559832,0
5315,1735.1048803474134,45.29059324191759,1,0.4991432552764042,0
5316,1737.947035998213,43.93922547749827,1,0.6001332585046726,1
5317,1737.0169315239384,45.23274464913152,1,0.5033852419459909,0
5318,1738.4605575828289,43.97577219499094,1,0.5959137573102496,1
5319,1737.9007848632066,45.32124691304469,1,0.5070422578327063,0
5320,1736.2488293825893,44.42079597342802,1,0.5450790445457319,0
5321,1736.2472190777314,45.19131019810286,1,0.5011714747772081,0
5322,1736.3858031702437,44.67518697035432,1,0.5138674994876912,0
5323,1738.7068056817016,44.20767794698542,1,0.570634636261534,1
5324,1737.3364979526064,43.55996679589706,1,0.6296834573702146,1
5325,1737.8978714197317,45.5130262755818,1,0.5348334155567834,0
5326,1736.7093896389856,44.75800765452522,1,0.506448344799924,0
5327,1737.16706236388,45.13225632784952,1,0.5042313104705272,0
5328,1738.7982586066935,44.875360471335235,1,0.5067829697924061,0
5329,1736.6562853406012,45.03710041857235,1,0.5037809389511289,0
5330,1739.370801992132,44.860035061903844,1,0.5086288116887697,0
5331,1738.805743078852,44.86166951138278,1,0.5082008704772232,0
5332,1737.2215605413485,44.075666779455936,1,0.5873137971710557,1
5333,1736.754756644306,45.03989078952333,1,0.503475525253157,0
5334,1738.3202784616599,44.61556057400209,1,0.5159409759505135,0
5335,1734.818191140697,44.66703052741606,1,0.5146115205725668,0
5336,1736.3109606935138,44.88908295185289,1,0.5046674029032915,0
5337,1738.430019841506,45.48247218810367,1,0.5246795398125823,0
5338,1739.2184714204534,45.34271731828089,1,0.5123674492693534,0
5339,1736.5922420416484,44.736482440344915,1,0.5081322123287053,0
5340,1736.4136202589984,44.64020644696978,1,0.5156492983840765,0
5341,1737.9072386506102,45.40959090968199,1,0.523013767601342,0
5342,1737.0710659822664,44.79631013451304,1,0.5105299602974085,0
5343,1738.4059394705648,45.34899650312958,1,0.5110429840995613,0
5344,1736.1496259373846,45.20475542785197,1,0.5002132990459865,0
5345,1737.6814652362766,45.08007875618064,1,0.5038878288086585,0
5346,1736.6484186955402,44.90357828582296,1,0.503165751493983,0
5347,1737.7766993739513,45.17251461633677,1,0.5020474320132255,0
5348,1738.7644940838843,45.45919508460432,1,0.5224371114892068,0
5349,1738.9883196784992,44.35273598313496,1,0.5539709958241288,1
5350,1737.9933017160101,44.53136190661035,1,0.5232558047355997,0
5351,1737.9489122296975,44.40649660212765,1,0.5477225451897272,0
5352,1739.2161590643138,44.73228980148485,1,0.512973279598921,0
5353,1735.898493503396,43.88375496480924,1,0.6049748869645122,1
5354,1737.3243719915279,44.17911514645722,1,0.5743307009125034,1
5355,1739.3508811954225,45.05253252558544,1,0.5056576505081267,0
5356,1737.0011024577282,45.51305231725936,1,0.5349598779137485,0
5357,1737.4835749706263,44.80634931193887,1,0.5069392878012334,0
5358,1736.1778072513407,45.10431882905155,1,0.5047653359555979,0
5359,1738.3105776206844,44.70587451184093,1,0.5125663239469807,0
5360,1737.1768199337616,45.12957686249265,1,0.5044019173286141,0
5361,1738.7557271748549,45.36920007395314,1,0.5146594830317073,0
5362,1737.3948008689094,45.76578069069003,1,0.5618394602932373,1
5363,1736.8976915742717,45.41808542919459,1,0.5198413427552464,0
5364,1736.2277331334183,44.40604739902773,1,0.5481660067250644,0
5365,1735.9655135292644,44.685983264806936,1,0.5119763208957121,0
5366,1737.6988661813218,44.42306947498744,1,0.5429179605121133,0
5367,1735.7849868355638,44.961164346135426,1,0.502781050808977,0
5368,1737.3081151895356,45.35367628756688,1,0.5123882947177324,0
5369,1737.0235112592582,45.47683812394707,1,0.5276888167496622,0
5370,1737.4699407086343,45.54348205153326,1,0.5382534429424148,0
5371,1738.480866455527,45.17453133325851,1,0.49968036654875114,0
5372,1735.9439759652623,45.232609453142565,1,0.4981952092525092,0
5373,1735.3005299498082,43.806060907978406,1,0.6144772402272408,1
5374,1737.4816775646334,45.3456852820132,1,0.5116334867257868,0
5375,1736.5681746465552,45.156573551737424,1,0.5005824242898131,0
5376,1737.7033063166086,45.20746457221304,1,0.5027987124449833,0
5377,1737.0946236251993,45.00813287981478,1,0.5063833189498949,0
5378,1737.7914699259927,44.47864655970691,1,0.5284547615817237,0
5379,1736.6304938323399,45.10947195460716,1,0.5037168354511574,0
5380,1736.808260629573,45.10781395245229,1,0.5051056861221697,0
5381,1737.246341529115,45.25941840671991,1,0.5034831111526195,0
5382,1737.2552003282765,44.4483931104433,1,0.5388862324343622,0
5383,1740.612124837621,45.50811983503095,1,0.5387808796691906,0
5384,1737.573279642332,45.1162347312903,1,0.5045796865785253,0
5385,1735.7067226844738,45.22968601453336,1,0.497277839786485,0
5386,1738.1835234895957,44.75647571583311,1,0.5085048426709695,0
5387,1737.2327315836665,45.53915580930135,1,0.5389010123570968,0
5388,1738.0135385893836,45.5428070481925,1,0.5385741710272091,0
5389,1738.6260812869696,45.1361793844496,1,0.5033347139856723,0
5390,1736.341266478112,45.104489094671266,1,0.5047653359555979,0
5391,1738.3776642063867,45.754537193097924,1,0.5633802077914974,1
5392,1736.202078070714,45.16203023207929,1,0.5012336576443446,0
5393,1738.5331564400938,44.63376455384759,1,0.5151509530574401,0
5394,1735.5049131604562,45.36722779484606,1,0.5070417136984655,0
5395,1737.6990309081507,45.27816607239918,1,0.5032383355811471,0
5396,1737.3144500035303,44.3914988927937,1,0.5477607436964878,0
5397,1736.9256852830224,45.488279873287944,1,0.5289334998189983,0
5398,1736.7169946718645,44.721532033131105,1,0.5083662979363245,0
5399,1737.3801530103397,44.321000920937685,1,0.553755020213111,1
5400,1736.8835255308277,44.80404494588,1,0.5084289142901722,0
5401,1739.47502377147,45.310224405141646,1,0.5056926756482871,0
5402,1737.5885336850154,45.43347375314986,1,0.5222107075829706,0
5403,1736.7863590501165,44.17678906415997,1,0.5727784651326446,1
5404,1736.3000665903696,45.22782047020648,1,0.5012608095118316,0
5405,1734.976166048059,45.00959393853743,1,0.5024381909196141,0
5406,1738.7378371818336,44.807907391808975,1,0.5098510525775659,0
5407,1738.6788692035727,44.74544299647292,1,0.5119826793274707,0
5408,1737.6809236607314,44.8693154475974,1,0.5031677801700583,0
5409,1737.2301289502097,45.23356111469499,1,0.5032274301844882,0
5410,1737.9299167321171,45.08474534289091,1,0.5036577462574294,0
5411,1738.844023129933,45.12036655030743,1,0.506360995960275,0
5412,1739.128885432304,44.8688412183106,1,0.5066689680416822,0
5413,1736.7328123646373,45.11787488063134,1,0.502043461824438,0
5414,1737.2908562297955,45.04843400610288,1,0.5038021707738088,0
5415,1735.3753039661362,45.03819763940214,1,0.5042666977795035,0
5416,1737.0212124959357,44.19582005398876,1,0.5716916544587551,1
5417,1739.0929130965756,44.37803153172422,1,0.551435970245883,1
5418,1738.4709926848661,45.206808295372944,1,0.5013823749750083,0
5419,1737.4998507476093,44.452592169185976,1,0.5354024814284974,0
5420,1737.616357005399,44.870861835211436,1,0.5036786940355751,0
5421,1736.479174868694,45.48727267260719,1,0.525298462433946,0
5422,1736.2519965645463,45.502879726161765,1,0.5308434656418174,0
5423,1739.5739722627618,45.36773682430661,1,0.5146805345844606,0
5424,1735.851673696597,45.68829084528267,1,0.5519468091438086,1
5425,1737.0662134936083,45.102220715036175,1,0.5065397725688371,0
5426,1737.723847101801,44.7975551237383,1,0.5074483047569472,0
5427,1737.6262866897348,44.40925066808503,1,0.5458036399310445,0
5428,1735.951030313561,44.90224402523606,1,0.5032616555214883,0
5429,1737.4070399624907,44.827333127434656,1,0.5071246629427872,0
5430,1737.0998394372214,44.953607421509865,1,0.5059744645178086,0
5431,1738.3501145968883,44.87861874195951,1,0.5042238929637944,0
5432,1735.3875089084265,44.786563217585964,1,0.5081886549023612,0
5433,1735.505760370869,45.63376900506611,1,0.5405805289235769,0
5434,1738.600587031385,44.875889386476366,1,0.5046575440499235,0
5435,1735.7428478032168,44.65832425980659,1,0.5122987202582521,0
5436,1736.5370787920808,44.68707050319587,1,0.5134372590726773,0
5437,1736.7522608135675,44.5751250285357,1,0.5181380639307495,0
5438,1735.3025338097798,44.78426659118241,1,0.5076731662919384,0
5439,1737.404046096592,44.827069002861315,1,0.5071246629427872,0
5440,1737.3128642148727,45.357464386709836,1,0.5123882947177324,0
5441,1735.9809101915066,45.083232026993166,1,0.5023353528159961,0
5442,1736.7201822248132,45.389905621210616,1,0.5156213825237657,0
5443,1737.150512235225,45.073278649094135,1,0.5048091032065568,0
5444,1736.263884419251,45.00898463463817,1,0.5044839162427447,0
5445,1738.6287202575163,45.703577457997305,1,0.5590321096704005,1
5446,1735.4533531541417,44.52075603142446,1,0.5247928017558733,0
5447,1737.461283833951,44.63936136101193,1,0.5138162431242677,0
5448,1737.182691866328,45.278236929370244,1,0.5047057508663486,0
5449,1735.426348679097,45.21152198374896,1,0.4990007249349109,0
5450,1735.5321532192531,45.1036282283168,1,0.5029511216506874,0
5451,1737.139373723502,44.58773107683057,1,0.5181406005413303,0
5452,1737.4848162958372,45.003297215995524,1,0.5041449899576221,0
5453,1734.0653137022155,44.20192881332124,1,0.5704277301648443,1
5454,1736.4677936642038,44.78551037693746,1,0.5098203739007303,0
5455,1739.7867130736859,45.5160620783153,1,0.5368595937500705,0
5456,1736.9928619526659,44.20083722311846,1,0.5715383851854032,1
5457,1736.9449750352394,45.834474925211914,1,0.5706300356661135,1
5458,1736.7653283435102,45.307770501268884,1,0.5028941778451169,0
5459,1737.3792760188755,44.821359079524896,1,0.5074210989887143,0
5460,1737.6749512490824,44.175743316873316,1,0.5728431342833713,1
5461,1737.3227626057367,44.36752965338164,1,0.5504060305727153,0
5462,1737.4724591380516,45.39676657810294,1,0.5206610757009181,0
5463,1735.7567450830634,44.957113052405724,1,0.5015109218382288,0
5464,1737.9652378084515,45.00184134408984,1,0.5049659916582179,0
5465,1738.0494231248374,45.45415646459634,1,0.5219845044161174,0
5466,1738.292377091873,45.10095883897552,1,0.5044261312360905,0
5467,1738.2269501623,44.8052911748626,1,0.5078004657587617,0
5468,1736.6929068295217,44.42287199217256,1,0.5423870553388708,0
5469,1738.4009408007787,45.51235683036855,1,0.5338087550039194,0
5470,1736.1261106730603,44.96099526654017,1,0.5044569269355651,0
5471,1736.5807189936652,44.94956319955416,1,0.5020563115518896,0
5472,1736.8681657462937,45.34597535459158,1,0.5107042060424017,0
5473,1735.065862614324,44.146798956649555,1,0.5779645459417125,1
5474,1738.3639817462229,44.92147889020771,1,0.5047328251612027,0
5475,1737.947675397186,44.76442437871811,1,0.50804002152113,0
5476,1736.155293970131,45.2460252862579,1,0.4989194581155139,0
5477,1738.605507951504,44.33097867334203,1,0.5528988257354773,1
5478,1738.6881966256121,44.621483395777034,1,0.5179788428501673,0
5479,1736.4012005277825,44.65001085620412,1,0.5151493924347459,0
5480,1736.630983529464,44.57234176915308,1,0.520275981825902,0
5481,1735.8438026334165,45.11682868941158,1,0.5018982434210685,0
5482,1738.624633255958,45.19736619793528,1,0.5022170095512806,0
5483,1736.102014455747,45.072396985735836,1,0.5029550285179296,0
5484,1737.8156197812366,44.204193814478636,1,0.5690433391766969,1
5485,1735.7238388370731,45.296720800079,1,0.5001039524649744,0
5486,1737.8901647963542,44.30365679680894,1,0.556230254418042,1
5487,1739.4269565731352,45.45995635480566,1,0.5226929288674094,0
5488,1736.1139170893482,44.016229708154654,1,0.5939026114160835,1
5489,1738.1534287115755,45.77534943364226,1,0.5645899618622758,1
5490,1735.7546014495242,45.25976613751103,1,0.4975983404455644,0
5491,1737.0801742824306,44.65386161879761,1,0.5161396097213844,0
5492,1736.5467858985307,43.92066297105283,1,0.5993730190102445,1
5493,1737.170820119057,45.30726589555217,1,0.5059035857095131,0
5494,1737.8482071983708,45.83984447124214,1,0.5719680369215678,1
5495,1737.718596044577,45.12949377055176,1,0.5034460633225223,0
5496,1736.0382290799907,45.29162234924308,1,0.5008949475258735,0
5497,1736.1624712982832,44.47372688656852,1,0.5314661816327055,0
5498,1735.8747798328081,45.29257325640758,1,0.5009152187691319,0
5499,1737.66309027255,44.413602524188654,1,0.5455807505529122,0
5500,1737.622733666504,44.61406903542651,1,0.5147508955402015,0
5501,1736.2637329047516,45.50489101278566,1,0.5308434656418174,0
5502,1737.448757075832,44.35282916067381,1,0.551530430508047,1
5503,1737.6130259071842,43.85027476241229,1,0.6070155775468272,1
5504,1737.2431459665702,45.53812394273294,1,0.5383813875581702,0
5505,1736.5603635036737,44.20696253583549,1,0.5686221603447332,1
5506,1737.5966925039397,45.784127067157755,1,0.566012064422369,1
5507,1737.9799287190235,44.514456863873626,1,0.5252833806061317,0
5508,1737.3957911687517,44.2312052203104,1,0.5660441013623501,1
5509,1736.4422296083883,45.5166373190981,1,0.5322377605181351,0
5510,1738.3814758959224,44.38881293459713,1,0.5498006645562344,0
5511,1736.8684973864463,44.393248759220725,1,0.5469861040482653,0
5512,1738.1003877223159,44.98135056739349,1,0.5076687856053421,0
5513,1734.7625089385958,44.18287248781124,1,0.5737576778747859,1
5514,1735.7976431556285,44.90461407030062,1,0.5023646398724773,0
5515,1737.2851053023408,45.643672524718596,1,0.5500783729959227,0
5516,1735.2019791208684,45.2534961930594,1,0.4967023655915792,0
5517,1738.4507571363147,45.44130257746371,1,0.5216680936574786,0
5518,1736.2091834570929,45.35785193115449,1,0.5099586982753344,0
5519,1736.3363818408234,44.28686216501366,1,0.5590910913010742,1
5520,1737.4268690348524,44.50658192545017,1,0.5239262457936781,0
5521,1737.3630543081836,45.56258756883973,1,0.5390465358937613,0
5522,1736.1930511228713,45.25822566895699,1,0.5013788551618518,0
5523,1736.5737352361282,44.9431714350094,1,0.5021291026592758,0
5524,1737.1287754749587,45.1253126805988,1,0.5040607613178119,0
5525,1737.6705082039045,44.960777179126424,1,0.5045389492773427,0
5526,1737.1804380597198,44.792327649809366,1,0.5100971580405791,0
5527,1738.068624729848,44.76263741436951,1,0.5082119170580677,0
5528,1737.4340678718204,45.24082299527463,1,0.5018276590192493,0
5529,1734.5422002582116,45.396769245030406,1,0.5126163330927246,0
5530,1737.7873181642685,44.64979015615141,1,0.5143876890855552,0
5531,1737.4630539984482,44.93021051772235,1,0.5037564114180323,0
5532,1736.4207231549606,44.47479592098117,1,0.5294853204396236,0
5533,1735.745540885202,44.33058974056249,1,0.5526547119669741,1
5534,1735.2157660747118,45.182530858054214,1,0.49795677071120154,0
5535,1736.0635635586068,45.25125406202916,1,0.49905935629486214,0
5536,1736.7231524091728,44.70173162333502,1,0.5117589584756742,0
5537,1737.5950769177173,44.36474062992033,1,0.5510663164612003,0
5538,1735.7114493316276,44.8155189223308,1,0.5049998866177109,0
5539,1736.489952208411,44.662456440648796,1,0.5153976412745503,0
5540,1738.6513666289377,45.42906568066346,1,0.5199793042352596,0
5541,1735.8393079939528,44.74113800226878,1,0.5086524294170179,0
5542,1736.2114807031346,44.7721610512979,1,0.5094048266067357,0
5543,1738.8116871921686,45.62291062180164,1,0.5499951690483821,0
5544,1734.3510477582563,44.09896921518678,1,0.5839708796838808,1
5545,1737.5178057875005,44.40747593708477,1,0.5466936491668466,0
5546,1735.2183426962358,45.36465008426259,1,0.5056380200004548,0
5547,1736.9166674037383,45.99510989220534,1,0.5776782623192357,1
5548,1735.4456284197881,44.81597354496584,1,0.5061746531577624,0
5549,1736.2878753497168,45.15163910588713,1,0.5022270238086588,0
5550,1735.775912350475,44.64945047893305,1,0.5129258060883641,0
5551,1736.855201517419,45.38820047843101,1,0.5184757841185073,0
5552,1737.700879060601,45.68452003671185,1,0.5578281241830735,1
5553,1738.1114120404438,44.36866403788997,1,0.5512019420712435,0
5554,1736.596121192701,45.38864205722954,1,0.5159703629393136,0
5555,1735.6629038042895,45.19168063083779,1,0.49758076378178107,0
5556,1734.5575735771906,44.527061536541595,1,0.5229317492164123,0
5557,1736.5965149354906,44.44141089213149,1,0.538348741592397,0
5558,1735.0422843225488,45.42020219298306,1,0.5148909789024112,0
5559,1737.9252637405846,44.48622447768338,1,0.5282235587094662,0
5560,1736.625504096328,45.58564869277038,1,0.5389756502376694,0
5561,1735.583944541599,45.63581014321637,1,0.5419382074785232,0
5562,1735.132147076984,44.851816934452756,1,0.5038670570821077,0
5563,1734.8549396019603,45.785261717389076,1,0.5619124832782652,1
5564,1738.0635176386236,44.915690786466264,1,0.5058448996638739,0
5565,1737.2757379120571,44.90222216008231,1,0.5056529344894192,0
5566,1736.4381079563102,45.09215238823711,1,0.503681781027188,0
5567,1735.730171825225,45.370032420962644,1,0.5078915851884025,0
5568,1737.0289881258102,45.31511147989587,1,0.5067091687072799,0
5569,1737.1133452719346,44.83312849538971,1,0.5084147482604819,0
5570,1735.9139997323464,44.43996983261166,1,0.5386546524915938,0
5571,1736.263547825003,44.86224243765852,1,0.5061977753755156,0
5572,1736.3799859823598,45.10379051094993,1,0.5047653359555979,0
5573,1735.7950698443601,45.46369602504063,1,0.5178616642368122,0
5574,1736.2924024553458,45.210588445555466,1,0.5017948945555398,0
5575,1737.5618625647342,43.952459824569424,1,0.5981275841964188,1
5576,1735.9606194931305,44.80177204331062,1,0.5067318033076548,0
5577,1737.7202788211903,44.70504056573914,1,0.5113327792933212,0
5578,1738.4663053053305,44.719405597550676,1,0.5103757605266072,0
5579,1734.2264415749694,45.1804340172382,1,0.5000661780410764,0
5580,1737.8960773128526,44.95832688227901,1,0.5061019643217372,0
5581,1736.2807759231064,45.04395629320392,1,0.5057739235950136,0
5582,1734.3628924675618,44.19530176731694,1,0.5719794542791907,1
5583,1735.7311061012651,45.344834238252695,1,0.5071171241974186,0
5584,1737.2308056531413,45.719571658332605,1,0.5605600836051142,1
5585,1736.8606158278988,45.37007502401871,1,0.5130625214174817,0
5586,1736.88665220448,45.08683272024952,1,0.5037884341132653,0
5587,1736.2289157358894,45.00499098376003,1,0.5046804822375132,0
5588,1737.0141662342248,46.04348846521045,1,0.5852410258436368,1
5589,1736.5759409915693,44.46377497356698,1,0.5331948637405401,0
5590,1736.912163841556,45.09664430059314,1,0.5050788275770258,0
5591,1735.0485260036294,44.83906642451598,1,0.5068800003459146,0
5592,1739.3373907951225,46.11636485432003,1,0.595711557608259,1
5593,1737.389050529094,44.6017934700618,1,0.5154408747303307,0
5594,1735.3952671465117,45.46931267176752,1,0.5162918657525585,0
5595,1735.519118469387,44.9557105601742,1,0.5023275479576365,0
5596,1735.7969170382896,44.06883151370956,1,0.586157566610337,1
5597,1738.8276338796045,45.18053346853729,1,0.5030299867782623,0
5598,1736.1272309969893,45.9576048625997,1,0.5762581722192388,1
5599,1736.9040175639625,44.02039022620673,1,0.5936249703485533,1
5600,1738.9696971673657,44.89242209836037,1,0.5063320249965677,0
5601,1737.0237041333917,45.293603267152626,1,0.50532835066683,0
5602,1735.784379721397,45.770690686452284,1,0.5575345329054227,1
5603,1736.368081826618,44.55400783070727,1,0.5236726022817074,0
5604,1736.1105281737998,45.202656840061266,1,0.5000441089291537,0
5605,1735.1093789257202,44.75714449952331,1,0.508075150251692,0
5606,1737.9585550359259,45.42816380849927,1,0.5223630583502799,0
5607,1738.0211042040812,45.30542015890706,1,0.5044264048691488,0
5608,1734.6235873287685,45.16244169880629,1,0.4981381735255541,0
5609,1736.433402106165,45.33019769003754,1,0.5054787207192492,0
5610,1736.7526974512004,45.10577078742599,1,0.5029649139064356,0
5611,1737.260022735287,44.73419499314497,1,0.5096189338235092,0
5612,1734.4571355026753,44.122408878675145,1,0.5796983662535764,1
5613,1735.9086078545934,45.179588454610446,1,0.49764426063810335,0
5614,1734.4900942843717,44.82325970251051,1,0.5059379630660251,0
5615,1736.0661873062204,44.753100684145195,1,0.5082332962449242,0
5616,1736.2785222214413,43.54082625821212,1,0.629488782381897,1
5617,1737.6286273039498,44.847606697972076,1,0.5041130735147817,0
5618,1736.6731704627684,44.090697527759446,1,0.5830908063633726,1
5619,1736.5060319274755,45.004153259702804,1,0.5046710582488276,0
5620,1735.4110220394796,44.026767248234904,1,0.5953018641377482,1
5621,1736.1294718013805,45.143105968357226,1,0.5014315626165247,0
5622,1737.4477318332686,44.795876497193085,1,0.507813390140712,0
5623,1735.8807112256573,44.857596071393885,1,0.503716560398295,0
5624,1735.0160933552143,45.66318077351309,1,0.5489168511994287,0
5625,1736.4626072113651,45.13841106765088,1,0.5028699614360379,0
5626,1736.0217401115233,44.86920765278889,1,0.5033726429566259,0
5627,1737.1653121570998,45.28963566570723,1,0.5048410976526658,0
5628,1736.8938666940137,44.91376016175209,1,0.5056608490119765,0
5629,1735.6030236729976,45.261486131696046,1,0.49747494118298174,0
5630,1735.5639877079984,43.31957268068303,1,0.6318262690251095,1
5631,1734.1162801095372,45.54277001325358,1,0.5333020403093937,0
5632,1737.1588727851636,44.20932147657673,1,0.5694606517168375,1
5633,1737.5792058732893,44.518747931468546,1,0.5239688365092022,0
5634,1735.3692811380408,45.48423671925362,1,0.5188882746488276,0
5635,1736.8799638922035,45.79870939124175,1,0.5660438881294018,1
5636,1736.4820273745804,44.57030273673709,1,0.5222236860195445,0
5637,1736.2617734450334,44.73757285677912,1,0.5100291463373888,0
5638,1737.7292113073024,44.34693899220334,1,0.552142173073807,1
5639,1735.5392783054172,44.14231260770075,1,0.5765975150224225,1
5640,1737.7017659359212,45.28938913404585,1,0.5033732888511575,0
5641,1736.5763724589717,45.046330493430645,1,0.5031861706256644,0
5642,1739.4359569903095,45.213538455445295,1,0.5047771085528234,0
5643,1735.7703909655181,44.70940311710609,1,0.5103217248264447,0
5644,1735.651103116511,44.86889424160388,1,0.5018554075587743,0
5645,1735.1941076334217,45.020509038254794,1,0.5029829949237906,0
5646,1736.148176981368,44.83691901017577,1,0.5062351191694449,0
5647,1737.6788136203818,44.98866500261627,1,0.5054213620277989,0
5648,1735.1229611097274,44.770368168973974,1,0.5080931896686905,0
5649,1735.7954528795783,44.66643336440218,1,0.5118930001946801,0
5650,1735.576746973143,44.682799698940556,1,0.5123127992882582,0
5651,1736.182131744901,45.336107480457244,1,0.5078823969175318,0
5652,1735.9125930356602,45.475879440475325,1,0.5201513177313246,0
5653,1735.4629087329358,44.94788202258545,1,0.5020937236687734,0
5654,1734.9549664855215,44.74678572349983,1,0.5100318025070322,0
5655,1738.1350856384252,45.036800816431736,1,0.5058622500628239,0
5656,1735.8835667122785,45.5507733727366,1,0.5344769439972425,0
5657,1735.9686682909514,45.46284673507188,1,0.5180678369049762,0
5658,1738.0834209860504,44.25335625191061,1,0.5625039348984783,1
5659,1737.93236411933,44.48950271339586,1,0.5282606198656769,0
5660,1735.666669344526,44.811885597821565,1,0.5053640617482625,0
5661,1737.962789161517,45.670978577960646,1,0.5564519614456994,1
5662,1736.7670074727241,44.99003470428621,1,0.5057122386141644,0
5663,1736.9333266108902,44.67551142956326,1,0.5135452029749032,0
5664,1737.2297553421452,45.23909605401055,1,0.5027422029419558,0
5665,1735.0459290767715,45.26603481405109,1,0.49795136144227936,0
5666,1736.7448290332825,45.36025043852253,1,0.5095157945939814,0
5667,1736.3860610903785,44.58939035961857,1,0.5185231414258914,0
5668,1737.10510405453,44.20866019593313,1,0.5703960646602163,1
5669,1735.793086521038,45.59557371735168,1,0.537682568967505,0
5670,1735.4549002267402,45.64122354925387,1,0.5420563357565554,0
5671,1735.5639032003799,45.477608806016136,1,0.5197710819591873,0
5672,1736.6800045186412,44.94432732214011,1,0.5015104445556506,0
5673,1737.3564001824234,45.52994391772171,1,0.5355180453770945,0
5674,1734.4308617605552,45.35443446255092,1,0.5056596089435897,0
5675,1736.2261136977238,45.40331747945019,1,0.5169529112907169,0
5676,1737.342247241226,45.84421503723475,1,0.5702581955164993,1
5677,1734.4778393601484,43.85857150495794,1,0.6071416287182733,1
5678,1736.6469905461256,44.549052096123255,1,0.5221188845867104,0
5679,1734.5886404897212,45.97315527639321,1,0.5736755965334353,1
5680,1734.79244022308,45.74487441149058,1,0.5550659214999528,1
5681,1736.662267409999,45.237601417107584,1,0.4988290164314351,0
5682,1737.1389760569002,44.94760258699571,1,0.5051092594510944,0
5683,1737.7709962970125,44.9355084234964,1,0.5034195056084184,0
5684,1736.7946621837657,45.290887520162286,1,0.5018380100832911,0
5685,1736.6800075910382,45.23333972601457,1,0.4988039839281609,0
5686,1735.6691968430434,45.71272376153223,1,0.5531810509475693,1
5687,1736.607745627402,44.56497711301992,1,0.5207600257755447,0
5688,1737.18849252822,45.386280743585495,1,0.5188607217490772,0
5689,1736.067106379893,45.17713209783375,1,0.49859284629231665,0
5690,1735.8287054686514,44.6850910368118,1,0.5113481269701105,0
5691,1737.7930526903683,44.8522487831373,1,0.5037216274054352,0
5692,1736.3015837035214,45.20284942652756,1,0.5013559314681,0
5693,1734.4922571155557,44.38310779728421,1,0.5483127103464068,0
5694,1736.535632927592,45.00239049003195,1,0.5046710582488276,0
5695,1735.5836885032386,45.027826967401,1,0.5036568411173382,0
5696,1736.9848955589287,45.05800567625455,1,0.5064817249619352,0
5697,1734.778935381174,44.735013589051476,1,0.5109075696439199,0
5698,1734.036598645759,45.072111796287714,1,0.5006107463418692,0
5699,1736.2740912636054,44.633907851182926,1,0.5154748872574536,0
5700,1736.7676460910573,44.68255365993622,1,0.5118533339173293,0
5701,1733.5769257234917,45.02853387765493,1,0.5042859518282516,0
5702,1738.7202640292862,44.62693215394266,1,0.5175662146580854,0
5703,1736.0801348578896,45.36377357177978,1,0.5084922055394739,0
5704,1735.0021723714412,45.151870490867125,1,0.5000254239571875,0
5705,1736.9040947484452,45.39994995478679,1,0.5188891374622535,0
5706,1735.4330465317469,45.270915223452086,1,0.4994874582332525,0
5707,1735.616535367676,44.85220381226126,1,0.5024677094307843,0
5708,1735.5839098272224,45.01452051391547,1,0.503119951608378,0
5709,1737.4551605443908,44.87822463267856,1,0.5037634924403717,0
5710,1735.2382065591294,44.142286167869834,1,0.577378279133536,1
5711,1735.7248419115097,45.38881214886526,1,0.5127845017399313,0
5712,1735.2493030047208,45.27630063799202,1,0.4989698042176403,0
5713,1735.3338272722578,46.10312856151204,1,0.5839460268494306,1
5714,1735.2518483426677,43.75728569882567,1,0.6176715949493816,1
5715,1735.3704068347924,44.30237687589523,1,0.5577844131245584,1
5716,1734.646196781673,45.07277064309824,1,0.5023231948252656,0
5717,1735.9318305974589,44.34231899178961,1,0.5521114961208455,1
5718,1736.3665476140004,45.072416268419445,1,0.504068557450284,0
5719,1735.762312599843,44.490711230652586,1,0.526457131174537,0
5720,1734.5652241740663,45.211385128920334,1,0.49812483389893464,0
5721,1734.3168543352851,44.63972649745472,1,0.5156229224990625,0
5722,1735.2287392782293,44.7949861195352,1,0.5076630253049798,0
5723,1734.9951432739454,45.30601126337351,1,0.5006665180104238,0
5724,1735.8662386365925,45.86232870284043,1,0.5685541090262678,1
5725,1736.712766584071,45.344695124369835,1,0.5075846835111482,0
5726,1735.6923423332805,45.969588068143004,1,0.5748710179620906,1
5727,1737.7269099563798,44.81649568167003,1,0.5061298520331627,0
5728,1734.8476174598763,45.11288656048043,1,0.5037868189102982,0
5729,1735.5697505085375,44.47265995120126,1,0.5302976487990052,0
5730,1737.709237724766,45.13880542166836,1,0.5032152175914331,0
5731,1737.9562575900834,45.66659290401262,1,0.5553364241687789,1
5732,1735.5597724790316,45.27073546121147,1,0.49936994584366984,0
5733,1734.6783215710227,44.527658943595355,1,0.5231178314058744,0
5734,1737.9739714674265,44.97626935616733,1,0.5070975901471172,0
5735,1736.236031022553,44.98010534941681,1,0.5064022991475637,0
5736,1734.9419617466203,45.53680493638295,1,0.531649316756681,0
5737,1735.7174592240597,46.012310094221554,1,0.5770257537555302,1
5738,1738.963142395511,44.81111191520916,1,0.5098152829805278,0
5739,1735.758403557243,44.55827916097127,1,0.5210956140516535,0
5740,1736.836206380819,45.417246641498366,1,0.518368471895516,0
5741,1735.0768742632304,45.401951945075865,1,0.5129436115269437,0
5742,1736.3315061210533,44.9078024780231,1,0.5049234277543521,0
5743,1737.1354164184734,45.991695628259926,1,0.5785301078373795,1
5744,1736.4744002023215,45.54055026610412,1,0.535509554290356,0
5745,1736.3536195577683,44.17896238299348,1,0.5740846093643195,1
5746,1735.724063750622,45.47051038908645,1,0.517474900796479,0
5747,1736.4739456435898,44.58921892101973,1,0.5184197263807858,0
5748,1733.215987931917,44.911548681556454,1,0.5053500787056171,0
5749,1735.4297764537828,45.71733009389305,1,0.5536877964772274,1
5750,1736.715649316142,45.37798255058642,1,0.5114779816976754,0
5751,1736.4576310668813,45.417686981531524,1,0.5178182851289638,0
5752,1735.723754517476,44.42106266188878,1,0.5428891954159607,0
5753,1737.3867836276033,45.7506899140118,1,0.5612695502020274,1
5754,1735.667665607045,45.92583044037214,1,0.5721959241657821,1
5755,1739.2217315947291,44.664756933240476,1,0.5175108609647492,0
5756,1738.1992259098874,44.62631528119864,1,0.5157305826290433,0
5757,1738.7864351542464,44.80723696065039,1,0.5098053075377479,0
5758,1737.9712436662705,44.96163963712339,1,0.5059307824466527,0
5759,1736.2566870542707,44.92257655730744,1,0.504601439228761,0
5760,1733.6085099839288,45.711469470194906,1,0.5500217064671601,0
5761,1737.824304317835,45.56751841234278,1,0.5406811513794133,0
5762,1736.6746786429703,45.820553444993855,1,0.5651378680556454,1
5763,1735.3156033294258,45.8822003252749,1,0.567372861805224,1
5764,1735.4828017601928,45.481768313197755,1,0.5191879385920856,0
5765,1734.8266080950964,46.1176311961152,1,0.5859444535338946,1
5766,1736.7811999938372,45.21890022359168,1,0.5003227816334158,0
5767,1734.1446984130923,45.09902340007932,1,0.502295864145292,0
5768,1736.9375068362278,45.315880404539094,1,0.5055608447380857,0
5769,1736.3726522017384,44.81901888419223,1,0.507900630151467,0
5770,1736.7223104760415,45.41156538691958,1,0.516892130411723,0
5771,1735.0529976840166,44.46555814902394,1,0.5345975921540076,0
5772,1736.369991772562,45.58441328591699,1,0.5395391417859186,0
5773,1735.5240856507473,44.44227504550011,1,0.5396599447654437,0
5774,1736.2146967906463,45.055567022284755,1,0.5037418926204466,0
5775,1734.7502950031812,45.60918373090223,1,0.5390406390043267,0
5776,1735.5496614099684,44.39155865714429,1,0.5480743073166651,0
5777,1735.548012957479,44.826698861743466,1,0.5055013233558137,0
5778,1736.6654347549968,45.209872035805645,1,0.5004612512299871,0
5779,1734.7041171651622,46.307011306633484,1,0.5935364537745837,1
5780,1733.5628551554894,44.76019721905016,1,0.5077490433961983,0
5781,1735.2970140225918,45.43759511100546,1,0.515248281839747,0
5782,1734.9885249471731,44.846681915335104,1,0.5064201859470575,0
5783,1735.3568728665762,45.40643582931071,1,0.5129638950489355,0
5784,1736.490642092703,45.26002369899318,1,0.5015238926663566,0
5785,1734.9665850802621,45.37306400754036,1,0.5064036965433686,0
5786,1735.872315655112,45.068369090709226,1,0.502138482272303,0
5787,1735.017152291445,44.660964752958535,1,0.515580991334388,0
5788,1735.4532978469747,44.98928579439104,1,0.504767438743341,0
5789,1736.1034150535415,44.94377178168496,1,0.5022852520812816,0
5790,1735.382228829071,45.587046289003176,1,0.5351737987334491,0
5791,1737.0658088806877,44.014342544133655,1,0.5950150664097701,1
5792,1736.5285864696937,45.05716370160707,1,0.5045499331446177,0
5793,1736.379402217497,43.81372111051962,1,0.612070522283202,1
5794,1734.5668716129007,45.273496137684745,1,0.4987816964315908,0
5795,1735.6547523542476,45.28845913344729,1,0.500063679728181,0
5796,1736.8442328631768,44.5125476778058,1,0.5245036676875287,0
5797,1737.8834889322245,45.622381991843014,1,0.5487776121286295,0
5798,1733.8258542031506,45.52177722834738,1,0.5282823623668536,0
5799,1735.971476688096,45.29258570437026,1,0.5002176085739247,0
5800,1735.525396165572,45.798765464759256,1,0.5626467162545974,1
5801,1735.3486904016456,44.591840369482476,1,0.5177245110635627,0
5802,1737.2010568304263,45.823788637555275,1,0.5687878797853348,1
5803,1735.732106552952,45.16105840982035,1,0.4983103197153698,0
5804,1734.1505629887772,44.72893966208007,1,0.5096025476384725,0
5805,1737.0962715689982,45.84181399613511,1,0.570437028077977,1
5806,1735.210379644662,44.19070337550567,1,0.5727093640376003,1
5807,1735.2760916911254,44.43638197816221,1,0.5418660170297861,0
5808,1735.690934275851,45.113680793837936,1,0.5012147526721044,0
5809,1735.7666658806802,44.2259254879529,1,0.5679413241196669,1
5810,1736.3104721829275,45.69064995007927,1,0.5545191927111859,1
5811,1736.1550720397315,45.398966585374254,1,0.5160511321266092,0
5812,1735.8793133565541,45.17779454204683,1,0.49764426063810335,0
5813,1736.7144145731597,44.55607380265362,1,0.5214390125367241,0
5814,1735.9236710165515,45.788360639265804,1,0.5630887741420885,1
5815,1736.4520472255806,45.37409779248334,1,0.5110551624940419,0
5816,1735.8441909776886,45.23660136738403,1,0.49756378829235454,0
5817,1735.6402633915416,45.5182467009598,1,0.5290789060361847,0
5818,1735.1250081838086,45.130919283718825,1,0.500317664042275,0
5819,1737.473126841403,45.509895599082085,1,0.5337882594096081,0
5820,1735.3230828441974,44.98171403953339,1,0.504668639666708,0
5821,1736.7842919533412,44.799133990450436,1,0.507423888459509,0
5822,1736.9497512479777,45.62736944871277,1,0.5472385267345017,0
5823,1736.2842862109796,45.80995011232323,1,0.5662139611308964,1
5824,1736.5711239696536,45.154840012402104,1,0.5005824242898131,0
5825,1737.6194228048969,45.74686844002505,1,0.5620132141287784,1
5826,1736.3189185660449,45.68202003109151,1,0.5535299588267004,1
5827,1736.0116394168056,44.5129327843315,1,0.5248110887362012,0
5828,1736.8966363006514,45.14931206447644,1,0.5026438133459146,0
5829,1735.7487718159286,44.346709924348765,1,0.5516067133323959,1
5830,1735.5844697105688,44.7505838808322,1,0.5083142530151892,0
5831,1737.541875512026,44.92197855560947,1,0.5046540355391183,0
5832,1737.5879718679491,43.62134111160641,1,0.6268342339332036,1
5833,1736.6337968891185,45.4081241076876,1,0.5176283633727683,0
5834,1735.5794685366031,43.98498163861614,1,0.596309648950768,1
5835,1734.6464612417597,45.34780191511364,1,0.5048836527909855,0
5836,1735.3738036069665,45.17103772978832,1,0.49834667032316077,0
5837,1735.3153285176368,44.726941036405684,1,0.5101158852469377,0
5838,1735.2647764017124,45.63248055307208,1,0.5400857794127603,0
5839,1736.6749318538773,44.09987026557934,1,0.5796810553975289,1
5840,1735.9426843052422,44.93848973563263,1,0.5019976164323182,0
5841,1736.2797584262944,45.295256712714696,1,0.502863801396258,0
5842,1734.9571322859508,45.39059821756288,1,0.5113546949830002,0
5843,1734.4159692107603,45.856955366502795,1,0.5660826720883243,1
5844,1734.778603990796,45.13503905342802,1,0.5005901255444452,0
5845,1735.110886841443,45.414016783676445,1,0.5138022738387643,0
5846,1735.537942726053,44.856885382423435,1,0.5033786580028243,0
5847,1735.8950107073929,45.62580578105931,1,0.5419872579985512,0
5848,1736.4517087618979,45.10455418904534,1,0.5048100843521283,0
5849,1737.6962151176842,45.74863591055358,1,0.5623935932434888,1
5850,1734.7788184437563,44.95999501788287,1,0.5040270194336369,0
5851,1736.1196901099038,45.18443264455381,1,0.500596374108322,0
5852,1738.1810268539969,45.420398160717426,1,0.5214292096299599,0
5853,1735.38358581199,45.3397133762052,1,0.5042469630793639,0
5854,1735.187327552938,44.14578016983972,1,0.5771829890469078,1
5855,1736.145515985064,44.59465796856681,1,0.51700405874939,0
5856,1733.9951530268474,46.09010028550117,1,0.5844698339509342,1
5857,1733.7362805748126,45.27636757177449,1,0.5006324669850237,0
5858,1734.5810765176416,45.78210158316143,1,0.5606883622833134,1
5859,1735.9394327892321,45.06743507692538,1,0.5026056518183075,0
5860,1734.2071400193536,44.70204920579248,1,0.5152448299326017,0
5861,1734.456931401285,45.696153416800925,1,0.5500113234710586,0
5862,1735.7791883720652,45.695043326251664,1,0.5515182199197696,1
5863,1737.3481691546322,45.077214686517785,1,0.5049670586541564,0
5864,1735.2398009139847,44.894741034672855,1,0.5026943934820474,0
5865,1734.9871077791613,44.61195203882862,1,0.5159695298084633,0
5866,1735.8173534216655,45.191275032326274,1,0.49825948847167434,0
5867,1734.615249250234,45.10525518754303,1,0.5026420746979873,0
5868,1735.2395992188438,45.404060785677274,1,0.512770115560866,0
5869,1737.4289633468284,44.75502129537128,1,0.5075404515397148,0
5870,1736.1584599770433,45.108493750669666,1,0.5047017244547911,0
5871,1734.5203129461283,44.43640426488474,1,0.5396322460142688,0
5872,1734.3979937312056,44.43686695730632,1,0.5404741351355996,0
5873,1736.4569959831008,44.90750011049856,1,0.5049681901660178,0
5874,1733.838099857205,45.49100592903385,1,0.523191588311851,0
5875,1736.6639743904036,44.2490951721233,1,0.562407664117232,1
5876,1735.951172512531,45.49077098490368,1,0.5247056725067571,0
5877,1735.8015172739558,44.31545464572635,1,0.5557654448487181,1
5878,1734.6189835997973,45.18792760586035,1,0.49784667888382017,0
5879,1737.7756869322545,44.736710776316286,1,0.5089202051305398,0
5880,1734.142217314085,45.34652584993427,1,0.5071546188258893,0
5881,1736.5576046153085,45.28093740741084,1,0.502819880333483,0
5882,1736.0813356819458,45.449545581764305,1,0.5179440067394249,0
5883,1736.9804931428428,44.75629756473808,1,0.5104990753694816,0
5884,1734.4213775370129,44.99733437817963,1,0.5046111298941335,0
5885,1735.4043504465376,45.06194374211653,1,0.5026343120477028,0
5886,1734.4093259246822,44.58427748820837,1,0.5179862497698597,0
5887,1735.239833580132,45.14615883325604,1,0.49926896570958346,0
5888,1735.9756677384805,45.47926029497895,1,0.5201450246129338,0
5889,1736.4721603149255,44.58527473623863,1,0.5186317167475931,0
5890,1734.9918117846066,44.713919305699875,1,0.5114901933596814,0
5891,1738.1539374641113,45.281502508065216,1,0.503151148098435,0
5892,1733.4179409386322,45.31077769516909,1,0.5026912545952329,0
5893,1734.7856922270494,44.46115710572333,1,0.5361610847943515,0
5894,1733.8060049712815,45.478955651616396,1,0.5177312483359312,0
5895,1735.6602327976582,45.164671354651894,1,0.49806953944370375,0
5896,1734.4292284715107,44.067975393776386,1,0.5882843523561654,1
5897,1735.793850190932,44.64258441912061,1,0.5133780423188627,0
5898,1733.8189776506765,44.315246572201524,1,0.5539183267870894,1
5899,1734.602273460354,44.320426041121024,1,0.5538136843742821,1
5900,1737.36859038558,44.87550401949633,1,0.5046856045498559,0
5901,1736.0991560866375,45.63745359567185,1,0.5430445237450948,0
5902,1735.421767573868,44.44068057595898,1,0.5400251948465342,0
5903,1735.6199408891816,44.24590500975474,1,0.5651609471284007,1
5904,1736.9535143254163,44.71421912071483,1,0.5122141274195713,0
5905,1735.9909868099314,45.33144673510623,1,0.5049830462207517,0
5906,1734.5326626705526,44.07919629241554,1,0.586472771983988,1
5907,1734.4796533157257,44.486293410022235,1,0.5285643810729502,0
5908,1736.7115995423742,45.24898502313373,1,0.4985614164642012,0
5909,1735.3286885263992,44.4394196606781,1,0.540916987836194,0
5910,1735.8298300296804,44.4883855512082,1,0.5268662452258782,0
5911,1734.9856175084328,45.091177559107834,1,0.502047909406089,0
5912,1737.3282690889844,44.79338660245458,1,0.5094406338400359,0
5913,1734.1596131426777,44.935130364427465,1,0.5017243394135521,0
5914,1736.1144122600515,45.48248542328726,1,0.521378214685099,0
5915,1734.6326731923937,44.03715294660474,1,0.591799842359381,1
5916,1736.7330589305982,45.12822622796539,1,0.5009401110034752,0
5917,1735.318350922149,44.46413250405377,1,0.5359924190347103,0
5918,1735.6545196835586,44.062573962412955,1,0.5887416295269027,1
5919,1736.5090106793343,45.65482049887199,1,0.548465704806682,0
5920,1735.3077116943002,44.849878251799346,1,0.5034705614805005,0
5921,1736.5968283465172,44.68668530253366,1,0.5115115311797834,0
5922,1732.8184797862589,45.25909193120046,1,0.5007587426534856,0
5923,1734.5826673508107,45.720049313744816,1,0.552718950787032,1
5924,1736.1406980922357,44.7640645537283,1,0.5080143853882255,0
5925,1735.1250040773084,45.186614538341004,1,0.49812506513043986,0
5926,1735.7691187101261,45.15609353601933,1,0.4983103197153698,0
5927,1737.5845808948072,44.96864580951655,1,0.5058257581769761,0
5928,1733.451395076422,44.86459177801415,1,0.5053735915335135,0
5929,1735.4316839081505,45.30013119229323,1,0.5020605967220872,0
5930,1733.0597382444614,44.827578266388024,1,0.508492340015035,0
5931,1735.9536466115956,44.47985309687123,1,0.5279485524610308,0
5932,1734.647720395812,44.44987366142065,1,0.537093227032611,0
5933,1736.0797367143005,45.349922143469136,1,0.5085288099885014,0
5934,1736.5284423906712,44.197910052335175,1,0.5694320747392377,1
5935,1736.4834234891964,45.14687017196634,1,0.5023470963545196,0
5936,1734.589103168976,44.68177755107422,1,0.5120691580982624,0
5937,1738.1521887426593,44.302912929453264,1,0.5566457721094646,1
5938,1734.9832059548055,44.73673977406849,1,0.5104902476331326,0
5939,1735.4237373338347,45.29479383087443,1,0.5003596220901094,0
5940,1734.7383132891794,44.919353510843656,1,0.5029480229887174,0
5941,1735.2710129463524,46.28312779619969,1,0.5925333557614288,1
5942,1735.8865455308999,44.89373057915402,1,0.5032251436617524,0
5943,1736.5127648700548,45.13092177786491,1,0.5030214141078663,0
5944,1735.4856750532258,45.00455565803117,1,0.5029605620699323,0
5945,1734.0683887761488,44.69645272481925,1,0.5128043010723762,0
5946,1735.7238840671143,45.021108644410546,1,0.5020975802894747,0
5947,1734.9509072042772,45.33557733930278,1,0.5035650913392264,0
5948,1736.3916087353737,44.857064138108214,1,0.5054519638943519,0
5949,1734.039039245951,44.99428857714229,1,0.5029991713850994,0
5950,1735.6590936091957,45.71260763314402,1,0.5531810509475693,1
5951,1734.3631014426705,44.55755168482996,1,0.5242444140023027,0
5952,1735.588707131399,45.291436058691275,1,0.5008676845669718,0
5953,1734.70224495176,45.32861171060304,1,0.5008075416639131,0
5954,1737.7607063467078,45.36551547305109,1,0.5143772213114158,0
5955,1735.876016083734,44.772621158625185,1,0.5076353074453565,0
5956,1733.1945929358387,45.820641773307514,1,0.5615047655455165,1
5957,1736.979757734233,45.57929123745212,1,0.5404287980400498,0
5958,1734.8269173684387,45.38633532603946,1,0.5094214716312349,0
5959,1735.717433489761,45.05856662454889,1,0.5020517876094849,0
5960,1734.2803729079897,45.78416844177182,1,0.5622754957198655,1
5961,1735.7852704913614,45.25264833111893,1,0.49791013494594283,0
5962,1735.3124525129442,46.04038416876871,1,0.5796621160221465,1
5963,1734.125663128814,44.27646461741778,1,0.5612542918212626,1
5964,1735.651675713342,45.06747193112795,1,0.5020545960132549,0
5965,1735.6493517680515,44.58627779201302,1,0.5152994686845851,0
5966,1735.6659871738932,44.962688287649165,1,0.5027017868854565,0
5967,1733.9003283197685,45.27049236571932,1,0.49920581225274935,0
5968,1733.8198386530225,44.46863768345985,1,0.5314422864410783,0
5969,1734.8352721672195,45.24559207386748,1,0.49605508385537467,0
5970,1735.9306431722873,44.75861934267686,1,0.5069232759834926,0
5971,1733.4487369949295,45.32952583016956,1,0.5039710958702939,0
5972,1735.2201483623785,45.32390655445176,1,0.5017462496315324,0
5973,1733.8120921300263,45.5651657895946,1,0.5318004869825484,0
5974,1736.416916447084,45.428737498553886,1,0.5187555777281858,0
5975,1735.6706905841872,44.84227160726804,1,0.5046534236555794,0
5976,1734.8976816732545,45.07825817208176,1,0.5035695731328932,0
5977,1736.8241381541284,44.58546642297927,1,0.5167663581521793,0
5978,1735.5099255589382,45.45577188661793,1,0.5157940413826325,0
5979,1733.0986515120667,44.81582248023747,1,0.5083552206329481,0
5980,1733.3935776416947,44.63550169994083,1,0.5151454044145478,0
5981,1734.7507912584167,45.49423106756797,1,0.5234622417233025,0
5982,1737.3711315920118,44.01708692678772,1,0.5948728440810898,1
5983,1735.268281592243,45.39182188722331,1,0.5113546949830002,0
5984,1734.4331963911695,45.06494737172905,1,0.5039149940365085,0
5985,1734.3065561790777,45.45051653159713,1,0.5171313359698159,0
5986,1735.494617606875,45.213048173353954,1,0.4990007249349109,0
5987,1734.042678754202,45.040848084134026,1,0.5028633738550273,0
5988,1734.6693760654173,45.43375589516964,1,0.5134944152185832,0
5989,1735.0365819108401,45.01273425653282,1,0.5032927962103082,0
5990,1735.1780890054808,43.80673525870205,1,0.6146851488381186,1
5991,1735.1365194499344,45.00410238126089,1,0.5027877036154373,0
5992,1736.8601177373355,45.13479378475185,1,0.5032022904037378,0
5993,1736.7104611842058,45.66174898414516,1,0.5504994630618115,0
5994,1736.3333177296574,45.84036192552696,1,0.5684377662571974,1
5995,1733.7040398003603,45.406308016675624,1,0.5125692533297639,0
5996,1736.0801144283305,44.65748243443714,1,0.5139600742725855,0
5997,1735.4185685950722,44.71955884395495,1,0.5096941988975353,0
5998,1735.577000879103,44.3053601792951,1,0.5572186163298773,1
5999,1735.5925647153058,45.044738939770816,1,0.5046079090293784,0
6000,1735.1107093731587,45.024633444504886,1,0.5038245088405705,0
6001,1737.3346840687313,45.37099244609609,1,0.5152488245093492,0
6002,1735.4980914815,44.328524887878984,1,0.5540503502712761,1
6003,1735.8732523993385,44.86067878176608,1,0.5044598112328608,0
6004,1735.9634661956516,45.25631710110508,1,0.4987404764912949,0
6005,1735.5017815309475,45.265765485645574,1,0.49826609161186264,0
6006,1735.6416175349527,44.85385105004764,1,0.5030132023225166,0
6007,1735.0029240113886,44.81524916915511,1,0.5076274466057027,0
6008,1734.8612350244562,45.583707792485455,1,0.5354475845074228,0
6009,1734.5659499572878,44.52833985515749,1,0.5227548749031657,0
6010,1734.8105740134647,45.04833281555331,1,0.5038732209955578,0
6011,1734.4752349894413,45.489884801036744,1,0.5240590970516192,0
6012,1734.9420717291862,46.005010224507906,1,0.5751225989987333,1
6013,1734.9933552787209,45.09899588993638,1,0.5027676570807771,0
6014,1733.1483116200293,44.89259737931893,1,0.5043033030071487,0
6015,1735.4448897169377,45.14957508279898,1,0.4995209371425867,0
6016,1735.6470925598235,44.615780254192664,1,0.5132981524057002,0
6017,1734.143726423385,44.77776580940154,1,0.507959727224974,0
6018,1737.245396779758,44.83954416142331,1,0.5070524544786184,0
6019,1734.6026649794662,45.38253091848532,1,0.5061924948659379,0
6020,1736.5414972219567,45.16324677392937,1,0.5019533033059038,0
6021,1734.4203976152874,44.853373075790095,1,0.5046743266212564,0
6022,1734.315597722603,45.68795518468016,1,0.5501456619612608,0
6023,1733.7717967031067,44.86019704491695,1,0.5042059027502984,0
6024,1734.8025652992765,44.52379064039721,1,0.5245403460668748,0
6025,1735.039065801963,44.59094994478166,1,0.5183682063672832,0
6026,1733.1675866442486,45.17509017662652,1,0.5010422447448337,0
6027,1736.4504215013815,44.91416957628351,1,0.504984546068607,0
6028,1735.8676673004782,44.02913743294606,1,0.5939026114160835,1
6029,1735.8079336499452,44.758071995929626,1,0.5065980278395306,0
6030,1735.1230463935121,44.291417020434615,1,0.5598258826216441,1
6031,1735.7579475338941,44.60170075556904,1,0.5131245365211542,0
6032,1734.9448248139347,44.71741456629875,1,0.511788228362172,0
6033,1738.0849285635109,45.65509327911469,1,0.553542460199783,1
6034,1735.4327139799013,45.372891712123945,1,0.5071228265950789,0
6035,1735.5809765111205,44.57693486285782,1,0.5186291969188195,0
6036,1736.20680716874,44.83076732711928,1,0.5073711617274681,0
6037,1734.8168395446633,46.031525018541636,1,0.5784399946302033,1
6038,1734.7480491729127,45.09559928788254,1,0.5030268235036909,0
6039,1734.8094854999615,45.47457744997093,1,0.518279335678211,0
6040,1733.9110005773064,45.05761889800582,1,0.5006695955960261,0
6041,1734.6027563197456,45.377674451008936,1,0.5060466770739326,0
6042,1735.680629818486,44.50816667906364,1,0.5239287191302263,0
6043,1735.2795538409855,45.670034588402416,1,0.548532962889729,0
6044,1735.4813875011164,44.680626526520854,1,0.5141933253712782,0
6045,1737.270846317117,45.18743016995287,1,0.5036255446404273,0
6046,1735.1470253022271,44.570145882279384,1,0.5214656772533643,0
6047,1734.943821539247,43.74394134608197,1,0.6199743716828713,1
6048,1733.758367452737,44.81037675280802,1,0.5069561660057141,0
6049,1733.6894349742759,45.269986496753354,1,0.4998712329030305,0
6050,1734.4680492966177,45.687836435935075,1,0.5491498055257394,0
6051,1735.287475186002,44.332381450564206,1,0.5531888954439502,1
6052,1735.162153105648,45.30257051356519,1,0.5001586595898063,0
6053,1735.1808549577609,44.830199463070116,1,0.5060954167762457,0
6054,1736.328907045789,45.22732475743533,1,0.5012608095118316,0
6055,1735.6368381746743,44.16879145222567,1,0.5729414848894167,1
6056,1734.2895463596772,44.01723680405359,1,0.5962355980236344,1
6057,1735.792166833459,45.41795808947037,1,0.5146675971393315,0
6058,1734.1832068590993,44.572507730778675,1,0.5203462422386939,0
6059,1734.8151861163024,44.695555726706054,1,0.5148515669956597,0
6060,1734.3460998985895,44.79579753471776,1,0.5081798680778425,0
6061,1734.2214252675583,45.27675528564126,1,0.5004159194760636,0
6062,1735.507282045735,44.741052651770026,1,0.5096835294071074,0
6063,1734.629324296478,44.7614484825757,1,0.506535470708729,0
6064,1733.171481463115,44.919725203258984,1,0.5046952194056618,0
6065,1734.2285877909276,44.516702724535406,1,0.5250732231758222,0
6066,1735.2641356425033,45.296755711976566,1,0.49943266132666914,0
6067,1734.819721359403,45.62816113986747,1,0.5399879418101959,0
6068,1736.2154013089703,45.583712814719426,1,0.5386827823945014,0
6069,1733.5452065316101,45.12053331518948,1,0.5002755571730203,0
6070,1735.8950559350355,45.1006846507201,1,0.5024328516732468,0
6071,1734.2040002061578,44.46655530868872,1,0.5338004352174525,0
6072,1732.6441142740234,45.04006505580245,1,0.5060313180645968,0
6073,1736.7484241233014,44.948635758521085,1,0.5022367804320212,0
6074,1735.8686206597094,45.63803980001209,1,0.5432229858703261,0
6075,1734.786283348996,45.18752921809586,1,0.49867848365555467,0
6076,1734.9846730505387,45.31237575215141,1,0.5011497418825015,0
6077,1733.6133349933948,44.5985602006049,1,0.5155817607900737,0
6078,1733.9925530066403,45.40092440695016,1,0.5118710845220728,0
6079,1737.028276905088,44.738775762533315,1,0.5107259528668702,0
6080,1732.807636845374,44.79772921919796,1,0.5097920973622126,0
6081,1735.4204116159067,45.09057677310781,1,0.5024004756861631,0
6082,1733.5086801968848,45.55220542961111,1,0.5308039630612899,0
6083,1734.4255781517893,44.42515526625561,1,0.5423451354734327,0
6084,1735.245669631834,45.04304019391776,1,0.504378682594207,0
6085,1736.193519655366,44.57474695436929,1,0.5205335771913455,0
6086,1734.444060375258,44.769515607200205,1,0.5073749032545087,0
6087,1733.1701609611082,44.84896432496764,1,0.5066775401049112,0
6088,1735.8052150452224,45.38876634173661,1,0.513392839660786,0
6089,1733.9476156359992,45.04202360412624,1,0.5021939701142082,0
6090,1736.1672716979988,44.72584185400452,1,0.5101779334580303,0
6091,1733.7000628039468,45.328978904064165,1,0.5034181640457617,0
6092,1734.3741508831552,45.12649098811469,1,0.5016925114925822,0
6093,1736.135185289319,44.6402267603815,1,0.5152430268920525,0
6094,1734.8317360090323,44.7198622407486,1,0.5108307330384897,0
6095,1731.5202376181937,45.58582466348128,1,0.5351816091132678,0
6096,1736.1160020912148,45.452971791733795,1,0.518145255134624,0
6097,1735.3795136578608,44.765698517232096,1,0.5072112803701888,0
6098,1734.5734057674097,44.63184242521806,1,0.513806011851833,0
6099,1732.8357756578914,45.76316114375401,1,0.5546905784852411,1
6100,1733.4628271741183,45.39839327845721,1,0.5116131089822261,0
6101,1734.8035745109576,45.342199930774015,1,0.5041055870639528,0
6102,1734.28566393027,44.31663292604688,1,0.5558785118444094,1
6103,1732.4756360541373,44.984439450047695,1,0.5066209592770087,0
6104,1734.4492874983137,45.23494125082361,1,0.49738890149531934,0
6105,1735.1502990010313,45.96212468436749,1,0.5731122877510262,1
6106,1735.9028537582496,45.704814816504886,1,0.5536703498066696,1
6107,1734.5510399715495,44.358513587190096,1,0.5504722425975574,0
6108,1733.1541401574284,45.247900404457326,1,0.49972449467628005,0
6109,1734.2986328751865,44.58462647190108,1,0.5181573624622146,0
6110,1732.979231753872,44.42059672293269,1,0.5430604308469426,0
6111,1735.2079181048714,45.13406338550609,1,0.49975486922400036,0
6112,1736.2912424028505,44.92215693753694,1,0.504601439228761,0
6113,1734.1125436105688,45.7264976876434,1,0.5537600421529739,1
6114,1732.679004765256,45.41857455224089,1,0.5145408936863449,0
6115,1735.0121476636346,44.5820541104555,1,0.5190442719849756,0
6116,1734.4027647268729,45.14864768983232,1,0.5004025672796828,0
6117,1735.18906509187,45.42296983855626,1,0.51402079457819,0
6118,1733.1769035706966,44.551809020062244,1,0.5247023645936025,0
6119,1734.5849789704225,45.579452162056775,1,0.5331372280488504,0
6120,1733.7174190347853,45.03506769707033,1,0.5047069877565622,0
6121,1733.5431697103068,44.340533808770836,1,0.5503044146770113,0
6122,1735.6603535102618,44.84602411299653,1,0.5046534236555794,0
6123,1734.850307587821,45.018677848324195,1,0.5049819602279816,0
6124,1736.142286788807,45.29268798057505,1,0.501717732411495,0
6125,1734.048265134547,45.19638235637432,1,0.49876508006320214,0
6126,1734.6912278453092,45.401998193405866,1,0.5112916204728214,0
6127,1735.2768838096317,44.56415370247027,1,0.5224547545766981,0
6128,1735.5253328291014,45.62736763656016,1,0.5406184570680083,0
6129,1734.226271356296,45.105302406074365,1,0.5047792386210189,0
6130,1736.451135118489,44.84778078009246,1,0.5055693594803264,0
6131,1733.363625288632,45.21144980557146,1,0.50127545466532,0
6132,1736.95705199013,45.05109260957153,1,0.5054862234147192,0
6133,1737.4593284178475,45.002523047377,1,0.5041449899576221,0
6134,1736.4620659848665,45.43481374708756,1,0.518781103936334,0
6135,1734.5553619780885,44.57507029930593,1,0.5184764143150763,0
6136,1733.4304870692677,44.53872672700111,1,0.5245366297712307,0
6137,1733.190847248444,46.09186156684981,1,0.5834995988684933,1
6138,1736.5379461048528,44.95899020894795,1,0.5053933403299502,0
6139,1735.7957477754678,44.804950112547495,1,0.5055794967492654,0
6140,1735.5763392589893,45.041203309425256,1,0.504666569693642,0
6141,1733.8929834385658,45.901609724781444,1,0.5695849215529307,1
6142,1736.1846361837427,44.69070682051088,1,0.5132474232309219,0
6143,1737.9857847336398,44.77585792274493,1,0.5090291610757292,0
6144,1732.306139313212,44.49752377681715,1,0.532535874528086,0
6145,1734.7343646589954,44.70134574765038,1,0.5144653906976314,0
6146,1733.9375901339847,45.84776493969107,1,0.565279860419132,1
6147,1733.9213867174935,44.759866558011694,1,0.5054876147496156,0
6148,1735.0530495759704,45.198929283988626,1,0.4984380415079304,0
6149,1735.7395864734463,45.43024375566295,1,0.5150756772072121,0
6150,1735.7195134419112,45.51822651665177,1,0.529410426219754,0
6151,1734.1028483697214,45.43690231563116,1,0.515768403136074,0
6152,1736.7390256184433,45.918685851601865,1,0.5743638767466881,1
6153,1734.467068278576,45.09714928667724,1,0.5027614485871754,0
6154,1734.5573087223088,45.39178606897609,1,0.5109633821315577,0
6155,1735.9780378137334,45.040513088921564,1,0.5043739257309968,0
6156,1733.952678751479,45.21958063824869,1,0.49753637279583396,0
6157,1734.7924698722754,44.65886622952646,1,0.5152770835832343,0
6158,1733.0970403528065,44.316195902726484,1,0.5549249399217797,1
6159,1734.4543186349879,44.68130228387268,1,0.5139367799028723,0
6160,1737.0425059195857,45.07454392350899,1,0.5059303295410552,0
6161,1736.3528076446978,45.70344407511571,1,0.5564614928197011,1
6162,1734.5844339653584,44.087030115109116,1,0.5846148354586534,1
6163,1733.9653134110317,45.29485101917361,1,0.4997161428778428,0
6164,1734.8316583424923,44.88964893023177,1,0.5031839654245285,0
6165,1735.684187832051,45.0192788149587,1,0.5024510587045081,0
6166,1738.940276717563,45.390063651620125,1,0.5205357364321169,0
6167,1733.2003703914493,44.58662170771326,1,0.5187166326974173,0
6168,1734.9484809995374,45.558754856670774,1,0.5330686032330054,0
6169,1734.853269140858,45.17730775813715,1,0.4979764358343687,0
6170,1732.897145515049,45.42212270116443,1,0.5150511432342243,0
6171,1734.8883168675836,45.59118020499267,1,0.5368433557386336,0
6172,1734.6186719525617,44.10265619403235,1,0.5815895348329225,1
6173,1735.0306902051439,45.1929966718453,1,0.49840307261298933,0
6174,1734.6450676555003,45.20041761431133,1,0.4978776229376459,0
6175,1732.8430939836257,44.62295039331762,1,0.5170732132442915,0
6176,1734.482771437355,44.95314220843336,1,0.5033601900580003,0
6177,1735.851723590144,44.78344164085134,1,0.507291964506956,0
6178,1734.8765124034746,45.16266782032721,1,0.49917023882846095,0
6179,1737.062718514338,45.82675422574967,1,0.5687593365691342,1
6180,1733.5412460300179,45.46723556348872,1,0.5162305738485792,0
6181,1735.4260330228465,45.28729822395808,1,0.5003596220901094,0
6182,1734.1711804432546,45.30536282464615,1,0.5010695386565871,0
6183,1735.9841091865321,44.55560182403601,1,0.5226714072738808,0
6184,1734.239974434641,45.56837429969788,1,0.5347949440657671,0
6185,1736.0990184303782,45.12075720583244,1,0.5019799770805531,0
6186,1735.0538945340863,44.360013260994,1,0.5535588456180592,1
6187,1735.4712403276285,44.26834699895025,1,0.5632016366000937,1
6188,1732.1627400206287,45.045204297199604,1,0.5064917250713104,0
6189,1734.9592400924453,44.449769516390155,1,0.5384572557398412,0
6190,1734.8463752841092,44.49089756682032,1,0.5295551609541541,0
6191,1734.6134993408757,45.11545583681149,1,0.5020181373767404,0
6192,1734.2874376444495,44.39668741844567,1,0.5459116727178608,0
6193,1735.6064798660723,45.124052187632785,1,0.49968627525093845,0
6194,1732.7069031530134,45.049538908652195,1,0.5041447501299928,0
6195,1733.71818774431,44.54782398387893,1,0.5239185013114829,0
6196,1735.349211264562,45.26373682309094,1,0.496599900185161,0
6197,1735.5569293783003,44.41567958013386,1,0.5464015641186869,0
6198,1735.6136150712255,44.58722290841347,1,0.5152994686845851,0
6199,1732.921587702086,44.049053766308425,1,0.5911649047307397,1
6200,1733.6119411496318,44.910765076161425,1,0.5039476073389528,0
6201,1734.6751633931044,45.85228105744076,1,0.5644678237153731,1
6202,1733.8738117363052,44.25867966590008,1,0.5624673972851207,1
6203,1732.8321742117819,45.213319655883616,1,0.5022171770246383,0
6204,1734.558186385995,44.84788523789621,1,0.504138813037463,0
6205,1734.1276661493978,44.831605626827745,1,0.505242304904698,0
6206,1734.5725457478998,44.6732340294661,1,0.5132277267924655,0
6207,1735.7482303667462,45.51130028117813,1,0.5282460174722707,0
6208,1733.3594275164066,44.64605393810982,1,0.5157130297699448,0
6209,1733.660644479612,44.96231347054147,1,0.5032516385162181,0
6210,1733.6688854201154,45.01978617375192,1,0.502557568848619,0
6211,1735.3381088193576,44.118666783810276,1,0.5802494001447147,1
6212,1734.4134048848402,45.31740014093788,1,0.5017080356119511,0
6213,1734.3413185052884,45.03909356813508,1,0.5061615102452353,0
6214,1733.5532524178122,44.484558019510146,1,0.5272300811517998,0
6215,1732.8733605708517,45.11022781882473,1,0.5034777165565756,0
6216,1735.7804354327973,44.764476495790895,1,0.5063062006525557,0
6217,1734.9180261487766,45.13431475908565,1,0.5009599901851144,0
6218,1736.3780474942243,45.08092767823873,1,0.5041292223273022,0
6219,1733.4597743849838,45.069630758146985,1,0.5019997380434705,0
6220,1733.5287295880742,44.7199563691005,1,0.5101847944933726,0
6221,1735.3415840165512,45.37482933618847,1,0.5071555618384335,0
6222,1733.6197969609889,44.454114103059965,1,0.5358617711452894,0
6223,1734.7170428818906,45.16174995923543,1,0.4988016955822252,0
6224,1733.298408742512,45.83341122616259,1,0.5636143319951046,1
6225,1733.2721785857482,44.69899509048872,1,0.5147492434091474,0
6226,1735.1420495160844,45.044570617488056,1,0.5046051600135761,0
6227,1733.9883394152273,45.274800745818276,1,0.49912031877851987,0
6228,1735.1688152749296,44.99575428599501,1,0.5036859391345634,0
6229,1735.7730957691492,44.261059295041306,1,0.5621524902638028,1
6230,1734.487394108621,45.53608427620422,1,0.5321044789047283,0
6231,1731.4783836040563,45.212853458493974,1,0.49934542248126995,0
6232,1731.36874038511,44.63167807403702,1,0.5171585973772718,0
6233,1734.8503437121785,44.36752942200616,1,0.5516739235218225,1
6234,1734.5594106463395,45.73446205728447,1,0.554140061457333,1
6235,1734.3925909357788,45.174403543793865,1,0.4988053033853582,0
6236,1735.1196553273153,44.762799844906155,1,0.5077824721642898,0
6237,1733.5942067967019,44.69581555641455,1,0.5148552377411243,0
6238,1734.0534251841957,46.044813340217445,1,0.5801820804005038,1
6239,1731.9484044697745,45.21485217951227,1,0.5034939652000925,0
6240,1736.4903884113212,44.99527438556096,1,0.5065384392977139,0
6241,1734.8796801848252,44.16748363639986,1,0.5757379982303497,1
6242,1736.144477245532,44.91361627493006,1,0.5039947978231745,0
6243,1734.8969465402258,45.651626176677304,1,0.5455954103987574,0
6244,1733.7061921954237,44.38617740031079,1,0.5472723218847076,0
6245,1736.3803111577317,45.92417550122078,1,0.5755885634682183,1
6246,1733.3237259917628,45.019619633970656,1,0.5042958364806271,0
6247,1735.127686098217,44.26366894006426,1,0.5635828200572576,1
6248,1734.366821996688,45.38061586203668,1,0.5085766613438691,0
6249,1734.055685899481,44.3129498170451,1,0.5550710191411441,1
6250,1733.0292500159567,45.59607193667562,1,0.535978793381783,0
6251,1733.0919201088725,44.878809542032634,1,0.50383875395159,0
6252,1734.4628425003514,45.717953933098016,1,0.5530542360794286,1
6253,1736.0213365200866,45.346837746595185,1,0.5092201865329281,0
6254,1735.6275654635533,45.39198866992557,1,0.5124633928162514,0
6255,1733.6534971501426,45.355018545999194,1,0.506357472833213,0
6256,1732.1951485240481,45.53368415003752,1,0.5326843277538827,0
6257,1735.649148267331,45.35089715925218,1,0.5071137912911419,0
6258,1733.9363780439235,45.09324402462134,1,0.4988059742896018,0
6259,1734.3806375298996,44.93572381672769,1,0.5024097331969777,0
6260,1731.3588700623782,45.68580958216368,1,0.5505381448849772,0
6261,1735.549648619119,44.1907208906433,1,0.5719349135019649,1
6262,1736.077203788097,44.63734969941748,1,0.5143153464362565,0
6263,1736.1410447926992,45.03972116746757,1,0.5048860643102477,0
6264,1733.2619496882278,44.625287121952056,1,0.5153484908240681,0
6265,1733.9297913409403,44.49437807915568,1,0.5262457750151045,0
6266,1735.717380233643,45.88183572691928,1,0.5684407157287801,1
6267,1732.6979819236103,45.7306280952165,1,0.5517683287096504,1
6268,1733.906264688537,45.37377841312703,1,0.5056926274677795,0
6269,1735.4206303564386,44.70982442220669,1,0.5128795725418559,0
6270,1735.0430747566008,44.757829128460834,1,0.5089352692117394,0
6271,1732.8845941625427,44.175432606829865,1,0.5744085995180375,1
6272,1735.0519236506493,45.00670943958546,1,0.5038391848391494,0
6273,1733.9099647458356,44.70020700558837,1,0.5123307137818564,0
6274,1734.5372391356545,45.7246651784392,1,0.5532801786454525,1
6275,1732.9978047061902,45.29339407905731,1,0.5021038629819462,0
6276,1732.7834540253484,44.63480219693685,1,0.5168227848880869,0
6277,1735.3011601496628,45.25600797766339,1,0.49703854132792935,0
6278,1733.024261660737,45.26487059254745,1,0.5000728951868314,0
6279,1733.825801656988,44.62752082253017,1,0.5141651065876196,0
6280,1735.1063063173501,45.49024155165309,1,0.5237921740755729,0
6281,1734.231872286132,45.03640128433016,1,0.5062224270100613,0
6282,1732.8613860881935,45.09817906978616,1,0.502144536900373,0
6283,1732.2911957012077,45.37815148332384,1,0.5110657052496554,0
6284,1735.317128549477,44.922288597281444,1,0.5021686724252276,0
6285,1735.9195084591547,45.158775757084925,1,0.49983743783096857,0
6286,1736.2245966796766,44.79720647590297,1,0.5090514579410379,0
6287,1733.0555487651106,44.451649855608906,1,0.5359545914309255,0
6288,1734.6298687625863,44.364948806311,1,0.5486580162725693,0
6289,1734.2670739049115,44.77967557746083,1,0.5087148557182264,0
6290,1735.516588081458,44.04169568920189,1,0.5924369680007621,1
6291,1733.7799989464959,44.15841593992516,1,0.5745687016183337,1
6292,1734.3354420382825,44.349409493351025,1,0.5533223017756961,1
6293,1733.0590526427316,45.00839828060015,1,0.5042204180442926,0
6294,1734.4585728505003,45.82484062327445,1,0.5632733168570091,1
6295,1735.1671730779372,45.896970853800994,1,0.5688818989751242,1
6296,1733.7187278673832,44.88441766803197,1,0.502231237746552,0
6297,1732.3598253172945,45.26802977834297,1,0.5033309912473704,0
6298,1731.8884237593925,45.11360611074762,1,0.5023455381589929,0
6299,1735.2160492935411,44.73119110732975,1,0.5099433457195245,0
6300,1735.4474869060414,44.62632694276245,1,0.5152738493708238,0
6301,1733.9329697753092,45.702162729731704,1,0.5508095777966846,0
6302,1733.956654046468,45.65420547300175,1,0.543404269269257,0
6303,1730.2316646407928,44.52124828516064,1,0.5256169007533547,0
6304,1734.0530319032882,45.00738378625135,1,0.5012283764285727,0
6305,1735.1349830508425,44.75219770433632,1,0.5082293871349784,0
6306,1735.5456904726002,44.0368410656618,1,0.593262638814124,1
6307,1734.8825177388167,44.222706786185704,1,0.5714976442476737,1
6308,1733.774605890628,45.599662414131224,1,0.534522057654745,0
6309,1735.7247477286817,45.01850691810569,1,0.5029360049459336,0
6310,1734.966635456849,45.37338076684416,1,0.5064036965433686,0
6311,1732.7634366905054,45.61913805220421,1,0.5384618735545297,0
6312,1733.2860672176173,45.19225305486689,1,0.5008220762557168,0
6313,1733.1678476640573,45.35959498454837,1,0.5078328212561413,0
6314,1735.2708853887293,44.31656804231353,1,0.5569910654273345,1
6315,1734.0013625100303,44.4141363219055,1,0.5437488253149583,0
6316,1734.5902931229407,44.64557772319486,1,0.5133137380486177,0
6317,1733.2501737097912,45.12372868356958,1,0.5005579166411142,0
6318,1731.448567465578,45.26207409948526,1,0.4980921125374314,0
6319,1732.034352224812,44.96182735863448,1,0.5068812813349435,0
6320,1734.8433461109344,44.65679669588191,1,0.5155086506878964,0
6321,1735.0413684548191,44.874976197296085,1,0.5030774876969507,0
6322,1732.8838861749152,44.64197095422522,1,0.5153402056462105,0
6323,1734.454115157435,45.01508504258173,1,0.5041338203439355,0
6324,1733.4050382065861,45.24853593524853,1,0.4990547858633485,0
6325,1731.9266785251325,44.49397541067301,1,0.5314292973939713,0
6326,1734.7351271420953,45.03023766498581,1,0.5046784479947537,0
6327,1730.7575067758282,45.442058803848624,1,0.5169347137698412,0
6328,1733.036726559798,45.3680290593444,1,0.5088831265680619,0
6329,1736.0948575500897,45.3404069419511,1,0.5073861486979859,0
6330,1731.7108257105422,44.03840684313363,1,0.5945582069305756,1
6331,1733.3806942569863,44.56401243948303,1,0.5230769039643612,0
6332,1733.9481559978424,45.65409532073123,1,0.543404269269257,0
6333,1734.3044492549775,45.49248744415526,1,0.524981922303776,0
6334,1732.767335512199,43.95952769561439,1,0.598557117657574,1
6335,1733.5491921220607,44.55279458998113,1,0.5232917799974929,0
6336,1735.2865893268913,44.555460765566686,1,0.5234900173799454,0
6337,1733.6552172000258,45.03406115134596,1,0.5042378650288679,0
6338,1735.0644937789193,45.522323374790886,1,0.5294523920724635,0
6339,1733.1928668059136,44.18613892831721,1,0.5737827987524504,1
6340,1732.5917166728123,45.30567881755855,1,0.5039595163365512,0
6341,1734.623060486498,45.00384611441421,1,0.5026724412501999,0
6342,1733.9036435758785,44.7642893783879,1,0.5054775174199766,0
6343,1736.0460438969121,44.92615255198589,1,0.5034867331166976,0
6344,1734.5916728640857,45.08459118378036,1,0.5021083368233336,0
6345,1734.4942660056327,45.283217108637956,1,0.4994149333445163,0
6346,1732.0846555226567,45.114148756204735,1,0.5034102251308145,0
6347,1734.8813372396196,45.447544025875274,1,0.5163431058823429,0
6348,1734.3281886179054,45.1177223621887,1,0.5037938308091578,0
6349,1735.1731518482954,44.553680910661434,1,0.5234900173799454,0
6350,1735.3633270136131,44.74474230616573,1,0.5089770125036929,0
6351,1734.6293990928714,45.083349090271525,1,0.502043858706754,0
6352,1734.0496846884623,45.103792494640025,1,0.5009285391348779,0
6353,1734.2720357615724,45.27223549266541,1,0.5007148381474531,0
6354,1732.9042431580913,45.11247379933122,1,0.5029077160947251,0
6355,1734.2046534538565,45.29633340856648,1,0.5008403376155106,0
6356,1732.357061176359,44.81374511389688,1,0.5110693653274019,0
6357,1731.3610339832499,45.124715413434,1,0.498585908834078,0
6358,1733.8060653662399,44.56719936321707,1,0.5208318875789364,0
6359,1732.2869193584565,44.6544542587065,1,0.5179611625432714,0
6360,1733.4775654342368,44.65326651972037,1,0.5143770546442906,0
6361,1731.994945020752,44.709905810709884,1,0.5170590839696848,0
6362,1733.7432376547554,44.523596797006135,1,0.5240631957760178,0
6363,1733.867427256251,44.935076314339355,1,0.501407092069442,0
6364,1734.6502411058098,45.657010842918986,1,0.5447435996438886,0
6365,1732.0962080915988,44.4047879594031,1,0.5491036905711096,0
6366,1732.0732638347133,44.95986938854205,1,0.5068812813349435,0
6367,1735.679644967692,45.24361280184395,1,0.49614059801930227,0
6368,1734.7655737683358,44.40712170231131,1,0.5466162299942098,0
6369,1731.8937364018357,45.318765061804505,1,0.5064780360377112,0
6370,1732.230441352567,44.4656830244511,1,0.5361488301647255,0
6371,1734.931909180424,43.69304068032265,1,0.6216545088753523,1
6372,1732.601929850011,45.56354160422188,1,0.5338505920354084,0
6373,1734.9254718725522,45.719990867508955,1,0.5546801775249309,1
6374,1734.934517102679,45.694202679392085,1,0.5517485594301335,1
6375,1735.7753581228835,45.51057186503362,1,0.5282460174722707,0
6376,1733.5786332192595,44.62383346933965,1,0.5152039439175534,0
6377,1732.8357024763404,43.585275389476706,1,0.6327038315055771,1
6378,1733.636632687881,45.44387548946809,1,0.5156060753613138,0
6379,1734.866433984213,45.94921549463439,1,0.5737344743577771,1
6380,1732.3748660354247,44.262975242965766,1,0.5657789627406891,1
6381,1733.3121737782965,45.12513696694965,1,0.5005579166411142,0
6382,1734.2991527530737,44.319379148454885,1,0.5548064138734246,1
6383,1733.5846569024727,44.87445878393257,1,0.5032617342376076,0
6384,1733.6432097734269,44.146969184162785,1,0.5765203350265946,1
6385,1733.9490319545548,45.16585557498415,1,0.49935097273269186,0
6386,1734.3210603342582,44.82716841689045,1,0.5076282661039706,0
6387,1734.073525860884,45.23730022310871,1,0.49686222649346906,0
6388,1735.9877344704037,45.41845531534099,1,0.5152209717349425,0
6389,1732.3617457219195,44.96658259583119,1,0.5082999099586656,0
6390,1735.420117741584,44.798800641526334,1,0.5071513105432813,0
6391,1733.7690093674807,45.0486265707587,1,0.5027124884767588,0
6392,1733.9306063602132,45.36349027439684,1,0.5044235527981268,0
6393,1733.1435778686173,44.93342045376577,1,0.5040087066211214,0
6394,1735.8562258704187,44.82211838781052,1,0.5050705629068664,0
6395,1731.8370200378242,45.25521358581828,1,0.5018163864297459,0
6396,1733.2273218231094,45.307486122383494,1,0.5034264236887886,0
6397,1732.6265889384697,44.71124396628169,1,0.5150955893038458,0
6398,1733.8857481177297,44.97563507952605,1,0.5036810070790415,0
6399,1732.683742024382,45.014559253438385,1,0.5044650721722088,0
6400,1735.337913318206,45.39483345225274,1,0.5119943766394903,0
6401,1734.845939681874,45.500846496953315,1,0.5272029439875863,0
6402,1734.426387935746,45.12080298591973,1,0.5018974709450315,0
6403,1734.9507492656605,45.34989029264425,1,0.5058455141217666,0
6404,1732.8107066356415,44.77241729964559,1,0.511277138784125,0
6405,1735.2300303150746,45.62579570912936,1,0.5406939925524327,0
6406,1732.6883256890987,45.42326344205737,1,0.5152824128294474,0
6407,1734.5121978742209,45.1105551828262,1,0.5024344195658254,0
6408,1733.3709227510944,45.306657718952536,1,0.5025615524140494,0
6409,1732.0406753339096,45.542052537897284,1,0.5348042996859091,0
6410,1731.0942785195728,45.21737122146928,1,0.49980189944121256,0
6411,1732.8495959507086,45.119390494550565,1,0.5014909037196307,0
6412,1731.8536016419644,44.05449529742887,1,0.5940845746936617,1
6413,1733.1093530532114,44.73772971192409,1,0.511583893780879,0
6414,1735.285060122249,45.88836530079277,1,0.567948969166304,1
6415,1732.9688648940232,45.514399957869294,1,0.5283428512621133,0
6416,1732.0970881815012,45.48943646291375,1,0.5252347091710236,0
6417,1732.2043543120171,44.45389928837728,1,0.5389580131207824,0
6418,1733.445250452317,44.11937144962348,1,0.5811462524526404,1
6419,1734.6129333811,45.353959225468714,1,0.5038359688802404,0
6420,1733.4537303558113,45.23422549819763,1,0.4992625641701935,0
6421,1734.301401215803,44.55709494757327,1,0.5237084464028777,0
6422,1734.0074709813014,44.690426404364466,1,0.5112330144751556,0
6423,1733.3943433406935,45.52667189421379,1,0.5277021941162555,0
6424,1735.3340385653346,44.935552961655226,1,0.5011715629046649,0
6425,1732.4325706899303,45.34470188750211,1,0.5096180892426788,0
6426,1735.5963179149942,44.94277148979714,1,0.5019966694339592,0
6427,1732.7050029115564,45.39558435435466,1,0.5129038800599954,0
6428,1733.8168448638132,45.225421419334594,1,0.4982952378568239,0
6429,1733.8773201068154,44.61433451526113,1,0.5145512794732825,0
6430,1734.4661493980864,44.16748218575799,1,0.5747854974753065,1
6431,1736.9224890042992,45.36571452501895,1,0.5134648346042292,0
6432,1736.0863107101222,44.62590934395342,1,0.515082042078226,0
6433,1733.0876223188927,45.139447640310586,1,0.5014339964921596,0
6434,1734.3174466481344,45.8807025533412,1,0.5685081712574996,1
6435,1733.7204599360484,44.901228989455035,1,0.5028535244714329,0
6436,1734.36337365234,45.20307118593258,1,0.49978703430545146,0
6437,1733.8031744748764,44.79731272619847,1,0.5065547515246208,0
6438,1732.6179185616231,45.519541892359214,1,0.5290743496312826,0
6439,1733.2122780075374,44.81718393905252,1,0.5086992831993106,0
6440,1734.3115894523398,45.12554144088248,1,0.5018622593470571,0
6441,1735.4173878155536,44.72173081410521,1,0.5100391677048083,0
6442,1733.3037344908007,45.62563696784414,1,0.5377276112356439,0
6443,1733.2745565387197,44.943127193502576,1,0.5033611464416958,0
6444,1732.758139458272,46.24694397867407,1,0.5917214181384064,1
6445,1734.0967158972549,45.05944889745576,1,0.5023389019369816,0
6446,1732.1924788936417,45.48765755528556,1,0.5233875518038806,0
6447,1732.030446140056,44.646638795356495,1,0.5185494517065874,0
6448,1734.8833241057282,45.32656939888261,1,0.5022557200825639,0
6449,1733.8990802839787,45.261688242002556,1,0.498279546255781,0
6450,1732.4078115426528,44.45419267777384,1,0.5382760124359414,0
6451,1731.6901765169698,44.66847537536756,1,0.5163459129283314,0
6452,1734.6712114278912,45.20184934380144,1,0.4975207449930556,0
6453,1733.6509052539845,45.11680624623414,1,0.5014089510811136,0
6454,1734.9097065962253,44.795869059805824,1,0.5087419611109584,0
6455,1732.767033813424,45.73998190969534,1,0.5526258618733344,1
6456,1732.5192078487942,45.48674250995326,1,0.5215497525332269,0
6457,1733.6465891251082,44.64935954990724,1,0.5150086923208229,0
6458,1732.8706882057122,44.05920520183203,1,0.5903365362744323,1
6459,1734.3580066151371,44.5965617040869,1,0.515516802783637,0
6460,1733.8977751363548,45.19381210826786,1,0.49976066326245955,0
6461,1737.147285884303,44.90615067957939,1,0.5060790486089379,0
6462,1735.7555626550816,45.11341250459493,1,0.5013388889312838,0
6463,1733.3518374575494,45.0916800099714,1,0.502469545388575,0
6464,1733.4402901329936,45.04565612116276,1,0.504686636692833,0
6465,1730.7206197410364,45.17265874588698,1,0.4982598089366023,0
6466,1734.1435356502088,45.02672068357316,1,0.5034620321321955,0
6467,1734.7784727579378,45.11849464846721,1,0.502856911842613,0
6468,1732.2306493771828,44.7220443236181,1,0.5137654733581967,0
6469,1732.6336755825962,44.67942315304398,1,0.5168199988919334,0
6470,1733.3744230210661,45.076444049132164,1,0.5027298711686802,0
6471,1732.479337936415,44.30791884693938,1,0.5563529936384082,1
6472,1736.1569141449668,44.72847294024275,1,0.5101363316304645,0
6473,1733.890451995207,45.916349693521646,1,0.5717011804578257,1
6474,1732.5416104135647,45.43576419995727,1,0.5163703030266018,0
6475,1733.974357787631,44.37195872151293,1,0.5476811477800322,0
6476,1733.6034557612243,45.11662021270462,1,0.5021231306459195,0
6477,1733.1675724988236,45.12204436087914,1,0.5012397290873332,0
6478,1733.6311007029074,44.84026132650128,1,0.5068894354466991,0
6479,1733.7543701273585,44.67130796275945,1,0.5144852237150653,0
6480,1735.572933913492,45.734163372923256,1,0.5554871060333437,1
6481,1733.259887975946,44.90055519065555,1,0.5043490591367717,0
6482,1734.1794856884426,45.12319343607023,1,0.5007454092174883,0
6483,1734.1282448538584,45.46187306543135,1,0.5174192994510478,0
6484,1732.6211951398016,44.77554158473987,1,0.5113286659665602,0
6485,1735.385359530841,44.1207362628364,1,0.5795222633526812,1
6486,1733.6390941879667,45.36787356518411,1,0.507572306304719,0
6487,1731.7875022520598,45.508556804202435,1,0.5286227431982117,0
6488,1733.780025154648,45.57588850041005,1,0.5325092118609821,0
6489,1734.0965184823474,44.98606417871626,1,0.504150224892685,0
6490,1734.1558943063108,44.87229968587886,1,0.5027101265798145,0
6491,1735.0219426165213,44.81835122213598,1,0.5076274466057027,0
6492,1735.8627417613218,44.83196880345556,1,0.5056087069062436,0
6493,1732.2940391237971,45.47777404920823,1,0.5222508003991315,0
6494,1732.3923598434974,44.582483239415225,1,0.5206460352319258,0
6495,1732.6881600571446,44.53360575367755,1,0.5253447227679399,0
6496,1732.591986202815,44.33762155056937,1,0.5525164137152027,1
6497,1732.5128459451887,44.65290501401929,1,0.5165749755979182,0
6498,1733.8947426604175,44.80858458602419,1,0.5062417045072853,0
6499,1732.230834540805,45.38169222574065,1,0.5112129692790133,0
6500,1733.5134158904034,45.07088053477861,1,0.5019114343181048,0
6501,1733.7405306861713,44.44508115849746,1,0.5381261236862052,0
6502,1733.0773783554903,44.00218379113571,1,0.5954553795260139,1
6503,1732.0390913942533,44.869985174244896,1,0.5075245186281074,0
6504,1734.5094804536143,45.579996430849086,1,0.5340234241781295,0
6505,1732.8901767676803,45.76945498197619,1,0.5546292172118236,1
6506,1732.8958424839786,45.03881979633498,1,0.5051872413990772,0
6507,1733.501609233631,44.96097108200422,1,0.5038407829342629,0
6508,1729.0438389763174,44.672522186590676,1,0.5085612722909462,0
6509,1733.7544304746893,44.17095348775629,1,0.5742144812494153,1
6510,1733.4836758186973,45.25307350612369,1,0.4987872831238291,0
6511,1734.7250654295033,45.90471787007925,1,0.5708030037441967,1
6512,1733.833357710246,44.38362859999801,1,0.5469679900765433,0
6513,1734.09601224249,44.95880764297811,1,0.5021752139578625,0
6514,1733.8191401158865,44.46650661810156,1,0.5318606655495294,0
6515,1733.0480755863261,46.04601935364448,1,0.5787631726927313,1
6516,1733.106238385191,44.24381898403983,1,0.5674289246086395,1
6517,1733.7857677248348,44.71139330389996,1,0.5102249351294113,0
6518,1733.497882131668,44.00301115751033,1,0.5954207313736471,1
6519,1733.8626154799465,44.28622950455872,1,0.5577411865102158,1
6520,1733.0417129965733,45.0361950519543,1,0.5055960741615166,0
6521,1733.099788379863,44.55618050914695,1,0.5247023645936025,0
6522,1733.2295608381128,45.447479690341666,1,0.51653426586307,0
6523,1733.7541263553192,45.20287167145538,1,0.5004416814916742,0
6524,1733.3841067284977,44.876322027284424,1,0.5041605679428911,0
6525,1735.5429965504302,44.988902606661675,1,0.5045967082527737,0
6526,1733.1935822698586,44.77242297362856,1,0.51035286120208,0
6527,1733.9932025440146,45.329623062328196,1,0.501522951719239,0
6528,1733.516166803967,44.43644926008574,1,0.5398569339594826,0
6529,1733.5754417007463,45.355004599671865,1,0.5070787008025273,0
6530,1733.7848230202078,45.5363140571829,1,0.5302578026945318,0
6531,1732.3945262863929,44.503500624637105,1,0.5311782952578069,0
6532,1732.619213798837,44.67855573481688,1,0.5170313351038158,0
6533,1731.7080750129746,44.958504532041275,1,0.5044568799137708,0
6534,1733.1775591235826,44.33906919819603,1,0.5509118065572606,0
6535,1734.0472641837664,44.97248239324477,1,0.5021312340040358,0
6536,1730.030907797632,44.322399323720305,1,0.5527802889082648,1
6537,1731.8402521276953,44.344175949554206,1,0.5545239392913037,1
6538,1734.1120972468575,45.39975966690407,1,0.5126846216228516,0
6539,1733.072869470931,45.71801899902674,1,0.5508025261495283,0
6540,1732.4022145081062,44.967865964447654,1,0.5073900116549307,0
6541,1734.1343558361232,44.85981576288377,1,0.5040989121535393,0
6542,1733.47155513485,44.76938286619082,1,0.5078174653089139,0
6543,1732.9879128439939,46.10095741113302,1,0.5832377119639856,1
6544,1732.5959578859977,45.32905180169553,1,0.5060725130254926,0
6545,1731.8074914035108,44.85409811828489,1,0.5076719203774717,0
6546,1734.3850778278668,45.65685973468472,1,0.5451396469081212,0
6547,1734.2467328873183,44.8121309754104,1,0.5076466469729898,0
6548,1732.8340770515722,44.59031325915431,1,0.5196821365031782,0
6549,1732.8562090194457,45.39796012395972,1,0.5131684907167716,0
6550,1732.422177859775,45.40315726275693,1,0.5152336526843141,0
6551,1732.0171768773,44.861051738411184,1,0.5092454972041675,0
6552,1734.9706597024372,44.5688597310274,1,0.5224441584569726,0
6553,1734.461505126627,44.736786149177775,1,0.5102457421092997,0
6554,1731.5311211381068,45.324581679954186,1,0.5042021625556722,0
6555,1734.203155256147,44.29761297963555,1,0.5579176061835935,1
6556,1731.4912669923624,44.93943588248022,1,0.5030858057887183,0
6557,1732.4066687658863,45.22301403377911,1,0.5024264842339734,0
6558,1732.5760240301363,44.02088645590886,1,0.5957289912125758,1
6559,1733.4196207383534,45.58470636935525,1,0.534488470134432,0
6560,1733.9584614117261,45.71219437915295,1,0.5513483773601086,1
6561,1734.2631694924235,44.55037728777688,1,0.5238593534491417,0
6562,1732.1236811215517,45.137533189894285,1,0.5033484318292574,0
6563,1733.738608008597,44.550062791466765,1,0.5239185013114829,0
6564,1734.2019649438935,44.813763583450395,1,0.5076466469729898,0
6565,1733.4392749351973,45.85621695733955,1,0.5635861316335744,1
6566,1732.1418712691484,45.42242315346081,1,0.5176439429210415,0
6567,1734.1756633206799,44.564623476800946,1,0.5216232649652084,0
6568,1735.6575782287937,45.014539328911084,1,0.5023123313764296,0
6569,1733.8229864997445,45.10003228714826,1,0.5009006744147153,0
6570,1733.3875415419307,45.059235487642084,1,0.5031035242502905,0
6571,1733.8731117495452,44.859784956656625,1,0.5043223735722018,0
6572,1734.5075892524603,43.71056602940096,1,0.6198390733568407,1
6573,1731.6233550387583,44.713522598625694,1,0.5132125560964121,0
6574,1733.1037991920768,43.75825252179391,1,0.618488072360171,1
6575,1732.3765234792645,44.98041352016659,1,0.5072760562537996,0
6576,1733.673767397515,44.737841138113126,1,0.5102912775773593,0
6577,1731.6521468521146,46.511879050846815,1,0.6090912608473077,1
6578,1732.744666477223,45.19353460133951,1,0.5022724342798994,0
6579,1734.2882890917508,44.39526431822855,1,0.5459116727178608,0
6580,1734.7713997258925,45.323846451275415,1,0.5016553573102922,0
6581,1731.0851026743564,45.04793771647318,1,0.5011509354887616,0
6582,1734.1988218795182,44.857865794826395,1,0.5057078682843563,0
6583,1731.3846451593322,44.928999502419785,1,0.5040925571036621,0
6584,1730.9911594160615,45.0099380305344,1,0.49940347693103215,0
6585,1732.8912082365948,45.61223368763178,1,0.5370131251510383,0
6586,1732.3274939938844,45.192158758928876,1,0.5034995391225947,0
6587,1732.7808840905338,45.341614319734646,1,0.507655777486682,0
6588,1732.217484897161,45.75932863773597,1,0.5567848011174029,1
6589,1733.0965497255067,45.03753884458852,1,0.505483479584749,0
6590,1733.6744962163975,45.350361080267966,1,0.5068868625305184,0
6591,1733.481621709334,46.12824179710782,1,0.585543894721797,1
6592,1734.951237376919,44.96913542982802,1,0.5048666453684031,0
6593,1733.6111840416788,45.25971723009841,1,0.4994853993961663,0
6594,1734.622013228169,45.617087223910694,1,0.538168516083079,0
6595,1733.1748498517186,44.63515863876965,1,0.5158625933966667,0
6596,1733.6335073071887,44.75280207260916,1,0.5092465142730633,0
6597,1733.5435124966389,45.28418644893329,1,0.5005454060874162,0
6598,1733.2514696941735,44.62687904408561,1,0.5153484908240681,0
6599,1731.1219895064787,45.287101965090244,1,0.5006075226006301,0
6600,1735.0395767533953,45.2262022735284,1,0.4978178244431895,0
6601,1733.18423248389,44.54265991527689,1,0.5250311424417548,0
6602,1732.1024711088724,45.443735340691006,1,0.5187214177360393,0
6603,1732.9140963271375,44.56860389775921,1,0.5221521008778154,0
6604,1733.2853876218953,45.29736966673444,1,0.5015026661214425,0
6605,1732.6457431220922,44.69393485344071,1,0.5160381331467987,0
6606,1730.8762905611563,45.28832423920986,1,0.5015791953966497,0
6607,1731.7533063317464,45.03289460268779,1,0.5043299593151531,0
6608,1734.0826919557971,45.14911217918744,1,0.49999466809960946,0
6609,1734.7537130526587,44.64630050749445,1,0.515277386372669,0
6610,1734.1449903574094,44.63137641330207,1,0.512966835077104,0
6611,1732.7832218812828,45.87917025177714,1,0.5666153164982043,1
6612,1732.415097162493,44.9757509522277,1,0.5076141047707852,0
6613,1734.2307607256453,44.67260428902294,1,0.5148683866026237,0
6614,1733.0269822887649,45.219826586992454,1,0.5007499771587339,0
6615,1735.0766584369665,45.69320971183419,1,0.5515619382359143,1
6616,1733.6742739126557,46.05766783435016,1,0.5802678321570359,1
6617,1733.5556846426928,46.00705232145086,1,0.5741963859356081,1
6618,1734.00572339273,45.07060670734922,1,0.5001631321077811,0
6619,1733.766164328078,45.416719089740575,1,0.5128862052222037,0
6620,1733.2356021492433,45.51788222529715,1,0.5281228251935506,0
6621,1733.1386453448663,44.409407475754776,1,0.5450241976181673,0
6622,1735.8169455612576,44.42094426668142,1,0.543089207462894,0
6623,1732.5316776966429,45.131399856685334,1,0.501718531893847,0
6624,1734.2162202169272,44.88060727734728,1,0.5039235143618566,0
6625,1734.4049023024077,44.149300824174794,1,0.5763826246116501,1
6626,1732.0566926735692,44.49280163553896,1,0.5318636020905021,0
6627,1732.5804988055472,45.402175140960516,1,0.514064729347653,0
6628,1733.4270641630533,45.46453879503555,1,0.5163638037606172,0
6629,1733.0334740649394,44.713397190802866,1,0.5116423790222976,0
6630,1734.3168761069498,44.27568582032547,1,0.5631495400461152,1
6631,1730.9150166695053,43.909013771253534,1,0.6010552967474347,1
6632,1733.8345107377777,45.06038683262968,1,0.5021122246146883,0
6633,1733.9288688533584,44.98913730544156,1,0.5021596809513226,0
6634,1733.8543721385909,45.34071335897489,1,0.5055520267316095,0
6635,1734.8101067162204,44.28432857816213,1,0.5591567043416537,1
6636,1734.0691674274776,44.94598276038367,1,0.5002257866222543,0
6637,1732.0846372056933,44.23391165272405,1,0.5709339298224962,1
6638,1734.043243924455,44.1428802926118,1,0.5769793145053606,1
6639,1732.7177352996894,44.08359143188299,1,0.5896888465468166,1
6640,1732.0179873100267,44.887877356357365,1,0.5072894485157781,0
6641,1733.6520319526019,45.57878919572953,1,0.5320218493719961,0
6642,1734.094391989154,45.497534421657484,1,0.5251812003367278,0
6643,1733.3103327577003,45.52337965535391,1,0.5282644517295035,0
6644,1734.9148030218666,45.12717790665828,1,0.5011294901907228,0
6645,1731.4045782154112,45.104495629592556,1,0.49964878944687313,0
6646,1732.4997400085902,45.281374818033264,1,0.5031418632829414,0
6647,1731.730147442429,45.037490835229406,1,0.5044997066879835,0
6648,1734.1066724576253,44.38521823571048,1,0.5468372521076181,0
6649,1731.7822945039754,44.83935065391126,1,0.5098445010624818,0
6650,1730.7649642419976,44.305235156996446,1,0.5553820058118686,1
6651,1732.1687430931165,44.93902914269018,1,0.5050027666809614,0
6652,1731.9379198105328,44.66825525043247,1,0.5176720158628467,0
6653,1732.7925531117119,44.417706180904155,1,0.5459091463858939,0
6654,1731.511053774382,45.30974407265866,1,0.5030918982462498,0
6655,1733.0727600862392,45.43689646596055,1,0.5155414037865681,0
6656,1732.577794308643,44.35584382706027,1,0.5519515170258354,1
6657,1732.7586025035287,45.043065632564364,1,0.5063996913681823,0
6658,1731.9010495217583,45.11885093837084,1,0.5032646124545254,0
6659,1732.9171224823228,45.195582823469344,1,0.5016805069028364,0
6660,1732.8799849366083,45.18762415443899,1,0.5017787932443715,0
6661,1732.7731515854828,45.29376943028173,1,0.5022210593714638,0
6662,1734.3784069171998,45.48670452842492,1,0.5227935265979948,0
6663,1734.7511952541518,44.35629310168029,1,0.5519240183699535,1
6664,1729.9752187530135,45.7224393586776,1,0.5512937352342072,0
6665,1733.2039158895102,44.79653126033868,1,0.5093603058403594,0
6666,1732.5244628876064,45.20904264377119,1,0.502592345617739,0
6667,1730.8587542897671,45.22353350812302,1,0.49875781441103817,0
6668,1733.5863092759032,44.534981061717964,1,0.5238927996926677,0
6669,1734.322194563616,44.67481536865871,1,0.5142490368690933,0
6670,1732.8525574465198,45.014315704974365,1,0.5040052702659599,0
6671,1734.0924159358399,45.22342881277851,1,0.4986955500917635,0
6672,1732.0674067121765,45.817143815267535,1,0.5637649533080877,1
6673,1733.4211704283869,45.246184058244744,1,0.4988509872758399,0
6674,1733.0853380604733,45.04092533499493,1,0.5049148738698613,0
6675,1734.1144090231403,45.82512606098734,1,0.5635428815303097,1
6676,1733.1592809072959,45.3067058588486,1,0.5034264236887886,0
6677,1732.7273583260098,45.03261663826027,1,0.5052615531844438,0
6678,1734.8279298903497,45.46349316708485,1,0.516722483488839,0
6679,1733.6494968886616,45.28077022654791,1,0.5012157745677678,0
6680,1732.2348610354718,45.019665034080944,1,0.5066489627966144,0
6681,1733.7018295069142,44.769823153756484,1,0.5075307867788085,0
6682,1731.4066516990088,44.22511338614341,1,0.5704968051590997,1
6683,1732.534335240265,44.8006311553897,1,0.5096710274917845,0
6684,1731.7983887979833,44.2853421715472,1,0.5606580094090079,1
6685,1733.1550456052728,45.1546688211454,1,0.5017108249998047,0
6686,1729.0608772978758,45.599640123573685,1,0.5295537394642987,0
6687,1734.1614922448841,45.744532470280056,1,0.554433078101327,1
6688,1735.4254457011093,44.679115911070355,1,0.5145413392559658,0
6689,1733.5269548613328,45.087401810929116,1,0.501122394312163,0
6690,1734.8952699572635,45.18624421716913,1,0.49893333352097186,0
6691,1732.7602524036329,45.14278498386085,1,0.5026493412647656,0
6692,1733.605217411777,44.233445211887854,1,0.5675626385462897,1
6693,1729.7995465215986,45.17115073262587,1,0.49568283013836645,0
6694,1732.7158516857955,45.17002228354818,1,0.50249668770695,0
6695,1732.1512867403474,45.710264902467074,1,0.5520126635382844,1
6696,1734.0713278631777,44.95914586453129,1,0.5016016338369974,0
6697,1732.7831709607171,44.13513855522887,1,0.5795204510564369,1
6698,1730.4462895395582,44.93949514436625,1,0.5009711556656452,0
6699,1732.0701104460027,45.67394172379973,1,0.5493074970464769,0
6700,1732.3342215474777,45.1063454049801,1,0.5056811539119886,0
6701,1732.2336321525868,44.8709466214319,1,0.5077162054275955,0
6702,1731.851573928425,45.15673267734248,1,0.5019758882547461,0
6703,1734.2214820253228,45.10706532698473,1,0.5055693417467503,0
6704,1733.5749282780125,45.28432459076723,1,0.501350185448212,0
6705,1733.6764981121034,45.18868990911593,1,0.5007695289352048,0
6706,1732.6455294975285,45.53139828378652,1,0.529759896559249,0
6707,1733.0598812069804,45.07345867362679,1,0.5027984625561741,0
6708,1732.7569056472944,44.42068275265002,1,0.5449558705402309,0
6709,1730.8639609194397,44.710815298091035,1,0.5141800287274741,0
6710,1731.0390462175417,45.529064899346785,1,0.530481959381453,0
6711,1732.4546748281705,44.66119801585717,1,0.5169608698199644,0
6712,1733.6615541441126,44.999753563222725,1,0.5035434938326023,0
6713,1730.533429612975,45.873822116782776,1,0.5668217349444745,1
6714,1732.5983362226557,45.202622438493876,1,0.502492549526975,0
6715,1733.1361587796966,44.67247230765324,1,0.5154034445224212,0
6716,1733.73378693074,44.97218438626084,1,0.5036731932771543,0
6717,1733.5537291018636,44.88379607629872,1,0.5023443885460844,0
6718,1733.159610552951,44.54901041416546,1,0.5250311424417548,0
6719,1733.5102270434375,45.35576716420145,1,0.5064106065142404,0
6720,1731.9476802170575,44.96605229608366,1,0.5083363480809253,0
6721,1732.8183652977516,44.615062030315656,1,0.5174524009166653,0
6722,1733.3713471619437,45.2296987542508,1,0.5004032419411877,0
6723,1734.6274677508343,45.35061351272417,1,0.5043981094153762,0
6724,1734.1363855498291,44.97431963372062,1,0.5033403045551638,0
6725,1733.2963698668602,44.689839601614075,1,0.5136572011789681,0
6726,1734.0572246402032,45.02982237500016,1,0.5023241609849375,0
6727,1731.8500507044578,44.42487080041664,1,0.5443897124213866,0
6728,1731.3310580654877,45.18755559981623,1,0.49913139804939427,0
6729,1732.553032776024,44.975818995264966,1,0.5070991989637093,0
6730,1732.2440782558172,45.02647766342735,1,0.5064792151501968,0
6731,1731.6269242370006,45.04280172035994,1,0.5028976266703289,0
6732,1731.9429591735125,45.074093185915835,1,0.5041872963880158,0
6733,1731.0014887347234,45.02828149134695,1,0.5012212612513565,0
6734,1733.4832435815333,45.02794093600114,1,0.5032557273042007,0
6735,1732.4883294971078,44.182936540817394,1,0.5746872474791486,1
6736,1732.849834791156,44.8086483973476,1,0.5087779422672069,0
6737,1731.3333970458796,45.30745416023387,1,0.5027065705101361,0
6738,1732.4855093109954,44.87576694923806,1,0.5059085510261018,0
6739,1732.0604099263023,45.75465353312793,1,0.5560100190186695,1
6740,1731.9788709079019,44.89375166440065,1,0.5072538586330793,0
6741,1732.7332451284442,45.33057145354202,1,0.5055868504843206,0
6742,1732.4212708818545,44.82325886171572,1,0.5095518260248716,0
6743,1733.4626978348967,45.39392131714512,1,0.510774096314021,0
6744,1730.4441316050536,45.550471119063516,1,0.5336005513410372,0
6745,1733.0121281078254,45.80416297331792,1,0.5610574640785734,1
6746,1732.2864109756817,43.638140151444205,1,0.6323587213571542,1
6747,1732.4776445778343,45.47803949954954,1,0.5202409689335218,0
6748,1735.5863225203352,44.602618426682426,1,0.5141234356946224,0
6749,1733.9648045510041,44.87838946058179,1,0.5003607426317273,0
6750,1731.421502202891,44.687981597219185,1,0.5146034955076271,0
6751,1732.3835364722022,44.99167573181844,1,0.5073425625420439,0
6752,1733.3470866043515,44.999577436615354,1,0.5049296993875775,0
6753,1734.4941796769165,45.84810196703015,1,0.5651204820322453,1
6754,1732.2491917724071,44.48712237558761,1,0.5310702749380647,0
6755,1732.7367024363773,44.372342561305665,1,0.5499943783412861,0
6756,1732.746851443161,45.27847283776202,1,0.5024262347547499,0
6757,1732.5319679180873,45.46876025690153,1,0.5180231259316987,0
6758,1732.8799510584768,45.56811113170152,1,0.5332323379062409,0
6759,1730.750429610001,44.501761204885206,1,0.5278206336886031,0
6760,1732.9173924711517,43.698546838536295,1,0.6219169923765016,1
6761,1732.2109313335613,45.16422594808061,1,0.5040245935946976,0
6762,1732.2850733194011,44.92242959333332,1,0.5070318500340678,0
6763,1732.838837216848,45.181428839994425,1,0.5025074102942425,0
6764,1732.9578773056573,45.22041204427908,1,0.5007173620222177,0
6765,1734.2508047376207,44.51567578704926,1,0.5250732231758222,0
6766,1732.0610110289924,44.60925182195126,1,0.5189763320500939,0
6767,1730.8215601359495,44.690080516134024,1,0.5146882966644247,0
6768,1731.3741079963054,45.756748537099604,1,0.5563139007331429,1
6769,1731.784931981867,45.32507418435954,1,0.5066818613603564,0
6770,1732.5030766051427,44.947626736153325,1,0.504203408930077,0
6771,1733.2018164988272,45.30838939014246,1,0.5039123113146037,0
6772,1733.8485226840107,44.498295946873014,1,0.5283350524024082,0
6773,1733.6042565712046,44.7727794745408,1,0.5090534962328646,0
6774,1734.3280634344073,45.66875441777638,1,0.5483003199249011,0
6775,1732.6663859681114,44.592377786472895,1,0.5189556128973232,0
6776,1731.7057935042155,44.51479526069576,1,0.528778070551941,0
6777,1731.8679118739515,44.39723992297795,1,0.5482956230575996,0
6778,1733.1046651646768,45.411890170924366,1,0.5141876159053111,0
6779,1731.6105223802308,45.283129912875246,1,0.5019960639056505,0
6780,1730.7639915881402,45.56143593872468,1,0.5336505463408079,0
6781,1733.9131557557912,44.327845182521685,1,0.5519266104778713,1
6782,1734.3853747146377,44.67630430039808,1,0.5133799374500606,0
6783,1732.9062742176873,44.79511032750002,1,0.5093087193427843,0
6784,1732.8350648034186,45.01378254747873,1,0.5042745032366991,0
6785,1732.0306403731818,44.99443754979611,1,0.507757956586791,0
6786,1732.5734158310004,45.614333672948824,1,0.5376555983257781,0
6787,1730.6271008905292,44.40277517336065,1,0.54624292528488,0
6788,1732.172860230007,44.90449732208869,1,0.5071430866256084,0
6789,1731.1253514378534,45.090113965033176,1,0.500130488515614,0
6790,1733.1899438452456,45.053688322213624,1,0.5032737495681366,0
6791,1733.9735739750413,45.15276398589757,1,0.499712001436611,0
6792,1731.2248331161388,45.262956503956175,1,0.49819187961096983,0
6793,1734.3115985769573,44.91258750425748,1,0.5045996413556962,0
6794,1734.553134382956,44.90730421797995,1,0.5029754121778526,0
6795,1732.6543445620173,45.39238361414301,1,0.5126457351937567,0
6796,1732.7877851676828,45.3772343534398,1,0.50837481717146,0
6797,1731.4128656923212,44.486130750848865,1,0.530129382425207,0
6798,1730.5257956727085,44.24682885002928,1,0.5663047257049179,1
6799,1734.3163897478726,45.37517381325694,1,0.5086021842894559,0
6800,1732.8832858599912,44.50017726706838,1,0.5293546416457167,0
6801,1733.7946157950503,45.57169302358098,1,0.5325092118609821,0
6802,1734.3280203664817,44.97246487566181,1,0.5055955790967145,0
6803,1732.9663400094478,44.973491603323055,1,0.5054370521825082,0
6804,1733.45234817602,45.343175804607526,1,0.5062678606744826,0
6805,1731.956268539869,44.59204404392412,1,0.5208235663297102,0
6806,1733.0602711495992,45.46460657651334,1,0.5171915735111047,0
6807,1732.4651085068447,44.436070086522264,1,0.5424537980995934,0
6808,1732.1200820661527,45.141870711996475,1,0.5041513119736314,0
6809,1731.2166941307637,44.79817384868071,1,0.5092404500219632,0
6810,1731.4299969155977,45.06890507035549,1,0.49921220276244005,0
6811,1732.8760096356457,45.19701794648231,1,0.5010408150018424,0
6812,1732.7522823184831,44.911063012968775,1,0.5061483764382249,0
6813,1733.5206859738444,44.692242555231374,1,0.5134691866538151,0
6814,1732.4557210667758,44.8472523835517,1,0.5091293824175283,0
6815,1733.2481469971895,45.44116177826887,1,0.5156704802639707,0
6816,1733.0739252716648,45.19637077161725,1,0.50100445529953,0
6817,1731.5430059068988,45.01525377971831,1,0.5024677039122104,0
6818,1731.0728327239206,45.79537097323157,1,0.564228741601566,1
6819,1730.652094462498,46.801746508757915,1,0.608471280481495,1
6820,1734.0590825972035,44.54896780049215,1,0.5218618655967087,0
6821,1732.559511588863,46.24610398184332,1,0.5915212766866333,1
6822,1734.214601399587,44.79730738506121,1,0.5085594909479291,0
6823,1731.9206752558398,44.27556634010022,1,0.5647847217236617,1
6824,1733.2196700668055,44.674981716588675,1,0.5149576283315477,0
6825,1730.7890953465305,45.75044901931577,1,0.5550086373997435,1
6826,1730.7761050651084,44.34877226302839,1,0.5508674121565132,0
6827,1730.5955049835536,44.99567630871381,1,0.5002993568476333,0
6828,1731.9695336736486,45.0066764290819,1,0.5061060943850328,0
6829,1730.7245736902942,44.599940691307154,1,0.5165160445208874,0
6830,1731.6720215126588,44.55465455535019,1,0.5252958085019475,0
6831,1731.9210687691645,45.24890877118015,1,0.5020855136963134,0
6832,1731.6390343227104,44.46134772690347,1,0.536573655278768,0
6833,1730.7412058223304,45.464644287252284,1,0.5187075937019335,0
6834,1732.3939429937332,45.75942812644864,1,0.5567848011174029,1
6835,1732.8389577255457,45.39545464564273,1,0.5129038800599954,0
6836,1732.5288000165651,44.77506708397667,1,0.5113286659665602,0
6837,1733.2128812380877,45.220798964681684,1,0.5005414420218548,0
6838,1732.190917947478,44.46719219556769,1,0.5358506840016465,0
6839,1731.6594775742583,45.23981129287126,1,0.49911739677583394,0
6840,1730.7058694486664,44.818774403621696,1,0.5076160396129975,0
6841,1733.3095106326914,45.09931855914054,1,0.5023394884558151,0
6842,1732.9694495303736,45.38393722526128,1,0.510048164096808,0
6843,1733.55387740818,45.54517110477183,1,0.5312681843185391,0
6844,1730.5705909404394,45.46698818160323,1,0.5184557974978401,0
6845,1733.5000039918752,44.47919709449419,1,0.5289530249819054,0
6846,1734.0456738520143,44.90194848706072,1,0.5010304322826526,0
6847,1733.0848603761035,45.840440328658,1,0.5634008965080142,1
6848,1733.0641142964978,46.623917324550675,1,0.6093946404552653,1
6849,1732.4012197639247,45.187131040259935,1,0.5034680541779036,0
6850,1732.95843322321,44.890638307326014,1,0.5041082965895043,0
6851,1733.1781150049803,45.05271199982162,1,0.5032737495681366,0
6852,1732.4394838619553,44.747595106656426,1,0.5129343902956843,0
6853,1732.4667674640261,45.13283129609312,1,0.5025877629838919,0
6854,1734.3684043501025,45.230342354591976,1,0.4988477121584406,0
6855,1730.068241251322,46.10194024258599,1,0.5839633907464795,1
6856,1731.9741442840268,44.764330384196874,1,0.5119344978078655,0
6857,1732.8518317578887,45.43291543591991,1,0.5150919708404526,0
6858,1733.09686839419,43.79009437510895,1,0.6155225877968487,1
6859,1731.7429862938923,45.401407260709995,1,0.5151877326037154,0
6860,1733.7370384928752,45.25269461058883,1,0.49908750330413676,0
6861,1733.284230360187,45.01283350647551,1,0.5032642882659728,0
6862,1731.7929176657576,45.08658162175305,1,0.5017403807265739,0
6863,1732.9025399569775,45.511204561169365,1,0.5273591624098142,0
6864,1732.4397483420382,44.757989942414625,1,0.5110677710277269,0
6865,1732.3747857111448,44.79439861261603,1,0.5113750215565019,0
6866,1732.1178644652518,44.80272751562404,1,0.5106776919643848,0
6867,1732.5330579258577,46.16532290670756,1,0.5887196900666792,1
6868,1732.6882341291423,44.778243532931256,1,0.5104386770854853,0
6869,1731.7047250877372,45.04564061985787,1,0.5040645168178901,0
6870,1734.9045208911277,44.3880468336738,1,0.5499635867933418,0
6871,1728.887226484131,45.432756360762504,1,0.5059541432014677,0
6872,1732.7658757647719,44.41931765557481,1,0.5459091463858939,0
6873,1734.6238986313124,44.42481279632709,1,0.5415535421471867,0
6874,1734.4690927910622,45.40463823489683,1,0.5131282879297049,0
6875,1734.3001619334539,44.62652951170888,1,0.5151090587796519,0
6876,1731.1100433662984,44.90657274189445,1,0.50512076529201,0
6877,1732.4968303024932,45.24258940375095,1,0.500151444154306,0
6878,1732.1394011521388,44.96590619848115,1,0.5083767238921613,0
6879,1731.9881071681466,45.7957557285444,1,0.563557535361673,1
6880,1732.8786441080551,44.24705701765521,1,0.5662136877595466,1
6881,1733.2811694979407,45.30906750770005,1,0.5032268634825197,0
6882,1732.355015440955,44.63687563843482,1,0.5180502204927526,0
6883,1731.6391788885105,45.182572185973434,1,0.5003748808681155,0
6884,1733.3200809146792,45.47778908729843,1,0.518915079374503,0
6885,1731.5606607995064,44.79914201713826,1,0.5097611066366058,0
6886,1732.5383938857915,44.95477218138522,1,0.5046088925607298,0
6887,1731.4862286531848,45.53463372188859,1,0.5311471487993794,0
6888,1731.5154637826013,45.52745989123306,1,0.5289591093913873,0
6889,1732.3311984882348,45.48864157558885,1,0.5256059957653574,0
6890,1733.89768098751,45.30260742620177,1,0.5014964528768409,0
6891,1731.2476454289197,45.58181543418812,1,0.5354015377991777,0
6892,1732.7225237369041,45.51947910145537,1,0.5283218368197665,0
6893,1731.8347336564386,44.93822967167508,1,0.5048353119467033,0
6894,1733.0723210628043,44.94236835877539,1,0.503624865717514,0
6895,1729.7578411981472,44.97799166056642,1,0.4971546890180881,0
6896,1735.182635356234,44.03726784120293,1,0.5932391801342881,1
6897,1731.1510350585322,45.30976304597543,1,0.5033761911626805,0
6898,1731.5866112607391,45.488900895155375,1,0.5239326943391139,0
6899,1730.7550506928096,44.61939998512884,1,0.5175404244642753,0
6900,1733.395771269739,44.85966830072643,1,0.5066923013495427,0
6901,1731.7762877307387,44.92467663057204,1,0.505846133906504,0
6902,1731.7207673655737,44.58032436048845,1,0.5203749699903196,0
6903,1732.530249154545,44.709414592095044,1,0.5154183475585665,0
6904,1731.9851665022331,44.60131185971296,1,0.5185889333520327,0
6905,1733.035732648559,44.5868535895105,1,0.5180498257856233,0
6906,1733.1974386519976,44.19524911546871,1,0.5714649886713106,1
6907,1732.4693980136412,45.35991405939332,1,0.5092340886173436,0
6908,1731.245565766725,44.68319674313462,1,0.5150887267030367,0
6909,1731.2559804249488,45.39652007639786,1,0.512513051163889,0
6910,1729.3762985850917,44.57831087616082,1,0.5152282556839821,0
6911,1735.3220678979262,44.627960471432054,1,0.5155010920763989,0
6912,1732.8288750341665,44.86657498526684,1,0.5073362799876862,0
6913,1733.4624878872883,44.674950127364866,1,0.5137727911392506,0
6914,1732.2366185330025,44.74872978470418,1,0.5140799745078554,0
6915,1732.874972797546,45.32705917193238,1,0.5049550515023066,0
6916,1733.3633158969355,45.13725209732546,1,0.5020789141531264,0
6917,1733.1815152562438,45.0236021945922,1,0.5046428048834808,0
6918,1733.5442623470828,44.63051751604026,1,0.5142656771729268,0
6919,1731.013222054757,45.11305285776952,1,0.5000934539954016,0
6920,1733.8946268123186,45.084166503266474,1,0.5011704238763128,0
6921,1731.721972456292,44.5521089373187,1,0.5258933688437839,0
6922,1734.4242667753128,44.81114206108907,1,0.5068004589710255,0
6923,1733.1559639382574,44.25918479177959,1,0.5634330762607446,1
6924,1730.603671376788,45.00027730290917,1,0.49996320642579434,0
6925,1733.797142169748,45.424679063277026,1,0.5129056234277948,0
6926,1733.7897226446091,45.20624412171648,1,0.49983968825792824,0
6927,1733.5484497660932,44.60439870069997,1,0.514928303823025,0
6928,1734.0791847896498,45.50348063726013,1,0.5283669080492434,0
6929,1735.3148151737003,44.346278241068,1,0.5545190901630641,1
6930,1735.1085380889226,45.077857175976796,1,0.5025837446641711,0
6931,1731.780437432731,45.52588938299559,1,0.5308538961334706,0
6932,1731.9594727490894,45.38512725412404,1,0.5123246333709948,0
6933,1732.036317462818,44.573861411300854,1,0.523689581867944,0
6934,1732.4235661607888,45.726318556455354,1,0.5534769168306333,1
6935,1730.711436463011,45.01718736986752,1,0.49962807789677816,0
6936,1731.24678918669,45.366817044026696,1,0.507380380604268,0
6937,1732.5773583700363,44.8904796723007,1,0.5054632946343479,0
6938,1731.2123412742792,45.914841712130034,1,0.5724788422798034,1
6939,1732.6848400434537,44.996262177389276,1,0.5052590918127926,0
6940,1731.5018585882128,46.32987378948199,1,0.5943360195292675,1
6941,1733.9034433569316,44.85350021404957,1,0.5021244044445301,0
6942,1734.1237487057156,44.96790195203201,1,0.5036302164342968,0
6943,1732.9992989077773,44.648696987416415,1,0.5155771905294672,0
6944,1730.9708988003347,44.701181869407144,1,0.5149345202642602,0
6945,1731.8107278251935,44.79598819306786,1,0.5110253779239253,0
6946,1730.3666429053715,45.270325841362386,1,0.49906632064433487,0
6947,1731.3603222682543,44.71116420350667,1,0.515552717477392,0
6948,1734.3639285593829,44.94300298799555,1,0.5035190264771743,0
6949,1734.2270705757676,44.9175268221218,1,0.5048665420784573,0
6950,1731.7300419225871,44.944688912751644,1,0.5036193512514724,0
6951,1733.3800505814118,46.35954661540129,1,0.5995111614101969,1
6952,1733.7903650471267,45.0476439474393,1,0.5018880722550244,0
6953,1733.3162825903237,45.86821939637047,1,0.5654715398366733,1
6954,1733.1665955484746,44.92019417669631,1,0.5046952194056618,0
6955,1732.0963406968053,44.980399380141236,1,0.5075243784498943,0
6956,1731.566853747392,44.632581678448815,1,0.5167028288475537,0
6957,1731.937530632678,44.30728034542624,1,0.5591305476095865,1
6958,1731.3907338726547,44.236802163951914,1,0.567979936414569,1
6959,1732.8218773826427,44.830023523988075,1,0.5098400087671429,0
6960,1731.3254617894797,45.60186843528313,1,0.5372408947265738,0
6961,1731.6767387084153,44.79444155251784,1,0.5108197196171138,0
6962,1730.730647936391,45.007786672527665,1,0.499500387165784,0
6963,1732.616766490816,45.36114515164243,1,0.5089509094307293,0
6964,1732.0374316335215,45.24959646654507,1,0.5024605839336671,0
6965,1730.2787148090383,45.14294928505583,1,0.49868074853415056,0
6966,1732.1739760714681,44.757396804236365,1,0.5119494672005946,0
6967,1729.4697359529132,45.24048026562911,1,0.4946773827255148,0
6968,1733.5616269438071,44.23633936836268,1,0.5662453983546127,1
6969,1731.9272873063335,45.02168146506432,1,0.5052359597340207,0
6970,1733.8478202795682,45.26649960450078,1,0.4984394440846593,0
6971,1735.5027498530794,44.5119775328984,1,0.5255133956496201,0
6972,1731.593419605042,44.04382152830011,1,0.593214992439514,1
6973,1730.8420235849294,45.35980056118615,1,0.5082860408542846,0
6974,1732.5498820551345,44.22725555343613,1,0.5699898373575217,1
6975,1733.616367628934,45.29460508821033,1,0.501350185448212,0
6976,1729.952814794739,43.72515560614091,1,0.6201612488641343,1
6977,1734.1486600190228,44.88262240319687,1,0.5021804095991562,0
6978,1731.84522264846,45.10277647687865,1,0.502965562657924,0
6979,1733.971811581726,44.97826219710891,1,0.5025790214932742,0
6980,1732.1652889524146,45.00611336431107,1,0.5059450624399838,0
6981,1732.1651826174173,45.19250793580117,1,0.5029736871261968,0
6982,1731.0046157477905,45.114592313388016,1,0.4994343525397372,0
6983,1731.179335575362,45.240810950294225,1,0.49798278571568777,0
6984,1733.5202338770423,46.469333361574016,1,0.607849695652455,1
6985,1732.3307520034698,45.77202691164171,1,0.5577318454412871,1
6986,1730.433012078585,44.89039878152322,1,0.5040565701322967,0
6987,1732.7740660036823,45.901321499318854,1,0.5689193936837154,1
6988,1731.526139175012,44.605380200287385,1,0.5167870996344073,0
6989,1731.5034053294871,45.737172310590445,1,0.5528934257558132,1
6990,1731.4563492966558,44.98894461996067,1,0.5034225355973504,0
6991,1732.6012758591667,45.57472140297871,1,0.5344715014279389,0
6992,1731.5210125103772,45.19263719695473,1,0.4993236733923859,0
6993,1733.9313190239586,44.59520126003732,1,0.5141432231607183,0
6994,1731.2750472908758,46.128652271849205,1,0.586938025866684,1
6995,1732.2941207174638,45.05059548748758,1,0.5048989084205676,0
6996,1731.1652957291024,46.002130070683606,1,0.5769511284816332,1
6997,1732.7824800364633,45.01159744990601,1,0.504445124709075,0
6998,1733.3334665765772,44.52989571472038,1,0.5240660833294819,0
6999,1729.8764625142783,44.42673526265104,1,0.538366911888354,0
7000,1732.7177952427985,45.178700431686366,1,0.501199027628896,0
7001,1731.4698337152993,45.3386250441078,1,0.5057378375895727,0
7002,1732.226514307531,45.558797315244036,1,0.5352724067265462,0
7003,1733.4102768849048,45.246308283091004,1,0.4988509872758399,0
7004,1731.4392300003828,44.78257892699435,1,0.5093500956608469,0
7005,1734.4100638438454,44.52389798487802,1,0.5240082265391418,0
7006,1732.0248305276104,45.72415306470595,1,0.553829738518125,1
7007,1729.7854449176632,44.70170714507257,1,0.5111751053148004,0
7008,1733.3628632385107,44.29575780353573,1,0.5577778851156847,1
7009,1732.8159947238632,44.72755300583837,1,0.513221645362339,0
7010,1730.6381927326563,45.59128741531726,1,0.5352433996210423,0
7011,1732.100174084321,44.84360399070122,1,0.5105058626825404,0
7012,1730.6670868211722,45.42992655988734,1,0.5141291093877125,0
7013,1733.1175494229772,45.06513855787984,1,0.5030445878365006,0
7014,1731.3323421221285,45.0306977097852,1,0.5022932444606225,0
7015,1733.0867559431822,45.53449539954461,1,0.5290841900404128,0
7016,1731.6945172630205,44.41497619737927,1,0.5467436543090779,0
7017,1732.6203771352216,44.99273623799076,1,0.5068279321778076,0
7018,1733.2025372383675,45.672789896098244,1,0.546789493394711,0
7019,1732.7290769233357,45.131677462541326,1,0.5014982909958678,0
7020,1731.7042723677257,45.338774666536786,1,0.5078155258858839,0
7021,1732.1156633823573,45.04451301605939,1,0.5064917250713104,0
7022,1730.5386038501981,44.76207418285433,1,0.5089921183424387,0
7023,1730.9798065420796,44.875086176005105,1,0.5040535886809988,0
7024,1731.329994271656,45.69711855959606,1,0.551522031987992,1
7025,1732.7216692425511,44.31071643364246,1,0.5567124968014806,1
7026,1732.3660379720657,45.86476284455731,1,0.5672867454155563,1
7027,1730.9128283090233,45.415033099536394,1,0.5160241275135378,0
7028,1731.6588949701688,43.73817892156955,1,0.6217451543862892,1
7029,1732.6223680580651,44.65012829002986,1,0.5166056403518084,0
7030,1733.6735001883167,44.70692200335659,1,0.5129716049007598,0
7031,1734.5108469733939,46.18142362821887,1,0.5888818419437016,1
7032,1732.7017420548727,45.40527803699521,1,0.514222919234447,0
7033,1731.6070598362487,44.58109058747179,1,0.5201675038049423,0
7034,1732.6618131811808,45.236453533312876,1,0.500758589378423,0
7035,1733.9839815348262,45.83626191014366,1,0.5653359624330001,1
7036,1734.0277725180629,45.76757490835117,1,0.5556214754814229,1
7037,1731.5633192113107,45.37801485760666,1,0.5080131492814864,0
7038,1732.2989313985154,45.28051278197671,1,0.5053137143120271,0
7039,1732.8408888515157,45.09489143399631,1,0.5034035348238457,0
7040,1733.6603192257999,45.70917066275829,1,0.5488072004861502,0
7041,1733.3711216274216,44.62793851043551,1,0.5157502117066647,0
7042,1732.1031514561548,45.23334054108772,1,0.5017465562153332,0
7043,1733.0261912056299,45.58655880820664,1,0.5350998225547234,0
7044,1731.7669971936846,44.975597984764846,1,0.5059573883459233,0
7045,1731.060212533172,45.74018563102306,1,0.5538560745911953,1
7046,1732.197713577325,44.94819633114119,1,0.5052043690566134,0
7047,1731.2399797725584,44.7824545551329,1,0.5100386573695073,0
7048,1733.3286468183119,45.127888781517974,1,0.5010661804652002,0
7049,1729.3962140439996,44.77446268980509,1,0.506870363228626,0
7050,1730.5574605806678,44.7593249681195,1,0.5089921183424387,0
7051,1732.0883538518478,44.02203654234029,1,0.597867959764251,1
7052,1733.3466369101543,44.71483942002082,1,0.5119503415635613,0
7053,1732.3955909586819,45.99142670580567,1,0.5770436469925248,1
7054,1732.1204015614846,45.78069898499638,1,0.5616697482908478,1
7055,1731.8820422451506,45.125755767404954,1,0.501475515574407,0
7056,1733.9035502412075,44.711909923552085,1,0.5089311361170331,0
7057,1728.9086369140282,45.36150413444125,1,0.499184446903787,0
7058,1730.076515804949,45.92610624447403,1,0.5716230504280843,1
7059,1731.3116275970874,44.482075248434874,1,0.5304881820763531,0
7060,1732.7384357262592,45.93597150134089,1,0.5714196638244711,1
7061,1732.4752132689725,44.76566691299085,1,0.5110934189897799,0
7062,1730.9186486779058,45.72773948198953,1,0.5537176505309656,1
7063,1732.4000294763198,45.07043483703351,1,0.504151155674457,0
7064,1733.9630306488193,44.923941902787995,1,0.5004781588635266,0
7065,1732.3920397384834,45.23796728040367,1,0.501331435315497,0
7066,1732.0264766092178,45.16321527113915,1,0.5038343005526859,0
7067,1731.261448994122,44.85154614243887,1,0.5060974233822592,0
7068,1732.172507576915,43.87900175435403,1,0.6093702555025233,1
7069,1730.4545160671028,43.831736939901184,1,0.6079641543771327,1
7070,1731.2891350949037,44.132914601745135,1,0.5793662260931866,1
7071,1732.7452659458272,45.299082525009055,1,0.5023422822450926,0
7072,1731.8597473093741,45.18283117573494,1,0.5027049834160693,0
7073,1730.9807841987974,44.53355589036003,1,0.5252203146119648,0
7074,1733.873858163946,45.47805981849343,1,0.5182933117491502,0
7075,1732.0984091367777,45.06896709770816,1,0.5038509535866456,0
7076,1731.48582394203,44.093732367354775,1,0.5857629886380736,1
7077,1732.495722852744,45.417279481847096,1,0.5154481207551448,0
7078,1734.4719351914866,45.40253092367998,1,0.5131282879297049,0
7079,1731.650536021837,44.73459459562186,1,0.5130312951830946,0
7080,1731.5059057885267,44.770213795351985,1,0.5098448365208788,0
7081,1733.5307221715009,44.78679330011401,1,0.5086058565762318,0
7082,1732.3081148690146,44.768323103275584,1,0.5119060360557243,0
7083,1732.5376728543986,44.873627501383346,1,0.5056814886174058,0
7084,1730.8425171568695,45.4673898589916,1,0.5199904546638918,0
7085,1733.5921683281974,43.96005969089814,1,0.5973876584360555,1
7086,1731.7348952270256,45.066065030952075,1,0.5027757920504617,0
7087,1732.0541165587294,45.22971158113451,1,0.5027030434477765,0
7088,1730.5415577533572,44.61140017982925,1,0.5164901244377532,0
7089,1732.8612662160524,45.27897309319674,1,0.5020308729437081,0
7090,1731.4846633591058,43.99069146868872,1,0.5971170239531507,1
7091,1731.1431211858408,44.92861490963366,1,0.5037798103340081,0
7092,1732.5446013224696,44.40374609779126,1,0.547171063233067,0
7093,1732.0293988481478,44.57804102211716,1,0.5230827711561895,0
7094,1730.6992477273332,44.55603531052654,1,0.5233848196269002,0
7095,1730.7636115885223,45.334690411869666,1,0.5058799501975241,0
7096,1731.7311513350414,45.044234439540055,1,0.504405675370472,0
7097,1734.7871625776302,45.276292748491805,1,0.4985419940300208,0
7098,1731.6996538167748,44.499916975590274,1,0.5310965129804036,0
7099,1734.4913251458388,45.89870038422034,1,0.5688588715284468,1
7100,1732.1895364124548,45.768694743234136,1,0.5567848011174029,1
7101,1731.2187894910562,45.67945436392751,1,0.5481600515063026,0
7102,1732.3705373167002,45.417703843480986,1,0.5171447631328564,0
7103,1732.3498593444947,44.725719477811744,1,0.5136933874451929,0
7104,1733.2271322380375,45.0275969006528,1,0.5048135509708607,0
7105,1730.2766914197146,44.98590416521223,1,0.5019647135460323,0
7106,1732.103088891426,45.41843661080488,1,0.5170739183932695,0
7107,1731.7590693700915,44.761332093104585,1,0.5114848968893323,0
7108,1731.5719016173337,44.94889628759725,1,0.5021769581048757,0
7109,1731.12218075815,44.158474112839315,1,0.5778352188379718,1
7110,1731.1680212130332,45.6674872177756,1,0.5472242683890343,0
7111,1731.9601916261734,44.42308179896823,1,0.5458914788556023,0
7112,1732.61940636373,45.75038648309735,1,0.5539749245968381,1
7113,1731.5578657369397,45.14926683420944,1,0.4998521366339982,0
7114,1732.5274516261725,45.191418953011606,1,0.5018135152042391,0
7115,1730.0668283368475,45.14422500735364,1,0.49688513886373376,0
7116,1734.3656346116857,44.04166610091777,1,0.5941931741651147,1
7117,1731.368163717291,44.974213945456604,1,0.5038054102851501,0
7118,1731.709718554468,45.61232992599366,1,0.5386321605719245,0
7119,1732.2740796318985,45.15690642845355,1,0.5035657128867993,0
7120,1729.9396641421004,44.972547240979644,1,0.4989557925918809,0
7121,1731.5919936253313,45.041478517249075,1,0.502575579969597,0
7122,1731.1092593628277,45.21776394136335,1,0.4991510872373423,0
7123,1731.4801444061404,44.611669850423255,1,0.517154849267239,0
7124,1732.2336901302403,45.06805482192767,1,0.5050664460927115,0
7125,1732.4067767185372,45.10774033794162,1,0.505132575647978,0
7126,1730.02654506683,45.12179115341068,1,0.4966803356741098,0
7127,1732.2911170386813,44.598676901272945,1,0.5188932318340268,0
7128,1732.0285940493006,44.736616805961035,1,0.514219501078465,0
7129,1732.0469712385388,44.85152510873376,1,0.5086697968353786,0
7130,1732.7687966846222,43.91836967714216,1,0.6011620332950951,1
7131,1730.1501398016976,44.73347388419802,1,0.5106038684739277,0
7132,1732.015603392558,44.907654102129555,1,0.5074816270714227,0
7133,1732.572862243219,44.595155290446826,1,0.5184087030350921,0
7134,1731.1322029153857,45.26807305823109,1,0.49913453989126816,0
7135,1731.6407258944814,44.60991808441866,1,0.5172604815809262,0
7136,1731.4751496232561,45.036717067588064,1,0.5027472510773631,0
7137,1731.9052153967848,44.99756775376811,1,0.5063730090177884,0
7138,1730.228907300807,45.15518295087258,1,0.4983723086589933,0
7139,1731.8154875170208,44.799848734746654,1,0.5105339753596656,0
7140,1731.485991062993,45.30354411683994,1,0.5023167080147118,0
7141,1731.745930552532,45.55837532875403,1,0.5343772954288369,0
7142,1731.268536053747,45.691007099718796,1,0.5503869969881359,0
7143,1731.5442645634362,44.78717313939732,1,0.5115467273308998,0
7144,1731.1346271376278,45.37745893033295,1,0.5076489558406458,0
7145,1731.8602122888476,44.1958212735749,1,0.5735312206377996,1
7146,1732.9607599544759,44.62515217051268,1,0.5155278716026453,0
7147,1731.2018158268272,45.482424235595175,1,0.5211317679764824,0
7148,1730.7246650191037,44.47119326623718,1,0.5305231990972821,0
7149,1730.5783095221864,45.10689022137035,1,0.5002224983884116,0
7150,1731.572403866345,44.851184008451334,1,0.5069033843587688,0
7151,1730.873842635749,45.75960322142828,1,0.5564619451007502,1
7152,1732.1979723138493,45.734378877067705,1,0.554712289211281,1
7153,1731.5201560522335,44.29740769815186,1,0.557085660242997,1
7154,1733.0763278227605,45.88848191353965,1,0.5661978572079926,1
7155,1731.4285004484975,44.98798471948138,1,0.5034225355973504,0
7156,1733.9787665858425,44.56285633604288,1,0.520214229625687,0
7157,1733.5612699737153,44.58450122229359,1,0.5177087891210018,0
7158,1730.5402642784006,45.0616319205628,1,0.49895595601257176,0
7159,1733.0108329846419,43.41520052313125,1,0.6343208099716215,1
7160,1732.490473916873,44.365099431041216,1,0.5503576742405301,0
7161,1733.2716982092022,44.36654752295571,1,0.5479522627837524,0
7162,1731.0931257961777,45.47532477215833,1,0.5203392579958276,0
7163,1733.2364189896437,45.50596683391317,1,0.5264714404963939,0
7164,1731.0168607452888,44.37246164985636,1,0.5490071381382685,0
7165,1731.6386784407093,44.99316693758094,1,0.5046402663478136,0
7166,1731.9960152653798,45.34044523034475,1,0.5104061595824974,0
7167,1732.7174001483318,45.385691994681075,1,0.5100278773119808,0
7168,1731.2678082737193,44.83875016324681,1,0.5086072663414768,0
7169,1730.7325676152832,44.91470207376108,1,0.5022891074388898,0
7170,1731.687683861707,45.20804207740728,1,0.501174947392569,0
7171,1731.5125954586138,45.061521874790515,1,0.5007606854044814,0
7172,1729.0329315667198,45.67511316693889,1,0.5409576514316421,0
7173,1731.8315343757583,45.17518880802159,1,0.5007694597101814,0
7174,1732.9275552264091,45.73179455068643,1,0.5515206834672347,1
7175,1732.5538767859182,45.41178917710844,1,0.5152547601052901,0
7176,1730.896729333556,44.18004094217527,1,0.5746997309875365,1
7177,1733.490891901915,45.094248087812055,1,0.5013122365772088,0
7178,1730.5465290329682,45.54183073992984,1,0.5335363400031693,0
7179,1732.0038880941481,45.832830024189256,1,0.566497349558639,1
7180,1731.9538117725083,44.754729303760236,1,0.5124645500483389,0
7181,1732.640428949818,45.146089942146695,1,0.5021900778146319,0
7182,1730.5954489571582,44.77965918537139,1,0.5091360282807843,0
7183,1731.987128847445,45.092095833704924,1,0.5036353607074872,0
7184,1731.6902061504748,45.82573389994467,1,0.5634836452726202,1
7185,1732.0047760740697,45.54033794961638,1,0.5351662633923553,0
7186,1730.591177562266,44.62432240427017,1,0.5164609541494759,0
7187,1730.0582951294061,44.65850747024645,1,0.5135026919641705,0
7188,1731.3817975816626,44.20366122831662,1,0.5714225054837537,1
7189,1730.7866809968134,45.30542344748798,1,0.5027250423616946,0
7190,1731.766013163595,45.006041510711135,1,0.5042175963050183,0
7191,1729.114770421711,45.347732486013925,1,0.5007825914001093,0
7192,1731.8514577827214,44.282556454396214,1,0.5618638212852597,1
7193,1727.76285825583,45.01879704015365,1,0.49411254242248154,0
7194,1730.7766091397593,45.95119508349222,1,0.5734270101697546,1
7195,1732.1219361634598,44.72198468942297,1,0.513678709690598,0
7196,1731.3855845622447,45.77218853686545,1,0.5582256014414008,1
7197,1731.457766793769,44.12048691925463,1,0.5802977339552735,1
7198,1730.608591034726,44.403077015579065,1,0.54624292528488,0
7199,1732.4165131890825,44.38394084432249,1,0.550110662129539,0
7200,1731.1741314058654,46.170960044086954,1,0.5895804155210261,1
7201,1733.829512108019,44.332605191705596,1,0.550509473340782,0
7202,1729.2590426718052,44.096197473756355,1,0.5776625025634988,1
7203,1731.0695440143363,45.85893004625857,1,0.5673241555218189,1
7204,1731.7230393887542,45.167007974939146,1,0.5016143085833247,0
7205,1734.270243337084,45.409792510065756,1,0.5150685802808586,0
7206,1732.3959645929972,44.16720539750665,1,0.5775898571986818,1
7207,1730.8699422554223,45.32454149876679,1,0.5052953189800335,0
7208,1734.086096433236,44.30381471306547,1,0.5559505135167145,1
7209,1734.4182114083517,44.34994831798286,1,0.552574067540502,1
7210,1732.0559252533942,44.22801864805215,1,0.5723276859519977,1
7211,1734.5096880174704,44.98428367919394,1,0.5041063208230544,0
7212,1730.9989954915745,44.393722170328054,1,0.546748953533227,0
7213,1731.0098599790497,44.475520041347686,1,0.5301314104844824,0
7214,1733.0719299476361,44.619543069286195,1,0.5167283155862143,0
7215,1731.602870324514,44.7153598449743,1,0.5132125560964121,0
7216,1730.727667976893,44.60845434831969,1,0.5163413402295678,0
7217,1730.829978651452,44.99844601357106,1,0.500830371333344,0
7218,1730.8776465595543,45.40803801065114,1,0.5161477748122659,0
7219,1731.3998269504752,44.550276949911996,1,0.5257229556212005,0
7220,1731.8165660980492,44.97996339165846,1,0.5056204431287183,0
7221,1732.8257871997787,44.774097006840854,1,0.511277138784125,0
7222,1731.2744161615324,45.11283891342781,1,0.49987011352396227,0
7223,1731.9690489968436,44.58665435345723,1,0.520999787183957,0
7224,1732.1345576444114,45.51236704356806,1,0.5297549685826035,0
7225,1732.3610504515261,44.666490923453594,1,0.5163942810917332,0
7226,1732.9081337485918,45.768809680273954,1,0.5546292172118236,1
7227,1731.136194200985,44.90771487861014,1,0.5053423159154025,0
7228,1733.5589885757372,44.76713216933037,1,0.5076202282427925,0
7229,1730.6616571394559,44.80721177291017,1,0.5068860672148294,0
7230,1730.3752042098652,45.43547622147369,1,0.5154878605887832,0
7231,1734.2065787165664,44.961003005357554,1,0.5050623250686622,0
7232,1732.086762310509,45.607202972300065,1,0.5387886130726209,0
7233,1732.0788247700232,45.392924539888696,1,0.5144319285614128,0
7234,1731.1237130057357,45.3544510532296,1,0.5070381130925032,0
7235,1731.5302369592657,45.34699111096355,1,0.5078823773516109,0
7236,1730.8020965438602,44.322701235199766,1,0.5541619740028619,1
7237,1732.0434856693375,45.5837350212212,1,0.5369839287783262,0
7238,1731.1500961080665,45.43956645904993,1,0.5167981614969316,0
7239,1730.7313499628137,44.86365578936825,1,0.5047221639873812,0
7240,1732.0989204280486,44.35960040278704,1,0.553839755162449,1
7241,1731.6089177219592,45.94785129162568,1,0.5736407093441849,1
7242,1729.881781543913,45.24630660082509,1,0.49470857989686257,0
7243,1730.8480893689268,44.88589809590741,1,0.5036276022945512,0
7244,1731.895808333198,45.382904165940026,1,0.511157002352802,0
7245,1730.0834873223268,45.213670991220326,1,0.4971747862382633,0
7246,1729.5694767705106,45.22532964390657,1,0.494607826982643,0
7247,1730.7880613757975,45.26408527756933,1,0.4989199958147042,0
7248,1730.9630221581306,45.43063639137348,1,0.5163249106105866,0
7249,1731.5645054979138,45.496674305669266,1,0.5251251760397997,0
7250,1730.4831121149618,45.6746904716405,1,0.5468424350034892,0
7251,1730.5563531631597,44.19386204011187,1,0.5722700387846901,1
7252,1732.2722841557088,45.48781471482798,1,0.5235646401836,0
7253,1731.7232940803194,45.26540678081181,1,0.501792394526279,0
7254,1731.1999778854138,45.154587544390324,1,0.49908859604570766,0
7255,1733.013460374255,45.925851870942545,1,0.5707768881461903,1
7256,1732.5969591374178,44.787279703910464,1,0.511354327021639,0
7257,1731.642869174187,45.32547650030721,1,0.5049808070653815,0
7258,1731.4749477631299,45.12181880699463,1,0.49887384792770123,0
7259,1733.0003728811012,45.92213361985746,1,0.5711631986491325,1
7260,1732.1982978357062,45.28512529804563,1,0.5047657266290412,0
7261,1731.4094120921054,45.014253892875146,1,0.501326598589775,0
7262,1730.6336262026807,44.68955920898395,1,0.5127719782723044,0
7263,1732.2899694349749,44.454856140382944,1,0.5391403697720849,0
7264,1731.2844523627239,45.73407834616809,1,0.5544306700330486,1
7265,1729.3540500256177,45.47212672777278,1,0.5143582521101192,0
7266,1730.0077599326023,44.66723065684378,1,0.5132618788618618,0
7267,1731.644536074314,44.71490010474815,1,0.5130641383051459,0
7268,1732.0981642110096,44.73124116448188,1,0.5142157536392412,0
7269,1731.9699683215981,45.05649847635243,1,0.5054021424238203,0
7270,1731.8200769088385,44.42836462825603,1,0.5438647952503882,0
7271,1728.95929959852,45.675128899242175,1,0.5408481638924953,0
7272,1733.6001843375539,44.99465461722623,1,0.5052624406125692,0
7273,1730.4657674779737,44.62979165495493,1,0.5149948573517544,0
7274,1731.4125863332952,44.64996384750683,1,0.5158411225087113,0
7275,1729.8485023932074,44.57969738608555,1,0.5152906948097427,0
7276,1731.3680194823507,45.627329633497276,1,0.5388048348735046,0
7277,1730.3808487344738,44.364171935746676,1,0.5490524329752349,0
7278,1730.644288106392,44.95274268293015,1,0.49848086495816113,0
7279,1731.2345976941951,44.96701552820722,1,0.5044861957808027,0
7280,1730.6211186764797,44.9596524887359,1,0.5001802287349605,0
7281,1730.8531676033222,44.225569454155654,1,0.5690788193569778,1
7282,1731.8357035180436,44.54172435542382,1,0.5265526235830574,0
7283,1731.8477712179558,45.024460505027164,1,0.5050510186074094,0
7284,1731.0316874602747,44.277934922505985,1,0.5604848368060565,1
7285,1729.6758248083113,45.28792421717829,1,0.49598282605285743,0
7286,1731.4277868459715,45.3908013891577,1,0.5104800430741531,0
7287,1732.413833093821,44.393683890760414,1,0.5477061360229148,0
7288,1730.646636182696,45.83580961403521,1,0.5651988952242453,1
7289,1733.0071541222958,45.195825025993244,1,0.5017131847755469,0
7290,1732.0057830062728,44.58775037675764,1,0.5212126343536102,0
7291,1732.5728429541853,43.76544721417477,1,0.6167027922792866,1
7292,1731.3374413607983,45.24144705026515,1,0.49734473769110793,0
7293,1731.2957460040668,44.35724162983,1,0.5509694744348795,0
7294,1732.6421686155757,45.22746031212092,1,0.5015481425134264,0
7295,1731.8273624223852,44.58491673347509,1,0.5207375696603236,0
7296,1732.3648213556482,45.470194317471794,1,0.5197282441631956,0
7297,1729.8303532647844,45.51848216069702,1,0.528813545406954,0
7298,1731.0897485873327,44.83630311833074,1,0.5086533909483717,0
7299,1732.3087482014923,45.31532545044927,1,0.5066488234885674,0
7300,1731.8580787780734,44.991027963933384,1,0.5065173883716573,0
7301,1729.5437505640364,45.49182549703935,1,0.5219044367270466,0
7302,1732.4027346188313,44.668472888802015,1,0.517145350348788,0
7303,1732.2683946159962,44.84850290564105,1,0.5088619161946861,0
7304,1730.1779304271363,44.63446823476336,1,0.514631242887881,0
7305,1731.5172060443626,44.35028599035965,1,0.5508172905867761,0
7306,1732.2821465386517,44.61915217067838,1,0.5188932318340268,0
7307,1731.0935452709743,44.909290091125,1,0.5042770863002399,0
7308,1731.5217625770206,44.52365683976316,1,0.5254879516064354,0
7309,1730.6585585917774,46.01635559016337,1,0.5766178022131336,1
7310,1729.977183542932,43.99226107062784,1,0.5940647858522314,1
7311,1731.4305503221876,44.65523314443808,1,0.5154616308420107,0
7312,1733.840399699194,45.453766052703024,1,0.5150744773033276,0
7313,1730.5783246976862,45.269195510190485,1,0.4992101270405379,0
7314,1730.4817135134715,44.46358413018968,1,0.534513162654739,0
7315,1730.686282567424,45.29482753536418,1,0.5001223982937198,0
7316,1731.2856023349502,45.18803375069469,1,0.4987938067937414,0
7317,1729.3345404247677,44.73934046371079,1,0.5082473270847634,0
7318,1733.7500368178466,44.81770300494386,1,0.5066723162331322,0
7319,1730.5439272138774,44.7300366145867,1,0.5105386238590204,0
7320,1731.0222779472472,45.438183552160694,1,0.5167563343418432,0
7321,1731.0473396345897,44.95247254728379,1,0.50035169897467,0
7322,1730.6672190291965,45.522036859378304,1,0.5297734194647563,0
7323,1731.131456411672,44.59168870338526,1,0.5194298396502861,0
7324,1730.5566887534671,45.37298332039355,1,0.5079116737181679,0
7325,1732.7650071348394,45.133015577421304,1,0.5027071502593324,0
7326,1730.6345894156173,45.02584792591044,1,0.49928305236565973,0
7327,1732.6376377821823,44.50378425387336,1,0.5297106676463704,0
7328,1731.905003468586,44.84654988160782,1,0.511377589242816,0
7329,1734.0329534879156,44.751382814864925,1,0.5068392986405018,0
7330,1728.3391880706877,45.01194960125444,1,0.49242484406011466,0
7331,1731.3513321400226,44.58844467350672,1,0.5204082744899824,0
7332,1730.1670018971595,44.97985491980776,1,0.5007263438130031,0
7333,1730.24358572437,44.7564139633224,1,0.5106047863273345,0
7334,1732.0826445988776,43.99167929248997,1,0.5990827200218302,1
7335,1730.001211552531,45.04193581200869,1,0.4993674883047616,0
7336,1731.4125267349161,45.58721461960418,1,0.535415820857826,0
7337,1730.6990072370259,44.95417640498851,1,0.4988182444100069,0
7338,1730.998977282604,44.06627823383005,1,0.5889042274340434,1
7339,1727.9552623401605,44.1762890041054,1,0.567074544622559,1
7340,1731.5256979271721,44.98493505087271,1,0.5043424180478554,0
7341,1731.0886411357721,44.88668167858889,1,0.5046938770119573,0
7342,1733.1767479747475,45.308092600254575,1,0.5032561467777128,0
7343,1730.7776823442077,44.282574160807016,1,0.5586636436373967,1
7344,1729.5207692001898,44.854155398453294,1,0.5031178036835545,0
7345,1730.5196539717372,45.56094713478035,1,0.5339823378043549,0
7346,1731.8141304423225,44.7120587223636,1,0.5135909632596752,0
7347,1731.2079778531509,45.14726277572819,1,0.49908859604570766,0
7348,1731.091681785334,44.947972511457785,1,0.5013574547361178,0
7349,1732.9186148833658,45.27904538078256,1,0.5024462191778949,0
7350,1733.4324028759015,44.72201686243176,1,0.5114241288436747,0
7351,1729.4212229665623,46.11234354070063,1,0.5827903484573229,1
7352,1732.9896218865017,45.5408488761538,1,0.5319504907831257,0
7353,1732.7946837065176,44.36930718839868,1,0.5498083504741613,0
7354,1730.8869613762156,45.03046967995928,1,0.501542492610536,0
7355,1732.0630251024706,46.00010628729997,1,0.5768257858159964,1
7356,1731.3605538136696,44.71922633145533,1,0.5126717798990615,0
7357,1731.2824559338749,44.4563983032735,1,0.5362131017193601,0
7358,1732.464085520374,44.26430709017467,1,0.5638887887860986,1
7359,1732.2973639382433,44.16956447703538,1,0.5782810956014033,1
7360,1728.984056530977,45.42097853650534,1,0.5060458451145279,0
7361,1732.516376049508,45.362035158498266,1,0.5089509094307293,0
7362,1732.4674274452393,44.955122747595766,1,0.5050062846264025,0
7363,1730.3985363138502,45.346751797276255,1,0.5080322764663906,0
7364,1731.290602522391,45.19362777369144,1,0.49845245346511646,0
7365,1730.1790444000364,44.361179113068566,1,0.5486150511865694,0
7366,1731.9665460307908,45.67997663071842,1,0.5498266840610362,0
7367,1733.010890918354,45.39445899142178,1,0.5127841907682166,0
7368,1731.2287087093239,44.756139458375195,1,0.5104224323360209,0
7369,1730.3409908642716,44.6017170308369,1,0.5160533651521446,0
7370,1732.2892075605996,45.11333097856528,1,0.5039365335216264,0
7371,1731.4707652705774,44.568287464638686,1,0.5235302360381986,0
7372,1731.4477402078908,45.08713026298252,1,0.4985118473566698,0
7373,1730.434726297917,45.716762151466924,1,0.5523978150657822,1
7374,1731.7184685273976,44.97551481009442,1,0.5055998267624844,0
7375,1731.129314085851,44.72316434749399,1,0.5114989249440622,0
7376,1732.2780963835487,45.00712694848405,1,0.5065040861122994,0
7377,1734.222235134883,45.183619105802,1,0.5006241125401795,0
7378,1730.4440627482204,44.450909886697076,1,0.5358527922899069,0
7379,1729.0845574682285,45.497149227658255,1,0.5184773385606182,0
7380,1730.7447362361697,45.56830870747656,1,0.5340314308917421,0
7381,1730.9514524948936,45.14482455410641,1,0.49916718961753287,0
7382,1730.1998247647773,45.1626545479793,1,0.4983349436317478,0
7383,1731.148735358288,44.982596219362655,1,0.5035857274031186,0
7384,1729.7934974331392,44.113217005887996,1,0.578308747128581,1
7385,1730.5624142850938,45.30920651673238,1,0.5030348756169448,0
7386,1729.7163932534706,44.59564522682235,1,0.5121794158504364,0
7387,1730.0482685314514,44.9344174750868,1,0.5020579625979307,0
7388,1728.136059982256,44.24839379762609,1,0.5594185635214202,1
7389,1731.0865701158698,44.91942838460648,1,0.503388623005047,0
7390,1733.2267691263914,45.23256819508878,1,0.4997885373085921,0
7391,1731.6018650650044,44.29601436593781,1,0.5594417160658921,1
7392,1731.9708665449846,45.889447683269125,1,0.5677442498670934,1
7393,1731.1925336762783,45.42801831875653,1,0.5143814040503436,0
7394,1731.3524591739701,45.049717739065656,1,0.500260576298976,0
7395,1732.9759012515278,45.15854840824255,1,0.501779123763387,0
7396,1732.4813464569452,45.15086488408948,1,0.5021900778146319,0
7397,1730.0229008090053,44.87837364698867,1,0.5039566649295709,0
7398,1726.6025916547947,44.42031523841579,1,0.5340279408880848,0
7399,1729.6870893357043,45.02128986570879,1,0.4956135647289027,0
7400,1731.2832918490185,45.08778419657968,1,0.49901803361297753,0
7401,1731.9595998395766,45.66838279836082,1,0.5479824119655461,0
7402,1728.442057650764,44.82408805187407,1,0.5009141469088101,0
7403,1730.8936338552542,44.936237650246014,1,0.5013445947279158,0
7404,1731.102905195922,45.07085139087746,1,0.5006837946589545,0
7405,1731.7690862250442,43.76715804138876,1,0.6182335327769225,1
7406,1730.2718988202364,44.518903218581585,1,0.5256169007533547,0
7407,1730.784897392632,45.411150405085905,1,0.5156753866195097,0
7408,1732.2514494653392,44.09851315639709,1,0.5866392920913072,1
7409,1730.31478386483,44.950980907261844,1,0.4996246521328319,0
7410,1731.6411497802983,44.59264794971947,1,0.518375896476911,0
7411,1730.0472485464252,45.15287430016825,1,0.49688513886373376,0
7412,1733.0696687216725,45.77700413604013,1,0.5556545550822786,1
7413,1730.150933353327,45.65087443584842,1,0.542722176757852,0
7414,1732.2134433671565,45.48941717514167,1,0.5256059957653574,0
7415,1732.231757969091,45.46349088736832,1,0.5202003397227695,0
7416,1730.8371788608192,45.1443834162953,1,0.498998353332509,0
7417,1731.113571605424,44.88414368912527,1,0.5037223895453621,0
7418,1731.3252438371564,44.57854372868216,1,0.5220988728547457,0
7419,1731.1454986481306,44.357811586654655,1,0.5513372709333912,1
7420,1728.5856738649327,45.24240991630358,1,0.48887791566682703,0
7421,1732.4715410303468,44.76196720963047,1,0.5110934189897799,0
7422,1731.4504289795855,44.70664681300173,1,0.5137289639878186,0
7423,1730.5758400748648,43.987782419534426,1,0.5960849604025855,1
7424,1731.053814247736,44.98050215226118,1,0.5018401963736491,0
7425,1729.4768735129692,44.34979082902218,1,0.5466278991656015,0
7426,1727.1874671722412,44.945079511133734,1,0.49487066515465455,0
7427,1730.6237043142546,44.98360345854963,1,0.50067130041283,0
7428,1730.516308331028,43.464684386123935,1,0.6328486872115174,1
7429,1733.2031061960563,45.16233227914198,1,0.5021970833817064,0
7430,1731.552488897185,44.97609382288047,1,0.505351079340841,0
7431,1729.9481890526058,44.492531405227865,1,0.5254249461806247,0
7432,1730.972785578566,44.85614031531721,1,0.5056921179531603,0
7433,1729.5113153759764,44.338647908185024,1,0.5470919423722758,0
7434,1732.2998658012455,44.97688946458481,1,0.508221598753942,0
7435,1731.1477221774107,45.203183678771595,1,0.49993637060847135,0
7436,1733.2237151531397,43.76043664491725,1,0.618488072360171,1
7437,1729.2506492646114,44.06795234342483,1,0.5826589656913017,1
7438,1728.9674794508594,45.21405059461667,1,0.4928041118465724,0
7439,1730.3810834526907,44.73190227485049,1,0.510761791256976,0
7440,1730.6509615855873,44.21074030708098,1,0.5687059048679498,1
7441,1730.4263384887283,45.071059894456205,1,0.4995885186160789,0
7442,1729.9576091349675,45.89605523101194,1,0.5680571305277908,1
7443,1730.3019837813458,44.792026212537884,1,0.5106526972379859,0
7444,1729.3132963750522,44.543983727550604,1,0.5198688531564567,0
7445,1731.6013340358343,45.06493234623714,1,0.501212295175323,0
7446,1730.2297257086373,44.64780097368415,1,0.5162145750628534,0
7447,1732.236944533444,44.46278440692208,1,0.5380340021951264,0
7448,1731.2704299493023,44.33323648128034,1,0.5530733652440486,1
7449,1731.6046553701751,45.23535426772422,1,0.49847327674460906,0
7450,1731.4044850105372,45.05591272382264,1,0.5003159225105525,0
7451,1733.9837911338066,44.73190433473525,1,0.5081500703899435,0
7452,1730.5421568633342,45.36884539331777,1,0.5079661486792447,0
7453,1732.1623849443008,45.28012852172786,1,0.5047859676015907,0
7454,1731.6229222966301,45.172902987332606,1,0.49917968700930104,0
7455,1731.0981491091604,44.456103965228216,1,0.5365710476862773,0
7456,1729.910698777207,44.98290288594496,1,0.4988036715350177,0
7457,1731.2763494294038,45.11296581428178,1,0.49987011352396227,0
7458,1730.6045544618037,45.43865730031076,1,0.5166484939579952,0
7459,1730.8426012492846,44.71317725725555,1,0.5115535540442178,0
7460,1730.0628767269218,44.690636546957094,1,0.5125004962590668,0
7461,1731.3973868121611,44.49314462380553,1,0.5292784060061083,0
7462,1730.386165717194,45.31377367181499,1,0.5028899674335796,0
7463,1728.8981843582915,45.0365980847574,1,0.49429563907069096,0
7464,1731.1886455130602,45.21895576662413,1,0.4986442994752208,0
7465,1730.553453873224,44.54963908411245,1,0.5245061882753341,0
7466,1730.3493196656998,45.87123774141616,1,0.5664667875609074,1
7467,1729.7015213886982,45.141696542103574,1,0.49566948653570664,0
7468,1730.880429708386,45.31546774793175,1,0.5040121148228409,0
7469,1731.891069278223,44.56385148021764,1,0.5253018045552897,0
7470,1731.0848614050944,45.25692395259554,1,0.49933133856580986,0
7471,1728.145516350573,44.099515583575894,1,0.5800801216299079,1
7472,1731.771047513148,44.62251465844964,1,0.517587245790496,0
7473,1731.9880211046407,44.92690742432043,1,0.5066334436099004,0
7474,1732.660347548887,44.47735193539026,1,0.5307200007614086,0
7475,1731.7531627050723,44.7727100399595,1,0.5121233165512703,0
7476,1732.770524140287,45.342516805206216,1,0.507655777486682,0
7477,1731.0992602332178,44.94376654110927,1,0.5018665304068977,0
7478,1729.6067173360545,44.87480241664545,1,0.5013048637143678,0
7479,1730.8918483138505,45.62473024044455,1,0.538735145262911,0
7480,1731.1961771747215,45.36441943946242,1,0.507380380604268,0
7481,1730.43445307064,44.8982022810633,1,0.5042271178669229,0
7482,1729.2021977034576,44.91131049086925,1,0.49995797063488867,0
7483,1731.6922604108047,43.88372876006037,1,0.6076616078701363,1
7484,1731.571566680566,44.29569465649413,1,0.5594417160658921,1
7485,1730.3622544320629,44.617849307134584,1,0.5164026379401238,0
7486,1729.983355538592,45.40547036679207,1,0.5118121053157263,0
7487,1730.1655066592336,44.28330368586586,1,0.5579596742432802,1
7488,1732.602584034256,45.097478156917724,1,0.5026532942224998,0
7489,1729.7196308420032,44.93625009199993,1,0.49838451407733825,0
7490,1729.6706749989726,45.482531994970685,1,0.5178633344984627,0
7491,1732.6816356814418,45.027227865429545,1,0.5046264287231937,0
7492,1732.3819593348196,45.75583709780332,1,0.556596476485228,1
7493,1731.116279397951,45.20337291807663,1,0.4988726499691922,0
7494,1729.9639344307636,44.37492709503785,1,0.5442153201996681,0
7495,1728.9590827982893,45.4923459509681,1,0.5177032503473717,0
7496,1730.8774848589665,44.544204038477545,1,0.5254306796370889,0
7497,1731.2003696324343,46.14531323521737,1,0.5877880862194068,1
7498,1729.7274508963358,44.7792514266371,1,0.5064045827316601,0
7499,1729.8654549888977,45.005757720899794,1,0.49719624088042674,0
7500,1729.3651038043697,45.3607130492181,1,0.5021063448142451,0
7501,1729.5642512324162,45.23008361912411,1,0.494607826982643,0
7502,1730.563313816829,45.685050992228376,1,0.5482424564453747,0
7503,1731.4663765805008,45.375670110777165,1,0.5067767419774151,0
7504,1732.37002221802,45.09807642794251,1,0.5031283852500008,0
7505,1731.9469555209837,45.00023015055981,1,0.5063730090177884,0
7506,1732.0053871073442,44.83787427910351,1,0.5108466479301386,0
7507,1729.6081969908441,45.11261404422573,1,0.49699505612381917,0
7508,1731.8294188934374,43.924915148139696,1,0.6014020159693332,1
7509,1729.6217545063785,45.31414711840396,1,0.4982200272450236,0
7510,1731.1829131067889,45.64700884663028,1,0.5437362787431456,0
7511,1730.72444003726,44.73339475424705,1,0.5106140822112384,0
7512,1729.8270007305819,44.954770300948766,1,0.4989198956046378,0
7513,1730.899548763302,45.3303991367066,1,0.5049535587103399,0
7514,1728.4466379074572,45.11863274029552,1,0.4917946167126987,0
7515,1731.057903155625,44.7648548353338,1,0.5087752294219389,0
7516,1730.266962952669,45.679874076743936,1,0.5477681829883532,0
7517,1732.3719091037572,45.03268176914076,1,0.5063391782511654,0
7518,1731.6657047908245,44.26075943448108,1,0.5650985169915934,1
7519,1730.860108208053,45.85328678771291,1,0.567363960049283,1
7520,1731.3962105534838,44.71026322944708,1,0.5150039135245998,0
7521,1732.1044340053597,45.82627645166529,1,0.5638097316667909,1
7522,1730.105924494632,44.71781558530659,1,0.5110343778484902,0
7523,1731.3228728846723,45.43217468876983,1,0.5155657161544893,0
7524,1732.0199791035523,45.21767989597295,1,0.5032492844668112,0
7525,1729.8705379367843,44.541170607004894,1,0.5200961435408396,0
7526,1731.3756986151875,44.94454918779437,1,0.5025683360249866,0
7527,1728.469690751507,45.6811242727746,1,0.5381219073783452,0
7528,1732.9532669589462,45.05543934502315,1,0.5036209725782033,0
7529,1731.1851992372533,45.19809061394624,1,0.4989229486167723,0
7530,1733.7375753260878,44.49085418372582,1,0.5275679814937483,0
7531,1731.402863148174,45.33754936637474,1,0.5052749767679905,0
7532,1729.6011854111184,44.912327903859364,1,0.5010252245731173,0
7533,1731.2264358791642,44.35891379251943,1,0.5513800357725595,1
7534,1730.8842456959471,44.714967207628725,1,0.5117266383862377,0
7535,1731.6413081264552,45.08259627092986,1,0.5008538457238817,0
7536,1731.9519578977436,45.489566521492854,1,0.5251929944809611,0
7537,1731.9854580199033,45.199141028902666,1,0.5031392069689488,0
7538,1729.3917581083085,44.218610656505824,1,0.5641764544110011,1
7539,1730.7493989136653,44.98085908556406,1,0.5015426021729857,0
7540,1729.1851253532136,44.90195244080389,1,0.4991638734384279,0
7541,1729.4679914323526,44.67469027470083,1,0.5098229442762283,0
7542,1732.708771449122,45.915796491470864,1,0.5714196638244711,1
7543,1730.918308606236,44.726060035942666,1,0.510950728995496,0
7544,1731.0028507257816,44.189026176549724,1,0.5735344121260283,1
7545,1728.8883364392482,45.503386844342344,1,0.520227098987027,0
7546,1730.4804453507018,45.06554595919618,1,0.49954414075611503,0
7547,1729.1673873165141,44.3758856040927,1,0.5400849891986713,0
7548,1730.9490168339,45.42761336752767,1,0.5161502709676253,0
7549,1730.0596445361166,45.56876602997597,1,0.5333811921106344,0
7550,1731.1466155401756,45.098476587289035,1,0.5002255487713398,0
7551,1731.9641416807774,45.38014359734914,1,0.5108112774897011,0
7552,1729.8486429210373,44.11455100981082,1,0.5785334503895028,1
7553,1729.6177153946378,45.10222163601552,1,0.4962129401961899,0
7554,1732.0347958610785,44.04761130708656,1,0.5949724978209218,1
7555,1728.009873984462,44.93526085280974,1,0.4952024010016021,0
7556,1730.066843677529,44.42317683648774,1,0.5414780999994745,0
7557,1732.081962856897,44.14842941011264,1,0.5811750269968723,1
7558,1729.8768918864237,44.419836803968664,1,0.5394869306989563,0
7559,1728.8179258224618,44.93157913944473,1,0.49686546542028204,0
7560,1728.948846702148,44.22436162820276,1,0.5634252844055249,1
7561,1730.3666058918243,44.57167963076153,1,0.5217142617362474,0
7562,1728.622582853681,44.289238043879884,1,0.5516612493448273,1
7563,1730.7817977282052,44.64614942378009,1,0.5163270579373777,0
7564,1729.3760448636503,45.04043912322034,1,0.4974126515852762,0
7565,1730.1957415089428,45.2995698977701,1,0.5020840342287061,0
7566,1727.919274319515,45.369162045848775,1,0.49451412221491137,0
7567,1730.7439160373997,44.27115204700901,1,0.5616799299604928,1
7568,1732.529960692137,45.366598880953234,1,0.5095544919060465,0
7569,1729.2853422518624,44.324323011919006,1,0.5467801577754413,0
7570,1730.682649346766,44.91787619424829,1,0.5023092490996628,0
7571,1731.4733613111914,45.96467115035308,1,0.5762173940333719,1
7572,1728.3387294654142,44.47912611724474,1,0.5201904415151979,0
7573,1731.4378824533921,45.27222653715286,1,0.5004702575966069,0
7574,1732.0768531965814,44.129911367413555,1,0.5830948944592611,1
7575,1731.1687145743426,45.35750393017981,1,0.5070381130925032,0
7576,1731.9606412966189,45.78577090378259,1,0.5616251398918631,1
7577,1731.6688254781177,45.227151410745684,1,0.5001336891234486,0
7578,1729.5478926788337,44.70960933345696,1,0.5095890560560359,0
7579,1730.7402242006158,44.49161220906383,1,0.5284881693839022,0
7580,1730.0106403394052,45.938078485377865,1,0.5720099336265638,1
7581,1731.5498066313921,45.23512378796107,1,0.49890837515662345,0
7582,1731.2214356083493,45.4623125768333,1,0.5185591586556387,0
7583,1731.6070829318032,44.91708325568393,1,0.5055151640842515,0
7584,1729.474902979501,45.41255238925498,1,0.510486470219118,0
7585,1730.74970422062,45.08200175976722,1,0.4997110512021906,0
7586,1729.949097627165,44.75183358484512,1,0.5089203071613881,0
7587,1731.0781117249933,44.89566233904235,1,0.5054421834595473,0
7588,1732.3157810841592,44.44995384870267,1,0.5405301018029017,0
7589,1730.7936444249374,45.41685405739423,1,0.5157262896529621,0
7590,1731.065096380715,44.48576203764219,1,0.530008942901343,0
7591,1728.8202077226626,46.066345299832115,1,0.5790989659586852,1
7592,1731.1563482773104,45.47475577107959,1,0.5199508419185445,0
7593,1731.6425607261822,44.91778808194929,1,0.5057216852279043,0
7594,1731.0840365364752,45.15735523268168,1,0.498878637698934,0
7595,1730.6551350311106,45.3993473569422,1,0.5123681561122574,0
7596,1731.5658649510144,44.6954971025348,1,0.515866369535024,0
7597,1731.0219556179957,45.386908758769046,1,0.5113560236486959,0
7598,1732.2851527852806,44.60614649392441,1,0.5188932318340268,0
7599,1729.1473784117268,44.77354586753205,1,0.5061603430972159,0
7600,1730.4854480213942,45.123728875112185,1,0.49785054339434404,0
7601,1731.3643352597765,45.42128227983203,1,0.514730503424426,0
7602,1730.5493237439557,44.81273381048835,1,0.5083088319848107,0
7603,1730.2182162481115,44.84225812257314,1,0.5084901818804702,0
7604,1730.3441916927125,45.3154243019627,1,0.5025498340414016,0
7605,1730.0504219340269,44.63587450683189,1,0.5142922872927203,0
7606,1731.0642687741945,45.05950482592379,1,0.5004882578702523,0
7607,1731.3797722567174,44.50317306546955,1,0.529909872901405,0
7608,1734.4662805789362,45.28141037950462,1,0.499788008592612,0
7609,1730.3004429515283,44.74455278809407,1,0.5113965184490912,0
7610,1731.4491819499578,44.4143344456046,1,0.5452105738277284,0
7611,1728.5455373698253,45.790436522169806,1,0.5543894947282207,1
7612,1731.7506567300975,44.82300698250206,1,0.5096679731347724,0
7613,1729.257321127677,44.207282478547505,1,0.5642092844263568,1
7614,1730.010009448718,44.81253158378352,1,0.5084184750472188,0
7615,1731.2357725459585,45.03964672687465,1,0.5021515304442836,0
7616,1729.9101087486597,45.25671687059125,1,0.49629074256382344,0
7617,1730.058508854676,44.552859206138145,1,0.5227488326308927,0
7618,1731.0270450687437,45.19464883083685,1,0.4993349593863928,0
7619,1730.495488717871,44.34039633442499,1,0.5512517280721326,0
7620,1730.8594393908998,45.089180070853615,1,0.4990956869813762,0
7621,1730.0272454416838,44.67317861385895,1,0.5132618788618618,0
7622,1730.3075217718308,45.70559875415906,1,0.5515124129590256,1
7623,1731.2256769811981,44.478495023567945,1,0.5305458848742218,0
7624,1730.200175703317,45.02022713927234,1,0.499118927885285,0
7625,1732.0936057490196,44.86405841754172,1,0.5082431133485946,0
7626,1729.4270949948673,44.46683151161542,1,0.5272331831264432,0
7627,1730.0209109982823,44.650018370143194,1,0.5138505403686207,0
7628,1733.2925530717246,44.80547463604231,1,0.5077918749282416,0
7629,1730.9046845022283,45.382392737741704,1,0.5092172621107798,0
7630,1730.9327259825475,44.9038928835345,1,0.5038254654306664,0
7631,1730.3034098799988,44.07357626392875,1,0.5890278775544353,1
7632,1728.4746841658516,45.66595163049575,1,0.5361887042575919,0
7633,1729.3391536474091,44.58433303439612,1,0.5146194548712744,0
7634,1731.9652333261663,45.60842885893053,1,0.5387458219173317,0
7635,1728.8993297246582,44.91449500664303,1,0.497370830369358,0
7636,1730.1782353435951,44.9223771426947,1,0.5021930849449712,0
7637,1731.6692570250184,44.990564939495584,1,0.5046402663478136,0
7638,1731.000504837329,44.65441263537615,1,0.5161217797166879,0
7639,1731.1575866886983,44.55889236763809,1,0.5252355923715198,0
7640,1728.5921748611515,44.99373155997269,1,0.4942050019325075,0
7641,1729.7857160937679,45.15780765613526,1,0.4953890728109347,0
7642,1732.4519289027905,44.93387736273517,1,0.5055658530146444,0
7643,1728.5404575041043,45.201389693121136,1,0.4901230615084628,0
7644,1729.8710453402155,45.03453978901257,1,0.498250473052025,0
7645,1730.4983573894776,44.52865126313398,1,0.5247917405554798,0
7646,1728.5435723502653,44.693000037506714,1,0.5072310121807614,0
7647,1728.7892528823488,44.372324993516976,1,0.5401384226600463,0
7648,1729.1072570712372,45.3221016855799,1,0.4958859169020999,0
7649,1730.7381506717543,46.230990884661544,1,0.5888294937438754,1
7650,1731.1582109769329,44.54872364768183,1,0.5256228500673834,0
7651,1727.2464577494673,44.696336519582054,1,0.5052981258157981,0
7652,1728.6108074610759,45.59724027695697,1,0.526494760358607,0
7653,1728.115039507587,45.10516194815641,1,0.4929684312602554,0
7654,1727.8019780610455,44.477035722432475,1,0.5203629742971105,0
7655,1729.4171838885418,44.686061642003665,1,0.5099997102607076,0
7656,1729.8337141661498,44.974731365951605,1,0.4996175750628294,0
7657,1730.2491442637086,44.71455968378959,1,0.5122628725353487,0
7658,1729.5881150257567,45.03770618491991,1,0.49800756053755746,0
7659,1730.816845602521,44.54083878916903,1,0.5254306796370889,0
7660,1730.9102062595373,44.56243078854406,1,0.5240052284019916,0
7661,1730.0390937435764,44.35007747486674,1,0.5498112804192108,0
7662,1731.5067160953076,45.21128042909106,1,0.49976039403617095,0
7663,1732.3748881481547,45.33603711525069,1,0.5088007578661748,0
7664,1729.3559894541495,45.533492444820084,1,0.5266965569689525,0
7665,1729.11694416895,44.838764166017555,1,0.5036444074097366,0
7666,1729.5522775491668,45.19690361742215,1,0.4949678096454783,0
7667,1729.2725021532704,45.85764889996726,1,0.5655872766761447,1
7668,1732.386377051922,45.185581946828066,1,0.5032977631859,0
7669,1728.1341986628186,45.24049657321447,1,0.4889074562281229,0
7670,1729.6192612896486,44.68330175363372,1,0.5095189951996677,0
7671,1730.454031084288,44.26318452268696,1,0.5628766126361738,1
7672,1728.5313884357715,44.32058166654754,1,0.5454868569615626,0
7673,1730.7749246593974,45.647830768395764,1,0.5415921462161722,0
7674,1729.6098309002134,44.25435142092856,1,0.5608032308381105,1
7675,1732.684120332505,45.44442034069534,1,0.5161140371464348,0
7676,1728.9690157580512,45.652142156979,1,0.5369121418884434,0
7677,1730.556275856516,44.72744688740062,1,0.5107113647990214,0
7678,1729.0332470010571,45.258662843211745,1,0.4923842190379989,0
7679,1729.562327328872,45.37707342748315,1,0.5040509936582669,0
7680,1730.7657116777054,45.33652763854617,1,0.5058799501975241,0
7681,1729.7505112241752,44.72509803075904,1,0.5067923067195517,0
7682,1730.1221586039721,45.06495992747528,1,0.49986218179729613,0
7683,1727.7957744342953,44.30827959070461,1,0.547198854218592,0
7684,1730.4321282817339,45.08427207132309,1,0.4990866020636821,0
7685,1731.5790683408836,45.07737665295673,1,0.500548898542177,0
7686,1729.284168346048,44.945731334061186,1,0.4979590256113709,0
7687,1730.0317700567398,44.73581623985865,1,0.5106129223303411,0
7688,1729.9173163409425,45.14010290417397,1,0.49742653174226287,0
7689,1731.6321544014304,45.1181494354748,1,0.49987710171170635,0
7690,1731.9193486709582,45.25493696549701,1,0.5031803424383402,0
7691,1730.3770149296631,44.22389106101167,1,0.5698447563874559,1
7692,1732.3999121137756,45.033842450175,1,0.5059612127712041,0
7693,1730.237415950737,44.23581332750494,1,0.5677432332025744,1
7694,1731.843443998775,45.245544853412994,1,0.5005200449498147,0
7695,1730.13374403111,45.63118856834374,1,0.5381078736672966,0
7696,1729.5147855389796,45.6725199778213,1,0.5445331305782674,0
7697,1730.9363661650818,45.09800306842864,1,0.4991905505514354,0
7698,1728.7839054238877,44.95901672427818,1,0.49575750758932696,0
7699,1726.6985082536469,46.41823683421812,1,0.5999392956009794,1
7700,1731.1390755335747,45.187469632723754,1,0.49977173819657195,0
7701,1729.2162164269082,45.14994826046709,1,0.4946807607198268,0
7702,1730.4166285765052,44.757355681260016,1,0.5099143171729953,0
7703,1730.7331745241174,45.9177119714916,1,0.5709061532212344,1
7704,1729.1379054170968,44.25457354171546,1,0.5578290412374286,1
7705,1729.008024691676,44.560001008490694,1,0.5164676166517963,0
7706,1730.6908306807973,44.70818120359506,1,0.5126330573672677,0
7707,1730.183691905198,45.18562810610295,1,0.49844039747729607,0
7708,1730.5197503612515,44.598461432548824,1,0.5164901244377532,0
7709,1728.1236262745197,45.47475881232576,1,0.5071616404838015,0
7710,1730.0619450208396,44.75465761700379,1,0.5096796070617525,0
7711,1729.881454897333,44.88252675916446,1,0.5020577665641088,0
7712,1730.075468379245,44.956322636238745,1,0.4995571434397169,0
7713,1727.29144860298,45.70124575092633,1,0.5408512224419176,0
7714,1730.354672196657,44.30303360510953,1,0.5566498462972015,1
7715,1729.0545908669058,46.111040454726634,1,0.5822355563855013,1
7716,1730.761995444425,45.39714639925873,1,0.513358051962832,0
7717,1732.144093867367,45.073863702180425,1,0.5042273426510528,0
7718,1729.8979433559816,45.344704529706405,1,0.5046729810121843,0
7719,1730.0183451899522,45.98334755015645,1,0.5752880488739428,1
7720,1729.9230754658845,44.89460714185872,1,0.5028214452819727,0
7721,1729.1449440928545,45.183224047421554,1,0.49314459468888766,0
7722,1730.8993823011756,45.374567896195515,1,0.5092428172049487,0
7723,1732.1492518747352,45.08784658167012,1,0.503314329375537,0
7724,1729.095270131918,45.23701168727109,1,0.4917055684634773,0
7725,1730.495706687255,45.16264902781551,1,0.49853854507024253,0
7726,1729.4779834081141,45.376339475253744,1,0.5045159035814857,0
7727,1729.2598912697133,45.21790670704078,1,0.4954457305902528,0
7728,1728.6319738939023,43.8995199731637,1,0.5975347406362105,1
7729,1728.3967063180442,44.498138547457685,1,0.5192403233842612,0
7730,1730.554812164566,44.74956274555174,1,0.5096993773078276,0
7731,1730.610382515038,44.902919466178986,1,0.5029278751935511,0
7732,1731.090552066662,44.638465304919805,1,0.5167104051233579,0
7733,1730.2818831988366,44.7413692763912,1,0.5123705931249666,0
7734,1728.5133568426832,44.785255592489776,1,0.5033712088638389,0
7735,1730.312138736315,44.624486742093794,1,0.5161988165245327,0
7736,1729.9921727384726,44.535441364920224,1,0.5213595544129528,0
7737,1729.3491630254543,44.4117881274277,1,0.5383946792423926,0
7738,1729.1392447014816,44.92935118363936,1,0.49813605516633924,0
7739,1728.9184101168833,44.44790298196018,1,0.5291925040135871,0
7740,1729.4817853707582,45.23307349738769,1,0.49501218792257773,0
7741,1729.5983316902468,45.265057936900654,1,0.4943106007714431,0
7742,1732.6636654468277,44.89229599139487,1,0.5059610481966874,0
7743,1730.6173145209834,44.43209722946574,1,0.5427731033152996,0
7744,1729.8140909246777,45.07152432863065,1,0.4972346022362612,0
7745,1728.449550665383,44.82116338193375,1,0.501627621701538,0
7746,1728.794996338084,44.91040487107008,1,0.49804018038515985,0
7747,1730.9980200895295,45.457209784628056,1,0.5195465375524926,0
7748,1728.7571961177912,45.15518517881215,1,0.4914096871656135,0
7749,1729.9123901792598,45.24099474336748,1,0.4948759647353924,0
7750,1730.5658028129808,46.12190003710349,1,0.5849901652843853,1
7751,1728.1994225085841,45.00853099436041,1,0.4920827620450189,0
7752,1730.9681651793499,45.42367025275543,1,0.5161864850393096,0
7753,1728.688933405029,45.198396264398696,1,0.491550618171504,0
7754,1728.6880620054992,44.37536834779615,1,0.5401763197854726,0
7755,1727.7868974890437,44.21887798828385,1,0.562907719156664,1
7756,1730.6002331884092,45.71977542200821,1,0.5521832629248683,1
7757,1728.553074032664,44.91674495737286,1,0.49631534787421927,0
7758,1729.7820447781528,45.20758084878716,1,0.4962654061262813,0
7759,1727.8513277976942,44.3835224999012,1,0.5382982246684551,0
7760,1730.24542966268,44.85513397588509,1,0.5069835360058786,0
7761,1729.5160156693441,45.324771305530284,1,0.5001688406379049,0
7762,1729.5334559656783,44.674702428559144,1,0.5093531439305978,0
7763,1732.2129981318437,45.03194292391332,1,0.5067736793793365,0
7764,1730.096046417878,44.690231092924286,1,0.5125004962590668,0
7765,1728.7631599249798,44.383559733306825,1,0.540321178703371,0
7766,1730.2394866211466,45.29374162603978,1,0.500801185359515,0
7767,1732.3339419729746,45.14366120414224,1,0.5038773669312107,0
7768,1728.7632284164101,45.05404748144572,1,0.49281308209130714,0
7769,1729.961404821025,45.26331793313768,1,0.4958527613604302,0
7770,1729.911470961197,44.18274272635672,1,0.5714780586728572,1
7771,1728.8241734373325,45.25673631154546,1,0.4912503240983117,0
7772,1729.0593304830943,44.35887724933979,1,0.5414311705361315,0
7773,1731.0627354273543,44.70496992154188,1,0.514219911440636,0
7774,1729.4961132320389,45.756700881718565,1,0.5529782793362064,1
7775,1729.2879016911063,45.61581390654829,1,0.5337835311011476,0
7776,1731.8607126623494,44.752361136521415,1,0.5128377030171195,0
7777,1730.9790048253744,45.63916516798345,1,0.540135893991025,0
7778,1730.1744289037279,45.844026920407835,1,0.5653345880149541,1
7779,1727.7575735051641,45.091213682231135,1,0.4925386726513643,0
7780,1730.0828495335338,44.52565420579108,1,0.524025318738008,0
7781,1729.0318877993159,44.99718358186312,1,0.49470591220920923,0
7782,1729.1858275117584,45.29144082527779,1,0.4948607546681623,0
7783,1729.9069899392766,45.26576923808565,1,0.4961883620716793,0
7784,1730.255514445215,45.75442024873625,1,0.5551355683644035,1
7785,1729.5453404031505,45.276246585180864,1,0.4962936082739295,0
7786,1730.576566126869,45.855728954883354,1,0.5662467710099489,1
7787,1730.8452443994775,44.00243242365114,1,0.5945085227382466,1
7788,1731.4560910446594,45.59370611908014,1,0.5360607142853523,0
7789,1729.6949299549026,45.31291535271955,1,0.4982200272450236,0
7790,1729.8180270283835,45.50927783447155,1,0.5262870311557148,0
7791,1730.7120113838039,45.309393858131585,1,0.5023782716161814,0
7792,1729.7457524663507,44.90226546927645,1,0.5006110812044204,0
7793,1727.0466457654736,44.84160665239764,1,0.4999383091125074,0
7794,1731.1921066007644,45.392686373519055,1,0.5108604332392496,0
7795,1732.0446829240536,44.41528496034133,1,0.5484602609853152,0
7796,1730.8400055586656,45.16267328034392,1,0.4993130400261297,0
7797,1729.5150486737994,45.48676149596589,1,0.5191702928525771,0
7798,1729.372165261379,45.12555704772237,1,0.4949525296751092,0
7799,1730.060468887182,44.85259857004337,1,0.5058836433991678,0
7800,1729.8000880573582,44.77535552894538,1,0.5078977720733847,0
7801,1729.4590395525056,44.80565356846107,1,0.5060606587384661,0
7802,1729.1078702697062,44.925064898512424,1,0.49828994234913765,0
7803,1727.064609536356,45.53335729464067,1,0.5207552109344111,0
7804,1729.6712746097094,45.77397390787195,1,0.5533132092196466,1
7805,1730.1495731116245,46.0683570274561,1,0.582639990263246,1
7806,1731.9796665063946,44.89988744926562,1,0.5070111389440184,0
7807,1729.2236584699858,44.864006370785454,1,0.5011968519058918,0
7808,1728.3567606872011,45.20109105638635,1,0.4908680900170338,0
7809,1729.4592037070552,44.952716078688425,1,0.49851823924636307,0
7810,1729.8555960916406,44.897029054050144,1,0.5027709808412923,0
7811,1730.074654479602,45.01528844889159,1,0.4984856733269722,0
7812,1728.7132200081842,45.01486248721996,1,0.4938391024090784,0
7813,1730.5894097912853,45.61516947858279,1,0.5369665793289617,0
7814,1729.2535590174123,45.16872117301729,1,0.4955445645792211,0
7815,1730.3439548572035,44.54764761012928,1,0.5240626503696717,0
7816,1729.9751218965462,44.673101429362106,1,0.5118180680854268,0
7817,1729.6916507002784,44.80764672312778,1,0.5056898754540708,0
7818,1730.5603307749866,45.76251235921126,1,0.5554834156201347,1
7819,1729.5595806979625,45.72006242783611,1,0.5496930097716095,0
7820,1731.5261392474554,45.1462572030356,1,0.49932535928274036,0
7821,1726.9395305590676,44.760033130737554,1,0.5002419543303399,0
7822,1729.7714172631067,44.98474170172286,1,0.4980016757067216,0
7823,1729.7925063629586,44.7594536838991,1,0.5074362532103127,0
7824,1730.7671176630529,45.20618721689638,1,0.49924226352626155,0
7825,1730.473094014641,45.350434447433564,1,0.5078308904820394,0
7826,1731.2706224049264,45.19443029464191,1,0.4984864978670821,0
7827,1729.1522513286995,44.38452164022273,1,0.5398281855156589,0
7828,1729.5532342823813,45.75617630884444,1,0.5527912422065153,1
7829,1730.2289445147317,44.92111228443759,1,0.502688403450742,0
7830,1728.2954737561088,45.329759297947696,1,0.4935533729752684,0
7831,1730.2626163708128,44.63312426382204,1,0.5163601503773697,0
7832,1730.2083546559477,44.847249407191185,1,0.5070745266057703,0
7833,1730.951711583872,45.63148954105847,1,0.5386485169166472,0
7834,1728.3562483295693,44.592323525588114,1,0.5108148937344277,0
7835,1731.8831693588231,44.96069474323867,1,0.5056428550369149,0
7836,1731.15334577929,44.94779552034523,1,0.5015773547368136,0
7837,1730.6354541888625,44.620220831572944,1,0.5157367598429077,0
7838,1729.4616541034857,45.11559135571631,1,0.49692589858140346,0
7839,1729.668675650971,46.29627868213237,1,0.5894119628508303,1
7840,1728.2872671473983,44.996857014271946,1,0.49297765899735907,0
7841,1730.022393905612,44.835110918172184,1,0.5078375311102385,0
7842,1729.08140028611,44.37422307493196,1,0.5394428821294348,0
7843,1727.700007525121,45.19731057058687,1,0.49042977779281194,0
7844,1731.14863556685,45.829724763649025,1,0.5671607276627565,1
7845,1727.233511255566,45.584295612592506,1,0.5262399496484631,0
7846,1729.832872800965,45.41385208616207,1,0.5119020998540269,0
7847,1730.1446720015426,44.79571728375773,1,0.5086604648647671,0
7848,1731.5459344009105,45.803644156257235,1,0.5625541032607151,1
7849,1732.0597675354031,45.19820404319303,1,0.5029486728472674,0
7850,1730.164211693442,44.97544886699529,1,0.5013991526732664,0
7851,1728.9774662747518,44.36929982744078,1,0.5403550155082827,0
7852,1728.6016061113248,44.66675006013224,1,0.5072360979507484,0
7853,1730.2776469397575,44.555426284317534,1,0.5245630726774894,0
7854,1730.91527215062,44.93815848751737,1,0.5013445947279158,0
7855,1730.7214384117237,44.288017400383495,1,0.5576208694959803,1
7856,1728.4277367928105,44.34330377227159,1,0.5432583876464919,0
7857,1729.7656383434717,44.01060281780423,1,0.5918285443954288,1
7858,1727.7477770827227,44.90481950172012,1,0.49739496751916307,0
7859,1730.0711996733114,44.891347700841635,1,0.5037892095059824,0
7860,1729.5707596918637,44.50220768877217,1,0.5217841457290336,0
7861,1729.4489991881985,44.61204399093205,1,0.5115545499789605,0
7862,1731.1502360877391,44.71927146247111,1,0.5115348126685803,0
7863,1729.3588834266727,44.113118202650156,1,0.576101261968599,1
7864,1731.9274683816818,44.21995536937905,1,0.5725159892165274,1
7865,1729.5212197400374,45.6586788997687,1,0.541718459369962,0
7866,1731.092214362135,45.53627578561718,1,0.5322481822601909,0
7867,1731.1410632648408,44.91212673248551,1,0.5044334818594001,0
7868,1728.6262124417817,44.54604930132416,1,0.5163430450570049,0
7869,1728.5176029694176,45.44263449455629,1,0.5036623191392481,0
7870,1728.9268461186464,45.13633499992229,1,0.4923616550497611,0
7871,1728.9138276389917,44.699328327672035,1,0.5090133011426523,0
7872,1730.2286430971783,45.26591712730241,1,0.49843379562299855,0
7873,1729.676473124482,44.730902692117084,1,0.507456199480237,0
7874,1729.3018413733184,45.15033129663299,1,0.495877415718792,0
7875,1730.8424441033806,44.36685107947154,1,0.5490678774142858,0
7876,1728.535856059326,44.33329181356378,1,0.5437023595357754,0
7877,1730.771743891942,45.158322453257256,1,0.4983055435920008,0
7878,1725.6848127898356,45.405723979792455,1,0.4993286884714577,0
7879,1730.9222728878117,45.24634221775832,1,0.49822472137581886,0
7880,1728.6925305868301,44.51462314594299,1,0.5198910981838485,0
7881,1729.8571699390618,45.18949870067424,1,0.4964673569741465,0
7882,1730.9969644638659,45.60486544045164,1,0.5366954393182173,0
7883,1729.238292649036,45.45009252926361,1,0.5125145228759996,0
7884,1730.4934435031746,45.00951187393066,1,0.4989757177545145,0
7885,1728.7610361688787,45.03148620822682,1,0.49488095973061236,0
7886,1728.353504269893,45.258948409218306,1,0.490473574423502,0
7887,1730.174860165397,44.50752006075165,1,0.5259600365333421,0
7888,1731.9399023892809,44.389243952436075,1,0.5506097355582791,0
7889,1731.6875392396983,45.69133736187777,1,0.5505344562764136,0
7890,1729.9261994243739,45.26214750375389,1,0.49645866272770095,0
7891,1730.4480426803166,45.414344816134545,1,0.5145011762400263,0
7892,1729.770993591227,45.38676031159267,1,0.5064414660380822,0
7893,1730.843907662891,45.139373996820495,1,0.499284654294255,0
7894,1729.9606430444608,45.343874555694185,1,0.5039905331860999,0
7895,1729.6738519424669,45.248378128852124,1,0.49357404182806247,0
7896,1730.310137251626,44.91052618641017,1,0.5030648215610399,0
7897,1729.4864035906241,44.246887753089084,1,0.5627795587384218,1
7898,1729.7235624821744,44.645249745032466,1,0.5108970283296201,0
7899,1731.8066067620803,44.654361310326834,1,0.5168615249314847,0
7900,1733.4039101054634,44.84845101748064,1,0.5061443170394919,0
7901,1730.8201417161017,44.86796599802797,1,0.5050724422605091,0
7902,1729.7621100518104,45.34708497475494,1,0.5033145837332037,0
7903,1727.5834001881433,45.55129778139331,1,0.5225397441501203,0
7904,1734.1279543851094,44.51536909117601,1,0.5248333228415101,0
7905,1729.1821415451166,44.709085115181445,1,0.5085718543279141,0
7906,1730.9215275896265,44.82530552286236,1,0.5094696680795155,0
7907,1728.637019802081,44.7186559318209,1,0.5061150556806449,0
7908,1729.8301818763962,44.91863498293418,1,0.5014414832571498,0
7909,1729.6815568258098,45.31607016680746,1,0.4982200272450236,0
7910,1730.7972347709633,45.10897528398843,1,0.501179054753358,0
7911,1729.029751410845,45.34753405741263,1,0.5009660818487005,0
7912,1730.0464220384433,45.41293589748614,1,0.5126486016415223,0
7913,1728.703233953232,45.200794228704034,1,0.4925688377606227,0
7914,1729.64919543731,45.279458023142695,1,0.49547575202872784,0
7915,1729.5796907933284,44.39526014769489,1,0.5404470088797059,0
7916,1730.2147661714685,44.595931660343524,1,0.517298960557983,0
7917,1727.1842091197732,44.971633012504064,1,0.49395107275694344,0
7918,1728.6175274666982,45.70370610804621,1,0.5430734128628725,0
7919,1729.5432486697496,44.59573837004126,1,0.5123018678163467,0
7920,1727.087816008566,45.16568933289581,1,0.49233890266244795,0
7921,1730.9330612567317,45.53367691124352,1,0.532289305492978,0
7922,1728.7299836338557,44.99713660897515,1,0.494123629660894,0
7923,1730.2102799357035,45.020021541255645,1,0.4992878049667553,0
7924,1730.2402391630542,45.24870207610067,1,0.4979570245400792,0
7925,1729.3332042748812,45.2964301635269,1,0.4979556989649099,0
7926,1730.752783234305,44.33053987729226,1,0.5529170678693924,1
7927,1730.0294289048497,45.219382463387326,1,0.4963241425619875,0
7928,1730.1804490771183,45.694086979652305,1,0.5490799806670749,0
7929,1731.3303499319277,45.92893956618615,1,0.57445777188619,1
7930,1731.1195712457975,45.13925921454595,1,0.49896715179067636,0
7931,1730.7871583085332,45.232356922212745,1,0.4979371569438697,0
7932,1731.792364018503,45.35282626018523,1,0.509552902785466,0
7933,1729.5389826587466,44.6890980795767,1,0.5095041775327077,0
7934,1730.6690462304057,44.58766808729591,1,0.5180247005626412,0
7935,1730.285521782993,45.27334102235008,1,0.5007971761832853,0
7936,1729.8458164260337,45.17223935976517,1,0.49659923123545513,0
7937,1729.739741002255,45.220012615763835,1,0.49390038261811786,0
7938,1729.415501719161,45.083894572376984,1,0.49582147271569743,0
7939,1729.8134434021638,44.99886259422404,1,0.4977357870497029,0
7940,1728.833631354219,45.55224976948007,1,0.5243496284040824,0
7941,1730.6885637841945,44.94086540082005,1,0.49976470188013505,0
7942,1728.1615541501353,44.85347123669024,1,0.4980586755387786,0
7943,1730.9154555079667,45.19668666957237,1,0.498797739269622,0
7944,1728.402186757967,44.62718088779225,1,0.5086672589147303,0
7945,1728.09172279782,44.623317009696734,1,0.5080683763680645,0
7946,1728.2531364301733,44.90324586938621,1,0.49641462468950226,0
7947,1730.5016221932,45.37713992623464,1,0.5077398797343194,0
7948,1728.2906315880261,45.56655077857642,1,0.5221309328522351,0
7949,1729.313065851154,44.97428154598263,1,0.4975337349701809,0
7950,1730.0896149674447,45.07952598629923,1,0.4987865534450043,0
7951,1729.2977272191274,45.659248912391064,1,0.5416374624351544,0
7952,1729.6146147446316,44.39009713954553,1,0.5426791651689977,0
7953,1727.9514520222567,45.21800343845341,1,0.4893663051015455,0
7954,1730.2200703547603,44.23250985677179,1,0.5683427165637783,1
7955,1729.251974650682,45.23979548768022,1,0.49404460469532524,0
7956,1730.0535098243488,44.09903700383431,1,0.582751782296188,1
7957,1730.5768698811464,45.20588651549361,1,0.49862343763908007,0
7958,1727.6346996223783,45.02198807928135,1,0.49203311362159463,0
7959,1731.6611275952018,45.6385082700419,1,0.5400283683473701,0
7960,1729.3197417364975,45.537863678792675,1,0.5274165410793225,0
7961,1731.559567354378,45.01081863516673,1,0.502412752400387,0
7962,1729.616752780909,44.89516761592237,1,0.5010202000557307,0
7963,1729.520709817037,45.02467643860998,1,0.4972378077107059,0
7964,1733.1243248656453,44.91186962006237,1,0.5049728515558117,0
7965,1730.3493278873996,45.28594993165555,1,0.5004624647307213,0
7966,1729.1494514137344,45.723679357004464,1,0.5470296846051113,0
7967,1729.123715180463,44.969452919893506,1,0.49585569101139193,0
7968,1729.5849580575202,44.625224600187025,1,0.5107593196716177,0
7969,1731.586312142663,43.708750402412,1,0.6231254965319987,1
7970,1728.6001281526903,45.29430947254118,1,0.4927370532612954,0
7971,1729.9884456495486,45.143027025548776,1,0.49688513886373376,0
7972,1729.5028835526075,43.861792124956736,1,0.6036229135635403,1
7973,1728.8989044785308,44.21198114926904,1,0.562945035409518,1
7974,1729.5133557861955,44.627677723138454,1,0.510761046844816,0
7975,1728.5821084930562,45.07422907351435,1,0.4919925941206808,0
7976,1730.032701970872,45.12368991467219,1,0.4966803356741098,0
7977,1730.9077554155765,45.285382084940764,1,0.50174890491058,0
7978,1730.5792859819228,45.584943127172366,1,0.5369418946190828,0
7979,1729.0365494731186,45.65235004969608,1,0.537020832632127,0
7980,1730.1967143704505,44.26245603858079,1,0.5636944498201758,1
7981,1729.8833606680344,45.44439230155402,1,0.5152552662527567,0
7982,1730.0550248086167,45.090996251100336,1,0.49786860987116294,0
7983,1730.253698508821,44.67171996882837,1,0.5151512972471741,0
7984,1728.4222399592552,45.20366822154826,1,0.4904397683347435,0
7985,1730.7883992614286,45.10648113315602,1,0.5004956323738107,0
7986,1731.4902190157607,45.52884249112791,1,0.5294962116342777,0
7987,1730.5724049904852,45.223631304477465,1,0.4979591905700012,0
7988,1729.703801394796,45.12058155830705,1,0.49457097596715166,0
7989,1728.268328160001,45.134814461242996,1,0.4907217035158706,0
7990,1729.6103152960989,45.07489227703085,1,0.4965776165800985,0
7991,1731.2322284817587,45.57100952834929,1,0.5341140583823684,0
7992,1729.9425897280016,45.37706874382573,1,0.5054525224738167,0
7993,1726.045527542944,45.16453255425453,1,0.48913523264512854,0
7994,1731.6429956432794,45.10697475841162,1,0.5015987427097073,0
7995,1730.7015967441093,45.038374563208194,1,0.5002489139907268,0
7996,1730.0936261338425,44.77284551766126,1,0.5094431448083918,0
7997,1729.7969692640324,45.09578703056806,1,0.49683498784290653,0
7998,1730.681008128441,44.99945614108808,1,0.49954471310771875,0
7999,1732.0345998363143,45.793752201414264,1,0.5635970756159977,1
8000,1728.9548494157516,44.658890886130976,1,0.5094176639682817,0
8001,1726.7901297355738,44.998158327790506,1,0.49359423647741973,0
8002,1730.7266715480423,43.86820029012972,1,0.6049172731221192,1
8003,1730.0180351747686,44.04783550899041,1,0.5912531485174,1
8004,1730.5349474166883,45.073514965568265,1,0.4992506181835105,0
8005,1728.6651892752302,44.74202710217368,1,0.5057373440704586,0
8006,1730.7316864655668,45.61867813900933,1,0.5353431196970883,0
8007,1729.633481509505,45.15646296952577,1,0.4945766665209442,0
8008,1728.9608738728932,44.69848483473836,1,0.5097208143383001,0
8009,1727.997484593512,44.736448705304035,1,0.5044905831301003,0
8010,1729.5636756935148,44.607278602045724,1,0.5107881679252474,0
8011,1728.6992291705697,45.89167749930498,1,0.5629156122934109,1
8012,1731.024405400197,44.616510195113456,1,0.5174004867349921,0
8013,1729.9970491589079,44.64971786643978,1,0.5135689435384557,0
8014,1728.105881908303,44.70729638839456,1,0.5074652959214417,0
8015,1730.3930119580332,44.681203422428354,1,0.514126026829897,0
8016,1728.8671452182707,44.522290856508945,1,0.5186697771523154,0
8017,1729.7323772404372,44.28679201891945,1,0.5545652051928686,1
8018,1730.3581865165213,45.60908246283021,1,0.5364488197693837,0
8019,1729.1656889703415,45.48718768024075,1,0.5156232268307381,0
8020,1729.8037798122643,45.39529981690539,1,0.5083346570030317,0
8021,1728.9782260122215,45.870938089953825,1,0.5634148337200847,1
8022,1728.7623638136781,44.505504848558765,1,0.5200993257147374,0
8023,1728.865719843982,44.938814630303675,1,0.4959014446885414,0
8024,1730.1527288162342,45.266075208548095,1,0.49794266934839404,0
8025,1730.5042787817229,44.70495532632565,1,0.513588389778669,0
8026,1729.9769592742962,44.75780648409434,1,0.5085037135108179,0
8027,1729.2451789161635,44.76970788598969,1,0.5051008661050898,0
8028,1728.7604558337225,44.425109968867986,1,0.5351217564428783,0
8029,1730.7334019296,44.723034193249006,1,0.5103270003258871,0
8030,1731.9826637308538,44.30341327631118,1,0.5600992454440904,1
8031,1731.5146314201293,44.46526570814292,1,0.5331210576113768,0
8032,1729.2172809364422,45.32855245812291,1,0.49859902505902365,0
8033,1730.5552793862507,44.78566918774396,1,0.5099979431981948,0
8034,1728.8314782622883,45.55326447308106,1,0.5248820502046986,0
8035,1732.2005615141925,44.59348627596978,1,0.519448240147774,0
8036,1727.8920121133947,44.82297622809236,1,0.500254879480784,0
8037,1728.9310950954011,44.56116463963896,1,0.5157298670072935,0
8038,1730.451226988643,44.88136465208587,1,0.503336898492138,0
8039,1728.9113096972062,46.16271580149084,1,0.5842386970286818,1
8040,1730.2758454734144,44.829599162198605,1,0.5099305435797945,0
8041,1729.8177931741097,46.01195407894763,1,0.5746688944564908,1
8042,1729.4287695482371,43.672676726405,1,0.6205994088933221,1
8043,1728.9824780142055,45.28229671738647,1,0.49435490520205394,0
8044,1728.3167029096724,44.748197128865385,1,0.5053539035775594,0
8045,1730.6091572635703,44.24826231054115,1,0.5653040040196254,1
8046,1728.5237950465646,44.408367903077774,1,0.5357113298491852,0
8047,1730.9741364503336,45.31939035916636,1,0.5045549509783848,0
8048,1728.9380207783315,45.19271229379644,1,0.49217358784565224,0
8049,1730.6992774101238,46.054962527716576,1,0.5817124536026409,1
8050,1730.2953516589264,44.665059553868275,1,0.5148996059374824,0
8051,1728.8430013449256,45.20719119773914,1,0.49228658873965425,0
8052,1730.924852711101,44.81907748607757,1,0.5089018754044367,0
8053,1729.44755150135,43.975432720467815,1,0.5929759094842776,1
8054,1731.9185295239129,45.22436591342102,1,0.5023277922224003,0
8055,1729.2166459545317,44.4618656153684,1,0.5276947733807363,0
8056,1729.7298433024982,44.99004612468827,1,0.4973881028812008,0
8057,1730.0879277173883,44.720779618729026,1,0.5093517730383362,0
8058,1729.671302331637,45.53505450176238,1,0.5277066876685312,0
8059,1730.7904973002805,44.82848831211404,1,0.5091756133098283,0
8060,1729.3452099225065,44.58029353603752,1,0.5147063774368389,0
8061,1729.4224778625248,44.93968628287564,1,0.4988969819832605,0
8062,1729.6899902319933,44.37239281775822,1,0.542312120055222,0
8063,1727.5596266582886,44.987907403196466,1,0.4942196850772748,0
8064,1729.841739366799,44.009217034506044,1,0.5930310336462592,1
8065,1729.5809589322116,45.56753438041232,1,0.5303774029064503,0
8066,1728.7859689909499,45.40283307332408,1,0.5041744201849143,0
8067,1729.5462314635356,44.488257263625755,1,0.5236196974626826,0
8068,1731.4201464362257,44.51138755276959,1,0.5273459010831315,0
8069,1730.2196620955317,45.82144691037082,1,0.5635438634373313,1
8070,1729.0629442161326,44.38474908382996,1,0.5394428821294348,0
8071,1729.3401262298191,45.217258659981965,1,0.4964120751363255,0
8072,1729.1336464183273,44.88947466186991,1,0.49910429626509517,0
8073,1730.2879898698295,45.58001620897787,1,0.5357539548313324,0
8074,1729.5120695499131,44.292903964605976,1,0.5543387378616231,1
8075,1728.7720208610813,43.99106301225492,1,0.5910630486987448,1
8076,1727.550849909286,45.247851586584574,1,0.4893462889675121,0
8077,1727.4387121378986,44.53186508883661,1,0.5146009044795926,0
8078,1727.9534530210917,45.58505328006081,1,0.5236026364939952,0
8079,1729.7285226960212,45.02938668220988,1,0.4974992969739615,0
8080,1727.6326457037978,44.12536963734265,1,0.5741877233842778,1
8081,1730.6164584182352,44.862625123870764,1,0.5055360386862116,0
8082,1729.8880298355894,44.66458345192317,1,0.5117801542503266,0
8083,1728.7543200111156,44.92879741533014,1,0.49766752196119907,0
8084,1727.6739634897876,44.728177200847554,1,0.5046124913049559,0
8085,1730.1590441305405,45.231260383712716,1,0.49749349742582955,0
8086,1729.1575898916087,45.6275989064763,1,0.5330540710444801,0
8087,1732.2647844689195,45.532739670661456,1,0.5326843277538827,0
8088,1728.7506864991205,45.340854300546596,1,0.49738547647804215,0
8089,1729.7125736718513,44.611329954030644,1,0.5109609932985792,0
8090,1731.0095508453712,45.4043644890721,1,0.5143829742033027,0
8091,1727.875566725445,45.036670207314764,1,0.49265598540327094,0
8092,1729.6242447588736,45.03621015949235,1,0.4974570352019433,0
8093,1727.697661080571,44.63744816473331,1,0.5076867348716693,0
8094,1729.5447172617355,44.96119046169083,1,0.49908098140792617,0
8095,1729.4137665070025,44.62031379858339,1,0.5113783043366081,0
8096,1731.1977569352948,45.17100703477351,1,0.49946870646160524,0
8097,1730.1065406326231,45.494424906976434,1,0.5249216704058323,0
8098,1728.26274284736,45.52617949268387,1,0.5180640504805605,0
8099,1730.4965547245376,45.44593592048573,1,0.5182138822595472,0
8100,1727.8165934704466,44.28211380297762,1,0.5522046363540034,1
8101,1728.9935040142439,44.5797379099736,1,0.5134170740938047,0
8102,1729.9794951716804,44.30734998162988,1,0.5526803618644887,1
8103,1729.4150350477998,44.286145973054815,1,0.5533558204810101,1
8104,1730.9997759750358,45.140631705370495,1,0.5001053572165854,0
8105,1729.7684448941502,45.00718707965305,1,0.496363106965983,0
8106,1728.711902984536,45.67790929091633,1,0.5394041347140198,0
8107,1729.7655248917565,44.77459906234911,1,0.5068933447608804,0
8108,1727.9197567334709,44.66024142200068,1,0.5060853423565886,0
8109,1727.965464193138,45.41983042216036,1,0.5005669401699682,0
8110,1728.942922544306,44.72771162263622,1,0.5068343091742777,0
8111,1730.2675566685325,45.11044781380896,1,0.5004168610487248,0
8112,1728.9560473236766,45.464238339879984,1,0.5102287099571485,0
8113,1730.5467603737577,44.59928925075663,1,0.5164901244377532,0
8114,1727.2925207692192,45.651873651287666,1,0.5333304697444731,0
8115,1729.1462886994962,43.76467160621244,1,0.6115754051004052,1
8116,1728.8731240890847,45.14901357086238,1,0.4914237695651506,0
8117,1728.2924112971284,44.725945959343115,1,0.505052356167238,0
8118,1731.1371964982493,45.28402433921291,1,0.5016749424201002,0
8119,1729.77058031502,45.41245619874461,1,0.5104083098793595,0
8120,1730.330974383304,45.753164970267235,1,0.5545724584642279,1
8121,1730.839677631214,44.823732899176925,1,0.5085576758133205,0
8122,1727.3466250350775,44.8488710803792,1,0.4953500044238329,0
8123,1727.7913725223816,45.10406425577689,1,0.4937781958153441,0
8124,1730.1029698530256,45.42289469067118,1,0.5139820309820281,0
8125,1728.3497389101271,45.681885299526776,1,0.5377956747065925,0
8126,1728.7826325142828,45.400209201171776,1,0.5040933491862368,0
8127,1729.3773545274298,44.337534968765326,1,0.5455296324273406,0
8128,1729.9031720793357,45.247365716634576,1,0.49588146376669817,0
8129,1729.4628821952938,45.393041104231955,1,0.5074338543381953,0
8130,1731.132305737464,44.40835041920682,1,0.5463899456609003,0
8131,1728.9604700388127,44.10777752350371,1,0.5778653716095478,1
8132,1728.4374248177355,44.58872577508381,1,0.5100038075930774,0
8133,1729.087425950866,45.16824249264305,1,0.4923649037129149,0
8134,1728.6851040502563,44.65672616760763,1,0.5095993598356903,0
8135,1729.6195586988506,46.12027019900637,1,0.5818149764326516,1
8136,1728.967774965557,45.1707598120964,1,0.49226059076018575,0
8137,1728.6563120697315,45.14642364887638,1,0.4910142569757674,0
8138,1728.0901009462534,44.77359155434668,1,0.5035151929111616,0
8139,1728.359244481549,44.54631702077483,1,0.5158944876564328,0
8140,1729.3448902795342,45.576327298087406,1,0.5299608772555446,0
8141,1728.904716115049,44.64692506812494,1,0.5092274127781518,0
8142,1728.454002981138,45.7956512557798,1,0.5554443107975501,1
8143,1730.129847867589,45.57513222537588,1,0.5339227845126024,0
8144,1728.5501080979218,44.85392178476334,1,0.4981742169136629,0
8145,1727.7911643800146,45.1893710658734,1,0.4906155693298075,0
8146,1727.1605121891891,45.722427896073015,1,0.5432281377645991,0
8147,1727.652781793445,45.28462889316829,1,0.49164425116443766,0
8148,1728.7205160163637,44.62677941943154,1,0.5096140529869773,0
8149,1730.3216568962202,44.90980000069874,1,0.5030648215610399,0
8150,1727.954496110598,44.596994950795235,1,0.5077788990085335,0
8151,1728.6271654123786,44.394684398305074,1,0.5374621121569864,0
8152,1728.4908892980786,44.973304293018955,1,0.4929561430775609,0
8153,1728.971887449318,45.010331869373445,1,0.4935421794579132,0
8154,1728.8356227230229,44.85975454853471,1,0.49991412607182,0
8155,1729.7367810093235,44.95037008282189,1,0.4969859629573553,0
8156,1729.2244197655514,44.63920543648615,1,0.5102589927102078,0
8157,1730.3727980169806,45.37011760105724,1,0.508083525828577,0
8158,1728.6140551551555,45.11400250185108,1,0.49280428293222206,0
8159,1728.9109290450426,46.03932711880262,1,0.5764032161562171,1
8160,1726.4421369098334,44.69152762624609,1,0.50440531420058,0
8161,1727.6432570985485,44.02181232802294,1,0.5895593714453072,1
8162,1727.7691660334426,45.02617272764969,1,0.49416897627510137,0
8163,1727.5792970216673,45.88989005598618,1,0.5611776627750829,1
8164,1730.8230596801843,45.07036839633464,1,0.5003745607204141,0
8165,1727.6255813956584,44.5851750057192,1,0.5095658490121358,0
8166,1728.6199279470545,45.848278187630854,1,0.5602721822852789,1
8167,1729.823780623739,45.479301910599645,1,0.519808641620435,0
8168,1730.0713617232648,44.97750580269963,1,0.5000917148504734,0
8169,1730.4359417724506,45.2305729724681,1,0.4979841806772778,0
8170,1727.5464180944518,45.31743693442481,1,0.49311256640913814,0
8171,1730.4560085356864,45.15984779740244,1,0.4977477757569925,0
8172,1727.7748864893692,45.65816313605877,1,0.5339528968284779,0
8173,1729.445692568397,44.457351290636595,1,0.5295734511044986,0
8174,1730.0423961834736,45.54627348963171,1,0.532316571196028,0
8175,1726.6520043577202,44.35918880293794,1,0.5428981197817376,0
8176,1731.0244410585358,44.264631800343466,1,0.5635591766368923,1
8177,1730.4183683155654,44.45860267184306,1,0.5357564494335746,0
8178,1728.16704113828,44.65728875635805,1,0.5072817894194639,0
8179,1729.9459550640122,44.24025632710395,1,0.5651497064311176,1
8180,1729.5152944458669,44.421052459282855,1,0.538028866703306,0
8181,1728.4989431519723,45.19140699606211,1,0.4893149910569533,0
8182,1731.1148030514055,44.95632661737627,1,0.5009126560378676,0
8183,1727.664481981634,44.72956697520424,1,0.5038743792527131,0
8184,1729.7855536517393,44.14866836341649,1,0.574669075792077,1
8185,1729.5188056766403,45.167242466899076,1,0.49639282761379755,0
8186,1728.9579313702602,44.99616456417817,1,0.49451857169754204,0
8187,1729.9933353443166,45.203868599701316,1,0.4970760658726912,0
8188,1730.5837057861313,44.56805992637306,1,0.5228184409512792,0
8189,1729.1084630002813,45.087844265497516,1,0.49275309071277656,0
8190,1729.9108224922288,45.29961194508577,1,0.500145911902077,0
8191,1729.3546208054495,44.963939646595264,1,0.49981760400150005,0
8192,1730.5096287780705,45.146870457699016,1,0.4978873687292232,0
8193,1726.946832389313,44.84515839770454,1,0.4982307776712555,0
8194,1730.3205601167433,44.11172325997183,1,0.5820045834941104,1
8195,1727.7079233870043,46.21017002889398,1,0.5836268073845994,1
8196,1727.5450183889777,45.31581969285148,1,0.49268996551941746,0
8197,1730.31559383178,45.47438093561886,1,0.5200960905417457,0
8198,1729.3276965715484,44.27598475180996,1,0.5548778928645932,1
8199,1729.6185886982075,46.09948944586791,1,0.5809442518281178,1
8200,1729.100644382479,44.5510524943627,1,0.5175856224612377,0
8201,1729.2190829747772,45.02515281595846,1,0.4954454488954422,0
8202,1729.5057765819552,45.00667485646795,1,0.4969349028879227,0
8203,1728.716957704849,45.41427591554908,1,0.5046568741490378,0
8204,1729.9767614943971,45.40021301445631,1,0.5108447638262573,0
8205,1727.0379602787766,45.055364186507504,1,0.4925719597165221,0
8206,1727.2034360752407,45.19771960695141,1,0.4923498941834119,0
8207,1731.5881628071181,45.20788980056697,1,0.49994525470148454,0
8208,1728.682407724632,45.81124186214502,1,0.5576661586213398,1
8209,1729.7010439506025,46.15169990395742,1,0.5834875228238974,1
8210,1729.2800945413787,45.32543610913746,1,0.49948260523454774,0
8211,1732.3956313099695,44.83314582109349,1,0.5102673354863672,0
8212,1728.101098617774,44.77641245391622,1,0.5036855574705965,0
8213,1729.2146756175757,45.752899163955725,1,0.5506126185870469,0
8214,1726.9867607531316,44.32192742704514,1,0.5454757121571555,0
8215,1727.4249944347948,45.02512920128328,1,0.4926034712310668,0
8216,1728.8414857468924,45.97500719411696,1,0.5722188488478123,1
8217,1727.4968346594833,45.043828932089596,1,0.4937431272673553,0
8218,1728.4549451030925,45.3120719389699,1,0.49235038990454955,0
8219,1728.4318568373362,45.42123007437808,1,0.502304189512206,0
8220,1730.2381382629,45.47342631942891,1,0.5195164549539001,0
8221,1728.1040786903245,44.87027170288141,1,0.49834311085033156,0
8222,1728.8287998087862,44.95288453722861,1,0.4946176516264503,0
8223,1728.0269766307779,44.91263571092343,1,0.4965950200334692,0
8224,1728.7802497247376,44.16006835029938,1,0.5699309622559673,1
8225,1729.2861200492275,46.20458553592634,1,0.586563423555249,1
8226,1728.9505533939735,45.109599728755036,1,0.4961688477653636,0
8227,1729.7805549413904,45.43431515283492,1,0.5120463366264094,0
8228,1729.688627899321,45.36243761513946,1,0.5029931596941368,0
8229,1729.8541143759983,45.38354149862568,1,0.5067276719345265,0
8230,1729.4320592882793,45.290060830981645,1,0.496828298856792,0
8231,1730.7502810066817,45.06682584795808,1,0.4996065345872365,0
8232,1728.6353926698487,44.20943204058994,1,0.5630086075490207,1
8233,1730.0429483220603,45.477459711048056,1,0.5209385432300201,0
8234,1727.941884156652,44.16823410393291,1,0.5676106143118792,1
8235,1729.9301553863004,44.69534023876345,1,0.5120602479304127,0
8236,1730.8096051196894,45.5138579931356,1,0.5314430937977699,0
8237,1729.361322434546,45.245043327708906,1,0.4941129758104457,0
8238,1730.582377464622,44.85989834197493,1,0.5058644956937844,0
8239,1730.2625847310908,44.879449710477786,1,0.503762638990827,0
8240,1727.6012513615378,45.56816839596857,1,0.5225530722134973,0
8241,1728.9759473092179,44.69466162748156,1,0.5100508271593623,0
8242,1728.7657309970218,45.12816076419107,1,0.49263672040887496,0
8243,1728.0455738937505,45.18506077986708,1,0.4907328293784383,0
8244,1728.6082693847372,45.81689726709782,1,0.5578201734270949,1
8245,1728.9806079987277,45.02960592047936,1,0.4957994724106308,0
8246,1727.9122867979515,44.42141119607955,1,0.5338660398167194,0
8247,1731.0184660815503,45.94935428381583,1,0.5737774674487592,1
8248,1729.6115683537598,44.77255436139082,1,0.5070648523192947,0
8249,1729.8365004938748,45.046665743625965,1,0.4984135378041931,0
8250,1727.3242419786682,45.61372539299522,1,0.5268146372908469,0
8251,1729.299160976705,44.48064797474201,1,0.52294759668209,0
8252,1729.2019545881035,45.003133251766656,1,0.49541412770970966,0
8253,1728.0139103241402,44.11899990712703,1,0.5755726835244787,1
8254,1728.5301977074887,44.76006037659593,1,0.5034902128752516,0
8255,1728.4527976637105,44.88185157675186,1,0.49595933791465663,0
8256,1730.1190820824283,44.87954366848075,1,0.5043049567014398,0
8257,1728.3618692575628,44.62361700395666,1,0.5082710549858497,0
8258,1728.1547440330019,45.53475583145781,1,0.5179562879411568,0
8259,1726.2566048958267,45.25787278928119,1,0.4886520575551548,0
8260,1729.3454493739318,44.71659137496197,1,0.507886982069738,0
8261,1729.968259734914,44.43391139547762,1,0.537506296556618,0
8262,1727.6779906390364,45.01227492029858,1,0.4926793937786391,0
8263,1729.638999208898,45.03130282628534,1,0.49733102483017844,0
8264,1731.4166761139486,46.020511521575585,1,0.5789303917042319,1
8265,1728.9481329564956,44.72135051565669,1,0.5058737200005418,0
8266,1730.3648328400607,44.88498136430734,1,0.5036528559126568,0
8267,1728.4391436230037,45.49301092112996,1,0.513834000652941,0
8268,1728.0431217730288,44.436732729154514,1,0.530791535407119,0
8269,1731.4532497585983,45.13006712916958,1,0.49745599411144287,0
8270,1730.055654082506,45.4793469780281,1,0.5207428073743091,0
8271,1730.7539886856584,45.4191652912159,1,0.5151035668569218,0
8272,1732.045523237148,44.29303912058794,1,0.5624183028746059,1
8273,1729.6538556664777,43.49828559825529,1,0.6298194361358825,1
8274,1728.061345656993,45.23360387425571,1,0.4892040327778919,0
8275,1727.3870939667045,44.54989279046221,1,0.5133623049708245,0
8276,1730.8253855283856,45.8760901020788,1,0.5686526627669926,1
8277,1730.6458052876915,46.03977727743879,1,0.5787680902149277,1
8278,1729.320904235753,45.753217750454475,1,0.5519224614316423,1
8279,1730.9733868191556,45.67111249676448,1,0.5477782524104051,0
8280,1728.2237952572132,45.700426614077415,1,0.5385261993057019,0
8281,1729.2212818899868,45.70365861273446,1,0.548544285307192,0
8282,1728.02668064648,44.63329621202364,1,0.5079692106742898,0
8283,1730.7738179274659,44.403328619626485,1,0.5465143128531207,0
8284,1728.7659579425494,44.560357225742685,1,0.5167848069366426,0
8285,1730.7453895071176,43.88492398309262,1,0.6055363505132764,1
8286,1729.9352662769372,45.097304948044176,1,0.4973229225101645,0
8287,1731.4021338298799,44.98861792300127,1,0.5039337081401618,0
8288,1727.4924586372701,43.99514339613432,1,0.5893965934096612,1
8289,1729.1339467808389,44.93971916796095,1,0.4966715971574692,0
8290,1728.5680862426284,45.60215395071195,1,0.5272076809017372,0
8291,1729.7592173116998,45.3209722804191,1,0.4986123879202026,0
8292,1730.3415776331542,45.374780301743144,1,0.5077398797343194,0
8293,1728.3349393186256,45.25832146748204,1,0.49078090455436457,0
8294,1728.039453007774,44.28390359987784,1,0.5512556768757951,0
8295,1727.347904738893,44.959295983821654,1,0.4942089248440404,0
8296,1731.2154942129448,44.75768707814973,1,0.5105086459972427,0
8297,1727.664763871735,45.315186710739425,1,0.4922664274702304,0
8298,1730.1311909759954,44.96518697305483,1,0.5024163743078872,0
8299,1728.443238163158,44.85291746522867,1,0.4979707779233634,0
8300,1728.1740383944157,45.20283523929368,1,0.4901661922421053,0
8301,1728.392970308224,44.75291823761891,1,0.5056146191492848,0
8302,1728.3161865098627,44.799700858457356,1,0.502436517257405,0
8303,1728.8627371308019,44.88285365153711,1,0.49748010728358655,0
8304,1729.0833442947778,45.23049072996604,1,0.4921145128489419,0
8305,1729.2508032610883,44.58639952525793,1,0.5135921727331582,0
8306,1729.2073291328354,45.207830606120595,1,0.4955492983690838,0
8307,1728.0650707692942,45.18120002230259,1,0.4904062095535873,0
8308,1728.6176487353948,45.47360768578634,1,0.5097151279209787,0
8309,1730.672751008142,44.64779168980323,1,0.5149930944310309,0
8310,1726.357725192531,44.89322262704502,1,0.4925452020086794,0
8311,1729.0401551840341,45.40107925353561,1,0.5057646588902275,0
8312,1727.7147893390452,45.6979965590747,1,0.5394549222421532,0
8313,1727.0810890860196,45.71902614954008,1,0.544246151429129,0
8314,1729.016001252625,44.6304977978541,1,0.5095464931934164,0
8315,1728.848425470484,45.09538538110388,1,0.49369165069529664,0
8316,1728.2237713700958,44.51578363583918,1,0.5179809740181524,0
8317,1728.4008944017503,44.56676398355664,1,0.5141154954242203,0
8318,1729.4985503099804,45.75447426546008,1,0.5526042683395042,1
8319,1727.800833743684,44.05535245935458,1,0.5865639119929081,1
8320,1730.0265424284162,45.08771403917731,1,0.4975117383871253,0
8321,1728.0475521452763,44.717978626221594,1,0.5053382235745785,0
8322,1728.4701625576997,45.14036476549689,1,0.4904558718717,0
8323,1727.4468648273403,45.05122146432124,1,0.49094259526993045,0
8324,1729.683808536783,45.215680109849,1,0.4951164603344033,0
8325,1729.3700963439378,44.88546182309555,1,0.500664520971656,0
8326,1728.3737219104312,44.130574381129634,1,0.5748149148543454,1
8327,1728.3158398214687,44.18784625564741,1,0.5668467530095948,1
8328,1729.515527614729,45.46537235692049,1,0.5150850643430762,0
8329,1728.651497605474,44.53747513325393,1,0.5174940321229708,0
8330,1729.2983559412078,45.29755227686552,1,0.4979556989649099,0
8331,1727.8757172220248,45.04442176995545,1,0.49252960477961516,0
8332,1730.757047280069,45.30549342927937,1,0.5024578592833884,0
8333,1728.4175350134767,44.707258220916415,1,0.5068616449651536,0
8334,1728.8166006818024,45.0253886605968,1,0.49370566500321433,0
8335,1728.3376298589612,44.979067864012194,1,0.49403073188818325,0
8336,1728.8016666801086,44.18255489511549,1,0.5670438931155001,1
8337,1727.1977979298294,44.9329939114067,1,0.49650404206668247,0
8338,1727.639156702263,44.88067646790079,1,0.4957645787148003,0
8339,1730.2291971994844,45.29367327601638,1,0.500801185359515,0
8340,1729.9600858486876,44.451899926373706,1,0.5325934150005579,0
8341,1729.5648778122177,45.03424198234237,1,0.4976716101750275,0
8342,1727.3638430972055,44.37545220069723,1,0.5383807882172545,0
8343,1728.834398250872,44.53920218409969,1,0.5171328067797534,0
8344,1728.5308185866988,44.84680802802127,1,0.5005778638250667,0
8345,1727.3224246830098,46.04003483144945,1,0.5760642120207246,1
8346,1728.6187492446359,45.660201164930754,1,0.5351281247953604,0
8347,1729.9235738972288,44.59651521637584,1,0.5126106029904207,0
8348,1727.2116639620108,45.35909301062343,1,0.4960948817633262,0
8349,1729.2136896673176,44.69994146037163,1,0.5101803397809012,0
8350,1728.40228105276,44.72223588781654,1,0.5060886411326353,0
8351,1728.0702057324404,45.7440170672815,1,0.5424430519556187,0
8352,1727.8897140443787,44.653798589874405,1,0.5068419288735891,0
8353,1728.5749628637989,45.57873130678381,1,0.5241034432540929,0
8354,1728.3672664220753,45.15307032268579,1,0.4906221237475785,0
8355,1727.9675655600977,44.126590807348954,1,0.574033784920345,1
8356,1727.8436362826494,44.765328862396046,1,0.501822565231886,0
8357,1726.7785603671646,45.06180876802764,1,0.491726327117455,0
8358,1727.9280349382195,44.80718954112057,1,0.5003521920715085,0
8359,1727.2084070907379,45.0965775307977,1,0.49366452608117584,0
8360,1728.9981213045025,45.53101478632866,1,0.5229260254062036,0
8361,1727.9018385901913,44.40942205916284,1,0.535615332995654,0
8362,1727.7720489674946,44.8439048148612,1,0.5009801979512493,0
8363,1728.4986012411246,44.398866799496965,1,0.5368202332357482,0
8364,1729.2562002271886,44.898367906766886,1,0.5009481060510006,0
8365,1730.2908508612818,44.544234348259614,1,0.5249498345226702,0
8366,1731.0901468135928,44.814776895783055,1,0.509235268193344,0
8367,1729.2021992495456,44.26819162323319,1,0.5576539556471818,1
8368,1729.3432488612764,45.503687924013704,1,0.5245460378144098,0
8369,1729.483666872907,45.22287349510768,1,0.4955070778883081,0
8370,1729.6206253806417,44.64852881640423,1,0.5108970283296201,0
8371,1729.275789797244,44.07768289988121,1,0.5826589656913017,1
8372,1729.6661950873024,44.604674907711384,1,0.511306819491623,0
8373,1729.7099832043327,45.14357677439963,1,0.494882757294101,0
8374,1727.4442193891111,44.70657536063856,1,0.5041081682132771,0
8375,1727.8336071511192,45.58220154990455,1,0.5225947514729964,0
8376,1728.3956159947006,45.20205670580706,1,0.49120031702669525,0
8377,1729.2297369752855,44.5792087177585,1,0.5145127996937626,0
8378,1725.9609403383342,45.11135358841479,1,0.4912062083456305,0
8379,1728.7424044390218,44.79202016630063,1,0.5046895965243122,0
8380,1728.9010883183166,45.50438954086264,1,0.520227098987027,0
8381,1731.0705631128635,45.04574759805738,1,0.501463199011214,0
8382,1726.53162113753,44.10971114942506,1,0.5790877466012092,1
8383,1728.0840963014934,45.92043823506143,1,0.5656526820442384,1
8384,1727.6660504711824,45.01750601676949,1,0.4928347871401124,0
8385,1730.2706294741072,44.506651368086146,1,0.527370071082226,0
8386,1728.5315170495635,44.42931413626289,1,0.5321822035393897,0
8387,1731.1127394380505,44.537058306064836,1,0.5258049041052474,0
8388,1727.3324562514042,44.31089632473267,1,0.5450273419739502,0
8389,1729.0388760066605,44.68622515836005,1,0.5083332136013539,0
8390,1729.792255361132,45.17974429783959,1,0.4947720973733527,0
8391,1729.395751775134,45.805690470877444,1,0.5609083673812592,1
8392,1731.2345765761713,44.69590547436388,1,0.5159523099007385,0
8393,1728.867132948703,44.83788380512656,1,0.502343321086965,0
8394,1727.6448403163242,45.1519795620249,1,0.4900066633498078,0
8395,1729.612618577016,45.266323625978764,1,0.49363821368728755,0
8396,1729.407787326223,44.81114555260326,1,0.5054604496938575,0
8397,1727.4938105715628,45.82191559840305,1,0.5574329350146311,1
8398,1727.4686126558254,45.039474041871294,1,0.4933342419288826,0
8399,1727.5852382004296,44.63475238744314,1,0.5064310439363152,0
8400,1728.5806502043713,44.94470001010381,1,0.49409397291646345,0
8401,1728.545070683585,45.165463021711766,1,0.49018640328966423,0
8402,1729.2003345988187,44.597842166388496,1,0.5107428626257069,0
8403,1725.7336321749733,45.26000946675931,1,0.4872709590685925,0
8404,1729.5875810216867,45.127765075240184,1,0.4950666771814004,0
8405,1728.9149303744455,44.96984423524762,1,0.4947767771963348,0
8406,1727.4103239161993,43.71165569465111,1,0.6193124649453666,1
8407,1728.236867007076,43.7752682528537,1,0.6130607066091133,1
8408,1727.0117248260522,44.56550636440363,1,0.5099784527701288,0
8409,1728.5525008541058,45.56078709472784,1,0.5225361737394525,0
8410,1729.3786145247707,45.319507866816686,1,0.49790170492399305,0
8411,1726.9683761246984,45.71760369486093,1,0.5437325075160373,0
8412,1726.7243025854941,44.98191389137636,1,0.4958577680574295,0
8413,1726.205201731381,44.58329085610896,1,0.5062539087322182,0
8414,1729.3358677305373,46.3923928730181,1,0.5972743520282259,1
8415,1729.1820386119907,44.77680534042148,1,0.5062728545330192,0
8416,1729.3126522857558,44.676602569107715,1,0.5096417134486576,0
8417,1727.057959175738,44.74416111414372,1,0.5024660291309624,0
8418,1730.329931911845,46.230511027655396,1,0.5887545423286134,1
8419,1729.2842041294255,45.27362199477562,1,0.4964517110149283,0
8420,1729.8000535496863,44.7524766852074,1,0.5086317885467931,0
8421,1728.8980050383482,44.79593863227909,1,0.5033798443445038,0
8422,1730.969333578746,44.71207803521033,1,0.5118997812914113,0
8423,1728.1063525354614,45.39110585752506,1,0.4979800743032077,0
8424,1729.8638384659537,45.12502117187852,1,0.4959287493978208,0
8425,1728.5668115724488,44.190218551537754,1,0.5648499486510746,1
8426,1726.5229690576732,44.82970772802681,1,0.5000127750548089,0
8427,1729.2328996352196,44.84600533660341,1,0.5040425507232802,0
8428,1727.8319171421056,44.78098818783908,1,0.5010606753346206,0
8429,1728.001109057874,45.34099951868098,1,0.49317775086371957,0
8430,1731.9105841505793,44.92422366188928,1,0.507538866995646,0
8431,1729.559820010077,45.47749412477792,1,0.518588172896278,0
8432,1727.0313166277283,45.27188212563345,1,0.4922755866900886,0
8433,1727.4032310259813,45.39385478662907,1,0.4993508943298478,0
8434,1728.0757002992916,45.911246511874275,1,0.5652700986204325,1
8435,1728.1382220902785,44.33878506308001,1,0.5446821033633553,0
8436,1730.5906884917622,44.620558180394916,1,0.5171602880301911,0
8437,1730.300268242183,44.283717368805185,1,0.5583764838538813,1
8438,1726.107357238405,44.97976526563212,1,0.49097419098862505,0
8439,1727.3311542289714,45.085663516822045,1,0.49195016200173874,0
8440,1729.5017994594034,44.53555564330439,1,0.5204217317635185,0
8441,1729.1768604489614,44.358388956198894,1,0.5420756442953067,0
8442,1729.3136394610258,45.80157380688309,1,0.5611708828898686,1
8443,1729.4175429478082,44.169536000241166,1,0.570010402101884,1
8444,1726.889050927466,44.95095598706982,1,0.4933221304170644,0
8445,1728.760262636391,46.14161183843363,1,0.582618805413571,1
8446,1729.592265169204,45.461111924622855,1,0.5152593435729659,0
8447,1730.0641484575558,44.67268538903057,1,0.5129656353109024,0
8448,1728.235312467395,44.55851362199039,1,0.5149671991203849,0
8449,1728.3421942315272,44.56656621623584,1,0.5137677695621946,0
8450,1728.1099856154453,45.24335006858299,1,0.4888731559700185,0
8451,1729.2548366423744,45.07895802141332,1,0.4965047912583293,0
8452,1727.362918516651,45.58987554977969,1,0.5249745010913668,0
8453,1727.3610711255665,44.267771858533074,1,0.5550084891111202,1
8454,1728.5522818304942,45.20033244418252,1,0.4903431378320155,0
8455,1728.0761751788973,44.250787988340456,1,0.5589783541511588,1
8456,1730.3411072509834,45.263785035670644,1,0.49792820199705895,0
8457,1727.6525863132554,45.186835927432604,1,0.49012182991868364,0
8458,1726.34381606492,45.6758794783975,1,0.5385014827718434,0
8459,1728.0477037384373,44.60956428738794,1,0.50847663365408,0
8460,1728.010026010849,45.14763229209555,1,0.4898706070886012,0
8461,1729.5607392375744,44.84920730776928,1,0.502827415071323,0
8462,1729.547402616426,45.466907361523,1,0.5152593435729659,0
8463,1730.2789114726327,44.604626642809436,1,0.5169269904092423,0
8464,1725.7909279506136,45.41370508239146,1,0.49892711219258756,0
8465,1728.5141837098547,45.17572518611197,1,0.48876506176788176,0
8466,1725.6755051425268,45.2911337147982,1,0.4891035405879084,0
8467,1729.1659487615163,44.39679758759103,1,0.5381536399519219,0
8468,1727.16386151578,45.03619059773142,1,0.4944377004739896,0
8469,1726.5156879034942,44.45488691819751,1,0.5244141000967039,0
8470,1728.4882658413069,45.352048184298695,1,0.49596207964338573,0
8471,1729.8213177212594,44.973978769972085,1,0.4988855261960706,0
8472,1728.7243287516903,44.472745022403885,1,0.523282151566155,0
8473,1728.9193510264763,44.06062240267543,1,0.5847457603791054,1
8474,1728.3081895663734,44.80912736788469,1,0.5018472397610788,0
8475,1727.9597016965276,45.62477840230448,1,0.5270069331270436,0
8476,1727.8163822933852,45.712052672455954,1,0.5425290324570493,0
8477,1728.1851824410987,45.18279531367712,1,0.4898167187784477,0
8478,1729.596195769655,44.096119529247744,1,0.5801012822410927,1
8479,1729.5466384349206,44.63693961158915,1,0.5109903900898729,0
8480,1728.256091364453,44.98713040894648,1,0.4936228803138162,0
8481,1727.8834464439692,44.50491506416274,1,0.5175901717243256,0
8482,1729.1268533331015,45.31551269127077,1,0.49535240751090776,0
8483,1728.8765197851958,45.03801016828706,1,0.49429563907069096,0
8484,1727.9441726943596,44.75765716271095,1,0.502306904875829,0
8485,1727.1666878722315,44.593326616775144,1,0.5057666293360894,0
8486,1729.6122601821978,45.453794164740806,1,0.5134749150893202,0
8487,1729.3721611792146,43.950659962958824,1,0.5921382605677805,1
8488,1727.4948216366681,44.605948489062875,1,0.5068658025963326,0
8489,1730.321456269099,44.52592566415983,1,0.5248803812861098,0
8490,1728.8960890519024,44.997204032987526,1,0.4938321598322092,0
8491,1728.2929781244463,44.576314777376645,1,0.512423470836293,0
8492,1729.5119343899464,44.50422602029392,1,0.5219088939958481,0
8493,1727.8772910406465,45.384849266171486,1,0.49534918481463835,0
8494,1726.4104970607887,44.47351778193562,1,0.5193916768794382,0
8495,1729.193533799842,45.54464032701879,1,0.5271126434841663,0
8496,1728.0007141165738,45.77977171264435,1,0.5499658299646496,0
8497,1727.3647486178354,45.2804023640044,1,0.49091652965419325,0
8498,1727.7784940272002,44.43925288867221,1,0.5296264246341721,0
8499,1725.7253179078964,45.117613876259895,1,0.48738659478571417,0
8500,1728.7080470506444,44.445047800431155,1,0.5300598193187945,0
8501,1729.7794553973604,45.30894478518432,1,0.49928235633024315,0
8502,1728.4730791532397,44.35553968027233,1,0.5399757521977008,0
8503,1730.5064366471247,45.121875286703826,1,0.4976821524463968,0
8504,1728.2212763965565,45.36800328323859,1,0.49447573402009026,0
8505,1727.647900289575,44.199603425337,1,0.563794284577153,1
8506,1729.6698052704496,44.86907070313464,1,0.5016062577399268,0
8507,1726.66074680939,44.806541666550615,1,0.5002989450533476,0
8508,1726.8391089006655,45.42103774018768,1,0.5012831262932155,0
8509,1727.1048541857351,44.430232872229595,1,0.5320637683564177,0
8510,1730.7594539568324,44.279994524161545,1,0.5594038548225765,1
8511,1728.604697173811,45.02729113222144,1,0.4936889806920993,0
8512,1729.1477926307575,44.51386000790119,1,0.5199441585361307,0
8513,1729.3704407085777,44.98845633503914,1,0.4974706194259983,0
8514,1729.1996129841057,45.281363331700724,1,0.49490334948924597,0
8515,1728.0180335109599,44.47509346336731,1,0.5203368611652982,0
8516,1729.1137174488226,44.90610095477062,1,0.49912449504060863,0
8517,1728.1865822333043,44.93240224234688,1,0.4954792253102686,0
8518,1727.2960228909835,44.566555735407945,1,0.5094305607758813,0
8519,1726.5244540600509,44.2702510314389,1,0.5573213437567015,1
8520,1729.4878703387487,44.52657482868262,1,0.5211734492022287,0
8521,1729.3180501171944,45.83956390441598,1,0.5642495210989171,1
8522,1726.0325924516515,44.82214432029259,1,0.4978668294086261,0
8523,1726.974172974991,45.18696036582393,1,0.4909259555060527,0
8524,1728.0518011369145,45.33172565588588,1,0.49261266497162487,0
8525,1730.3810892777701,45.13339352323198,1,0.49840077586012016,0
8526,1728.6571269305966,46.08280689504213,1,0.5790583381389468,1
8527,1728.2732888682078,45.92926306002979,1,0.5658837715289973,1
8528,1728.7653727588838,45.197980064918056,1,0.49132999990535364,0
8529,1725.3836006783959,45.07114353377658,1,0.48770477529263145,0
8530,1726.9404775922421,44.69348155508914,1,0.5048991786329007,0
8531,1725.9673989231717,46.06914069769771,1,0.5806794072056889,1
8532,1728.3151901369752,45.24247414469874,1,0.489621051448403,0
8533,1728.5535190126793,45.99428325156401,1,0.5701432482843737,1
8534,1725.925549756193,44.89439757887877,1,0.49282769764159295,0
8535,1728.4812536242212,45.43140563912718,1,0.5020990639684341,0
8536,1729.2800159899311,45.013677579589064,1,0.49582518479787585,0
8537,1728.5943740643393,44.54224734645571,1,0.5163171336554219,0
8538,1729.0072630806014,44.36627480115906,1,0.5404147975587412,0
8539,1729.1568979749986,45.107625515427166,1,0.49624282412906123,0
8540,1730.652824166519,44.43439031897746,1,0.5404029282300017,0
8541,1726.416843270309,46.223940089457635,1,0.5875993560111187,1
8542,1729.2928073933842,45.781420322412565,1,0.5593646824562223,1
8543,1728.5405984445044,45.6715514965275,1,0.537303473946957,0
8544,1728.3881490663857,43.87114670210747,1,0.6013262421686534,1
8545,1729.8162964584583,44.413422421157094,1,0.5410064594366207,0
8546,1729.8311390972094,44.585622240912166,1,0.5153268485719505,0
8547,1727.1984227663738,44.97574753202601,1,0.4953869283936595,0
8548,1729.837791738313,44.40305351926772,1,0.5419918872398982,0
8549,1728.087255983202,46.17438676590663,1,0.5818409543484016,1
8550,1728.604964448034,45.180877309987395,1,0.49054836940123475,0
8551,1730.0088871781634,44.39174095837214,1,0.5450615672651025,0
8552,1728.2635158401379,44.15579284245382,1,0.5719726182806687,1
8553,1729.3243477944911,44.61103057196503,1,0.511199738975147,0
8554,1728.6305865451595,45.00513652071082,1,0.4927692229421342,0
8555,1729.3611697843264,44.32025560228459,1,0.5473201271855176,0
8556,1727.4921806830835,45.145698062764644,1,0.4905941937242758,0
8557,1728.62537311096,45.20666353769796,1,0.4915436728925112,0
8558,1730.4393465743603,44.48432727743811,1,0.5284616485092242,0
8559,1729.3272439452514,44.431521669606305,1,0.5350165284980414,0
8560,1727.7439408895964,44.64790233956698,1,0.5084028239261792,0
8561,1728.710922684816,45.13968852398532,1,0.4930449971435927,0
8562,1729.2904422955305,45.188289785543766,1,0.4960175097260783,0
8563,1727.7619762439483,45.21799009891179,1,0.4908683243307647,0
8564,1728.6998514065979,45.91784835816455,1,0.5679040202997597,1
8565,1729.3885412807733,44.75125090901105,1,0.5076028948854858,0
8566,1726.2366830369172,45.34893786721821,1,0.49389039433491955,0
8567,1728.1455149508142,44.63581283114699,1,0.5088104350981504,0
8568,1727.198515478184,44.9534059987882,1,0.49559130196668966,0
8569,1729.36250658678,44.527963578742344,1,0.520774945440003,0
8570,1727.8066650339363,45.318264004922725,1,0.4935773370693525,0
8571,1728.3192399658933,45.16055163965469,1,0.4903186682260994,0
8572,1728.2747292699685,44.70805063166499,1,0.5076321175363443,0
8573,1726.3686844036108,44.23949290282888,1,0.5606106730549816,1
8574,1727.213841815856,45.65806630837969,1,0.5357515817102769,0
8575,1729.5174878942535,44.903492748324005,1,0.5011088372580487,0
8576,1730.2005451404884,44.808603445021596,1,0.5086544847837735,0
8577,1727.47482457807,45.06788025548338,1,0.49265781771767825,0
8578,1726.845331194254,44.63380328986332,1,0.5040315769150077,0
8579,1729.8309786653174,44.83427950097424,1,0.5071488589035207,0
8580,1729.151475201213,44.703952718478675,1,0.5093196004681319,0
8581,1727.8941738646108,45.23936622409873,1,0.4878134134765601,0
8582,1728.4733520796653,44.970724662401494,1,0.4934415802574683,0
8583,1728.1828061194926,45.33696129028349,1,0.49163846574810177,0
8584,1729.2823064650072,45.007226540431716,1,0.49659534367984975,0
8585,1726.5955658034663,44.66102334488485,1,0.5050933908747126,0
8586,1728.4518280555394,44.41456827976996,1,0.5354549933320855,0
8587,1728.6578820725695,44.769349417707765,1,0.50399348841762,0
8588,1729.2954562241018,44.96506348321085,1,0.49951105703642057,0
8589,1728.0824267607543,44.3104642624507,1,0.5470246989487294,0
8590,1729.1673313818344,44.34382446972313,1,0.5448451820636486,0
8591,1728.9866340163014,44.683699531807946,1,0.5088136730980658,0
8592,1728.243327516194,43.60592779881518,1,0.6246525735888744,1
8593,1725.232907714913,44.66349262079241,1,0.5000260456115815,0
8594,1727.519981194523,44.233083976670635,1,0.5602094718347026,1
8595,1728.593910421366,44.800858232234866,1,0.5024979949171184,0
8596,1731.1545599906867,45.43550462785965,1,0.5155699335022873,0
8597,1724.7971131952843,44.89682794722414,1,0.48538191926097335,0
8598,1728.1548979615895,45.65718618787869,1,0.5325203330804749,0
8599,1728.7017843716928,45.06380065527882,1,0.4932613090526163,0
8600,1730.3306824644735,44.56482827011005,1,0.5229946418272375,0
8601,1726.1639539421167,44.491602955059335,1,0.5178532854287878,0
8602,1729.9033141969667,44.73082581241113,1,0.5092411901595907,0
8603,1728.6188200750044,45.35536496595931,1,0.49701458187504627,0
8604,1729.5116234327013,45.470341013848405,1,0.5149108440606862,0
8605,1729.7972555810768,44.77617302015433,1,0.5078977720733847,0
8606,1727.9264185778004,44.9577996762872,1,0.49415576707123104,0
8607,1729.0138926932134,45.76256719619574,1,0.5501785163149973,0
8608,1728.8083958078748,45.39772243390387,1,0.5039833398222644,0
8609,1727.1291814789556,44.88744205456315,1,0.49622389480254964,0
8610,1729.000462883571,45.18426822202031,1,0.4924868222612191,0
8611,1728.987625982957,44.046109361076006,1,0.586319180741288,1
8612,1725.0488793702912,45.427172996792685,1,0.4972403408032951,0
8613,1727.1587393230805,45.459684948100005,1,0.5063626127766032,0
8614,1726.6731010583474,45.73811971642153,1,0.5473703509820028,0
8615,1726.7509384630928,44.821976549726685,1,0.5010590058214988,0
8616,1726.9087919342269,45.14894182647035,1,0.4897616523639854,0
8617,1728.6720025535074,44.799225495174056,1,0.5030082286862815,0
8618,1726.8078110069243,44.2510111803697,1,0.5589535973359291,1
8619,1725.420449323795,45.17443130964287,1,0.48593718711774886,0
8620,1728.0535291543636,44.24595260201456,1,0.5607319605376084,1
8621,1728.305985711069,45.26244581198309,1,0.49034778583434036,0
8622,1726.885752785034,44.963654008756684,1,0.4945923851493391,0
8623,1728.7826650555248,45.25433265496896,1,0.49170658291448627,0
8624,1725.5592342554523,44.82863818056794,1,0.4971701548415163,0
8625,1728.2479445200513,45.21700346564214,1,0.4904525430081343,0
8626,1726.9591573112702,44.13234670946054,1,0.5734145684005012,1
8627,1728.1413271783883,45.151146072476955,1,0.49007073686749936,0
8628,1728.7745468372807,44.79173135888351,1,0.504860358443662,0
8629,1729.5687506736165,44.617413389791544,1,0.5107881679252474,0
8630,1726.4238938778,43.78029327596029,1,0.6134705276155671,1
8631,1728.214407530685,45.139916239300284,1,0.49042567188162856,0
8632,1728.1134142629155,44.51346389483345,1,0.5189709598885216,0
8633,1728.3188208864658,45.31947936631989,1,0.49368873898456933,0
8634,1730.6152191138592,45.33978211184374,1,0.5054830854106531,0
8635,1728.850751079003,45.35958706234315,1,0.4989527240197889,0
8636,1728.1574541434716,44.51478668105414,1,0.518119880816988,0
8637,1728.5466370534893,45.358641314369244,1,0.4961995098545005,0
8638,1726.2953730162187,45.42512585367384,1,0.5008022794474938,0
8639,1725.8664671818935,45.49194399011725,1,0.5123292560973388,0
8640,1726.7263385987196,45.559327715118485,1,0.5248715581203051,0
8641,1727.1515998093369,44.41531915708656,1,0.53613594662759,0
8642,1729.401282397097,44.710532043206186,1,0.5100340522709763,0
8643,1727.3358614068816,45.78539402067249,1,0.5530408821672855,1
8644,1727.1076979555064,45.85586592017693,1,0.5617605115396466,1
8645,1730.4833019713471,44.94334919969297,1,0.5007246156755537,0
8646,1727.6081612397165,46.15772087209156,1,0.5833437276382749,1
8647,1728.346796526506,46.040628521587145,1,0.5740779062099325,1
8648,1726.0063197107145,45.68496217284856,1,0.5410490422717209,0
8649,1726.6586734634793,46.29567420336137,1,0.5943281813237702,1
8650,1726.6247019279938,43.924661275091445,1,0.5941529729695217,1
8651,1725.8558986629305,45.014389225715334,1,0.48800648618150194,0
8652,1729.1849448318337,45.619013891388086,1,0.5321050245832123,0
8653,1729.0150880898057,44.82450123625282,1,0.5036191664734823,0
8654,1726.489582726993,44.6929971393138,1,0.5038379212869485,0
8655,1727.005997593345,45.3700058940218,1,0.49535299471119115,0
8656,1726.9622026657785,44.862005732861505,1,0.49636757548370786,0
8657,1728.1414027889195,45.935132839557184,1,0.5666102738421975,1
8658,1729.4637362429246,45.57243202327596,1,0.531104966004535,0
8659,1727.8546082605383,45.38883842630007,1,0.49710359229669865,0
8660,1729.3361986181428,45.6900453911772,1,0.5464786915718315,0
8661,1728.544260769929,45.406624507919716,1,0.5015568184769016,0
8662,1729.1271468314153,44.28855336889505,1,0.551790092249757,1
8663,1729.9892882215954,45.703145512595874,1,0.5515284372047139,1
8664,1727.749234302556,44.61576131662029,1,0.5082944949793896,0
8665,1727.12092515771,45.67655945108544,1,0.538548570097091,0
8666,1727.747277745772,44.819019174410464,1,0.5016457695055471,0
8667,1726.4937947260662,45.07754523343591,1,0.4901509454672268,0
8668,1728.6782665608532,45.93100710448404,1,0.5686730126489374,1
8669,1729.0037708967407,44.259276292434755,1,0.5575274243706343,1
8670,1727.8790084411287,45.25931192534586,1,0.48882812825447464,0
8671,1727.839205241058,45.844239765289295,1,0.5575196824876117,1
8672,1729.88200922476,44.538759455124904,1,0.5200961435408396,0
8673,1726.1743443480827,44.335540350706566,1,0.543852465976631,0
8674,1727.4667641734063,45.603477549550355,1,0.5255444279808189,0
8675,1731.664641658,45.088436706460776,1,0.5008714940217334,0
8676,1726.5103428666475,44.77581770791149,1,0.500558885199353,0
8677,1726.909797065515,45.00984552820758,1,0.49136604617184976,0
8678,1728.168607724677,44.580900617771675,1,0.51087728209351,0
8679,1729.7369358684762,46.301677004559394,1,0.5892126025398439,1
8680,1727.4651230507463,44.84610365307688,1,0.49952462171545287,0
8681,1729.1780504581893,45.69364255900383,1,0.5440251205781809,0
8682,1726.972042372731,45.18146033969641,1,0.4905992071411528,0
8683,1728.8958909688452,45.238553506018114,1,0.49042106157654564,0
8684,1726.9004202804704,45.14591501300732,1,0.4897616523639854,0
8685,1728.1023685428108,44.44334647792192,1,0.5293007122611113,0
8686,1727.180791504625,45.61642012731835,1,0.5277033755875103,0
8687,1727.2885069785596,45.65056503336243,1,0.5333678892111461,0
8688,1726.837727020214,45.55949373126179,1,0.522400634164911,0
8689,1728.1556784409618,44.81890123353214,1,0.5011720784734709,0
8690,1728.8859180379618,45.537845576248316,1,0.5232509497544726,0
8691,1727.2625714681153,45.06919329362238,1,0.492889170459003,0
8692,1727.8415571113758,45.62127141056273,1,0.5266718016159266,0
8693,1728.7578135438707,45.64640123522097,1,0.5350947913460516,0
8694,1728.385117197968,45.419224808574576,1,0.5021461984222458,0
8695,1729.1488432894548,45.46018890995507,1,0.5107520298003513,0
8696,1726.3249203514558,45.47575924506842,1,0.5076944586521639,0
8697,1730.6368439482133,45.446861920230575,1,0.5175374653253825,0
8698,1728.6242213720188,44.587668844079694,1,0.5112590345546717,0
8699,1727.578632535946,44.17877086790036,1,0.5675165866399899,1
8700,1726.0310087319374,45.539637553761025,1,0.5215709850591561,0
8701,1728.4220868842954,44.95247672177974,1,0.4932828841013792,0
8702,1727.153527324577,44.961806248361,1,0.49601017126653385,0
8703,1727.8013593134924,44.9048799653055,1,0.49739496751916307,0
8704,1727.4967262883322,44.3594385500068,1,0.5409301062022649,0
8705,1727.962513258438,44.87902104119045,1,0.49534134329241297,0
8706,1728.6754746693828,45.241864801368095,1,0.49093085821019017,0
8707,1725.2880394106553,44.581128164338296,1,0.5040231537466358,0
8708,1726.6876552337164,44.72680449739844,1,0.5032876483165342,0
8709,1729.6385787389993,44.98151718246599,1,0.4977095042186701,0
8710,1725.9881035158196,44.257859980246685,1,0.5585200403735048,1
8711,1727.0670000195237,45.20298246505788,1,0.49180777662987213,0
8712,1728.1435255975675,44.865093847974435,1,0.4985338784891355,0
8713,1728.9091801902478,45.750482584095245,1,0.5472301962210929,0
8714,1727.7301349496695,44.20300075147889,1,0.563547107621495,1
8715,1727.3750283285826,45.415697380390334,1,0.5009987744202589,0
8716,1727.919671884935,45.22481779239328,1,0.4884702337731881,0
8717,1727.2208523722495,45.03589284028538,1,0.49479481947509374,0
8718,1727.6093741525244,44.52043920941463,1,0.5165506393726358,0
8719,1727.8710721095526,44.972459436055516,1,0.49298382472732744,0
8720,1725.894646239461,44.70645446055677,1,0.5017289200414238,0
8721,1728.4689482335723,45.05897417683942,1,0.4919116256806454,0
8722,1729.6490455969508,44.992943517149605,1,0.4973881028812008,0
8723,1728.1910420154327,45.09945227532151,1,0.49194072991322585,0
8724,1728.6653374387724,45.80273964755851,1,0.5564572918258576,1
8725,1729.6215820533116,44.969265920966585,1,0.49765798038410625,0
8726,1729.3638035224074,43.859701750521275,1,0.6021587956771605,1
8727,1727.7660036482325,45.08363256594167,1,0.49258307128932605,0
8728,1728.2540063847503,45.46271630091476,1,0.5050984743402022,0
8729,1728.469337096683,44.98025823020209,1,0.49324629610733467,0
8730,1727.3645481004414,45.21363927193462,1,0.49073045396028153,0
8731,1726.761166408649,44.62664717429947,1,0.5056268183238803,0
8732,1726.8752785087975,45.5398186540732,1,0.5221608985844112,0
8733,1727.527669768583,45.16356792168265,1,0.49082086431636474,0
8734,1727.4170896929277,44.333643324674405,1,0.5434826197765877,0
8735,1728.9228274043392,45.68102007292371,1,0.540850196412445,0
8736,1726.4334369150067,44.606257550393956,1,0.5051264367731434,0
8737,1727.9128834951405,44.979687781064044,1,0.49294036449383444,0
8738,1727.9199707575146,44.17805537181774,1,0.567074544622559,1
8739,1725.48700709392,45.21582977839741,1,0.48790561811915506,0
8740,1727.3200724342503,45.38664976068296,1,0.4974163427158988,0
8741,1725.6769349115768,44.994557582711494,1,0.48967115802200906,0
8742,1726.7106862979156,45.07721361960983,1,0.493012339139839,0
8743,1727.7506377527293,45.453387468403136,1,0.5051401370096261,0
8744,1727.5028300733202,44.83179530629261,1,0.5001531677955644,0
8745,1728.5329007217797,44.94908515504406,1,0.4930920983810296,0
8746,1729.2417599684766,45.70463021042568,1,0.548544285307192,0
8747,1727.115083048126,44.61404151044421,1,0.5045988632682253,0
8748,1728.4232608610039,45.48428795531054,1,0.5106063488944791,0
8749,1728.2386222497562,45.300112285956324,1,0.4924780553537161,0
8750,1727.7840860761642,44.73525722708832,1,0.5047966125731568,0
8751,1727.930200724288,44.616367846868336,1,0.5074354589509049,0
8752,1728.515668936823,44.87880166283755,1,0.4954562542911607,0
8753,1730.208054328871,44.31888838347006,1,0.55371608906892,1
8754,1728.0162975454652,44.56609510278525,1,0.5132155469602712,0
8755,1726.8668598355866,44.80766630605644,1,0.49872145848901056,0
8756,1728.611015855493,45.32451340927732,1,0.49461669816742465,0
8757,1727.797522610898,44.80039113514319,1,0.5021724271580953,0
8758,1727.61147567737,45.21569409640311,1,0.4912155926169247,0
8759,1726.2439528439374,45.89311477894274,1,0.564583523998006,1
8760,1726.8167331564478,44.671298720952066,1,0.5043122958512947,0
8761,1726.0325558412676,45.037930477727784,1,0.4905282842160577,0
8762,1726.0836055765838,45.04409647184261,1,0.49020466776143246,0
8763,1728.2146718208903,44.54841609808751,1,0.5153468859007043,0
8764,1725.2670704706338,45.14667557295806,1,0.48568660864241453,0
8765,1726.3874851309474,45.264431493985896,1,0.48839941190025205,0
8766,1727.1882645478242,44.63138642479884,1,0.5048499429820772,0
8767,1727.2497512813243,44.50458043408826,1,0.5159816405805535,0
8768,1728.4340369024721,45.161128079813906,1,0.48937454649723483,0
8769,1727.7904897415328,45.56512397343961,1,0.5222630144275736,0
8770,1727.3548766181764,44.970795000379034,1,0.49389104645359166,0
8771,1728.6095094914588,45.17727630987652,1,0.4897679278647065,0
8772,1727.40658590384,44.59207044406702,1,0.5073753215525819,0
8773,1727.8917016798364,44.899201135787806,1,0.495615645709206,0
8774,1728.5687166280006,44.957095877557016,1,0.4931202732420766,0
8775,1729.4523930828295,45.2158415374552,1,0.49672711159730726,0
8776,1727.1186476112114,45.22507293780297,1,0.4904896183892078,0
8777,1727.610004373698,45.079572768978764,1,0.493319748555215,0
8778,1728.1477175479038,44.86938931790521,1,0.4975607674755857,0
8779,1727.8564687094922,44.85844047793351,1,0.4970215825260412,0
8780,1728.9664789267206,45.1414895911148,1,0.4930559193510093,0
8781,1727.841649452843,44.831522557807595,1,0.5000505908120437,0
8782,1727.976026517569,45.256039758208615,1,0.4894998228078852,0
8783,1728.457931944261,44.53255959727847,1,0.5160200610501909,0
8784,1727.3158529106054,44.16378136167668,1,0.5666303165220371,1
8785,1728.0746225117587,44.39333635762469,1,0.5375476194977293,0
8786,1726.780130441876,45.48091231297094,1,0.5122289011762761,0
8787,1726.595911016529,45.31344572795839,1,0.4924713203519843,0
8788,1728.5171093691604,46.04744545330954,1,0.5752443293537536,1
8789,1727.5481592440085,44.8936297993689,1,0.49656643047620747,0
8790,1728.1598001904927,45.3082977432207,1,0.4917734935894064,0
8791,1728.3508279127766,44.31658919863377,1,0.5466474443413141,0
8792,1729.21968687349,43.959504252829966,1,0.5909375815932584,1
8793,1730.4306254781914,45.73857629652961,1,0.5534435210395997,1
8794,1727.2105385321915,44.96495953211201,1,0.4960844081392518,0
8795,1728.8286531136293,44.74032892014138,1,0.5066078808380052,0
8796,1726.6921132104123,45.37999666751433,1,0.4972945778270857,0
8797,1729.223557403044,44.945050674259555,1,0.49739888396643495,0
8798,1727.0629702857632,44.280179149122546,1,0.5540509049097068,1
8799,1725.7165234459042,44.83810863513245,1,0.4949912375078762,0
8800,1726.9435843640701,45.0928323432286,1,0.4904626129050854,0
8801,1730.5836897159952,44.45589543012929,1,0.5361561481223885,0
8802,1725.9279687425978,45.349663633993366,1,0.4943894869908737,0
8803,1726.6592657712386,44.98948241519328,1,0.4948635064372212,0
8804,1728.097813502433,43.432356282655455,1,0.629118570220863,1
8805,1727.4328762784394,45.012753572270874,1,0.4918727294771519,0
8806,1728.1518661362734,44.87867887154787,1,0.4955784763405612,0
8807,1728.5720912356571,44.54214406395333,1,0.5156448162992335,0
8808,1726.6488007924547,44.869659737652526,1,0.4962801524531964,0
8809,1724.8184570057683,44.56047199065818,1,0.5046768406077858,0
8810,1730.0917019949284,45.03622429849336,1,0.4998329644312558,0
8811,1728.294746248806,44.75942085623117,1,0.5039145035631835,0
8812,1727.2793064063087,45.22654409710531,1,0.4890736894302231,0
8813,1726.8191141635734,44.24255602999061,1,0.5610866211905897,1
8814,1727.5199252358796,45.377776567231955,1,0.4955795733393792,0
8815,1729.364960308571,45.512168530138375,1,0.5243940715520835,0
8816,1725.8229564986361,45.62001156108295,1,0.5273177059374029,0
8817,1727.4283492187903,44.352131079357676,1,0.5403814058208374,0
8818,1727.9329033913687,44.480296432032546,1,0.5196593095598551,0
8819,1727.3326942773217,44.93389885660437,1,0.49482375847789073,0
8820,1728.162478485834,45.718587634725964,1,0.5405302398686321,0
8821,1727.6042322743076,43.74184206576517,1,0.6185434198528547,1
8822,1729.3761065780438,44.94547067072082,1,0.49797715756125566,0
8823,1727.3935090169164,44.89034383882015,1,0.49542411631328237,0
8824,1727.3936962982082,45.44242903809943,1,0.5032070021498221,0
8825,1726.5566528180668,45.109634477403475,1,0.4944078874950237,0
8826,1727.2713778878526,45.52281366086364,1,0.5196427951634547,0
8827,1729.9074307148896,43.941067205144115,1,0.5973428317255256,1
8828,1729.2994961844709,45.49245251794635,1,0.5210265547904417,0
8829,1727.224400339836,44.93372137812462,1,0.4955464569743584,0
8830,1728.2864387273746,43.97137588969378,1,0.5915611369259445,1
8831,1727.733230294091,44.8598729535774,1,0.49911384596747643,0
8832,1726.7553309361144,44.853411088070665,1,0.4971960770939723,0
8833,1726.2177296782888,45.68122773560979,1,0.5400301754021078,0
8834,1727.9603009904558,45.388815888830685,1,0.49727178748859635,0
8835,1726.8674705381834,44.72292365365833,1,0.5009742787756848,0
8836,1726.187635123851,45.083239208922535,1,0.4895631910763881,0
8837,1729.55174438255,45.10296209640845,1,0.49688883432822345,0
8838,1728.6469858344358,44.53837341808949,1,0.5169649658578745,0
8839,1726.9688696860123,44.88425567327294,1,0.4943198178269153,0
8840,1726.4674000100765,45.08992049298146,1,0.48951163076528426,0
8841,1725.623877069892,45.83447187387803,1,0.5635033292046884,1
8842,1727.614258561331,45.02597266120185,1,0.494041749727841,0
8843,1727.5346475055173,44.783266969854765,1,0.5014471771019031,0
8844,1727.7748089847728,44.928630745152496,1,0.4971023895632041,0
8845,1726.1661225107355,45.11846952887598,1,0.4888549504620363,0
8846,1726.7084747957722,45.11835475991188,1,0.4926818290524205,0
8847,1725.8344730287715,44.65853822183174,1,0.501813311621288,0
8848,1727.6106910500753,44.81187956691849,1,0.5013158718215664,0
8849,1728.0513232541189,44.227645519744684,1,0.562884725100217,1
8850,1727.4445465327185,44.39394816577749,1,0.5361448128125234,0
8851,1728.0139641483197,44.65198199494914,1,0.5064991225427219,0
8852,1726.5278450876451,45.58884737482405,1,0.5259125962858905,0
8853,1727.768491725259,44.89790288111622,1,0.49717172618598315,0
8854,1727.826897589136,44.63531198805906,1,0.5073077634851799,0
8855,1726.7388931613682,45.018663332046465,1,0.49492947159621836,0
8856,1725.4885224564964,44.921017712085515,1,0.4897090028857874,0
8857,1727.5202017174809,44.893148335841296,1,0.49634356100789573,0
8858,1725.4900555659776,44.58251116087982,1,0.5050156594544555,0
8859,1725.7556501199456,44.68756770506854,1,0.5026066741013104,0
8860,1727.0185365857842,44.888890404765434,1,0.49622389480254964,0
8861,1728.3924803160276,43.843509028901565,1,0.6025480290346261,1
8862,1729.862536357501,44.975506036574295,1,0.4991358285527483,0
8863,1730.7995621433327,44.822932915432126,1,0.5090740625499677,0
8864,1728.395480844071,44.5731017606499,1,0.5141154954242203,0
8865,1726.5168705042404,44.857585774150955,1,0.49496820156440363,0
8866,1727.0993708092115,44.50014318446455,1,0.516495914774158,0
8867,1728.3736820160905,45.48083444757001,1,0.5100884078607202,0
8868,1728.8827301436531,44.61847104390791,1,0.509326901533281,0
8869,1726.928837620746,45.05231542343402,1,0.49002569960991477,0
8870,1726.6831953708909,45.13669558557593,1,0.4928289385653666,0
8871,1725.989354281684,46.126089716512716,1,0.5829285067887215,1
8872,1727.511699509877,45.0606528936322,1,0.4926165184455611,0
8873,1727.9537395665986,45.21224844673745,1,0.4901701526974512,0
8874,1726.7191944661618,44.68826214732096,1,0.5056904926913571,0
8875,1726.7888681277013,44.69046825815482,1,0.505049572083318,0
8876,1727.3129447549331,44.53055939152631,1,0.5136797268816574,0
8877,1730.2857960633896,44.21602363617877,1,0.5703433381714452,1
8878,1726.0323302838851,44.56659158296968,1,0.5093601005570416,0
8879,1727.3523094915145,44.71631116884373,1,0.5011814485889318,0
8880,1728.6070543653514,44.751001496269346,1,0.5053344676039145,0
8881,1725.9915877593487,44.69861653567257,1,0.503335689786517,0
8882,1727.7674887744693,44.39248937316278,1,0.5383088923998901,0
8883,1726.2122551599953,45.18349609455578,1,0.48822366422252866,0
8884,1728.800330605082,44.73721730717794,1,0.5058721155363886,0
8885,1727.367331111954,46.02557301213576,1,0.5737298479801295,1
8886,1725.9082725190008,45.37766856295581,1,0.49445628995532875,0
8887,1728.4806054256037,44.965037154697264,1,0.4947278528674011,0
8888,1725.1284382964127,44.152573194710804,1,0.570029912884818,1
8889,1727.511779987842,45.35307575887019,1,0.4953872197398601,0
8890,1727.1339776448003,44.73897584801349,1,0.5021221755877274,0
8891,1724.766063552788,44.82547492292639,1,0.4911454431508915,0
8892,1728.386837223575,44.26062340579096,1,0.5570634885630485,1
8893,1726.5097822113705,44.536846967452206,1,0.5128894238108518,0
8894,1727.1451990189303,45.45909969659589,1,0.5065392131728998,0
8895,1728.398089477985,44.71928944807197,1,0.5055398130799129,0
8896,1729.7589964804217,45.44970686551259,1,0.5136228733345978,0
8897,1726.912930813254,44.855440585685905,1,0.49530102014005956,0
8898,1727.2380687869938,45.066419906939856,1,0.49356220628177433,0
8899,1727.7696859805963,45.510762300214736,1,0.5188116402601187,0
8900,1728.2587945803007,45.00215804923554,1,0.4921542620537239,0
8901,1726.472264370971,44.56692653274532,1,0.5090883769327867,0
8902,1727.652503287128,45.72619409404139,1,0.5415522243221615,0
8903,1728.8275791220517,45.66796445207127,1,0.5387249141303131,0
8904,1727.5531300214877,45.07069899715557,1,0.4926141465469463,0
8905,1727.2212190247246,44.878193873752856,1,0.49563582073839724,0
8906,1726.661639356986,45.20928001691317,1,0.4927551360204376,0
8907,1728.447905325262,44.21506896160673,1,0.5620176704824785,1
8908,1727.4272273823726,45.088295472363804,1,0.491320635151537,0
8909,1727.0710231323728,44.12914124223206,1,0.5756625883532736,1
8910,1726.5445143521404,44.9579945176906,1,0.49526096162729566,0
8911,1726.723988561422,45.106137312107116,1,0.4950123519352147,0
8912,1728.8257531997194,45.055823894654594,1,0.4928903116633592,0
8913,1729.6378464574127,45.69192201154684,1,0.5457565728120745,0
8914,1724.8575553349492,44.95603950264443,1,0.4855592310536077,0
8915,1726.2841837834505,45.414040961027496,1,0.5006447607573525,0
8916,1726.766482763748,45.247576699956994,1,0.4909049008846084,0
8917,1725.1089804781152,44.849339448511714,1,0.4881882019793859,0
8918,1729.0337806706632,44.724413922448875,1,0.5057484608742212,0
8919,1727.6216360047495,44.85465130029029,1,0.49777124389550853,0
8920,1727.937038568202,46.165172293254734,1,0.5820378204593835,1
8921,1727.651052412142,45.45757222611088,1,0.5045465968156141,0
8922,1728.7860640796177,44.93553593119926,1,0.4961941358514194,0
8923,1727.1696739038061,44.543665290805905,1,0.513277884616156,0
8924,1727.6064460962994,46.42216355632193,1,0.5948001859402369,1
8925,1728.1999405763545,45.84727455928831,1,0.5569821049988571,1
8926,1727.2430562699099,45.793832584674476,1,0.557322063248014,1
8927,1728.0507244608718,45.0260399147269,1,0.493727121861384,0
8928,1728.104093701103,45.21367816634174,1,0.4907022950202657,0
8929,1727.8486255011778,46.42742435328174,1,0.5928666380630481,1
8930,1727.1522791617497,45.05013764790818,1,0.49299563945355485,0
8931,1729.0897586127312,45.280348214602796,1,0.493266229445041,0
8932,1726.4849170462544,45.053969318391204,1,0.48912366878945757,0
8933,1728.693458376795,45.708749829588264,1,0.5434791020698033,0
8934,1726.8258626993015,45.04973486519157,1,0.490250494761024,0
8935,1726.920029248996,44.801012858987356,1,0.49893434940016773,0
8936,1726.8449602866203,45.3534640509026,1,0.4941419519561239,0
8937,1728.1975862232584,44.18725363348399,1,0.566499324246831,1
8938,1729.2388051052535,45.4887998739901,1,0.5196878314145436,0
8939,1727.925094984356,44.89062608944,1,0.4958181225432087,0
8940,1725.5267261424585,44.951653988732076,1,0.4894336656882254,0
8941,1727.3720560237039,44.040418935594936,1,0.5857900993292917,1
8942,1726.7439806699178,45.40187743287736,1,0.5021688665450724,0
8943,1726.5804144981237,45.11635249510398,1,0.493068590221302,0
8944,1727.2229651396626,44.515237109064444,1,0.5161241460384547,0
8945,1728.3668902115064,45.65601048982743,1,0.5339784100282591,0
8946,1726.1515195710158,45.23950143492927,1,0.48688181106806394,0
8947,1728.9325301979513,44.679843127582444,1,0.5093857422013226,0
8948,1726.2866916089615,45.94508680049314,1,0.5709817509226244,1
8949,1726.6340545413284,44.438733457422785,1,0.530124153790926,0
8950,1727.615743090672,44.37689156781263,1,0.5393680893936679,0
8951,1728.696849580769,44.82124838015151,1,0.5037986076138004,0
8952,1727.8841503102221,44.737563741227405,1,0.503943488092092,0
8953,1725.79761900672,45.89943567455134,1,0.5667514340877391,1
8954,1728.3312644636665,45.33326478227071,1,0.4933316682077081,0
8955,1726.424892968349,44.602924537770726,1,0.5044079855472009,0
8956,1727.8995428834862,44.30511605304198,1,0.547198854218592,0
8957,1727.677548827196,45.455115872616396,1,0.5049692804591094,0
8958,1726.0034651439996,45.27400558049967,1,0.49038459575076515,0
8959,1727.551945952456,44.95502151391059,1,0.4942792716838043,0
8960,1728.139601916966,44.562502564717626,1,0.5147930187042496,0
8961,1728.5907294608096,45.08405983663441,1,0.4923056585775591,0
8962,1725.2145263815503,45.07730328762429,1,0.48538320490416226,0
8963,1728.3400063588435,45.084033303740746,1,0.4923631140336981,0
8964,1726.4541570833037,46.23096848634532,1,0.5895788465450873,1
8965,1726.741068437904,44.66444091472971,1,0.5062645787733313,0
8966,1726.7540608235481,46.0601680575284,1,0.582090472119237,1
8967,1728.3694107924016,44.00093179454259,1,0.5905613772695048,1
8968,1726.542251817358,45.40090348417341,1,0.5019326958229428,0
8969,1727.1283859413086,45.02704677214371,1,0.49453103082955724,0
8970,1727.6282526950697,44.36514624177275,1,0.5392909877514239,0
8971,1726.701538584734,45.418255448181576,1,0.502719937482338,0
8972,1727.7306109956462,45.55628435623447,1,0.5219615756176784,0
8973,1728.4765149657385,44.562774826234346,1,0.5138517811163344,0
8974,1727.7403514561058,45.18636887577613,1,0.49117200409057366,0
8975,1727.0686796736727,44.84030805019019,1,0.4999383091125074,0
8976,1726.3525766492887,45.3952059673302,1,0.49876793510143697,0
8977,1728.2882294213225,45.655305169516204,1,0.5326719633974203,0
8978,1724.7237104863834,45.35303433247013,1,0.4864836530421793,0
8979,1728.4671917054727,45.06223736968333,1,0.4914193673520646,0
8980,1727.3879009960583,45.61039274614201,1,0.5248629834378353,0
8981,1725.5499454536648,44.515913769895846,1,0.5144977856937794,0
8982,1727.0582628755653,45.288447239233,1,0.49320914750149625,0
8983,1729.6012857679955,44.5446375160458,1,0.5196260587424334,0
8984,1728.6145919411024,45.769548937816644,1,0.5490821919432403,0
8985,1728.5074115426266,44.54162054596854,1,0.5154342428548047,0
8986,1726.2685737153026,44.676879568248204,1,0.5030933144627486,0
8987,1727.5742972596033,45.36264729486651,1,0.4954844128347219,0
8988,1728.3511811169433,44.48353442746658,1,0.5198175697752146,0
8989,1727.408843502456,44.85450618458374,1,0.4965492537902861,0
8990,1728.0375829491443,45.22811554450119,1,0.4892307115697907,0
8991,1727.0398398573122,45.09359393282263,1,0.492244077129484,0
8992,1728.0682227517677,45.385192532838,1,0.4962225734888643,0
8993,1725.4399395140497,45.318506822772605,1,0.48971215969447124,0
8994,1726.3890312197886,45.14296768496072,1,0.48825305463444096,0
8995,1728.788010171313,44.48303058902425,1,0.5218041974648978,0
8996,1726.7706433443361,44.79870081268681,1,0.5005999457119162,0
8997,1728.8971881930745,44.47011330836151,1,0.5241758996021687,0
8998,1727.6145271157545,45.41964670735986,1,0.5014648836276944,0
8999,1727.509678594885,44.87902977401814,1,0.49571861764239916,0
9000,1726.662784720551,45.87635543458478,1,0.5663285811229917,1
9001,1727.6087453304026,44.822042390746056,1,0.5012085645775922,0
9002,1727.7763361220543,45.642926000091364,1,0.5303509695154165,0
9003,1727.6272658494365,44.678343854319685,1,0.506325582742924,0
9004,1726.1179027924682,45.5927869675725,1,0.5249351560235657,0
9005,1727.7271254998982,44.27891040994155,1,0.5527104874319634,1
9006,1729.1763791327521,45.22012860214604,1,0.49294975571023286,0
9007,1726.3224272948328,45.712252649600444,1,0.5450537355401754,0
9008,1727.5630048039038,45.19147708974992,1,0.48998780001870573,0
9009,1726.8109851785794,45.4423331439141,1,0.5031841734718931,0
9010,1726.9765318426178,45.22395849984051,1,0.4895782266513483,0
9011,1726.9588559066065,45.40220814589138,1,0.5002335601828812,0
9012,1728.0731170805766,45.227471868365875,1,0.4892307115697907,0
9013,1728.0141801579816,45.061733324824594,1,0.490951472519705,0
9014,1727.613609039526,44.28349482964757,1,0.5504081346250701,0
9015,1726.9887682790804,45.338035923453184,1,0.49231940088408843,0
9016,1728.0672251459812,44.950286966413614,1,0.49427452998371835,0
9017,1727.121105736259,45.24736713383988,1,0.4908006985798557,0
9018,1726.35578540921,44.49806499104176,1,0.516162117645478,0
9019,1725.9379513629242,44.65944769307082,1,0.504178321564339,0
9020,1726.261605898292,44.748181552167274,1,0.4993506848654585,0
9021,1724.5791996278392,45.10978391193596,1,0.4829676492158134,0
9022,1727.7479398020962,44.47204155574873,1,0.5218157283809199,0
9023,1728.2052710248397,45.186796077025235,1,0.4895966925204376,0
9024,1727.4034992136972,44.76085553187168,1,0.5008025868388131,0
9025,1727.3905286140553,43.86012000271438,1,0.603395573250935,1
9026,1726.1177127924157,45.55311192420594,1,0.5215645836758487,0
9027,1727.010482601046,45.54875504044991,1,0.5229791793691572,0
9028,1726.5413626855004,44.4287906652589,1,0.5324119859675125,0
9029,1727.0003439265597,44.94889334187606,1,0.49396534260496455,0
9030,1727.375271205134,45.03097294212616,1,0.4937036485055476,0
9031,1726.8285946290753,45.49128551878983,1,0.5141136399623509,0
9032,1726.6797812104671,45.456298700343645,1,0.5069448092002562,0
9033,1724.988889220457,44.846333058546776,1,0.4900650369368466,0
9034,1726.1395536167972,45.28739261187008,1,0.4897678324701133,0
9035,1728.651690444147,45.29843970584601,1,0.493286810499583,0
9036,1725.6345199531986,45.16634360196186,1,0.4879016690093858,0
9037,1727.5811014255091,44.12369273554325,1,0.5751049245485955,1
9038,1726.960380162321,44.73756948817186,1,0.5013297192385944,0
9039,1728.0869249189225,45.26291806671862,1,0.48959878027018716,0
9040,1728.2818145626927,45.82609105353913,1,0.5564167092593741,1
9041,1728.008971923835,44.814376163988136,1,0.5011722690782093,0
9042,1727.0586536899084,44.69714022878195,1,0.5063277310882532,0
9043,1726.6451788419001,44.51177180817837,1,0.5175880462183224,0
9044,1726.9347313790088,45.829447897174084,1,0.560723074459859,1
9045,1729.2234503426891,46.14824697545273,1,0.5841870855003188,1
9046,1725.6786368459161,44.742340331838776,1,0.4988083051438107,0
9047,1727.3029201743755,44.61666938412717,1,0.5045204823737209,0
9048,1728.506386104799,45.20317323248951,1,0.4904397683347435,0
9049,1728.545375868205,44.508270851351135,1,0.5169619758633783,0
9050,1727.7834020230528,44.90718146661594,1,0.49739496751916307,0
9051,1726.5864743676063,44.500319559826615,1,0.5180332861977525,0
9052,1728.6866361528228,44.83643741300813,1,0.502521371174841,0
9053,1727.9128667605855,44.753827070695856,1,0.5030048745477506,0
9054,1726.9529830379583,45.48217747518223,1,0.5104525104318757,0
9055,1724.4942671579395,45.24781514322421,1,0.4839991487109127,0
9056,1725.8979932993147,44.25675620207504,1,0.5572152053330772,1
9057,1727.4077455057645,44.633411978530745,1,0.5049358482866266,0
9058,1728.9682022032102,45.12494533724559,1,0.4934821181476574,0
9059,1727.0008408139995,44.9201271868525,1,0.4948194981619522,0
9060,1727.0889388839303,44.40326686182214,1,0.5365407486666646,0
9061,1726.1101658551147,44.88784232110077,1,0.492412961015741,0
9062,1727.006920619292,44.66066147361439,1,0.5047643686347644,0
9063,1726.2839832621971,45.14289710144261,1,0.4879094294721201,0
9064,1727.4664333054673,45.238409548910276,1,0.4885192760905667,0
9065,1727.3129066187196,44.462079630813136,1,0.5239810937561188,0
9066,1727.5054590336279,44.864095272120544,1,0.49735205215997297,0
9067,1727.1634668653649,45.82288851610386,1,0.5588618714306267,1
9068,1726.93365346369,44.73891977378095,1,0.5011601515083252,0
9069,1727.039372973275,45.43948546315784,1,0.5041896932315401,0
9070,1726.5213410368922,44.48819750951476,1,0.5187846623287743,0
9071,1727.1081128680016,45.39329561870708,1,0.4993843797620818,0
9072,1728.8418096910132,44.920136537850816,1,0.49686944312085224,0
9073,1726.8058268097207,45.10995225127169,1,0.4924450695351152,0
9074,1725.3838085544453,44.88920687965789,1,0.4892035459359253,0
9075,1726.9044493594097,45.18513031396208,1,0.4902427113466138,0
9076,1727.251738766812,45.57755735709707,1,0.5244800787191475,0
9077,1726.32364099633,44.98305045810025,1,0.4907165076504577,0
9078,1727.6833950921553,44.40554194699204,1,0.5361258706050518,0
9079,1728.7666402242153,44.60770995685709,1,0.5101961189635619,0
9080,1727.8986828452976,44.32476866360535,1,0.5446241836511612,0
9081,1725.428521705561,44.98263546729754,1,0.48867865233746927,0
9082,1727.877065733342,44.577737394581796,1,0.5113432530809064,0
9083,1727.21315388664,44.676762163345344,1,0.5036422832660367,0
9084,1728.5972616419738,45.112258627408224,1,0.4935180097042336,0
9085,1726.7305515130095,45.323271478289534,1,0.49478214751906296,0
9086,1727.2202562686107,45.28650841683234,1,0.4932853577108567,0
9087,1727.0366000722265,44.559193507414065,1,0.5112675131397882,0
9088,1728.2910318319507,44.79538318509988,1,0.5032339304392035,0
9089,1726.8403279712384,45.03302513966661,1,0.49256323358315524,0
9090,1727.2217199942736,44.412244069105746,1,0.5358539363324404,0
9091,1727.1591443199263,45.015747786251524,1,0.493396776332229,0
9092,1727.2807151456766,44.47940170640238,1,0.5182406225361904,0
9093,1727.4083771501384,45.38615394982094,1,0.497659487921909,0
9094,1725.0567141414492,45.337330547769156,1,0.48629514597312484,0
9095,1726.3384647220569,44.838439334948376,1,0.49712411538366186,0
9096,1725.9220156835602,45.216930898368226,1,0.488045640691856,0
9097,1725.952727957709,44.843065648699366,1,0.4963271782137427,0
9098,1727.2002129394707,45.1841586245602,1,0.493149767430254,0
9099,1726.8752127409134,45.52415841051848,1,0.5200230211096522,0
9100,1725.5359723031152,45.52459642036255,1,0.5180121756213679,0
9101,1728.6559040166421,44.10518661436941,1,0.579358880591146,1
9102,1728.0609115242303,44.80604559191134,1,0.5019231438449961,0
9103,1726.7137250647863,45.11505294524178,1,0.4923974638569081,0
9104,1726.2351905696178,45.74373701006314,1,0.5466400312742479,0
9105,1727.9367712100614,45.92421542132213,1,0.5658440708470517,1
9106,1727.3483861822458,45.44995574504915,1,0.5046506580209464,0
9107,1726.058456380218,45.283905330881645,1,0.4906918701277023,0
9108,1728.5810058359464,45.08416310447565,1,0.49149830888904683,0
9109,1726.3305963053065,45.457317782583466,1,0.504340088413891,0
9110,1726.4269963891225,45.13521397507082,1,0.4898816570659628,0
9111,1727.7895696478172,45.24381682022615,1,0.4893106663925752,0
9112,1728.2703406617934,44.903903167328096,1,0.4967506056784216,0
9113,1726.6563426803289,44.98246025381266,1,0.49466141943900316,0
9114,1725.673517447613,44.72323376147991,1,0.49970288131320084,0
9115,1726.4653032156612,44.856607833709276,1,0.49360652683617395,0
9116,1728.7177507089643,44.42365242599054,1,0.53457894784616,0
9117,1727.2378859909816,45.24052750425343,1,0.4899473910611617,0
9118,1726.8522715253218,44.41111531824798,1,0.535183846111751,0
9119,1727.063367055632,45.58925013080572,1,0.5260674505725259,0
9120,1728.1887179546595,44.62079750209468,1,0.508591082476821,0
9121,1728.260865665174,44.26857935397263,1,0.5572745232237292,1
9122,1724.7535237556187,44.728837487962075,1,0.49357700356666756,0
9123,1726.3680179105236,45.244457713072514,1,0.48751061575472976,0
9124,1728.8422527315176,44.521439101242606,1,0.5186588324581807,0
9125,1726.3455085159937,44.88947257215006,1,0.4925452020086794,0
9126,1728.5201968705842,44.85878819218655,1,0.49771150683491844,0
9127,1728.0868813511795,44.758389963479935,1,0.5038839938454661,0
9128,1727.6915918366713,45.53061828493739,1,0.5191644492429199,0
9129,1727.610602854285,44.949496351561244,1,0.4945895066862874,0
9130,1726.156613593536,45.18893178161835,1,0.4883738299871558,0
9131,1726.7594338788654,44.859158194343586,1,0.4973511456075029,0
9132,1725.8795119490026,45.26228419902752,1,0.4884788431380736,0
9133,1726.0809540596272,46.05266679490422,1,0.5795859111200398,1
9134,1728.4660144318232,45.8024348492678,1,0.555228575393119,1
9135,1727.3984040479468,45.23719621487715,1,0.4884102113603727,0
9136,1727.2596427934968,44.99229056816576,1,0.4944963201343413,0
9137,1725.9266640633548,45.01358349214657,1,0.49030816437749497,0
9138,1726.8131705822984,45.01201507868373,1,0.4920008186244622,0
9139,1727.6696217264407,44.4844833834411,1,0.5194625194295112,0
9140,1725.9684219334317,44.996250465869636,1,0.49042863912469037,0
9141,1728.0345363405,44.895644253938464,1,0.49737483873488114,0
9142,1728.059227420503,45.315203708302924,1,0.4925467373009981,0
9143,1726.2251638785824,46.073507724179485,1,0.5800423494544614,1
9144,1727.1763239232976,44.69777608459531,1,0.504499486982013,0
9145,1725.8326524465836,45.59024500424376,1,0.5223798404494372,0
9146,1726.5749429812672,44.82249693773621,1,0.4999375769434681,0
9147,1723.3783738779916,45.19360418761092,1,0.485099998452847,0
9148,1727.3224194699603,45.8857493675563,1,0.5620488072607458,1
9149,1726.3626392056822,45.36296057596976,1,0.49328339648284025,0
9150,1727.9934878946674,45.312283449598816,1,0.4921790674228538,0
9151,1726.4324297230735,45.892173255562504,1,0.5636293574803797,1
9152,1724.7496110639568,45.07602505818684,1,0.48224104684350283,0
9153,1728.3939352246225,45.04038421623011,1,0.4942470705206699,0
9154,1728.257482470914,45.83122911510598,1,0.5571816900493206,1
9155,1727.1690177499418,45.62523956019833,1,0.5294581910274324,0
9156,1728.2182351894867,44.99462709113191,1,0.4929667202612953,0
9157,1725.246475993769,44.58077314918188,1,0.5036469171025044,0
9158,1728.0233268179786,45.23883236217988,1,0.48850822829905577,0
9159,1725.9246672861325,44.97703966331363,1,0.4921777713865449,0
9160,1726.0212052734287,44.94255901656425,1,0.4932577577527443,0
9161,1729.331300574997,44.91506727431645,1,0.5009582554554847,0
9162,1726.0069765982928,44.32093946638636,1,0.546080605528885,0
9163,1726.0966699970131,45.18320367933304,1,0.48862758731033923,0
9164,1728.8431891631544,44.70100721206964,1,0.5089023738076263,0
9165,1724.2752474972538,45.18334577385525,1,0.4842979312557191,0
9166,1727.6398698043608,43.65816981793669,1,0.6254231385507736,1
9167,1728.549147353316,45.04314828808404,1,0.4929533593986272,0
9168,1725.601714608233,45.494421721969864,1,0.5121367129193499,0
9169,1725.68370993894,45.00280594076284,1,0.4885305200396588,0
9170,1727.3327500019245,46.07723036665463,1,0.579582728220422,1
9171,1727.4789643666215,45.30215890455273,1,0.4928566673589953,0
9172,1724.6605111310982,44.67792802493191,1,0.49913875771864924,0
9173,1726.713321264233,44.894876316190334,1,0.4961553821997447,0
9174,1726.3799276785078,44.48451678734566,1,0.5175744087516054,0
9175,1725.1509725402038,45.16026060435592,1,0.48357208795851125,0
9176,1727.921914977953,44.61558285409586,1,0.5074354589509049,0
9177,1725.043954394428,45.587227331149194,1,0.5201868390965049,0
9178,1727.7717095447483,44.73008406163617,1,0.5047832271357249,0
9179,1726.2335142928152,44.78209110461967,1,0.49839313551369163,0
9180,1725.9648892297625,45.155973568908855,1,0.4883251168231178,0
9181,1726.9493080946697,45.8054343031158,1,0.5576366451509202,1
9182,1724.6927430907806,44.25245849496298,1,0.5550071721983972,1
9183,1727.6524226582303,45.20457068887414,1,0.4906919404810834,0
9184,1725.1760832099649,45.08025304336933,1,0.4856399413692476,0
9185,1727.8576323444843,45.20881604799692,1,0.4903360019573903,0
9186,1727.4008184078505,43.78749606727591,1,0.6124461704739362,1
9187,1724.7557170391126,45.14061210436592,1,0.4811950271554202,0
9188,1726.8215505168787,44.813770875324224,1,0.4989278895134887,0
9189,1726.0539502497056,44.88987583350248,1,0.49281288322556527,0
9190,1727.8395849254662,44.49188971547974,1,0.5192868185344727,0
9191,1725.7541488676795,43.69541002416374,1,0.6178662610162049,1
9192,1727.2546200457398,45.04555538309176,1,0.4942072240960564,0
9193,1727.5565815494372,45.55258429091442,1,0.5221285549141733,0
9194,1726.4759935929135,45.255957727422775,1,0.4891418621952705,0
9195,1724.1830317437523,44.19682051947858,1,0.5627939516449273,1
9196,1726.8627022940916,45.15437133633579,1,0.4897960149606642,0
9197,1727.1742350076206,44.53445883040111,1,0.5137193743008388,0
9198,1727.0843401785016,45.65676952314268,1,0.5363625971057118,0
9199,1726.0192617426944,44.53548611961009,1,0.5131631762267281,0
9200,1726.4159610839008,45.24147033953092,1,0.4872053334995595,0
9201,1725.7473587653399,44.75965854430351,1,0.4969358434269869,0
9202,1724.1913292855193,44.31146221979026,1,0.5458126696885544,0
9203,1728.8088526478705,44.86177636922393,1,0.49991412607182,0
9204,1726.7892664316337,44.70193950661987,1,0.5057096167697278,0
9205,1726.3044724645176,45.72554937078727,1,0.5459764554408643,0
9206,1728.2226357939244,44.6589016552992,1,0.5073529756014047,0
9207,1726.803609447989,44.89223994290721,1,0.49502786489313094,0
9208,1727.608692075286,44.31070409176891,1,0.5468045626697106,0
9209,1726.2341512582088,45.64185313199237,1,0.5322468489001655,0
9210,1728.1272041235513,45.20447944793697,1,0.49097135375633394,0
9211,1726.231049838245,44.745669361637106,1,0.4993506848654585,0
9212,1725.3989320349615,44.83744091200144,1,0.49469155814333765,0
9213,1727.0534412547477,45.08729412195312,1,0.4920291878128334,0
9214,1725.4724283695973,44.881510962116984,1,0.48940962688492,0
9215,1728.7193627453019,45.26411874235994,1,0.4912726472746863,0
9216,1726.2651201694794,46.04344301081913,1,0.5778878926127428,1
9217,1728.0399700657351,45.94507939064301,1,0.5664186258819917,1
9218,1727.7183864381798,44.583775238598,1,0.5102916468175056,0
9219,1726.1868420580543,46.05196992738983,1,0.579389874332925,1
9220,1725.5936234107535,45.29777428937615,1,0.4893231591235429,0
9221,1726.9169187543596,46.212651020493446,1,0.588107139885568,1
9222,1725.8154545210073,44.93331485152345,1,0.4897834742526854,0
9223,1728.6268651128744,45.71940100569171,1,0.5429878827687044,0
9224,1729.4039700553992,45.189648492555115,1,0.4951250199346395,0
9225,1729.4898051511732,44.38602792778059,1,0.5429959807712178,0
9226,1727.2480790330203,44.92516878206307,1,0.49605360335852017,0
9227,1724.3250466228903,44.16596687192652,1,0.5660067183360257,1
9228,1725.7795470137492,44.8952265697233,1,0.4898802950073922,0
9229,1728.2980582055459,45.4248852828402,1,0.501794669895498,0
9230,1725.4879232574665,45.20658380520991,1,0.4880364596190293,0
9231,1726.1964177524103,45.464946810117944,1,0.5060137665137412,0
9232,1725.3067563982615,44.75372573981036,1,0.4957964674732138,0
9233,1726.1179155336683,45.58287932754742,1,0.5238105291090096,0
9234,1726.7876380531638,44.6301231432657,1,0.5051657673616077,0
9235,1727.3472293010493,45.189655869399246,1,0.4896390638866141,0
9236,1725.461932978642,45.651785205198806,1,0.5348092384427465,0
9237,1725.40716064777,44.569408283894035,1,0.5069008207166176,0
9238,1724.843902627781,45.128593602994556,1,0.481573293981194,0
9239,1727.0788085934696,45.082673032602024,1,0.49343970300909484,0
9240,1726.8270874256064,45.88708066576678,1,0.5638815034593546,1
9241,1726.9397206350943,44.57185417916446,1,0.5088777097662632,0
9242,1727.5379487145517,44.35877099937567,1,0.541172996036311,0
9243,1726.0899331048959,44.42682946337672,1,0.5318158414834802,0
9244,1727.6999835671002,44.898521162731434,1,0.49696869658198756,0
9245,1728.0299753533693,45.101824645012314,1,0.4930477130899072,0
9246,1726.6723508605776,44.95965380352181,1,0.4963121688205531,0
9247,1726.4335475099474,44.87847988879478,1,0.49223806260707814,0
9248,1727.1147765734624,44.431723056998244,1,0.5324238772294637,0
9249,1726.2828468401908,45.00146993281213,1,0.48972380019690387,0
9250,1727.1028378189962,44.72340033814151,1,0.5017913544378118,0
9251,1727.4116552598866,44.73070120644824,1,0.5017085091566866,0
9252,1728.3591470353547,44.05762996171331,1,0.585238525033893,1
9253,1728.6065407048281,44.49052490180482,1,0.5202695381979232,0
9254,1725.8290542059253,45.148534112915385,1,0.48567991371399893,0
9255,1727.9147271480301,45.53735870637631,1,0.5188137778491542,0
9256,1727.5869491054582,45.414216232012954,1,0.5013204277085719,0
9257,1725.3213351850277,45.11216907497009,1,0.48680503018163224,0
9258,1727.1029358905,44.49856778758137,1,0.516495914774158,0
9259,1725.892123301995,44.97069660145005,1,0.4913055540241968,0
9260,1727.2238919146978,45.45889160476897,1,0.5063553593375067,0
9261,1726.6136641734472,45.423467325467904,1,0.5025225729511681,0
9262,1726.8473844784085,45.656104679575364,1,0.5351417561993532,0
9263,1727.800716167392,44.82520587564766,1,0.5022054663885329,0
9264,1725.4781294871852,45.35503615275625,1,0.49250522497678734,0
9265,1725.7307923427138,45.466799978870284,1,0.5051112966119942,0
9266,1727.4730676597194,45.77030409891569,1,0.5479249776504793,0
9267,1726.1973327932346,45.12478636150514,1,0.4883248114928523,0
9268,1725.7917995459843,44.985566074593386,1,0.48900899652365,0
9269,1723.6636503944155,44.923608722008375,1,0.4888035810534585,0
9270,1728.0468807942866,44.53545886095375,1,0.5166595064135853,0
9271,1726.9912768413983,44.81502656584217,1,0.4987239530728645,0
9272,1726.5005003596027,44.43366702483277,1,0.5308326762774404,0
9273,1727.008813599734,45.2549141134763,1,0.49038519102933714,0
9274,1725.0868791225246,45.52246150675629,1,0.5132139291560278,0
9275,1728.8583473857987,44.85422617568432,1,0.49943760746820076,0
9276,1726.583806532451,44.80655211431452,1,0.5007265604963468,0
9277,1726.8781343379876,45.01228005515355,1,0.49183440626368796,0
9278,1727.5306757693784,45.42691093228277,1,0.5015319811631966,0
9279,1728.7328337385816,45.19987792370985,1,0.4921812327864222,0
9280,1725.4029886029257,45.23253093551616,1,0.4864072757050557,0
9281,1724.391597659112,44.797812691685486,1,0.4931726466492463,0
9282,1726.6336440613964,44.96214100990772,1,0.4962581206152485,0
9283,1725.6227164781462,45.835398130559845,1,0.5635033292046884,1
9284,1727.586788592223,44.70942231363704,1,0.5054800626870439,0
9285,1726.934636671476,44.77165565349595,1,0.5007664234990945,0
9286,1726.9056614814526,45.443662522524136,1,0.5040107187078984,0
9287,1726.1891577111148,44.45126643726015,1,0.5240621210003837,0
9288,1725.6416610919941,45.421673215173854,1,0.500597028733701,0
9289,1725.1940318067593,45.77584046682582,1,0.5492278757084557,0
9290,1726.4808602629796,45.315016428002906,1,0.4906474673208683,0
9291,1728.213456873412,45.86468356367609,1,0.5581137925467267,1
9292,1722.730047327422,45.10992890795288,1,0.49243019066980465,0
9293,1726.0094169131153,45.44262375746833,1,0.5033293146422151,0
9294,1725.5519504070892,44.06984969072061,1,0.5819658835491452,1
9295,1727.9344139204995,44.47864610226506,1,0.5196593095598551,0
9296,1727.023418960501,45.56245022995779,1,0.5237620815656479,0
9297,1725.9638368853325,44.037010813681945,1,0.5864255202796357,1
9298,1726.4837374898416,45.01561986066094,1,0.49061624190732495,0
9299,1729.7876080130789,45.06438190558515,1,0.4970237027249681,0
9300,1726.6326747278597,44.824324784024256,1,0.5002918522572968,0
9301,1726.0577208789687,46.10244286871464,1,0.5818592434132459,1
9302,1726.1787788245051,44.31110755030267,1,0.5461914934167188,0
9303,1727.1081361820095,44.52997743626075,1,0.5134079354954095,0
9304,1726.6935262126815,44.48001662278352,1,0.5199219286958334,0
9305,1728.840388754802,45.18209269481077,1,0.4918379234389916,0
9306,1725.5753237354525,45.361026988846895,1,0.4935089584710067,0
9307,1726.4578349070068,44.245953088824756,1,0.5606106730549816,1
9308,1726.3968894223065,44.44289886836248,1,0.5265509944319808,0
9309,1726.8206164448443,45.08507601425862,1,0.49097646225888775,0
9310,1726.0855902521837,44.49143173608248,1,0.5182037764302612,0
9311,1725.1784707697204,44.91686523022864,1,0.48779305093408504,0
9312,1726.5645704536807,43.90733545756984,1,0.5965300005434001,1
9313,1726.6153280359406,45.47207328128349,1,0.5081316178190118,0
9314,1725.689775833534,45.70103192846064,1,0.5429549220397181,0
9315,1726.5288176041538,45.054316799966315,1,0.4915731665106249,0
9316,1727.1382729954278,45.35558491243742,1,0.49596423952144897,0
9317,1728.066651527364,44.49345533809502,1,0.519517028264265,0
9318,1726.3298188755857,45.221974609734694,1,0.48737754730009575,0
9319,1727.9853184159094,45.76566708334453,1,0.5467328480353487,0
9320,1726.2989800989917,43.95770171150445,1,0.5909827243239322,1
9321,1727.581149554186,44.90192001055687,1,0.496363648056317,0
9322,1725.2915080021191,45.43479576438255,1,0.49951942165890073,0
9323,1723.5599525450923,45.11081800228609,1,0.4868180723916603,0
9324,1727.1332810850383,45.345268602914196,1,0.49562821574635924,0
9325,1728.6196487915097,44.43533217835951,1,0.5309193071133664,0
9326,1726.9966692661758,45.417672504460675,1,0.5013108219609639,0
9327,1726.0694221377419,46.110009732468654,1,0.5827313394156093,1
9328,1725.5927896948024,45.31991890691429,1,0.48998488373982646,0
9329,1726.0826314240408,45.00127049876709,1,0.4897432793701045,0
9330,1726.0405453087815,45.111759513427174,1,0.49040997803294395,0
9331,1727.3522164537226,45.584873367864695,1,0.5251889720747454,0
9332,1726.9998117742814,45.46708915820194,1,0.5070091664858924,0
9333,1729.1550982118972,44.79633760449527,1,0.5048732674068287,0
9334,1726.9506498943524,44.58402583881207,1,0.5066737839862098,0
9335,1725.0461248183365,44.90087496292237,1,0.487338920272011,0
9336,1726.1589081440252,45.20290766408054,1,0.48866526514209624,0
9337,1727.377589371218,45.496901386727664,1,0.5150714193975435,0
9338,1727.3688694691527,44.735994258648745,1,0.5015370360384982,0
9339,1722.5261068814052,44.464357195872005,1,0.5323127814008632,0
9340,1728.0711113172244,44.95578582797454,1,0.49430277240789655,0
9341,1724.3238511645745,45.597972552008194,1,0.5204434025321273,0
9342,1725.7337184519176,44.4287321254001,1,0.53046893570148,0
9343,1724.968836051612,45.00945502089818,1,0.48518571512528275,0
9344,1724.5997903041498,45.42693277198652,1,0.494696666407395,0
9345,1724.7576408377581,46.365597130632196,1,0.5966994467847786,1
9346,1724.6771031294795,45.37493103326961,1,0.4888451659703162,0
9347,1727.8816156789017,43.62879833097638,1,0.624788731423602,1
9348,1725.073056727929,44.92964262476484,1,0.4872767876541893,0
9349,1725.3722655531985,44.980831959836514,1,0.48787653340767917,0
9350,1726.8065277588323,45.33281358037121,1,0.4916835640173865,0
9351,1726.9269789501584,45.41723346806804,1,0.5011254563610203,0
9352,1726.422553973746,45.48784100979143,1,0.5101403293697183,0
9353,1726.3336053154756,44.3160274655346,1,0.5455514357924061,0
9354,1726.8972583627663,45.45601881238767,1,0.5051907878072516,0
9355,1725.8773773609182,45.57019400246251,1,0.522276708514761,0
9356,1723.59638258526,45.9549274129703,1,0.5730725016511168,1
9357,1728.061970737056,45.325675035677634,1,0.49383539683754263,0
9358,1728.8479062716942,44.42032660981505,1,0.5353214443062324,0
9359,1727.7897691778512,45.50994929906779,1,0.5184607381253958,0
9360,1724.0519885444153,45.74378055574095,1,0.5457083138863793,0
9361,1726.709716643953,44.41501738544043,1,0.5372505440223666,0
9362,1727.6251581269792,45.0259070743373,1,0.4932792390497063,0
9363,1725.4905325406332,44.40106674657035,1,0.5356070754320453,0
9364,1728.0408445145024,45.88716785009653,1,0.5601108274513515,1
9365,1727.1263502241186,45.62027219158995,1,0.5298751525342976,0
9366,1724.3245068682531,45.00854103755795,1,0.4878910284064318,0
9367,1723.8724209154368,43.58672305777269,1,0.6250426222028066,1
9368,1730.1938842145812,45.17645712442607,1,0.4973161780658815,0
9369,1725.729436099419,44.67519308855971,1,0.502262529823998,0
9370,1727.813797555882,45.04223221629183,1,0.49396629868047265,0
9371,1726.3518215102956,45.34807363828704,1,0.49356989441684895,0
9372,1724.7456257420288,44.24523361898603,1,0.5571251360928051,1
9373,1726.4861759009455,45.92147523913691,1,0.5697609356431589,1
9374,1726.6034437146882,44.74030738225447,1,0.5028153912845261,0
9375,1728.5676061109434,45.28189781402857,1,0.4910936868739311,0
9376,1724.7508607655002,44.45015061877765,1,0.5214199907973437,0
9377,1725.8331000726857,45.29861609278384,1,0.48773797944538283,0
9378,1727.421987098591,44.513587679744184,1,0.516895761857159,0
9379,1727.4162899734815,43.5362779364092,1,0.6285194782753357,1
9380,1727.5624911296657,46.28633204737635,1,0.5865746356842122,1
9381,1728.7962841943145,45.12517617174213,1,0.4929212237777964,0
9382,1725.9298663872582,44.96341065770469,1,0.49305758480761136,0
9383,1725.8756448075571,44.518401469827154,1,0.5146077793486119,0
9384,1726.4739259509581,44.09980012226661,1,0.5790831106999845,1
9385,1727.2080616893059,44.46801041793597,1,0.5217132884821025,0
9386,1725.882884145664,45.36716330907308,1,0.49418502092201066,0
9387,1724.8976355643179,45.33196200968944,1,0.48589668333160896,0
9388,1725.8017953882688,45.082440866411545,1,0.4879276175864008,0
9389,1730.0703268039892,44.16248346500345,1,0.5748938800617426,1
9390,1728.2308441417226,44.542435338296265,1,0.5153210244889105,0
9391,1726.923233425468,44.17840189123055,1,0.5679098593239289,1
9392,1724.620930958701,44.84123478186949,1,0.48913976093211553,0
9393,1726.5279883160838,44.97804961501383,1,0.49375063452195134,0
9394,1725.7914098202464,44.500028295858755,1,0.5150599909938873,0
9395,1725.2364498417462,44.59042067033054,1,0.5036467255566133,0
9396,1725.13040083971,45.3773737868314,1,0.49147684564995847,0
9397,1725.438068928631,43.71196525209468,1,0.6190302066208262,1
9398,1725.8330165376317,45.33176752745568,1,0.48870517179709594,0
9399,1726.5957388466659,45.364856976728845,1,0.4960196505480724,0
9400,1725.9796916298706,45.32388346200775,1,0.4922187916811669,0
9401,1726.9973437200767,44.446521060870786,1,0.5275793102123381,0
9402,1724.9188819713615,44.270134716546195,1,0.5541909064932287,1
9403,1728.1953778678183,44.57660067273094,1,0.5121900651010622,0
9404,1726.583183697912,44.72165629566129,1,0.5028037369500683,0
9405,1725.9564801353872,45.05029501469864,1,0.489556536211337,0
9406,1726.555278067391,44.682860801038444,1,0.5055697664780503,0
9407,1723.7678939527973,44.04860743744602,1,0.5833736601094891,1
9408,1727.6661391474563,44.628085910942545,1,0.506509671397523,0
9409,1724.3671597810867,45.03867716509816,1,0.4862556685624547,0
9410,1726.0502999733333,44.8731882802076,1,0.4927496353602184,0
9411,1726.1002172516396,45.38092078146932,1,0.494961246246308,0
9412,1729.312272403567,45.258019351325835,1,0.49536712633461993,0
9413,1726.4405934691397,44.49687364873367,1,0.5168610468750955,0
9414,1726.18210031877,45.1492909662651,1,0.48776380140715636,0
9415,1730.2268020249287,45.5908641424528,1,0.5361674812572753,0
9416,1726.0866963860537,44.73262629757556,1,0.5003917994256204,0
9417,1725.4080623650425,45.073772550011356,1,0.48857937222510717,0
9418,1725.8692337470882,44.65379732922678,1,0.503106017506302,0
9419,1725.9637345807275,44.298606370932674,1,0.5507631782205779,0
9420,1725.4790790920038,45.63737133416733,1,0.5312359644836414,0
9421,1724.878297387441,44.85937521436601,1,0.4874317018951027,0
9422,1727.3672939238145,44.56203972816726,1,0.5107053947806086,0
9423,1728.2278380718851,43.98348058710568,1,0.5915850774343646,1
9424,1727.3424864985693,45.17016219688937,1,0.4903698161858312,0
9425,1726.0434866039177,45.42046984501161,1,0.5014277191151852,0
9426,1727.4526633658384,44.63130592013195,1,0.505861372330004,0
9427,1724.6540555398508,45.45196664324608,1,0.4992153568818441,0
9428,1724.1920385054627,45.6204700503511,1,0.5247999067464723,0
9429,1726.3774270396862,45.86496490768725,1,0.5627326472083196,1
9430,1727.8607784348696,44.06300065925625,1,0.5842279880565586,1
9431,1725.2040623910473,44.3071482672515,1,0.5454139207433002,0
9432,1724.4801269199386,45.50564827897842,1,0.5129765987671754,0
9433,1726.1261417124913,44.709659132730856,1,0.5025654785281274,0
9434,1726.5363430894931,44.667737991682266,1,0.5051480577950407,0
9435,1726.0572403708823,45.86712715462855,1,0.5644953211718418,1
9436,1726.4344522303277,43.57643416520371,1,0.6274005032528344,1
9437,1727.3586212528342,44.76987019542635,1,0.4999583713358425,0
9438,1725.0969324314424,45.536715530912176,1,0.5150046914495062,0
9439,1725.576902686598,44.38776337181872,1,0.538810962049161,0
9440,1725.3312902935259,45.22809150711656,1,0.4843910834458847,0
9441,1725.474820280537,44.98292833811034,1,0.48867865233746927,0
9442,1725.533265191796,45.14944027017069,1,0.486411057464972,0
9443,1726.402815051407,44.932335385290955,1,0.4924478545573292,0
9444,1727.1926646989284,46.129838445948906,1,0.5838006292484738,1
9445,1726.2179941983409,45.15943250037927,1,0.48755969671387944,0
9446,1727.4530528562607,45.29226336709601,1,0.491734440534319,0
9447,1725.53004789988,44.95434722852475,1,0.4897758776740499,0
9448,1727.8606542411644,45.200954319465495,1,0.4901076617712451,0
9449,1726.0672500647427,44.90091489285409,1,0.4926116336386414,0
9450,1727.2370156863435,44.91894759697101,1,0.4953828111505553,0
9451,1726.5321550439253,44.88501094520619,1,0.4944859274969368,0
9452,1724.1465868105329,44.44963626274152,1,0.5239696931296176,0
9453,1728.7612619773054,44.91468993881263,1,0.4976643887936814,0
9454,1725.9819061402438,45.002163953874096,1,0.49010664654693975,0
9455,1727.6204874523198,45.81114065794348,1,0.5550249591601029,1
9456,1727.896171801057,45.14713204983961,1,0.4893393666901353,0
9457,1726.28029239519,43.87565206677035,1,0.6017475283909227,1
9458,1726.3265819448027,44.77873119863052,1,0.49761574086998484,0
9459,1723.9704925658516,44.437805660018476,1,0.5285015891198861,0
9460,1727.5756468650463,45.37778067262654,1,0.49580209975997375,0
9461,1723.6372061150437,45.29110239710376,1,0.48880703214943066,0
9462,1727.5088569059112,44.815970186585645,1,0.5005267945229663,0
9463,1725.4451977714664,44.51954982934438,1,0.5128161721551561,0
9464,1729.0046878359192,45.72069169526549,1,0.5461620772905643,0
9465,1725.1597643983725,44.924875393987904,1,0.48759692105788877,0
9466,1724.310167856066,44.60789747903764,1,0.5017442605089241,0
9467,1725.7552827437808,44.05480030347495,1,0.5829838781338409,1
9468,1724.9705873720945,45.625741270685104,1,0.5250024728508236,0
9469,1725.5290671973826,44.857136618842105,1,0.4907111340829184,0
9470,1728.231271355605,44.743850721183286,1,0.5044760531515851,0
9471,1727.5921291452732,46.08747306213374,1,0.5792313602137741,1
9472,1726.868848286471,45.47968564988518,1,0.5106293100908896,0
9473,1726.7412528373404,44.5241633911847,1,0.5153462363201944,0
9474,1726.9666381806235,44.55532160248877,1,0.5108986613228075,0
9475,1727.302460045584,44.84362327875373,1,0.49855125199476064,0
9476,1726.7517153968968,43.88211503547317,1,0.602889507646853,1
9477,1726.7635309279576,44.41650552802462,1,0.5362067107965105,0
9478,1725.2148780824114,45.049674144564726,1,0.4840234299113246,0
9479,1726.742567674076,44.55221115992875,1,0.5140996890179969,0
9480,1725.3824952607117,46.206713452132284,1,0.5861558962954192,1
9481,1725.7971543489446,44.8184708945515,1,0.49490416660527836,0
9482,1727.005153259697,45.19090376072291,1,0.49038964477671115,0
9483,1725.3564238841495,45.7773505841413,1,0.5513391280215928,1
9484,1727.0654802996967,44.23753891337615,1,0.5616216243961236,1
9485,1725.6050969841378,44.523222708760784,1,0.5134697133506168,0
9486,1727.8300780900545,45.83545815540305,1,0.5577083194868929,1
9487,1724.9785355515448,45.67455981322779,1,0.5353657925280644,0
9488,1725.3649296558021,44.18777008913248,1,0.5670490320106655,1
9489,1725.9296397230485,44.86465908062085,1,0.49315944247886406,0
9490,1728.1927886477906,44.361876179866655,1,0.5403918999660116,0
9491,1726.2225981944325,44.86129328188776,1,0.49338688563059485,0
9492,1726.6150149057278,44.71753318567125,1,0.5021039619376407,0
9493,1725.0540263846026,45.24278475961613,1,0.4828405559238761,0
9494,1725.2241675881653,45.07614146721667,1,0.48538320490416226,0
9495,1726.8604541492764,45.398608771492306,1,0.4999091321860034,0
9496,1725.5512020688438,44.77973955350665,1,0.4966496976591395,0
9497,1725.5358803957702,44.14928092330851,1,0.5723343191910557,1
9498,1726.0446970468174,44.63370502857735,1,0.5045093738125707,0
9499,1728.3149644130983,45.50605801301965,1,0.5178141044935521,0
9500,1726.387691511113,45.02750071693993,1,0.49038923965951825,0
9501,1726.471082726895,44.1405942829805,1,0.5736404938446636,1
9502,1726.929976115243,44.97242624764789,1,0.4937533610998917,0
9503,1727.0145640740689,44.44469878563556,1,0.528367013823237,0
9504,1727.2358869487007,44.64601296001377,1,0.504726499414834,0
9505,1726.7200792907724,44.9900292162993,1,0.4948635064372212,0
9506,1724.902410230458,45.27983501612705,1,0.4851431048919932,0
9507,1724.517596187323,44.477185015059554,1,0.5161272097040752,0
9508,1726.846361233885,44.852453392398566,1,0.49524871331528253,0
9509,1726.0239737783859,44.38398253514892,1,0.5388254682773773,0
9510,1726.6107676204601,44.840597253799146,1,0.4986655532021629,0
9511,1724.603990759933,45.63484650279229,1,0.5259125339029495,0
9512,1725.9623103800498,44.35506679705455,1,0.5419374285154245,0
9513,1727.6266265906274,44.5973384256401,1,0.5075715377622013,0
9514,1727.0779036828264,44.09713504136669,1,0.5803385607262773,1
9515,1724.5600145680278,44.84800508737146,1,0.4872033564380512,0
9516,1726.1282480502693,45.30944439214017,1,0.48929819700360894,0
9517,1726.8053732270537,45.370354685655784,1,0.4952294259997002,0
9518,1726.6074915570587,44.528084368782125,1,0.5142194552213644,0
9519,1726.6007270658017,44.54201417829302,1,0.5135677248632317,0
9520,1724.7238306179675,44.9084485587695,1,0.48605883940461053,0
9521,1724.9704428756886,45.87944911120805,1,0.5630627064874442,1
9522,1725.0095901280665,44.864553508691145,1,0.4869617053757422,0
9523,1726.3160400724505,44.84440903544887,1,0.4953583031946643,0
9524,1724.2657136086707,45.673050707315184,1,0.5367577145369328,0
9525,1727.5062999681331,44.57196731520001,1,0.5114525471661481,0
9526,1727.441209837353,45.4305080916983,1,0.5017219785937198,0
9527,1725.7460831018795,44.30947939746993,1,0.545323113485401,0
9528,1725.042100324207,44.94620822295016,1,0.48670757588268815,0
9529,1721.6140390897094,44.78985143533871,1,0.5042753981463223,0
9530,1727.102995971377,45.787133365451595,1,0.5543876963512164,1
9531,1727.4014060833526,44.932758186139516,1,0.4946812156535209,0
9532,1726.90829018343,45.60301522023871,1,0.5264252020206918,0
9533,1724.456258295114,45.529752889174006,1,0.5134061042021947,0
9534,1723.9986739236851,45.5027813932759,1,0.5131500651622374,0
9535,1727.5104926166891,44.8785010650616,1,0.49571861764239916,0
9536,1727.0787245115148,45.52136771618548,1,0.5211838023052944,0
9537,1725.0703664413297,44.89916985878311,1,0.487338920272011,0
9538,1726.8391999888204,44.4423086051892,1,0.527413050593852,0
9539,1725.5337789229911,44.89345376289892,1,0.49029922997651826,0
9540,1725.4656989736409,45.232900944125696,1,0.4866343428216227,0
9541,1724.7209464076016,44.46147207169451,1,0.5196209779136727,0
9542,1725.5367532471575,44.67252981902236,1,0.5029318359002019,0
9543,1725.6803819779193,44.10395434345124,1,0.5787660609290077,1
9544,1726.8030637860259,45.216293097393645,1,0.4910192552932006,0
9545,1724.722022469218,45.5662728778975,1,0.5158243800261897,0
9546,1727.6425191255644,44.32378208277678,1,0.5448084574534447,0
9547,1726.747860487453,44.60096832052743,1,0.5066752824480992,0
9548,1725.0919673888225,45.630278729926005,1,0.5261594851976947,0
9549,1726.7913107008028,44.1350439778652,1,0.5747452093873113,1
9550,1727.8716361902757,44.90337126673663,1,0.4953151821635945,0
9551,1726.665936116501,45.015184196742446,1,0.49373095254482524,0
9552,1728.486617890776,45.038311982805325,1,0.4929617405237097,0
9553,1729.6849468797682,45.41416771542702,1,0.5098138860729857,0
9554,1725.817510381938,44.8525655689487,1,0.49040594225420897,0
9555,1725.445559666684,44.42895756231471,1,0.5305262680725005,0
9556,1724.762089707287,45.31316882262632,1,0.48372473692755236,0
9557,1723.4001969318663,43.49907504753544,1,0.6286967283775423,1
9558,1725.6931200741128,44.36244812596355,1,0.5397784216435619,0
9559,1726.2636881963176,44.869004870036896,1,0.49211068166885724,0
9560,1726.9953491220735,43.503769848415835,1,0.6301203939656759,1
9561,1725.4614763729319,44.1943801420772,1,0.5657190299373276,1
9562,1725.2286509294506,44.68848305027556,1,0.4994880978462772,0
9563,1725.2230364070558,44.89503051014352,1,0.4877957087980869,0
9564,1726.9340679028824,44.664711619207516,1,0.5042816964688306,0
9565,1726.4040635148353,45.32713566580283,1,0.4917846707062166,0
9566,1726.5489487469004,44.51733015257341,1,0.5170937987830816,0
9567,1726.903382791497,45.24364610777158,1,0.48854539447204753,0
9568,1727.4858872699726,44.81298419510883,1,0.5007314681751603,0
9569,1724.3890789692286,45.34783910554018,1,0.49082079391204736,0
9570,1726.8177704192942,44.380922984008045,1,0.5386306814406532,0
9571,1725.9632527676652,45.34621905337132,1,0.49365605476911456,0
9572,1724.777872625231,45.24953373770293,1,0.48155092896031854,0
9573,1724.1889013558211,44.618283948198126,1,0.5009388485693747,0
9574,1726.618573651117,44.23338627740634,1,0.5611228470210379,1
9575,1725.7323321560687,44.900707742693186,1,0.4901774616916844,0
9576,1724.817226237858,44.92704980478815,1,0.48558425465715405,0
9577,1727.0927298073634,44.913218295774286,1,0.4959588607095751,0
9578,1726.5499606609333,44.3948126698248,1,0.5371380265714003,0
9579,1727.8765996641814,45.15456092564577,1,0.48917385452806544,0
9580,1725.7899408352998,44.76592890904104,1,0.4959282064296459,0
9581,1722.9779368224818,44.61465494703297,1,0.5120567019631872,0
9582,1723.5079131121277,44.76469084030504,1,0.49450197881834446,0
9583,1725.672474261661,44.60648142965662,1,0.5040067721899897,0
9584,1726.5863610781228,44.8437836657707,1,0.4997673270401113,0
9585,1723.7949436189783,45.189245616541875,1,0.48439825571803924,0
9586,1724.5338637745892,44.78710388750957,1,0.49345263770676034,0
9587,1724.0465271279932,45.27544692736494,1,0.48800341380964224,0
9588,1726.0379240637856,45.486946840996765,1,0.5109963853611778,0
9589,1727.0882672157445,44.75054660072388,1,0.5019563453498651,0
9590,1725.6850711023678,45.40461019203957,1,0.4993286884714577,0
9591,1725.3441296232156,46.126221848687,1,0.5819062727282593,1
9592,1725.1286221977966,44.87898054559263,1,0.4860339432258188,0
9593,1726.1667394602707,44.597451631554414,1,0.5042472539009052,0
9594,1724.2218748506095,45.504872665117574,1,0.5122503614260929,0
9595,1726.050063858439,44.57525166441681,1,0.5083711753628033,0
9596,1727.3600245227474,44.62884517159013,1,0.5041467351836708,0
9597,1726.4085255724628,45.85285020543498,1,0.5621618310998713,1
9598,1724.4965771830055,44.741099546339555,1,0.4946975292156996,0
9599,1727.0051692972427,44.569797718920945,1,0.5093688587616154,0
9600,1725.189009478012,44.55209412935249,1,0.5074904402493384,0
9601,1725.89174677103,45.4690899658173,1,0.5058142786379685,0
9602,1725.9281216605743,45.255645081270266,1,0.4893113593867108,0
9603,1725.8828591347908,44.75321282163526,1,0.49810219280001383,0
9604,1725.6340434668177,45.83497771471161,1,0.5635033292046884,1
9605,1725.619584720497,45.018225817811896,1,0.4896839110604324,0
9606,1728.2597747848306,44.894561114474264,1,0.49712169060816935,0
9607,1724.8919164949011,45.0763392012808,1,0.4838998598646678,0
9608,1726.119935593908,44.09909112737427,1,0.5795989401576033,1
9609,1724.2797758192903,44.663443051089835,1,0.500431464194034,0
9610,1725.7494691642312,44.55565708617475,1,0.5095162980950648,0
9611,1725.6393951749849,45.14640588349683,1,0.4870935962408132,0
9612,1726.572583030976,44.59819600025267,1,0.5059296411376962,0
9613,1725.235612296341,45.2860981434787,1,0.4877104840606563,0
9614,1727.498367948782,45.25703854942088,1,0.49000793976021784,0
9615,1725.8093710713144,44.73078762534435,1,0.4984990044032058,0
9616,1726.74336736508,44.794201799239076,1,0.5025757447343041,0
9617,1724.6810851479506,44.31461206601774,1,0.5424255044147928,0
9618,1725.016893886181,45.239190057967775,1,0.4828405559238761,0
9619,1728.4406506915766,44.572776255637,1,0.5127784959606227,0
9620,1724.3577258183852,44.553148816537906,1,0.5084066063227402,0
9621,1727.1944784637105,45.00243678287341,1,0.4935074149039008,0
9622,1727.6288059495716,45.18865086367661,1,0.49006761140338867,0
9623,1727.199723054034,45.105204795317945,1,0.4951738473620964,0
9624,1727.0808214747385,44.43598147829587,1,0.5302893383159502,0
9625,1724.6254676601136,44.80236823111367,1,0.4901782670382474,0
9626,1726.0498411471501,45.23254077974701,1,0.487772019750417,0
9627,1726.8246852179034,44.56039011813062,1,0.5097703492799804,0
9628,1726.2160056016487,45.03363091017093,1,0.4898500009024853,0
9629,1724.7341309457074,44.38797653848655,1,0.5346475430460583,0
9630,1724.5021240785527,45.63718911926741,1,0.5274755985017732,0
9631,1726.1646353920703,44.43956682020402,1,0.5282989884670607,0
9632,1726.9430329781326,45.15343413559657,1,0.4897616523639854,0
9633,1725.4463295756095,45.04721883434848,1,0.4878022137377653,0
9634,1725.0619089340241,45.08542826662698,1,0.48452907628773956,0
9635,1725.9113908407737,44.63686818166722,1,0.5029457018945719,0
9636,1723.7115217554033,45.781996416150925,1,0.5547043314838654,1
9637,1726.015664215,45.636214451029765,1,0.5322764658914785,0
9638,1729.3014207383756,44.70753584902339,1,0.5097160560008558,0
9639,1723.8991034996739,45.80137019523295,1,0.5576741063016842,1
9640,1727.6319621148093,44.87447066391456,1,0.4961001197426899,0
9641,1726.0542922095499,45.3191326788252,1,0.49102311375589075,0
9642,1723.4992291123594,44.83851672303233,1,0.4928566177924481,0
9643,1725.2374047053988,45.705918023209875,1,0.5425077136120154,0
9644,1726.0847334456803,43.63118342662386,1,0.6263717058481036,1
9645,1724.6603868265177,44.79024263660061,1,0.49193174290861447,0
9646,1724.9580638501445,44.89937634344392,1,0.4867987825571873,0
9647,1724.6819141004119,45.21809862574807,1,0.4811470657541806,0
9648,1726.7124796734126,45.392724278613045,1,0.5001958639530232,0
9649,1727.1898276579395,45.52389002014205,1,0.5205559551555736,0
9650,1727.4501942500792,45.096396859594215,1,0.4922601117518498,0
9651,1727.2442602962362,45.018628327552676,1,0.49444569656453363,0
9652,1725.015457489365,45.7647034127237,1,0.5492322726009475,0
9653,1725.9146760321178,45.73424901303784,1,0.5471096003364244,0
9654,1725.3330168507969,45.65336972656772,1,0.5317843765985258,0
9655,1727.68212150649,44.71373605338226,1,0.5046568651036824,0
9656,1724.8287397382687,44.20728041725548,1,0.560289864032703,1
9657,1726.4150680881764,44.594292238791006,1,0.5052688083541068,0
9658,1725.4304509825074,44.85678929425465,1,0.4906585095724099,0
9659,1726.0010239598857,44.47291395212384,1,0.5202695673533332,0
9660,1726.8854854567107,44.823554503669214,1,0.49838663739567013,0
9661,1723.7715857061462,45.16928962176893,1,0.4841777665647241,0
9662,1725.0185650056148,44.85595756179152,1,0.48758336338097036,0
9663,1725.347155115686,44.67591981361521,1,0.5010599016777083,0
9664,1725.7448195309178,45.783647227942524,1,0.5560851356459429,1
9665,1724.619769208373,46.64304228970602,1,0.6077968396018748,1
9666,1724.9385086871937,43.87835509273341,1,0.5983886711401503,1
9667,1725.2189338793962,44.59338283719288,1,0.5016991889790676,0
9668,1724.2935912180901,45.325778373966024,1,0.4892951865506485,0
9669,1725.462091980384,44.33262758110466,1,0.5436160783589729,0
9670,1726.7517078790695,44.62544660036402,1,0.5062684714719154,0
9671,1725.952401836926,45.28096410847187,1,0.4905996829543725,0
9672,1727.1750934573322,44.18224483115016,1,0.568066892237133,1
9673,1727.2196230771883,45.42793711058695,1,0.5029488633889598,0
9674,1725.9804691529735,45.60209726365741,1,0.5264595653216727,0
9675,1725.3636117769165,44.54433073634662,1,0.5092234907778446,0
9676,1725.1680398455599,44.771199381938246,1,0.4945623908251982,0
9677,1723.8089282518445,45.123884667542676,1,0.4846398686116768,0
9678,1726.1709670215037,45.27676262855471,1,0.4896267460955615,0
9679,1727.3433333942912,45.22247030783955,1,0.48915973454854905,0
9680,1724.0314955479025,44.587971464320105,1,0.5040549307840403,0
9681,1725.2679357886027,45.5771949778548,1,0.5192534277699463,0
9682,1725.6295343941242,44.71580369687493,1,0.5004448792489483,0
9683,1724.5868674947224,44.82086096234587,1,0.4907881428245843,0
9684,1725.148375495407,45.138563679244136,1,0.48492910175609294,0
9685,1724.0881502577538,44.88051750239229,1,0.4874042191584085,0
9686,1726.1406682894508,44.737815995432214,1,0.4999325489443317,0
9687,1726.1124954575043,44.37957831796497,1,0.5386081573944055,0
9688,1725.3069565851345,45.34584122732844,1,0.4894905588433476,0
9689,1726.1014896769411,44.33524072451474,1,0.543852465976631,0
9690,1726.1185557457757,45.21770867307404,1,0.48779573039889085,0
9691,1725.403474761165,44.9927994440422,1,0.48848490194422656,0
9692,1723.3193930770117,44.77134984780052,1,0.4952131151729762,0
9693,1724.1839337676383,44.93193260586894,1,0.48715624414704933,0
9694,1725.7328135361436,43.76391227261419,1,0.613336994042029,1
9695,1724.724476745728,45.55433601352857,1,0.5150548377210834,0
9696,1725.2382681239383,44.72366491674133,1,0.4970902450908612,0
9697,1726.525422097304,45.02914857412151,1,0.49356289206441023,0
9698,1726.084308590848,45.48619823195131,1,0.5096154940783441,0
9699,1725.509327854467,45.22838480439718,1,0.4862495940347934,0
9700,1725.087233762714,43.577942506579795,1,0.6245456001574636,1
9701,1726.9237781752058,44.59193276730731,1,0.5062953761808937,0
9702,1724.695370485939,45.002959531051374,1,0.4825888534309067,0
9703,1725.8709713699677,45.575361998151436,1,0.522276708514761,0
9704,1724.7087785888039,45.29869486506471,1,0.4832883766381358,0
9705,1725.818845529455,45.572921215521596,1,0.5208455759131034,0
9706,1725.376716172211,44.730027947872834,1,0.4979787832696445,0
9707,1726.4066331124593,45.078591228184656,1,0.49003936819321453,0
9708,1725.0352101966237,45.57674285779418,1,0.5186590155518468,0
9709,1722.8090488418836,45.10530880617814,1,0.49238960351388994,0
9710,1728.1554176028,43.91298192451764,1,0.5970469583085339,1
9711,1726.9833000080437,44.98834585584041,1,0.4933155996291197,0
9712,1725.1652041058878,46.02887342583838,1,0.5747689931848889,1
9713,1725.724862177407,45.44406909462005,1,0.5030644524881885,0
9714,1726.215133628365,45.32297188361691,1,0.49016649826864445,0
9715,1727.797308927788,45.5186054420827,1,0.5194278286488984,0
9716,1725.0932016103918,44.98400000407085,1,0.4867292353870713,0
9717,1723.5435054302404,44.861400903741945,1,0.48985166380157974,0
9718,1723.4443812921302,44.367388331373746,1,0.542360897960731,0
9719,1725.53326425549,45.514362734342384,1,0.5180121756213679,0
9720,1725.2803670166074,44.19702890082744,1,0.5637811415459056,1
9721,1727.853984018379,45.02558361632731,1,0.4920679683693325,0
9722,1725.1728437780348,44.98560936605966,1,0.4861012642561114,0
9723,1724.9347013880326,44.51801137211332,1,0.5126685249595625,0
9724,1724.7700797722077,44.95977958452154,1,0.4853136414336772,0
9725,1726.5051172850558,44.35583212197341,1,0.540618920228513,0
9726,1722.560227474114,45.12280658633616,1,0.49228257113066876,0
9727,1725.340169956927,44.60760676836191,1,0.5019502175134273,0
9728,1725.094869000419,43.726351470341264,1,0.6162301008812892,1
9729,1725.5175214391493,44.74873289966729,1,0.49810916171934094,0
9730,1726.1156882405498,45.1638699622915,1,0.48857298602476257,0
9731,1723.727079292879,44.49890954829693,1,0.5163743266558957,0
9732,1726.27225904321,44.51949967573039,1,0.5141855638771536,0
9733,1723.9970030297613,44.495663412901905,1,0.5166039808827736,0
9734,1724.8147317341839,45.310727323462835,1,0.48302220565943194,0
9735,1722.9705951381036,45.34334059457135,1,0.49545704236058924,0
9736,1724.8643180905983,44.27807609451748,1,0.5508215897538827,0
9737,1724.8767942219947,45.178178198941204,1,0.4815027623236904,0
9738,1724.821524312332,44.12064090269682,1,0.5723819683980231,1
9739,1725.9410429727316,45.309827823301575,1,0.49010465390442287,0
9740,1724.0389641620018,44.79638403970318,1,0.49357835333278166,0
9741,1724.0516146796306,44.407050159605795,1,0.5341413640831824,0
9742,1723.644059641695,45.130912616046224,1,0.4857461196622588,0
9743,1725.791106844809,45.15706923278557,1,0.48581986280535255,0
9744,1726.2915431701226,45.44862869109222,1,0.504681433477532,0
9745,1727.7221948875174,45.80724179266924,1,0.5556499959336583,1
9746,1724.2750641520322,45.220063102876,1,0.4842352399016648,0
9747,1724.4007904255461,44.63463648023818,1,0.5006000749281432,0
9748,1725.5226634223543,45.315507723705956,1,0.48904437390754063,0
9749,1728.0895349752373,43.84421928787673,1,0.6037664329975687,1
9750,1726.5504807860414,45.084716213953406,1,0.49248228457050225,0
9751,1726.4590644798636,44.416675513259676,1,0.5357787540637725,0
9752,1724.204151816635,45.394707583643594,1,0.4952149607801562,0
9753,1724.1535543195203,44.12745722810024,1,0.5725217665928147,1
9754,1724.6414659899635,45.6552951596322,1,0.5292709216354121,0
9755,1724.1374755433628,44.93025245421829,1,0.4881413159916821,0
9756,1725.6934573216552,45.21971326341304,1,0.48654291301311864,0
9757,1724.7635165443944,45.4427097859467,1,0.49670620314207553,0
9758,1725.2743705380378,45.158790451911486,1,0.48572068532637813,0
9759,1723.0717375763886,45.39488239233481,1,0.502321343738447,0
9760,1724.179773012977,45.60173910871385,1,0.5197837838388322,0
9761,1723.6714561708588,45.916795007719564,1,0.57169390516136,1
9762,1723.1812883570349,45.49933400558428,1,0.5141105785997883,0
9763,1727.0894050147506,44.808998351439854,1,0.4999819118317817,0
9764,1722.3591610557598,44.77997655711253,1,0.5028512245454304,0
9765,1725.4652605577637,46.04109582671915,1,0.5791602307427507,1
9766,1724.5685571828521,44.98769915042215,1,0.4840608089017724,0
9767,1724.780917739106,45.324685807628136,1,0.48499031529422665,0
9768,1727.1860184234981,44.8456290587168,1,0.4989190388079802,0
9769,1727.3988970372857,45.306640860866295,1,0.4924133614084179,0
9770,1725.7054452119878,44.196405083537904,1,0.5639396702597983,1
9771,1726.6381502555514,44.75387754227281,1,0.5027397214470974,0
9772,1726.2668529148948,45.56660059608558,1,0.5224272700319533,0
9773,1726.395471519008,45.070225120153694,1,0.4894966221471646,0
9774,1726.2539674062366,44.15073763314231,1,0.5722010115034972,1
9775,1724.9585463400408,45.41253745469597,1,0.4961977288761708,0
9776,1725.9034493034894,45.14223797189493,1,0.48701442127368744,0
9777,1725.5767988806058,45.10337778717536,1,0.4890884421687692,0
9778,1727.2786279662434,44.94690460268087,1,0.4938878451020387,0
9779,1724.244254622346,44.797209925167124,1,0.49367768837152914,0
9780,1725.7315433433114,44.45656837916794,1,0.5214041816798753,0
9781,1726.0827671705697,44.751102945137966,1,0.4991015183301062,0
9782,1724.147919475754,45.84491524829063,1,0.5622764395583117,1
9783,1722.665823782005,44.423190636304454,1,0.5391907577676782,0
9784,1723.519805953101,44.43835785826708,1,0.5296812453789869,0
9785,1727.3265076674406,45.05936633472379,1,0.4922807093647232,0
9786,1724.9895677341149,44.70746607746088,1,0.4983442645168877,0
9787,1725.0956242230204,44.34209286345334,1,0.5431300948360707,0
9788,1726.0892524086985,44.02785380982069,1,0.5878060870468691,1
9789,1725.048367899241,44.77002319728191,1,0.4939171448655357,0
9790,1724.4518287190483,44.53558326475542,1,0.5095321426964273,0
9791,1726.7078139223727,44.30270750901032,1,0.5516405963097065,1
9792,1726.7167154736287,45.40207413040191,1,0.5021688665450724,0
9793,1724.00942343109,44.94237503970203,1,0.4883782263677032,0
9794,1724.4464540193092,45.55678702703278,1,0.5168603880298233,0
9795,1723.8977348936526,46.0784400244313,1,0.5815425102791032,1
9796,1726.8997338916076,45.10958020306637,1,0.492729462223454,0
9797,1724.369741243031,44.80082089252029,1,0.49283908563968726,0
9798,1725.066826347633,44.72470939276741,1,0.4960776625595116,0
9799,1726.2839280109429,45.18404226081224,1,0.4886081525129571,0
9800,1725.7124789443653,44.80422948154233,1,0.49535976281562316,0
9801,1725.4399657893593,44.136172341515355,1,0.5730478495575289,1
9802,1727.0119719174197,45.1967019462602,1,0.4900037546207767,0
9803,1724.4979870267587,45.11433921720686,1,0.48306263828989315,0
9804,1725.0350036914024,45.8757622448935,1,0.5632532189710304,1
9805,1726.151332070208,45.23716288379583,1,0.48688181106806394,0
9806,1724.7170532009045,45.05815863906619,1,0.48185274316476856,0
9807,1724.9009307406018,44.15838763943663,1,0.5683442014695165,1
9808,1725.9068178285763,44.48490711258648,1,0.517603641245923,0
9809,1723.9863422784574,45.536918329694565,1,0.5162570111503998,0
9810,1723.8633215241714,44.54826391820012,1,0.5106189797353259,0
9811,1726.3151736713487,45.78465396856269,1,0.5556211516471755,1
9812,1725.4102571087142,44.95037427718381,1,0.48938117817511584,0
9813,1725.0524421080613,45.188513912217424,1,0.4836456918912032,0
9814,1724.5756151858702,44.72027628523626,1,0.49364267789877636,0
9815,1724.0642560859094,45.60201243510976,1,0.5221816107555839,0
9816,1725.3305728182756,45.365687498095845,1,0.4914616590884531,0
9817,1727.3565823433817,45.039332968532044,1,0.49304245479352826,0
9818,1725.3019040378297,43.90231075838176,1,0.5959399891743348,1
9819,1728.2092681642264,45.435460539232004,1,0.5013398367226362,0
9820,1724.983007115303,45.32633111574193,1,0.4871566357125226,0
9821,1724.9924450749854,44.42022837278753,1,0.532248378649085,0
9822,1724.336576446203,44.81920163071298,1,0.49371716303574004,0
9823,1724.0428056661642,45.33728088770658,1,0.48832570300434575,0
9824,1726.7573425074454,45.637543996723856,1,0.5328005781637353,0
9825,1724.488223387595,44.68812512374423,1,0.4991596672611014,0
9826,1724.1496003018985,43.794461288058436,1,0.6092958222071343,1
9827,1727.0228879864742,45.426732538451155,1,0.502249608389387,0
9828,1723.8993555237996,44.54089211231485,1,0.5108882291139825,0
9829,1723.7851994144996,44.728142639762375,1,0.4964918449067511,0
9830,1727.1750767531416,45.85566236328083,1,0.5613411758641005,1
9831,1725.791200301503,45.06606940519762,1,0.48757087171618835,0
9832,1725.3499969628522,44.56274587466155,1,0.5067095616175245,0
9833,1724.6983266168554,45.18644999918996,1,0.4812624127504912,0
9834,1727.2658018182433,45.67768333995032,1,0.5372402350497653,0
9835,1724.0527073901364,44.08740765987872,1,0.5771676062398203,1
9836,1724.3930656962955,45.51482736146375,1,0.5134119504577255,0
9837,1726.1650280921306,45.355936049465726,1,0.49322731880623794,0
9838,1726.3103558937182,44.815662910732534,1,0.4972462021688349,0
9839,1726.653144519544,44.81629365797724,1,0.5005156321590339,0
9840,1725.5989145939695,44.3129294072679,1,0.5469316742566207,0
9841,1724.9935403579202,45.87912081362573,1,0.5632532189710304,1
9842,1725.8836222144068,44.088685235382904,1,0.5792614734957345,1
9843,1725.8969363677902,45.28083891888046,1,0.48893725427599716,0
9844,1725.50344337644,44.339927006007265,1,0.5436743827182575,0
9845,1723.6946254538186,44.474143289389545,1,0.5203111997740084,0
9846,1722.6034304652874,45.53022486865403,1,0.5188595960303695,0
9847,1725.0378288827062,45.00469063807164,1,0.48496459729833225,0
9848,1724.9154114494277,44.68130021479821,1,0.5005459103897923,0
9849,1726.3655817680938,45.4184207226533,1,0.500319877733415,0
9850,1727.0603696777332,44.90133753936354,1,0.4960212522636673,0
9851,1724.8000550093993,45.260614122669345,1,0.48252713126261293,0
9852,1725.1886369054735,43.51211788627809,1,0.626737391991863,1
9853,1726.1974208746394,45.67293391368963,1,0.5389886434072874,0
9854,1726.44250366635,44.44406188241997,1,0.5273009849521754,0
9855,1724.09874217556,44.40682743096867,1,0.5339649729450308,0
9856,1725.7759995296562,45.961140908636345,1,0.5716118100041692,1
9857,1725.5677935069705,45.74268120987174,1,0.5478979423847052,0
9858,1724.1537646471916,45.394907308349545,1,0.4953118247209807,0
9859,1725.822505282584,44.67315857393097,1,0.5020175791682487,0
9860,1723.394531483869,44.61191265865012,1,0.5041074862749098,0
9861,1725.390231918265,44.64337457892349,1,0.5013951460580478,0
9862,1725.3296047562176,45.34637516480487,1,0.49052897157429287,0
9863,1726.1908167417487,43.963471177504275,1,0.5909827243239322,1
9864,1726.3774102370005,44.828746724689275,1,0.49815158195781384,0
9865,1726.0632835307847,44.12306608013312,1,0.5765649672083017,1
9866,1725.6090831002673,44.98599991658109,1,0.49038846415674003,0
9867,1725.0978262420863,45.02793324758595,1,0.48614004619127704,0
9868,1723.9211957217844,44.4272304517297,1,0.5292673919186724,0
9869,1723.3275476594717,45.03510455881847,1,0.48755845948507054,0
9870,1724.6020656595795,44.89316304357828,1,0.4865774630419358,0
9871,1726.5359842460202,44.7801729210082,1,0.49982670248015904,0
9872,1725.3339859212128,46.03311255392936,1,0.575919331587094,1
9873,1725.2208053491022,45.532124739035986,1,0.5142723040362367,0
9874,1725.3858007868587,45.202233344699536,1,0.48662197562758286,0
9875,1728.1379336377977,44.819420788860384,1,0.5019953185826,0
9876,1724.9881893227907,44.65690501658005,1,0.5003974056187026,0
9877,1724.7893729126258,44.93886609956512,1,0.48492373760453317,0
9878,1724.814138503157,45.0035336945424,1,0.48278600835128427,0
9879,1727.0814736905838,44.40721972381266,1,0.5367222874356081,0
9880,1725.4316764655634,44.54005883920375,1,0.5102836733735678,0
9881,1724.3230809975478,44.705512370161436,1,0.4998930207328119,0
9882,1726.3928101763313,44.62010556139419,1,0.5047208693694069,0
9883,1726.059021366791,45.14499168470477,1,0.4883251168231178,0
9884,1725.9401395748714,44.98899352084775,1,0.4916184220773792,0
9885,1725.5377607304638,44.905912028626766,1,0.49066072899303975,0
9886,1724.7150840235731,45.516754392774,1,0.5117915528871718,0
9887,1725.3025910466288,45.41102371843145,1,0.4975742086855102,0
9888,1725.912908310704,44.701057139682035,1,0.5024651412145194,0
9889,1724.8497063032305,45.43902651305958,1,0.4972145364201545,0
9890,1726.222500044852,44.111868974511594,1,0.5772797866005395,1
9891,1726.3812559729283,45.62062330396367,1,0.5279554679723579,0
9892,1728.297488157354,44.81600761106242,1,0.5015701123365073,0
9893,1727.2705538524208,44.83682849851525,1,0.4978127812709891,0
9894,1724.8329399639613,45.474455926773004,1,0.5016204186376151,0
9895,1725.5128699194602,44.38258773630714,1,0.536920948120745,0
9896,1726.220681364751,44.87173308844126,1,0.4922572658316674,0
9897,1724.637409905946,46.171820748651335,1,0.5835369122811083,1
9898,1724.7309365201609,45.41122358332308,1,0.49438449329609824,0
9899,1726.4226055770168,44.02895532877026,1,0.5875171721512307,1
9900,1726.7894114883616,44.791507320558125,1,0.5018690916123472,0
9901,1726.6112473860649,43.82479591257577,1,0.6068932710080501,1
9902,1726.4188994408198,44.69827682462727,1,0.5031228366684988,0
9903,1727.098486621883,45.41720000324022,1,0.5022440549283689,0
9904,1725.1726621619396,44.568910795422475,1,0.5053660394683755,0
9905,1726.153610192579,45.08220671073989,1,0.48989453491054535,0
9906,1725.3967243859302,45.52468095586992,1,0.5159431135524769,0
9907,1728.6620109560408,44.621079606027834,1,0.5100767673216856,0
9908,1724.7343987578536,44.580933705997545,1,0.5014063729312549,0
9909,1728.2274616049858,44.18223894307002,1,0.567074544622559,1
9910,1724.4782325755648,44.93296461339973,1,0.48797606854311487,0
9911,1725.9342098147602,45.43492157259635,1,0.5033300631376034,0
9912,1722.8900831010048,45.38247824547376,1,0.49877568929786076,0
9913,1726.1894015985122,45.12940229572304,1,0.48804296107275297,0
9914,1722.853206044055,44.8261917759875,1,0.502493172240583,0
9915,1726.8469081380088,44.55861778831701,1,0.5108986613228075,0
9916,1726.6251966376194,45.56988339128025,1,0.5235026327618573,0
9917,1724.7036042521859,44.481654262078855,1,0.514808585128692,0
9918,1725.4372622648696,44.4407105286434,1,0.5265051705398879,0
9919,1723.949764761211,44.72862542872278,1,0.49626036694481573,0
9920,1724.3335674966133,44.82273411755139,1,0.4938005550685676,0
9921,1725.7233266461617,45.76726774667688,1,0.551050153248041,0
9922,1726.4946117902452,44.80910458126447,1,0.49804406729860007,0
9923,1725.684908234914,45.314245331255414,1,0.4891797220860494,0
9924,1724.736977637463,44.63344905982203,1,0.498682934637253,0
9925,1725.3461161292298,45.44018834342925,1,0.5008768825187472,0
9926,1723.9209017495941,43.87256774394692,1,0.5998150777815167,1
9927,1725.640471543623,44.651170207066244,1,0.504462815565312,0
9928,1727.8864199911939,45.41403684631438,1,0.4995770104358981,0
9929,1725.46451271689,44.74378736708584,1,0.49788728348046035,0
9930,1725.0749380593106,45.07868371854391,1,0.4851608237566739,0
9931,1726.045006927844,44.99711427981653,1,0.49062899687976513,0
9932,1727.8840562350995,45.16519409137545,1,0.4897852834577842,0
9933,1727.2625471004444,45.098946704373695,1,0.4939639883209583,0
9934,1726.5897710198522,44.5754314996206,1,0.5098258388648301,0
9935,1725.8176474611064,45.13233689047184,1,0.4859775474569393,0
9936,1725.5355434528137,45.0380153539508,1,0.48886798006476323,0
9937,1725.347342318482,45.19036684198168,1,0.4858686389949409,0
9938,1723.3302733929052,44.45024772067843,1,0.5262906254519072,0
9939,1727.2054580059716,44.28843310669373,1,0.5519782396443292,1
9940,1726.890143802336,45.33677241828201,1,0.49165889009100944,0
9941,1725.184497202446,44.13485471634068,1,0.5710636343784321,1
9942,1724.2746196138885,46.037953891399475,1,0.5773344630602993,1
9943,1724.4576237493527,45.00855757890897,1,0.48627032994631536,0
9944,1724.8666084261909,44.866722778315,1,0.48663234518278475,0
9945,1727.620564817526,44.68636997374272,1,0.5051491096549795,0
9946,1726.521002650053,44.69807418868258,1,0.505002603358926,0
9947,1725.7098776815137,45.09236644854986,1,0.48837903299467056,0
9948,1724.289508838923,45.570995404179655,1,0.5178886106179984,0
9949,1724.3478050590375,45.62465990613621,1,0.5256883389986698,0
9950,1726.3606426932072,45.142239488247746,1,0.48825305463444096,0
9951,1725.5631465707377,44.55091138047749,1,0.5111984171794376,0
9952,1725.0374118457694,45.21859039874283,1,0.48341970364059744,0
9953,1724.7768551911586,45.75290579782653,1,0.5465556192645246,0
9954,1726.2381956128902,45.97432199640736,1,0.5739189204444812,1
9955,1725.9996028070318,45.1373193014863,1,0.4895636563909676,0
9956,1726.672826697877,44.857459582039326,1,0.4967402215012736,0
9957,1725.3495221163269,44.925695784872616,1,0.48960741498075644,0
9958,1723.0781398775866,44.881511267398736,1,0.4943649536550488,0
9959,1724.9401959588322,45.302959596870124,1,0.48517973506489137,0
9960,1727.8867347979137,45.31237706888103,1,0.4916453236135482,0
9961,1726.1962903072476,44.78533984226737,1,0.4985066148605696,0
9962,1724.975006877982,44.92869842675824,1,0.4872348492280101,0
9963,1725.5187394741454,45.262168456705034,1,0.4880387372946324,0
9964,1721.8442700147575,46.23377563946188,1,0.5952816092242329,1
9965,1727.3298165255017,44.532009942076606,1,0.5136797268816574,0
9966,1724.0609916539263,45.49819151697669,1,0.5102542132591119,0
9967,1726.47986163184,44.79795762296061,1,0.49896635867568956,0
9968,1727.9768384448762,44.64061561714813,1,0.5073077634851799,0
9969,1724.6587680971481,44.28307774699282,1,0.5485089679833794,0
9970,1726.0452527810678,45.213707561838866,1,0.4889938211278757,0
9971,1725.5473618236024,44.894098232855605,1,0.4906064508633675,0
9972,1724.6461658885344,44.829009355076245,1,0.4913116224007312,0
9973,1723.773662974241,43.86186832794531,1,0.6024412395928829,1
9974,1725.1175738703437,45.33148702031286,1,0.48643643263744285,0
9975,1727.5165922706965,45.37743377280648,1,0.4955795733393792,0
9976,1724.010478115147,44.03179663027704,1,0.5853450113260894,1
9977,1726.9456951754726,45.04300116056401,1,0.49214474937534963,0
9978,1725.4692061270769,45.39777337675375,1,0.4995975943406602,0
9979,1726.1073791894776,44.94664537177353,1,0.4914079494057589,0
9980,1726.1554681383213,44.88670036015264,1,0.492412961015741,0
9981,1725.2290720023946,44.53226923374229,1,0.5086152367424241,0
9982,1725.9231958235218,45.286056562796595,1,0.48957474929533246,0
9983,1723.5939497288414,45.12070203008674,1,0.4843700353001584,0
9984,1725.6053637362866,44.91302122196546,1,0.49149839507295506,0
9985,1725.3298586696321,44.42337587500739,1,0.5308731184866136,0
9986,1727.0395666550974,45.930429972319644,1,0.571015316697202,1
9987,1725.3707250304583,45.76223315647769,1,0.5496371392735074,0
9988,1724.1242882455588,44.48729093213743,1,0.517825261129005,0
9989,1725.5050118942913,44.67890177183975,1,0.5032169383343117,0
9990,1726.358003932512,45.226138291832505,1,0.4875616692752189,0
9991,1723.601402507723,44.2977055298343,1,0.5497016454769463,0
9992,1724.7538320359206,44.68060707992399,1,0.4990785035654968,0
9993,1725.627472843548,45.142312911531974,1,0.4868946822343548,0
9994,1723.2010958002434,44.783333280718615,1,0.4973881523146093,0
9995,1725.2276334255312,44.265687631058405,1,0.5531393266563353,1
9996,1723.809609699322,44.642947915805394,1,0.5018028828503982,0
9997,1723.5478096216564,44.247740507109675,1,0.5582663279103725,1
9998,1727.653805640508,45.13505539772389,1,0.4909418442779197,0
9999,1723.5151857483247,44.7157672819122,1,0.49726539754836285,0
10000,1725.83683513312,43.96189499410885,1,0.5889869062896501,1
10001,1725.510529447317,45.09689534726257,1,0.4879076892686275,0
10002,1725.134126199771,45.27063755225664,1,0.48499649853301474,0
10003,1726.0902206624,44.47813563884801,1,0.5185754905757969,0
10004,1724.2999477641006,44.56107298176607,1,0.506501651789373,0
10005,1726.9345989585108,45.30209837928516,1,0.49159309006662616,0
10006,1723.6166940744001,44.920826947742576,1,0.488088593175489,0
10007,1726.0983443044752,45.5431392779527,1,0.5205887979461415,0
10008,1724.85475759307,44.236486979762006,1,0.5576953026116421,1
10009,1725.272095190857,45.799538652467454,1,0.5565835747167917,1
10010,1725.0238454579228,45.24234033623359,1,0.4828405559238761,0
10011,1725.550589169661,43.63116656737306,1,0.6249087950266714,1
10012,1726.3771556708966,44.648388109384726,1,0.5045324540163487,0
10013,1726.4587508137695,45.13487924812055,1,0.4902132164427587,0
10014,1727.5386805206165,44.681877733916664,1,0.5051542948974719,0
10015,1725.4573727515533,44.52848843164868,1,0.5111606558516877,0
10016,1724.7187801497546,44.4477827139107,1,0.5230431362672211,0
10017,1724.3474465326756,44.46418635897854,1,0.5236008505306858,0
10018,1725.205187735926,45.14890415015968,1,0.48474210196807416,0
10019,1725.8166341469075,44.61682585542626,1,0.5026445999365451,0
10020,1725.4895372487308,44.35095667514512,1,0.5413040570006289,0
10021,1724.2776613668395,45.56081756846182,1,0.5169839591235783,0
10022,1723.6339617527858,43.30896125839155,1,0.6301872791415623,1
10023,1725.4694539497953,44.75537996034111,1,0.4973995376141614,0
10024,1724.110202357918,44.902584517665645,1,0.48853398245975876,0
10025,1727.6939872591497,44.678840007836534,1,0.5072744407384883,0
10026,1724.2241434307457,44.60182193186916,1,0.5017442605089241,0
10027,1724.204408718377,44.793038790391456,1,0.49418753700259394,0
10028,1722.21928432101,44.98886138355207,1,0.4948609847607201,0
10029,1724.661348290449,44.679889367783275,1,0.49893473508578734,0
10030,1724.689240646794,44.690620121248294,1,0.4977796093058681,0
10031,1725.6136231865491,44.94322858802439,1,0.4922049705569294,0
10032,1727.019751581623,45.31790289168708,1,0.4931588527358653,0
10033,1726.1062891979818,44.915562119420755,1,0.49235102332707814,0
10034,1724.916211306701,44.39979649896929,1,0.5345174295615713,0
10035,1725.2288533696812,44.69659650667469,1,0.5001059523461654,0
10036,1723.4368521718604,45.098206590218126,1,0.48480441429793514,0
10037,1724.252782049674,44.609293482358154,1,0.5017442605089241,0
10038,1725.361965894205,45.59511538574927,1,0.5221934403824936,0
10039,1723.8828618220475,44.94263336405765,1,0.4882232026654551,0
10040,1725.7517325700578,45.26618785612544,1,0.4871459918335021,0
10041,1725.6310672940738,45.75580887681091,1,0.5518573718252305,1
10042,1724.8329859243022,44.88169030240631,1,0.4848471375177677,0
10043,1725.097142186734,44.62644413469052,1,0.5008941923326863,0
10044,1725.7028161215103,44.487603454989525,1,0.517204897185507,0
10045,1725.5248646282344,45.35401966240769,1,0.49222096171329177,0
10046,1724.7621189842953,44.65714223039599,1,0.49844935020505277,0
10047,1725.2609123252616,45.606939529280965,1,0.5222654088191218,0
10048,1723.7549409520454,44.61688298880395,1,0.5023101645463216,0
10049,1721.72475284953,45.06587413371499,1,0.49589409323964606,0
10050,1725.459677074825,44.87853133759335,1,0.4890786110219341,0
10051,1724.2287898697282,44.88091710904886,1,0.48748406942550476,0
10052,1724.3086492584232,44.85646830332677,1,0.48855643046423347,0
10053,1726.6607851811902,45.003521702819626,1,0.49342581434008204,0
10054,1726.0307218707867,45.3736429507119,1,0.4953821681285993,0
10055,1724.7337558315257,45.08143418255723,1,0.4822990847698275,0
10056,1725.60904785831,44.47415665585416,1,0.520804901539352,0
10057,1725.5712451572817,45.423478902950436,1,0.500597028733701,0
10058,1725.8887288651933,44.744621556642144,1,0.49843931596076774,0
10059,1724.8552823923608,45.10871157297488,1,0.4841373711140022,0
10060,1725.7156467840741,45.16091345645017,1,0.486250711905501,0
10061,1724.6768930957242,45.92666742177066,1,0.568436884543303,1
10062,1724.4888261939227,45.950600220151614,1,0.5707006701900874,1
10063,1723.3413834496607,45.29146089330013,1,0.4900545122839044,0
10064,1725.0939559706524,44.29993565679145,1,0.5481596474212227,0
10065,1725.945904522102,44.27446954384963,1,0.5552302045249218,1
10066,1723.236716775705,44.81738771794819,1,0.4959688102764021,0
10067,1724.0042832837808,45.18721082272287,1,0.4846383359473005,0
10068,1724.661288194344,44.29936739195706,1,0.5460161061709795,0
10069,1724.3466648484177,45.28668063897635,1,0.48911901004374814,0
10070,1726.0890199306036,45.76511255346919,1,0.5505294626188814,0
10071,1725.571053650007,44.23083729049552,1,0.5614573658521012,1
10072,1725.28082843597,45.00298190092932,1,0.48652954802783865,0
10073,1723.9596487617625,45.68434922674102,1,0.5385619094637963,0
10074,1725.5744418517347,44.70248193519285,1,0.5034386962567107,0
10075,1725.6914466537519,44.5698386574812,1,0.5078442990163439,0
10076,1725.2599039527736,44.88991710594967,1,0.48900468059612145,0
10077,1724.2903769086463,45.25821815953579,1,0.48731417751553313,0
10078,1724.5927071157105,45.115361321451545,1,0.4811325490063538,0
10079,1725.2410856650924,44.797128139422654,1,0.49500378441705845,0
10080,1724.8334644201943,44.785957546651,1,0.4923277247394709,0
10081,1724.5092527799827,45.074006387365465,1,0.48377989173416264,0
10082,1722.451455482669,45.596619020203974,1,0.5267449831177019,0
10083,1724.486245884863,44.84277272707768,1,0.49046145383671375,0
10084,1727.0535999609801,45.98173352161917,1,0.5741468559868925,1
10085,1724.1138319324893,45.14606363687243,1,0.4841864077262296,0
10086,1724.28707336737,44.77416035158009,1,0.49395763890184347,0
10087,1725.556534300734,44.85215870314087,1,0.491769448660931,0
10088,1725.5506115114142,45.24004529004292,1,0.48636318341414053,0
10089,1726.1456198462624,43.82897683488523,1,0.6074209476353357,1
10090,1726.113136995297,45.54726220164382,1,0.5205887979461415,0
10091,1726.0594319387428,44.90581860285798,1,0.4928674054633646,0
10092,1726.3321550418364,45.09749387469948,1,0.48939086592444614,0
10093,1723.7255813832428,45.4843637434929,1,0.5061196079494539,0
10094,1725.6503764982713,44.69554238662897,1,0.5045025930941696,0
10095,1723.1586574702687,44.64047963088701,1,0.509252316840758,0
10096,1726.1067985515276,44.96465008173515,1,0.49341152304885993,0
10097,1727.0753780912446,45.79632267892168,1,0.5579354870538492,1
10098,1726.393444283166,46.03902377889482,1,0.5763260428592201,1
10099,1724.9393923734747,45.25355420564602,1,0.48445886994857523,0
10100,1726.1912022608728,45.0250280805794,1,0.4902618809633481,0
10101,1723.9766322533987,45.100338351146284,1,0.48534370540041666,0
10102,1723.7768823862468,45.04437246406791,1,0.4863560685150914,0
10103,1723.1108584087826,45.1200551270929,1,0.48917483959036495,0
10104,1726.0012911572055,45.09715233388332,1,0.4898078154244357,0
10105,1723.9629839901845,44.649179695270576,1,0.502266714167821,0
10106,1723.1698491728173,43.47576103517601,1,0.6313234359775876,1
10107,1725.213337869059,45.08895455719301,1,0.48468785980744433,0
10108,1728.3539670598516,44.33583679081926,1,0.544122360312641,0
10109,1724.2223873560445,44.49363081062898,1,0.5164516586853962,0
10110,1723.97990590653,45.256263410031444,1,0.4879196339963777,0
10111,1725.0479878641806,45.92077267768487,1,0.5698291067008503,1
10112,1725.2188446088153,45.48737856716545,1,0.5065578985791205,0
10113,1724.658150536212,44.672855970198846,1,0.4987472520317717,0
10114,1725.012876164369,45.153001107260096,1,0.48338806108458493,0
10115,1725.4448042697702,44.71444046367567,1,0.49945731018188616,0
10116,1726.6106659747313,45.424225603559776,1,0.5025225729511681,0
10117,1724.432929061426,45.255042419523754,1,0.4868143645145589,0
10118,1724.1565450293685,46.01902545194679,1,0.5771942268503363,1
10119,1726.2194694173807,45.80219162751998,1,0.5575421822610434,1
10120,1726.8254195091881,45.3325296895455,1,0.4916835640173865,0
10121,1725.3164387431063,46.15833060269071,1,0.5843456474743184,1
10122,1724.3821284747787,44.51666116870865,1,0.5140738740767249,0
10123,1724.6578919526705,44.80927167102979,1,0.49047835480887614,0
10124,1725.189802094323,44.810024500558846,1,0.4928204683650943,0
10125,1722.8579893653969,44.512081995711,1,0.5249789324452037,0
10126,1726.0176208781681,44.22946483101947,1,0.5625544238034497,1
10127,1722.8701990984282,45.19550660006126,1,0.4900078686059993,0
10128,1726.1912989946184,44.686942343611655,1,0.5033570753965837,0
10129,1724.5805573579594,44.39124270270297,1,0.533753945849995,0
10130,1723.8069478855807,45.61368002553195,1,0.5220666454862518,0
10131,1728.1523799779077,43.98823149779916,1,0.5917852404731453,1
10132,1724.3008837921818,44.65097885472976,1,0.5015186112007344,0
10133,1725.6016896110334,44.60011193506769,1,0.5045743552536711,0
10134,1727.8516555192898,44.80336592296099,1,0.4996864195811653,0
10135,1723.363908669436,45.70409167163511,1,0.5445143453130289,0
10136,1722.4479961527838,45.83404357465888,1,0.566107354950676,1
10137,1726.5383479392303,44.978615691442435,1,0.49375063452195134,0
10138,1722.1592385538183,44.91229297086915,1,0.4960899422214054,0
10139,1725.6806241143745,45.21172408464219,1,0.4879059025374069,0
10140,1724.6541814509822,45.27096396248019,1,0.4834972880752177,0
10141,1723.9374679849357,45.39643213472408,1,0.49688897395676523,0
10142,1726.2775823992956,44.95765105501284,1,0.49170142066984096,0
10143,1726.532839599381,45.3060881990085,1,0.492167447837764,0
10144,1722.3312659561777,44.71673104086658,1,0.5060915951006458,0
10145,1724.2663561429104,44.96160421010822,1,0.4886481243096098,0
10146,1724.9405760715547,45.72321025999057,1,0.5437365806818522,0
10147,1724.2073364557634,44.613066149543265,1,0.5015745525658974,0
10148,1726.1255317074929,45.44483706289921,1,0.5039632653439979,0
10149,1724.5337080026334,44.574703374329324,1,0.5038826496990537,0
10150,1724.6869088407286,45.44695560222263,1,0.4988312432225764,0
10151,1724.759718790351,44.356933612707884,1,0.5377371945636222,0
10152,1723.7766609074831,45.056634073804844,1,0.4855213950016339,0
10153,1723.9226355140397,45.32607426755084,1,0.48949926672738897,0
10154,1724.433983129689,44.640509620648615,1,0.5006000749281432,0
10155,1726.5894820532465,45.42742175196127,1,0.5040748360283691,0
10156,1725.478443100085,45.38461230939985,1,0.49620419684173445,0
10157,1727.2029769338128,45.37324042854847,1,0.4977715727126127,0
10158,1725.530208703346,45.879527002975124,1,0.5660180174831926,1
10159,1726.0240003416066,45.70461507135917,1,0.546107679275064,0
10160,1728.3112956648085,45.282922503986875,1,0.49284346716990196,0
10161,1724.5485254074551,44.97007033080795,1,0.48698169828584753,0
10162,1724.7777982115506,44.226007509684734,1,0.5599501921910754,1
10163,1727.2447687998958,45.18387731482229,1,0.4921986515770806,0
10164,1725.1705391844419,45.40691700849853,1,0.49655015277411857,0
10165,1724.5737275971992,44.998875980250425,1,0.4833801125461053,0
10166,1726.1398425628838,45.010808183179044,1,0.48972984776936523,0
10167,1725.2884573223098,44.333885205015605,1,0.5432112981169704,0
10168,1725.3192428375035,45.21792187344628,1,0.4851097259429427,0
10169,1725.2797476343496,44.65715621151267,1,0.5010506986670406,0
10170,1724.3939556050805,44.06824493045892,1,0.5798026427716026,1
10171,1724.971290661107,45.08070917486017,1,0.48462310011555854,0
10172,1723.4112907960207,44.65304950083622,1,0.5038658214674192,0
10173,1723.7087361575682,43.64435302115256,1,0.6242024006937622,1
10174,1724.4241089860031,44.75110399641803,1,0.4941275726392634,0
10175,1725.4393775739393,43.93932676971306,1,0.5928695947429736,1
10176,1724.841672974228,44.71587232319036,1,0.4942279406751131,0
10177,1724.640818828354,44.93676315342403,1,0.4848897168319945,0
10178,1724.1610866174376,44.971584044667125,1,0.4865903803411995,0
10179,1726.3699264099555,45.53561452950112,1,0.5189853974935137,0
10180,1723.5104509599873,45.60361800699559,1,0.5213889056708922,0
10181,1724.4914875881234,45.63116488307476,1,0.5260457860641947,0
10182,1724.3019765577249,44.65089065007284,1,0.5015186112007344,0
10183,1725.171693883394,44.4763321884781,1,0.5165018354955812,0
10184,1725.5271793685313,45.63080046727664,1,0.5298527810461433,0
10185,1722.8817084520645,44.81742184738741,1,0.5008559253163849,0
10186,1725.3467523517431,45.06331927865272,1,0.48665975513477555,0
10187,1724.0787311136517,44.936628239388526,1,0.4881413159916821,0
10188,1722.707363409506,44.67708659255275,1,0.511584128546522,0
10189,1726.5475331079076,45.50800545198095,1,0.5188845987972714,0
10190,1725.140925263472,44.526616854572595,1,0.5101815628504013,0
10191,1724.6589478141927,44.31387268116028,1,0.54260903429311,0
10192,1725.5010923707603,45.84748561316195,1,0.5645442717290451,1
10193,1725.1328433773858,44.41031607246032,1,0.5334196680811716,0
10194,1725.185591106323,45.57492983759781,1,0.518742467586573,0
10195,1726.3597986746788,45.487354649636,1,0.5101403293697183,0
10196,1727.0366986335166,44.06944926803728,1,0.5845292839175612,1
10197,1724.3542009493578,45.84652804115228,1,0.5623566891595885,1
10198,1725.6089253178357,44.98130082514072,1,0.49070534248042025,0
10199,1725.1715935931168,44.87786950006409,1,0.4866920762384783,0
10200,1724.3279668584948,45.06261376213187,1,0.4849227656386993,0
10201,1724.926385468209,45.00472133277617,1,0.48426324048913083,0
10202,1725.1363389591386,44.872411402089455,1,0.4872054555981813,0
10203,1724.8323219083736,45.577093567008895,1,0.5171852614964842,0
10204,1725.5629256858813,44.946719833018506,1,0.4907375043241117,0
10205,1725.4708614048548,45.29303579043894,1,0.48921627391969863,0
10206,1724.190388055994,45.3531814287798,1,0.49030392748530727,0
10207,1725.1397995593384,44.96060868660643,1,0.48785423993557775,0
10208,1726.0593188247897,44.86576472219787,1,0.49331147376202666,0
10209,1724.2684394302505,45.303548398721674,1,0.4876394261546986,0
10210,1724.3865751486103,44.71043963544633,1,0.4987466114771199,0
10211,1724.308751078125,45.009158247626765,1,0.4870125944481092,0
10212,1722.3709285909354,45.12906031030327,1,0.4932403086477481,0
10213,1725.3231811990702,44.925656898529894,1,0.4887562650437229,0
10214,1725.8196308788258,46.12055477163545,1,0.5819871729595436,1
10215,1724.1340575994363,44.6500722358562,1,0.5017260473857366,0
10216,1724.8465249111978,44.76544626293645,1,0.4918140439033089,0
10217,1723.7457352271108,45.68532021117407,1,0.5384621874865178,0
10218,1726.1064233299455,45.27610210467483,1,0.4896267460955615,0
10219,1726.42660408448,44.381663938556514,1,0.5385002438480597,0
10220,1726.5127764739348,45.059780878993315,1,0.49116165955508356,0
10221,1725.46751525013,44.8415273577052,1,0.4936350451155794,0
10222,1724.4157732623396,44.19933931242203,1,0.561993478782934,1
10223,1724.0143071774662,44.91992123970824,1,0.4878452213723708,0
10224,1723.20009937348,44.950699678847485,1,0.4909592681195435,0
10225,1724.799202541145,44.872504807028356,1,0.4851944050595321,0
10226,1725.3847657504098,45.113214632787816,1,0.48765278211939955,0
10227,1725.0025976598313,45.0598459514706,1,0.4837077518307184,0
10228,1725.9210216655304,45.2157617484142,1,0.488045640691856,0
10229,1724.9033281367053,44.58719832836938,1,0.5035361076451288,0
10230,1726.0105468183679,44.1897802250922,1,0.5691798867620681,1
10231,1723.7983654834666,44.95525624637528,1,0.4878935714851066,0
10232,1726.1357372315301,45.00357580625793,1,0.48961198027561426,0
10233,1726.1708730707023,44.91311407954801,1,0.4919834995429538,0
10234,1724.3119650426493,44.758092795551185,1,0.49347225838395764,0
10235,1724.8525393714938,45.27330104504261,1,0.4856016458760818,0
10236,1723.4493363609208,44.80636061009406,1,0.49335099213169475,0
10237,1726.761207389222,45.11278947282259,1,0.493559802348379,0
10238,1726.5065554928315,45.41866183608537,1,0.5008076321444703,0
10239,1725.896314254846,44.82117576030158,1,0.49700573955113847,0
10240,1724.2283677588014,45.079352255923375,1,0.4855051727046601,0
10241,1725.1506757699283,45.21586930961664,1,0.4845280252971669,0
10242,1724.2423363077344,45.26483538908957,1,0.48671943650562755,0
10243,1723.4175662624161,45.23521456784691,1,0.4859098936603612,0
10244,1724.7019960994082,44.44101047551815,1,0.523773947950763,0
10245,1724.4777434712935,45.579116861098925,1,0.5197818216804387,0
10246,1724.1226227913678,45.478180982489235,1,0.5050125363739517,0
10247,1723.7242185740117,44.03559537561041,1,0.5860143975606319,1
10248,1724.656592275261,44.820790151611355,1,0.490930116676778,0
10249,1724.7609667882502,45.49709727345342,1,0.5067812690665648,0
10250,1723.939578055123,43.95572863332862,1,0.5895365404291052,1
10251,1725.0320298253098,45.4067468081055,1,0.49643084071152954,0
10252,1725.5633617915544,45.635460458193556,1,0.5314684494941407,0
10253,1724.3819173364036,44.060638350943535,1,0.5809981623743432,1
10254,1724.9757299702735,45.168408894948634,1,0.48312457502238515,0
10255,1724.5784495393075,45.25022147139423,1,0.482650931110158,0
10256,1725.487090726026,45.79076709058474,1,0.5577591542239693,1
10257,1725.7900909065158,45.281292950320655,1,0.48770376123420767,0
10258,1724.869452056851,45.1703268380605,1,0.4827639384773124,0
10259,1721.844909002788,45.09070249148444,1,0.4951033153570953,0
10260,1725.6126430983838,44.948036622463604,1,0.49089290060217877,0
10261,1723.1387135755594,45.474483581507535,1,0.508663815253455,0
10262,1727.1900482898327,45.677764237985215,1,0.5381465613694981,0
10263,1724.7783317008245,45.6124045482926,1,0.5202113514648977,0
10264,1726.0050899781377,45.095569832269234,1,0.49000791955067835,0
10265,1727.0407256444457,44.44179159714032,1,0.5289620299718314,0
10266,1722.914426099358,44.53215971200824,1,0.5209087234086978,0
10267,1725.3089157771415,45.73946376074598,1,0.5449293019765217,0
10268,1725.1732791523773,44.96911245944222,1,0.4870117354623374,0
10269,1724.498093874712,45.90845412706664,1,0.5695720427931541,1
10270,1721.87183079079,44.482777376809075,1,0.528146038088348,0
10271,1724.4147616636571,43.70055668413285,1,0.616481158862672,1
10272,1725.9454920692187,44.32875174475975,1,0.5459231302052758,0
10273,1724.0520200876917,45.798239907422555,1,0.5566210708187579,1
10274,1725.1838143526547,43.86004252254907,1,0.6004235940498452,1
10275,1724.9255753492498,44.996116161249006,1,0.48395798941178375,0
10276,1725.686050164704,45.70526968555669,1,0.5448495839453721,0
10277,1724.342027187684,44.9637820946566,1,0.4902935179384547,0
10278,1723.057679363385,44.827242265147476,1,0.5017387681161637,0
10279,1726.5463733418323,45.142842191268464,1,0.49126374885983326,0
10280,1723.919761912046,45.14846930605736,1,0.4843519143067418,0
10281,1724.2765131264325,44.402685859913674,1,0.5347660895753417,0
10282,1723.680159029926,44.917083810485835,1,0.4894967244706552,0
10283,1725.888870493476,45.59874367190779,1,0.524320754834871,0
10284,1726.6492752449765,44.25259342363383,1,0.5599526223308094,1
10285,1725.5068271290068,45.16211336690761,1,0.4870532032845405,0
10286,1723.8174171552068,45.326609054182896,1,0.4888856092359889,0
10287,1724.5970102689225,44.106677883953665,1,0.5762503492697421,1
10288,1722.8410847920998,45.73812490110148,1,0.5489262631811118,0
10289,1725.0141349809892,45.39355634059646,1,0.494667708651532,0
10290,1722.297856136218,44.79626040513499,1,0.503132194387778,0
10291,1727.9277594732105,44.893540519996485,1,0.4958181225432087,0
10292,1724.4430351655024,45.07963873073677,1,0.4850933021754581,0
10293,1725.7598931675295,43.98666754616816,1,0.5877926173173874,1
10294,1723.7980467261461,45.30445940332593,1,0.4872312348375211,0
10295,1723.6633911576048,44.45352940078087,1,0.5234082213662559,0
10296,1724.607669862769,45.643107933481694,1,0.5264608461074981,0
10297,1725.3535048072924,45.58728390087744,1,0.5216899255342422,0
10298,1724.3645200022006,45.601538339101054,1,0.5206194947578068,0
10299,1725.5706498737343,45.23093433801457,1,0.48693190624289884,0
10300,1725.5843708564394,44.01885818556895,1,0.5869614142111834,1
10301,1725.3930793555778,45.341361831421764,1,0.48946013888317197,0
10302,1724.9363020624728,45.589240756884614,1,0.5197345232279393,0
10303,1723.6630214862728,44.18281400604174,1,0.5668677095153396,1
10304,1724.6088313057155,44.49232562581468,1,0.5150950235134114,0
10305,1725.9137546625923,44.635647219809634,1,0.5031158737665019,0
10306,1723.624420035459,45.41343441627294,1,0.4988378435710281,0
10307,1724.2292839990403,45.25538831732672,1,0.4871493503452332,0
10308,1726.0034840365831,45.00468778287373,1,0.4901754225638187,0
10309,1724.07698392121,44.829555255579784,1,0.49366553663251644,0
10310,1725.729855293852,45.38839661402261,1,0.4969012091179178,0
10311,1724.5129059419344,45.416129310353355,1,0.49628702485023357,0
10312,1723.739928521082,44.71101686530623,1,0.4995438308364638,0
10313,1725.123292152677,45.794442945375685,1,0.5558757045342796,1
10314,1726.045075708352,44.55419750434467,1,0.5121682059919169,0
10315,1723.6107369329743,45.268708136636455,1,0.487451207889347,0
10316,1724.128491211692,44.92588243903339,1,0.488640883892695,0
10317,1723.985031643364,45.39276806612167,1,0.49579369599274725,0
10318,1723.632493543795,44.83294467254264,1,0.4927592369610787,0
10319,1724.4116021827808,44.86026033070276,1,0.48924723263673164,0
10320,1726.9177390068398,45.512422250708354,1,0.5190548224341471,0
10321,1724.2969684534921,44.54013309438274,1,0.5099083495362989,0
10322,1726.0543574354124,44.86105740384572,1,0.49412180180889537,0
10323,1725.378350454005,45.033412455402434,1,0.4878314542538358,0
10324,1724.3859287416087,45.11471085405052,1,0.48379529717536013,0
10325,1723.999400689843,45.262970527421594,1,0.48711561443001705,0
10326,1724.9617325559245,44.47352952633984,1,0.5186129170201137,0
10327,1724.689329444201,44.83737534941702,1,0.4901866528311669,0
10328,1726.354062079379,45.116047978750046,1,0.48906285874755656,0
10329,1724.2738060648694,45.19864315447831,1,0.48460681014099105,0
10330,1725.4880791497117,45.70514630580493,1,0.545409031899299,0
10331,1723.637401313681,45.09681870624656,1,0.4849684480582203,0
10332,1724.584025619419,45.0958337561178,1,0.4811905587722568,0
10333,1724.77512307151,44.692970205976316,1,0.4984286333245616,0
10334,1725.8728856441214,45.173683864849416,1,0.48671153891826463,0
10335,1726.9800945463776,45.524365395201094,1,0.5203913919652754,0
10336,1726.5562203569662,45.598117074436594,1,0.5264201866918988,0
10337,1724.8985132964203,44.24489129561087,1,0.5582615834310173,1
10338,1726.164649885722,45.320947819147676,1,0.4902642773228514,0
10339,1725.7007833473306,44.79502513874702,1,0.4975791737899855,0
10340,1724.6997949411243,44.01643336591712,1,0.583579519207269,1
10341,1726.1188416758987,44.66301298934569,1,0.503243042592459,0
10342,1723.6035511271944,45.62905434896213,1,0.5274543836308498,0
10343,1724.2520746519801,45.3735985138342,1,0.4925173415457635,0
10344,1723.7216102408588,44.51191024320183,1,0.5148539200621637,0
10345,1726.1156123904623,44.404788922147944,1,0.5358904123170812,0
10346,1724.5693751496788,45.99955126197865,1,0.57272016381977,1
10347,1723.6899486843215,45.272972985116034,1,0.4895515583066906,0
10348,1724.5769822145369,45.59806242388571,1,0.5188218086421126,0
10349,1722.95640185859,44.81563700421922,1,0.5008559253163849,0
10350,1723.3712976426893,44.91313892257534,1,0.48962799265703144,0
10351,1724.1809894330474,45.32052508753194,1,0.4876529177718069,0
10352,1724.8905409279132,45.095507417440416,1,0.4826824425336484,0
10353,1724.875926652331,44.280240253573446,1,0.550635282094126,0
10354,1725.8207910444967,44.788093094504205,1,0.4967041360402886,0
10355,1725.152605804207,45.26074624935566,1,0.4851209143600281,0
10356,1725.3173772555533,45.170727106592345,1,0.4855639051129625,0
10357,1723.0521402642057,45.036952132713516,1,0.4929793751730658,0
10358,1724.5168992702831,44.593278371389445,1,0.5013440651771304,0
10359,1722.4012007753668,43.604348643172905,1,0.6299158910337537,1
10360,1725.5423846516203,46.09683674615214,1,0.5826976569733106,1
10361,1724.6997041035813,45.14318481402579,1,0.4807564350645726,0
10362,1724.5770525234166,44.786983380477764,1,0.4919903930998318,0
10363,1724.4191896222785,45.21930783413944,1,0.48420547049670143,0
10364,1723.1510306326968,44.49808148773305,1,0.523188579056839,0
10365,1725.174206037842,46.30471172276456,1,0.5917438110506641,1
10366,1722.3251641847905,45.047261069665275,1,0.49443134168107333,0
10367,1721.8294375635403,44.80440092306262,1,0.5024600491709802,0
10368,1723.3581793158908,45.43595000998312,1,0.5008429243047369,0
10369,1724.4707037955575,44.743659235116134,1,0.4940768663431148,0
10370,1725.1030167982444,44.12130828017395,1,0.5735564027335378,1
10371,1723.9890350579294,44.895992009205315,1,0.4884674715103209,0
10372,1726.5169078606812,44.555181456927045,1,0.5121527491913713,0
10373,1724.868074428496,44.6880393050211,1,0.49921814379117047,0
10374,1723.2417918959195,45.9462541245127,1,0.5721387725240249,1
10375,1725.1376159820447,44.9775853308199,1,0.4862019934270628,0
10376,1722.5922673868513,45.444280499558566,1,0.5101175478651433,0
10377,1725.6478688534285,44.82928166083571,1,0.4975267813033414,0
10378,1724.5769596740124,44.624159552345006,1,0.4989686805875231,0
10379,1725.280250739207,46.51803721527733,1,0.6067889289477075,1
10380,1722.892726135812,45.34036358461952,1,0.4960046715345404,0
10381,1726.643673475069,44.46434754930182,1,0.5245579694905819,0
10382,1726.241523987298,44.26742131280591,1,0.5568138331717121,1
10383,1725.7967472568648,44.579036585934055,1,0.5061729137956643,0
10384,1723.7916961231385,44.6568341448367,1,0.5013579560360193,0
10385,1723.5047748550548,45.44563613150524,1,0.5027393101732216,0
10386,1724.958960580653,44.65072950029149,1,0.5013500317517421,0
10387,1724.3964731082235,45.46480678921237,1,0.5018182647667399,0
10388,1725.322636061556,45.46423784661189,1,0.5034155914574054,0
10389,1723.2047291040726,45.168051576818804,1,0.4873080576262231,0
10390,1724.886511806629,45.29364457930069,1,0.4851148755522376,0
10391,1724.2011031295322,44.74740584306924,1,0.4943251505977324,0
10392,1726.7896749447946,45.53384626110128,1,0.5220610873950717,0
10393,1724.894669695104,44.42533750435267,1,0.5302457361809566,0
10394,1723.1636561578737,44.62909121289006,1,0.5065923282448108,0
10395,1726.2165869967005,45.40631798936243,1,0.4997024364754628,0
10396,1722.652457073788,45.04676540390599,1,0.4927684951313826,0
10397,1724.8060832714905,44.70399172905274,1,0.4968589366994366,0
10398,1725.408766793343,45.8360960264567,1,0.5625950035187969,1
10399,1723.927552946476,45.02739527941359,1,0.4860440057446666,0
10400,1724.7943649366505,45.814590176518195,1,0.5560358806040706,1
10401,1724.4703939705048,44.4484289505722,1,0.525350271669346,0
10402,1724.4894306139713,44.96248757574702,1,0.48769336621601916,0
10403,1722.24002735881,45.23594822173282,1,0.49309797262561,0
10404,1724.0769461108896,45.27685267816298,1,0.4884687312505494,0
10405,1724.8070179575634,45.41299019944589,1,0.4944431713881028,0
10406,1723.3477761314061,45.146915873615725,1,0.4853752829402261,0
10407,1724.2540693224646,44.894747002224484,1,0.48868258437153844,0
10408,1724.2461748543383,44.982878113253754,1,0.48644994912287715,0
10409,1724.9355820427986,45.74038118223671,1,0.5449502124227542,0
10410,1722.2940412275182,45.35012998263134,1,0.5022367642150155,0
10411,1724.7183034760774,44.18505146916647,1,0.5644727808064349,1
10412,1723.5776519724625,44.71718575944902,1,0.4970972045177725,0
10413,1724.5782493307684,45.023446124275694,1,0.4842151435326209,0
10414,1723.137363694002,45.11584405657163,1,0.4887271375374015,0
10415,1726.0220960326487,44.694831330763265,1,0.5044143448774293,0
10416,1723.9585144057137,44.965190116483384,1,0.4888262434688792,0
10417,1723.8648207302813,45.03317193723872,1,0.4864137957043676,0
10418,1725.6984033318427,44.45314764541581,1,0.5222868653188777,0
10419,1723.455726926478,44.92632495974838,1,0.4894113184945921,0
10420,1725.5286663308302,45.82012024773552,1,0.560478056329052,1
10421,1725.6027688531217,44.32995327176951,1,0.5456488570403456,0
10422,1725.4735220781456,44.72241737373947,1,0.4988687395914474,0
10423,1725.4041079603733,45.152440175076386,1,0.4867941182824521,0
10424,1725.6380132063327,44.97098422925476,1,0.49130696531958584,0
10425,1723.0967183630523,45.066952908868835,1,0.49025118390998823,0
10426,1723.9945108553118,44.96957081927513,1,0.4882497620079252,0
10427,1724.3491971777564,45.57014764587156,1,0.5185898776720357,0
10428,1723.9134529802984,44.357225841554296,1,0.5412860047995008,0
10429,1723.9909681776817,45.00770156136646,1,0.48712768915597243,0
10430,1723.5472514973724,45.25418523015999,1,0.48857668027752466,0
10431,1723.8053648875891,45.35185605283861,1,0.49097782294729253,0
10432,1725.0502452753742,44.64750189545521,1,0.501385207410867,0
10433,1723.2922104112247,45.0031757059163,1,0.48760405573081345,0
10434,1724.7149566699654,45.02764303242308,1,0.4829844300551348,0
10435,1722.6168630852956,43.985002099238365,1,0.5927459388015787,1
10436,1724.3029807894516,45.04275135828614,1,0.4863594317870033,0
10437,1725.0368667115165,45.36326726324785,1,0.4900059969541445,0
10438,1726.48663964054,44.556090408744815,1,0.5111101651306889,0
10439,1725.0332921687075,45.10341799377675,1,0.48423379741427436,0
10440,1723.6012787452269,45.588270652620764,1,0.5202339295307593,0
10441,1723.153168270543,44.56747712064691,1,0.5145474248290881,0
10442,1724.056548079257,44.9982628515573,1,0.4854218887048938,0
10443,1725.4571363417263,44.34662368476493,1,0.5422702962220037,0
10444,1722.5899828048712,45.15100691907616,1,0.49195604555204986,0
10445,1725.2156761255885,45.84067028938387,1,0.5598705390764543,1
10446,1724.0549296839486,45.01495811022616,1,0.48634153382031736,0
10447,1725.7049573879224,44.983066542340545,1,0.4893056346688603,0
10448,1724.3239348729455,43.535161683091594,1,0.6261134535820625,1
10449,1724.6076117125908,45.238494954548486,1,0.481505486029137,0
10450,1724.687360867709,44.9601018460544,1,0.4853136414336772,0
10451,1724.376344381437,44.583138379145815,1,0.5036847086602073,0
10452,1723.915912977279,44.68126984955347,1,0.5014512679297092,0
10453,1724.222221482441,45.636179386199935,1,0.5280351338527807,0
10454,1723.8274121463926,45.352724739137415,1,0.49077202774242235,0
10455,1724.9295691897737,45.324561845495715,1,0.4871566357125226,0
10456,1724.580230676446,45.38276495064801,1,0.4901030132048674,0
10457,1722.870193017132,45.128378599498575,1,0.4910861575929439,0
10458,1724.9644695664833,45.11420734631497,1,0.48354337772276856,0
10459,1726.0792892904904,44.909743557115135,1,0.4923797102962295,0
10460,1723.6882135783205,45.23513959913324,1,0.485488749178124,0
10461,1723.5113743761142,44.981063684385205,1,0.48855469158067094,0
10462,1724.7790065557065,45.185481841379314,1,0.4812624127504912,0
10463,1725.8644974521362,44.98163764328589,1,0.49086996277789313,0
10464,1725.0256847021365,44.839360924212116,1,0.49189522776263533,0
10465,1725.3459718576444,45.07284433015243,1,0.48770477529263145,0
10466,1726.348841138005,44.596629693380926,1,0.5044079855472009,0
10467,1722.589566343568,45.20376016649828,1,0.49301008741026703,0
10468,1725.6011513431295,45.52492629835801,1,0.5180635864857829,0
10469,1724.8945178284703,44.2813232695099,1,0.5499452560940948,0
10470,1726.9311285886397,45.02833851035956,1,0.492271902467873,0
10471,1723.7753059758113,44.777064837555166,1,0.49470648465348394,0
10472,1721.8742835307498,45.36281434420609,1,0.5041967130015093,0
10473,1725.3297116803678,44.32560241457005,1,0.5431751489111224,0
10474,1723.6731048925358,44.14871372243762,1,0.5724014062702334,1
10475,1723.1287771016023,44.994532784179654,1,0.4915195553195359,0
10476,1724.5269865117946,46.05041189829425,1,0.5787816319399234,1
10477,1723.756191009369,44.369155579040495,1,0.5402443973713424,0
10478,1721.7691802889713,45.70528917662628,1,0.5527021650550851,1
10479,1726.375018307083,44.54020433185806,1,0.5123899025120727,0
10480,1724.5203865257351,45.302520759022684,1,0.4859650400186203,0
10481,1722.3555938273262,44.37985574502818,1,0.5442843248465955,0
10482,1724.5783170585485,44.620034668256466,1,0.49982336741517125,0
10483,1724.0119381999855,45.10260764292648,1,0.4844799844458893,0
10484,1724.5279752586155,45.09800449868541,1,0.4823657124651763,0
10485,1724.0256649019857,44.850211369965976,1,0.4888779327421884,0
10486,1724.2440050807081,44.045233913496716,1,0.5817271510028769,1
10487,1725.1726473131137,45.11710317491674,1,0.4847694363352023,0
10488,1722.5391590151041,45.71068706671465,1,0.5487972612827176,0
10489,1725.384801556903,44.26139803867835,1,0.5558018496223093,1
10490,1722.6806551578045,45.487490999289875,1,0.512594841345185,0
10491,1724.937618213584,44.89757406993253,1,0.4866682728758071,0
10492,1724.440995764273,44.434058689504724,1,0.5299620533734226,0
10493,1723.610132353645,45.05891972748336,1,0.48563583134600596,0
10494,1723.4826505093267,45.99906366181951,1,0.5762026146255693,1
10495,1723.9706058478337,44.8691000933559,1,0.48807936729610757,0
10496,1725.4595255980175,44.967030862892756,1,0.49123688597867565,0
10497,1725.797081677818,44.27637086216887,1,0.5533191085936537,1
10498,1723.6312916259785,45.440881145181606,1,0.5008523265834776,0
10499,1725.7727040423574,45.46874068414131,1,0.5044282560703505,0
10500,1723.611997960349,45.29659670120946,1,0.48847642385590284,0
10501,1724.6864520235804,45.27113208367946,1,0.48333375191411637,0
10502,1722.64392500972,45.71951581080995,1,0.549350429899121,0
10503,1724.6150665773293,44.842487905682624,1,0.48873541445693136,0
10504,1724.1714543327905,45.15867343796136,1,0.48340672531014584,0
10505,1724.8684591475662,43.98475379374661,1,0.5861792781692203,1
10506,1723.8953196342165,45.828798142867754,1,0.5623031660919946,1
10507,1725.617744882602,44.70096079355798,1,0.5036294160159829,0
10508,1723.6654436874567,45.721461197071456,1,0.5447385809463039,0
10509,1722.7406862788607,45.75892331458221,1,0.5527158825369828,1
10510,1725.6772766087863,45.50319680690417,1,0.5155231176476337,0
10511,1723.9842757718395,44.32175779666639,1,0.54505093645727,0
10512,1725.034511200879,44.14749897150834,1,0.5710281416729437,1
10513,1724.7670771137348,45.25141269512991,1,0.4822565234002188,0
10514,1724.9820037057673,45.932565323400894,1,0.5696363700156776,1
10515,1724.0392380872368,45.09278237623838,1,0.4834976041985071,0
10516,1725.5416726101873,45.84330905477835,1,0.5632568308894426,1
10517,1722.8798513939194,44.75849101151243,1,0.5022247589618292,0
10518,1725.6749563781475,44.676380266827096,1,0.5031128086156471,0
10519,1725.3286351935194,45.445228156630044,1,0.5013756187778827,0
10520,1723.8275139445834,45.533424030958045,1,0.5144651901297973,0
10521,1723.7524518171374,45.799835769267645,1,0.556872128175793,1
10522,1725.2603274991561,45.71610794354052,1,0.5437157168042432,0
10523,1725.581135165613,44.63436633338086,1,0.504085792644338,0
10524,1725.1351668659554,45.05414690755529,1,0.4842407673625362,0
10525,1724.1348917219223,44.15155173978964,1,0.5703906772107118,1
10526,1725.0356213623882,44.95564029497179,1,0.48679036486996674,0
10527,1725.984624017484,44.2389887370123,1,0.5617315583226962,1
10528,1722.6305742329346,45.867304358634485,1,0.56749192474733,1
10529,1723.7866989176257,44.70041013799174,1,0.5008549020094085,0
10530,1724.9445627389023,44.59029112133553,1,0.5037064792810719,0
10531,1723.2232733732549,45.472937148080746,1,0.5072935763707053,0
10532,1724.3023860768833,45.03474937425886,1,0.4866083524567886,0
10533,1723.2613125816351,45.02645654221203,1,0.4892288739008627,0
10534,1722.828869827813,44.688506764274635,1,0.5117023323534376,0
10535,1721.9772112824278,45.26422378438331,1,0.49581211041230117,0
10536,1723.3494443843285,45.80595416030397,1,0.5583478949555135,1
10537,1723.404585619307,44.870970338829686,1,0.48980347010262376,0
10538,1724.0185087964414,45.24095945266541,1,0.4842809998755986,0
10539,1722.8219752254554,45.258720034895966,1,0.4939773930332945,0
10540,1726.2313467394745,45.501866497429546,1,0.5157870157085392,0
10541,1721.7649243791936,44.78265235168305,1,0.5040357936134765,0
10542,1724.8316021097723,45.62433149695151,1,0.5236119077307128,0
10543,1722.168779130177,45.280745132463636,1,0.4966846848984283,0
10544,1725.7986936114826,45.9608455612884,1,0.5716118100041692,1
10545,1723.7668826408142,44.91390278721684,1,0.48846598935491575,0
10546,1724.8504772910314,44.701809476702884,1,0.49856927458574307,0
10547,1723.7326980616122,45.08302375319402,1,0.48547818294625317,0
10548,1724.5769459052651,45.27185224576309,1,0.48473124260345946,0
10549,1722.1853029885185,44.92927024089444,1,0.49558587874787674,0
10550,1722.5571293101395,45.253285847874,1,0.4950866088187118,0
10551,1722.6401976805962,45.10810216186276,1,0.49295774238170487,0
10552,1726.18937463558,45.74194185658555,1,0.546209877397315,0
10553,1723.9226686096436,45.39789389360139,1,0.49688897395676523,0
10554,1724.9904915998673,44.77307539252997,1,0.4938262463281846,0
10555,1725.101645644264,44.52859401245803,1,0.510322463482594,0
10556,1724.2414903505862,45.0963428290959,1,0.4839222148483708,0
10557,1723.1220516022863,45.025021267856204,1,0.4913192125913856,0
10558,1722.9917406031182,44.291199378368304,1,0.5567559454181686,1
10559,1725.4346349364425,45.483010117084724,1,0.509035339886599,0
10560,1726.4212934070692,45.345930351318664,1,0.492720360563161,0
10561,1724.020803994462,45.23083505719339,1,0.4844712757881489,0
10562,1725.9163787008952,45.362525800107974,1,0.49326184537901996,0
10563,1725.2681231840797,44.20105404439467,1,0.5633433629085804,1
10564,1726.1323229047075,45.953229659696404,1,0.5710716905409373,1
10565,1722.779590046856,45.22450066476774,1,0.4906072144180049,0
10566,1723.774769275437,44.49224437720023,1,0.5181479948941595,0
10567,1724.0167835756872,45.15198400992277,1,0.484052562217579,0
10568,1723.9090512895493,44.35500878366296,1,0.5412860047995008,0
10569,1724.1735078300762,45.18689442627455,1,0.48330332658295155,0
10570,1724.581587264569,44.9299763599501,1,0.48611815283865817,0
10571,1723.2034968129694,44.59035041085451,1,0.5094353924096411,0
10572,1723.9440852681107,45.11772415148861,1,0.48418142112976414,0
10573,1722.4034031734652,44.45242780916338,1,0.5323847663534603,0
10574,1724.0396694728208,44.52707404873396,1,0.5116784672588316,0
10575,1723.7408498624836,44.540298227816145,1,0.5107071752705654,0
10576,1723.4838456161622,45.781963856513855,1,0.5555877051169106,1
10577,1725.0804772567196,44.930137676638154,1,0.4872767876541893,0
10578,1724.7107526299474,44.71386250610451,1,0.4939891535387317,0
10579,1724.2703043247734,44.815890755342444,1,0.49266154706308507,0
10580,1725.799328312796,44.929649212228455,1,0.4897834742526854,0
10581,1724.4003934773586,44.72476259622232,1,0.4958068131947092,0
10582,1724.1792437303463,44.69922426534473,1,0.4995536489242856,0
10583,1724.5683632068765,45.353642520237266,1,0.48756071479137014,0
10584,1723.132859074698,45.430068906540235,1,0.5032178486511708,0
10585,1723.3597519530765,45.17538926659917,1,0.4841539138680086,0
10586,1723.1756670223974,45.23171072421668,1,0.4883079479798942,0
10587,1724.2875449078808,45.144734198890845,1,0.4839522682202361,0
10588,1724.9970523467937,44.49826302086043,1,0.515141588136767,0
10589,1723.335412905924,44.88736377276714,1,0.48918793056197674,0
10590,1723.4445599648398,45.80367079181895,1,0.5577198233828716,1
10591,1723.6842791933814,44.17446954696187,1,0.5670595094231657,1
10592,1723.990954977816,45.471155188547336,1,0.5037218374029162,0
10593,1725.2053466320754,44.55839094439957,1,0.5068838202439766,0
10594,1723.4145432759449,44.870496702331856,1,0.48980347010262376,0
10595,1722.107322691668,45.02344987423161,1,0.4954267083684191,0
10596,1723.5200139581339,45.25787580925444,1,0.4887762814407376,0
10597,1723.6613026050359,46.167444984479744,1,0.586880452797878,1
10598,1723.6417237756361,45.199272224320495,1,0.48571761895454535,0
10599,1724.37282424704,44.392472103263096,1,0.5355608327358956,0
10600,1722.5118407145137,44.24878753477536,1,0.5629069116970246,1
10601,1725.9276763666223,45.036355601307214,1,0.49074343444275015,0
10602,1724.313120527933,44.61568815914348,1,0.5017442605089241,0
10603,1726.4921034268473,44.75031621184373,1,0.49957829898084943,0
10604,1723.5317844315248,45.21513145236017,1,0.4856540315960232,0
10605,1724.610598802889,44.329506292182145,1,0.5425818047976714,0
10606,1723.4686448003476,45.35979905597487,1,0.49307844206733137,0
10607,1724.4284043888028,44.81684241184856,1,0.4926312596327292,0
10608,1726.661016216797,44.71908155991363,1,0.5028093177872562,0
10609,1725.5462835010153,44.76203051698021,1,0.4969994764969943,0
10610,1724.9630304781633,44.374857372480925,1,0.5371743733571265,0
10611,1724.2195280754029,45.73879127890972,1,0.5457524587794114,0
10612,1723.4843714703663,44.84406861387014,1,0.49195479632855255,0
10613,1724.3923845487693,44.4451535976516,1,0.5254514543786826,0
10614,1722.7670346000511,44.4386728547555,1,0.5360843571963126,0
10615,1723.6351222636758,45.30915213992896,1,0.4883725807215169,0
10616,1723.2438785189731,44.966012503971314,1,0.4923042531155066,0
10617,1724.068567819944,44.772879306988244,1,0.4943291476321073,0
10618,1724.23824262765,43.916415791425884,1,0.5909290475130127,1
10619,1721.5544835424257,44.79894653923307,1,0.5029097974337403,0
10620,1725.2658960114366,44.49780152155873,1,0.5152547555655438,0
10621,1721.4713264699121,44.365358773055625,1,0.5477093203076817,0
10622,1724.3770430060658,45.624263218640124,1,0.524741852054692,0
10623,1722.9892445477797,45.1540795056062,1,0.4895162437029902,0
10624,1722.937470244716,44.83035398259314,1,0.5012443990707621,0
10625,1722.830049922813,44.89991570413852,1,0.49542735396389986,0
10626,1722.4097666516527,44.13084770068418,1,0.5785726357543717,1
10627,1722.594642293346,44.50532352106402,1,0.5242979596898063,0
10628,1723.1054592145308,45.71670601216036,1,0.5483978247920247,0
10629,1723.963024681852,44.143837406313196,1,0.5717429925979739,1
10630,1723.403802089094,44.681045520804304,1,0.5028820848077792,0
10631,1725.1195199679287,44.83872982955196,1,0.4920824933332027,0
10632,1725.5616237444522,46.019608043513095,1,0.5779853018329195,1
10633,1723.8318648297234,44.6090455430492,1,0.5028785429357217,0
10634,1722.0755416005834,44.968048418480564,1,0.4963284765647097,0
10635,1724.7652274924615,45.572706386976755,1,0.516835459375207,0
10636,1722.5465203164968,45.52509456637583,1,0.5201765901298859,0
10637,1724.6919611979336,44.72493338659803,1,0.4930980521093037,0
10638,1725.9267002557956,44.85225079228357,1,0.49318963658219783,0
10639,1722.7372496711778,45.66183212234197,1,0.5388330205727974,0
10640,1724.2813827343243,45.623491581298275,1,0.5249774729970305,0
10641,1724.5946791659233,45.68075731990176,1,0.5349618769540754,0
10642,1723.3026154053164,45.541254223205144,1,0.5171646050115576,0
10643,1724.3016831631667,44.66782808392492,1,0.5006351692477772,0
10644,1723.4939694603465,45.21918690214997,1,0.48505567192992555,0
10645,1724.4494100811007,45.20547337349691,1,0.48462912277145104,0
10646,1724.9397495120197,44.69142386773435,1,0.5002073624181345,0
10647,1722.6386943418784,44.91908650720812,1,0.49525805741474616,0
10648,1723.8073032286152,44.91406356960272,1,0.48854717590823254,0
10649,1724.5883572760445,45.785295074095075,1,0.5530835572083866,1
10650,1724.8919237169139,44.94089690746427,1,0.4859044098535439,0
10651,1725.27875945925,44.984889972751404,1,0.4872132122410615,0
10652,1724.9774980534244,44.95101267540125,1,0.48597349230770354,0
10653,1722.976145744125,44.9839101172613,1,0.4929737923224098,0
10654,1723.3262864671824,45.734798394993305,1,0.5468460184983935,0
10655,1724.8038794223676,45.181803824388574,1,0.4818045656805017,0
10656,1723.518148386612,45.29189149983608,1,0.4895032622281755,0
10657,1723.6040841747476,44.8992614052484,1,0.4879278307876826,0
10658,1724.454231796166,44.56716811536185,1,0.505070806024467,0
10659,1723.231862225823,45.89341490935235,1,0.5671131669083174,1
10660,1723.4384206418567,44.94196333718034,1,0.48842232596760293,0
10661,1723.1434795490698,44.32924502190434,1,0.5516246204889144,1
10662,1723.3515459025768,45.693737336358915,1,0.5408003494931353,0
10663,1723.4841148899147,44.51618603244137,1,0.5166389665144858,0
10664,1723.4250633830825,45.27840063450729,1,0.4899172653708503,0
10665,1724.6436214888718,45.006736890299706,1,0.4827807945290161,0
10666,1723.4130539250066,45.242158831452016,1,0.4855812448681273,0
10667,1724.5440600891761,44.85098723747868,1,0.4881517948685273,0
10668,1723.7153223478379,45.856193904260124,1,0.5636023420619599,1
10669,1723.2206090628104,46.00888453788848,1,0.5772586844069457,1
10670,1724.0413234217879,45.76645657168889,1,0.5492481972838148,0
10671,1723.743272526608,45.18073679279908,1,0.4838460691432287,0
10672,1723.0580521349589,45.34050734699011,1,0.49634554136936365,0
10673,1723.9979289112598,45.73489661617434,1,0.5464472512829482,0
10674,1725.7671832739268,44.730045425591925,1,0.49866767173332716,0
10675,1721.4491790574953,44.63184760092624,1,0.5109332821321166,0
10676,1725.9595186655629,44.98312045832966,1,0.4919166431283474,0
10677,1724.6007744505873,44.698251805103695,1,0.49813226131037897,0
10678,1725.568521304382,45.161794425358046,1,0.48682855646159784,0
10679,1722.3594113462175,44.979293155292055,1,0.49554656964698673,0
10680,1722.1972638338493,45.24343823378598,1,0.4927397339538044,0
10681,1722.5996290050814,45.319436041725254,1,0.4967897867221722,0
10682,1725.0660565416003,43.55704360765765,1,0.6245456001574636,1
10683,1722.6853261309122,45.4661399955922,1,0.51068456008357,0
10684,1725.4704889213058,44.31906740396158,1,0.5452158186172171,0
10685,1723.2870191256302,45.26249191596985,1,0.48907067120427095,0
10686,1722.2695285184643,45.16993588945992,1,0.493303388608717,0
10687,1725.4156980368555,45.624045292078,1,0.5284587694476316,0
10688,1723.4303202430692,44.960217140235834,1,0.4893384031875528,0
10689,1724.571320853642,45.106630706230554,1,0.4829676492158134,0
10690,1724.4786464243518,45.58810703502008,1,0.5209445392898695,0
10691,1724.801631719149,45.63420047913371,1,0.5247012302227968,0
10692,1724.6564690879038,44.90787725949869,1,0.4862232976001136,0
10693,1724.9067918326084,44.09078598731331,1,0.5776172075439019,1
10694,1722.3113818075974,45.777442609910025,1,0.5555935060187942,1
10695,1723.8027865508313,44.6458993428729,1,0.5024823684041431,0
10696,1723.201209856737,44.999053939746766,1,0.48917509540400417,0
10697,1723.887923431456,45.04986961878597,1,0.48558733765213036,0
10698,1723.3256013269386,45.025665889385415,1,0.4874966248132045,0
10699,1722.7788050470795,45.55432938057273,1,0.5213446479550053,0
10700,1722.67548795871,45.428560759036245,1,0.5057504200521659,0
10701,1722.6127830192395,45.27387552154594,1,0.4957624807649825,0
10702,1725.3274476085776,45.589885728127086,1,0.5207830022857719,0
10703,1723.1827279582071,45.36368730743217,1,0.49662746927721974,0
10704,1726.75716570289,45.758062442172495,1,0.5507943624199492,0
10705,1724.9460435234887,44.57337016927368,1,0.5056411714460417,0
10706,1722.7080283917635,44.457401277285165,1,0.5314788863515896,0
10707,1724.7472049554244,45.09106506328125,1,0.4813255082860063,0
10708,1724.0737956165754,44.47914033301424,1,0.5181393795319306,0
10709,1723.0786795596027,44.929777839307576,1,0.4947632023895675,0
10710,1721.5740311861925,44.86577236478228,1,0.4965085499136651,0
10711,1721.6530372128063,44.80656530198782,1,0.5024448404271156,0
10712,1725.5206989097608,44.13491569479457,1,0.5731093105573741,1
10713,1724.2710819337717,45.012834166447576,1,0.4863379436952057,0
10714,1724.5309962342305,45.292430724260846,1,0.4863973497220855,0
10715,1724.6574822705593,45.06193017677644,1,0.48104792763456583,0
10716,1724.4956262048913,44.50458817808957,1,0.5141498167776072,0
10717,1722.375262472393,45.57029104877725,1,0.5249161123064152,0
10718,1724.1802970082254,45.69050766054097,1,0.5383593419437208,0
10719,1723.2968232246824,44.509762397717715,1,0.5173747685761334,0
10720,1722.5306492283885,44.553496349613376,1,0.5183999445759847,0
10721,1725.6372967816815,45.06623158028852,1,0.4889462824778541,0
10722,1724.34706067279,44.67199146671258,1,0.5017078701400656,0
10723,1722.5281587095067,45.008495349590554,1,0.4944490659700373,0
10724,1723.2913442465358,43.78972124786578,1,0.6140004160739555,1
10725,1724.8516141388275,44.2366127180822,1,0.5576953026116421,1
10726,1723.4472631578244,44.15089254894346,1,0.5725271531751106,1
10727,1724.904997866488,45.59475090868447,1,0.520236150797853,0
10728,1723.7320651972782,45.11788748786064,1,0.48478161887380355,0
10729,1725.6765526412319,44.53785168526271,1,0.5118091693938803,0
10730,1725.2449559001657,44.633786847491635,1,0.5013947692061891,0
10731,1723.9685165204,44.63025540383541,1,0.5014517353518145,0
10732,1722.3666886027552,44.87295437492244,1,0.49621643717759,0
10733,1726.6543919324731,45.79533991077795,1,0.5600735405306101,1
10734,1722.7753889527924,44.631825775430876,1,0.5116585468870983,0
10735,1723.6987590428098,46.061831204598406,1,0.5805740164112121,1
10736,1723.6027151980873,44.70794526391216,1,0.5000467911050009,0
10737,1725.168604318394,45.324764543573835,1,0.48769778461305696,0
10738,1724.8148698448597,45.11593154983975,1,0.4809698126850012,0
10739,1724.6264928139776,44.846429947792345,1,0.48873541445693136,0
10740,1722.775636053445,45.883074257916256,1,0.5670204244781791,1
10741,1721.315578780704,45.71042663006097,1,0.5511212199373449,0
10742,1723.4367249212241,44.48714880681785,1,0.5201829823412343,0
10743,1723.080473327177,44.890534644650764,1,0.4948407931047839,0
10744,1723.1514653614265,45.431422419928346,1,0.5032178486511708,0
10745,1725.2394391759165,45.29755690795464,1,0.4872157677829674,0
10746,1724.5789785878067,44.62776922983605,1,0.4984585539389984,0
10747,1724.8122394176569,44.925926523212325,1,0.48558425465715405,0
10748,1724.0887135662185,44.54910212768935,1,0.5101954862741087,0
10749,1724.5983974658188,44.65225519496537,1,0.49959714295110436,0
10750,1721.7661127742408,45.130046543078095,1,0.4969428171834356,0
10751,1723.6580348808366,45.47412382904349,1,0.5052048168049219,0
10752,1724.3136643394528,45.56071637052921,1,0.5169839591235783,0
10753,1723.1450377219849,44.83808666471636,1,0.49906916559143677,0
10754,1725.3396590906966,45.01982755393418,1,0.4871635567130507,0
10755,1721.9099102875775,44.570402478266786,1,0.5176767417447122,0
10756,1724.4751123770886,44.56531269493195,1,0.5064745681033868,0
10757,1722.7639244472887,44.50134269911583,1,0.5246450905697447,0
10758,1725.3746625793813,45.375597045086906,1,0.49289051919629423,0
10759,1724.1162900487448,44.747088371218965,1,0.49469693573591617,0
10760,1724.5854646888044,45.73149872602783,1,0.5431425771281908,0
10761,1721.6801897519786,45.1886921570938,1,0.49475783710601895,0
10762,1724.8623318495625,45.418552908821255,1,0.49580838660632465,0
10763,1722.7977177408422,44.73444346268027,1,0.505773004620032,0
10764,1722.3192657571944,44.97605324964734,1,0.4960076063413235,0
10765,1720.886926605054,45.010882727690486,1,0.4980045042686101,0
10766,1721.3529255650203,45.2561728910602,1,0.49570515573560037,0
10767,1724.330532910896,44.951578574204106,1,0.4883349659009021,0
10768,1725.3793949292158,45.27427432810767,1,0.48780701437447754,0
10769,1723.2919775188304,45.72095060275147,1,0.5460911661087406,0
10770,1721.3332659427035,44.78759880118877,1,0.5035682163581313,0
10771,1724.148965683753,45.813108150213125,1,0.5580950167718098,1
10772,1723.4027163633316,43.99387698591611,1,0.5891860688853503,1
10773,1725.8110470895551,44.899488927647354,1,0.489845926497882,0
10774,1722.8727810949467,44.77724265561548,1,0.5026631364423931,0
10775,1723.3407429683357,44.57717450478956,1,0.5073274185127847,0
10776,1724.483252513731,45.441931967650724,1,0.4995576915740798,0
10777,1724.9290929230222,45.452332227502495,1,0.5005762505687902,0
10778,1726.1159100775506,45.239705386918175,1,0.48688181106806394,0
10779,1724.8540924030804,45.2758229407412,1,0.48510906872931375,0
10780,1724.5099096974293,44.61020597566774,1,0.500489928926731,0
10781,1723.6456334702762,45.69788046762242,1,0.541586414283254,0
10782,1725.710752129134,44.69724756506117,1,0.5029132613801568,0
10783,1724.4409231581649,45.14927078897297,1,0.4835999095349855,0
10784,1723.2529246502504,44.782784204381606,1,0.4968474359219157,0
10785,1723.607333480509,43.873206807340836,1,0.6017683859920739,1
10786,1723.546493176089,45.57564484603762,1,0.5195525575133639,0
10787,1723.0378928792688,44.86585465961846,1,0.4957050727561348,0
10788,1722.4336036490454,45.31855243891519,1,0.49859145991344,0
10789,1721.8861921245632,45.571320397604794,1,0.5278627274934515,0
10790,1723.429595829436,44.6055734348205,1,0.5042222667247643,0
10791,1722.6777491486382,44.60081012852306,1,0.5124571895551587,0
10792,1722.9472487157157,45.03629625591289,1,0.49303670175229886,0
10793,1722.167995616164,44.544665039542494,1,0.5199403444548916,0
10794,1724.2966645404274,45.48117629641564,1,0.5050846131174048,0
10795,1723.3603169532394,44.462638328995176,1,0.5245536966935399,0
10796,1722.8481455425933,45.14460706626471,1,0.49102367502063654,0
10797,1724.512073802664,45.80333866046486,1,0.5567024448315262,1
10798,1725.0643713957832,45.912934928316226,1,0.5698291067008503,1
10799,1722.5656390955537,44.53438771883099,1,0.5199734438662574,0
10800,1721.7911664776082,45.476842218025105,1,0.5160827761338612,0
10801,1724.2379732591462,43.90112758235719,1,0.59522512795106,1
10802,1723.2212966262593,46.10189415283629,1,0.5837480302374132,1
10803,1723.9988452991568,45.25154676629747,1,0.48663795865423104,0
10804,1723.8261543022063,45.11016624110458,1,0.4861925979337171,0
10805,1724.6906486436562,45.02745383130339,1,0.4829844300551348,0
10806,1723.461435750833,44.594527719823425,1,0.5047411560715283,0
10807,1723.4862264772785,45.08874748133328,1,0.48495477549788835,0
10808,1723.3521736594757,44.78328793549232,1,0.4943890881344402,0
10809,1721.386159857708,44.80335730841027,1,0.501132910656408,0
10810,1723.9232991198458,44.42749940243375,1,0.5292673919186724,0
10811,1723.6350816019271,44.343801931758044,1,0.5453095638351386,0
10812,1723.1148058966878,44.925280463085095,1,0.4932293012762913,0
10813,1723.0624819458446,44.905043733618896,1,0.4957883808349484,0
10814,1722.040893778231,44.82111537617042,1,0.5035588700130631,0
10815,1723.0260038417491,45.76556920325238,1,0.5532351370360789,1
10816,1722.1006376189935,45.82488630729287,1,0.5630590448042864,1
10817,1724.8074050194448,44.67111413576872,1,0.4991440608719325,0
10818,1724.382896683053,44.193799159831386,1,0.5635164871341858,1
10819,1725.0567589401667,44.71974108222452,1,0.49608757211930954,0
10820,1722.6751041027044,44.895192609127626,1,0.4957017853300551,0
10821,1723.9680553292071,45.401976573432435,1,0.49813091223121314,0
10822,1723.3040587089438,45.16980402104459,1,0.48498673324799957,0
10823,1725.556097564815,45.22727286187779,1,0.48693190624289884,0
10824,1724.6531204920202,45.58688523045867,1,0.5183215448240596,0
10825,1726.006674181717,43.39770548688655,1,0.6322489983218813,1
10826,1724.088128350075,45.01401222242367,1,0.48680526663758905,0
10827,1723.922366342848,45.327581199006,1,0.48949926672738897,0
10828,1724.6378950426051,44.43287762057202,1,0.5279792541506393,0
10829,1724.057843612004,45.26702601865562,1,0.4864569086846594,0
10830,1725.2957089971017,45.55200728856356,1,0.51688239279945,0
10831,1723.3674562645344,44.75212839567574,1,0.49562133014006493,0
10832,1723.909897510547,44.67907004995774,1,0.5017654766696504,0
10833,1725.620307296905,45.14355956950074,1,0.4868946822343548,0
10834,1725.148800012334,45.0202736869435,1,0.48538566257393384,0
10835,1723.7868741420941,45.07075492673735,1,0.4852909539444843,0
10836,1722.7289138871297,44.66265724946754,1,0.5112776433344839,0
10837,1724.1076862944326,44.02601928933059,1,0.5857458709599848,1
10838,1724.43233737328,45.65195256203206,1,0.5309889091609501,0
10839,1723.82718093054,44.38195383336385,1,0.538175963048489,0
10840,1722.778653294199,45.39905017082806,1,0.5028870287707983,0
10841,1723.6952893192308,44.5029619783872,1,0.5163104281468356,0
10842,1722.5998935399703,44.212286060796316,1,0.5667339046809255,1
10843,1725.5067136159746,45.64306479784437,1,0.5319697581470851,0
10844,1723.5871633271552,45.09163207348549,1,0.4849403773146246,0
10845,1721.0970888099343,44.3223922599459,1,0.5527394174703782,1
10846,1723.608944789142,44.9068687272099,1,0.4886768672498296,0
10847,1724.7371985889483,45.08538273189143,1,0.4819728781752034,0
10848,1723.9576812614064,45.46302888743751,1,0.5041079937838718,0
10849,1724.3939982216737,43.80345174559566,1,0.6078546849716412,1
10850,1724.7744553055732,45.14028741624295,1,0.48141109458991765,0
10851,1721.7397272898204,45.186602427134645,1,0.49460517692371336,0
10852,1722.9599707268328,45.141220363498405,1,0.4903142838850592,0
10853,1724.83270217439,44.899778422864486,1,0.48564228360785844,0
10854,1721.1720296358578,45.093668576884525,1,0.4921200973129958,0
10855,1723.961568517217,45.60016606194113,1,0.5209837880378219,0
10856,1722.9553009503275,45.65064118517206,1,0.5360100153063805,0
10857,1723.594135859645,45.21958005782459,1,0.48433178611891303,0
10858,1724.2880214158001,45.541222009969765,1,0.515893403294518,0
10859,1724.8822540123817,45.1361674064604,1,0.4828939694789031,0
10860,1722.9568872686552,44.71970935750116,1,0.5052838219838199,0
10861,1722.6774643881788,45.07197521940032,1,0.49228488306277185,0
10862,1724.9423015441425,45.5811423813042,1,0.5192972360746037,0
10863,1724.0872632528408,45.23590575354186,1,0.48490678084985395,0
10864,1724.5566374183818,45.338532626302765,1,0.4853846724645573,0
10865,1721.9290301817184,45.07835128447117,1,0.4952234119485914,0
10866,1723.1278552172505,45.68147366198076,1,0.5425758457545375,0
10867,1720.714591919011,45.02909259035079,1,0.5010876019527878,0
10868,1721.7373327395624,45.00576081069808,1,0.49621905984458387,0
10869,1725.3824491539078,45.900108003100975,1,0.5666726517292462,1
10870,1723.5040443838873,44.736186422301415,1,0.4969104344428348,0
10871,1721.0538982826852,45.03950814571346,1,0.49700466430211965,0
10872,1724.564656481303,44.106802819902015,1,0.5762503492697421,1
10873,1722.5451116156735,44.66201115469021,1,0.5110049775886218,0
10874,1725.4812603539892,45.50124946145367,1,0.5151998357607392,0
10875,1722.8950990418298,45.804511916165,1,0.5600928143098507,1
10876,1725.1874914955492,44.93037867811797,1,0.48759301758872237,0
10877,1723.0085409518454,44.907453253968754,1,0.49536937955108246,0
10878,1723.436458697867,44.44835658616314,1,0.5279499316951503,0
10879,1725.0676232007847,44.53288562378837,1,0.5099261957535116,0
10880,1722.0554459698305,44.494658135801515,1,0.5258360550343812,0
10881,1720.9806699239296,45.01723220758886,1,0.4976277314124548,0
10882,1722.7176003700126,45.234559510663836,1,0.49114941644428484,0
10883,1723.8403953197496,45.17154134828778,1,0.4838090987451915,0
10884,1723.583565988817,44.77786418688907,1,0.4941539576721512,0
10885,1723.2969696514047,44.91985635314971,1,0.48947584900064617,0
10886,1723.736223893801,45.82319613665388,1,0.5604018865323959,1
10887,1723.6616629116227,45.25648495697682,1,0.4879357447794719,0
10888,1721.9314535347428,45.18342438654362,1,0.4936263285404127,0
10889,1723.5546669962887,44.90930085273346,1,0.4892857344793673,0
10890,1723.2834177353957,44.93795239662147,1,0.48930637348976425,0
10891,1723.6202098764857,44.81422393565526,1,0.49346715418588405,0
10892,1724.0678073067468,44.27102057597335,1,0.5544815111998932,1
10893,1723.5776428782692,45.599143092703216,1,0.5207360391082343,0
10894,1723.865169121266,44.96369902488071,1,0.48904004190005,0
10895,1724.2573679890818,45.83710012870812,1,0.5612640767770448,1
10896,1722.6717742161823,45.061474143346864,1,0.4918207696483343,0
10897,1722.485008502717,44.270883740760155,1,0.5605928506136374,1
10898,1724.7713014525332,45.3492537055428,1,0.48702643322848416,0
10899,1723.5297336804576,45.52552223305205,1,0.5143081179405288,0
10900,1723.0165136657265,45.841336388153195,1,0.5653779304420288,1
10901,1722.948638171312,44.82262155133334,1,0.5011100165514126,0
10902,1724.3568733341465,45.08851335486793,1,0.48452983133331967,0
10903,1722.768879343145,44.047961544186954,1,0.5871087164253509,1
10904,1724.1150713275324,45.400188069871184,1,0.4969905358535469,0
10905,1723.3003466544596,44.948844132686226,1,0.4883105792536546,0
10906,1724.0537306547237,45.695180187534625,1,0.5396752228011888,0
10907,1722.3115024033038,44.43642282368832,1,0.5369989612313472,0
10908,1722.6788617355046,45.51961986581945,1,0.519298466186373,0
10909,1724.3961168896562,45.440925195279576,1,0.4986510651216004,0
10910,1724.14650304793,45.37556777826415,1,0.4922804948860227,0
10911,1721.0235289520724,44.8356198502289,1,0.5025970518048454,0
10912,1723.167573855538,45.37277205247679,1,0.4971706019536457,0
10913,1722.1465041790705,45.59744006126054,1,0.5253435142054617,0
10914,1724.0640818277384,45.695260008846795,1,0.5405554186688917,0
10915,1723.299763448959,44.27505360012472,1,0.5560116124975154,1
10916,1724.0164258302254,44.839175831479785,1,0.49189561376978186,0
10917,1725.2267351666037,44.52595788597504,1,0.5090104857147636,0
10918,1724.217055656486,44.71392960129841,1,0.4965653344387221,0
10919,1723.414638703625,44.93238914470031,1,0.489130494994389,0
10920,1722.0222498581486,45.56879211510759,1,0.5263449409437253,0
10921,1723.0509345176445,44.95278782204089,1,0.49411986242971445,0
10922,1721.6157933405618,45.07936978100415,1,0.49540070380462176,0
10923,1723.808997071006,45.61497302207212,1,0.5228314069009499,0
10924,1724.3948616519438,44.394722692438215,1,0.5344310521090668,0
10925,1722.143432754563,44.72555736883338,1,0.5058004536397597,0
10926,1722.9129714087353,44.92051064526627,1,0.49469847864039584,0
10927,1724.8279073296924,44.16816853414603,1,0.5647375227047625,1
10928,1723.6823036077667,44.927012953943695,1,0.4891344107719672,0
10929,1721.7862512291822,45.229044638213715,1,0.49558092698239403,0
10930,1724.588480174978,44.64469826417491,1,0.4998309154073586,0
10931,1723.1201527687676,44.7974597833025,1,0.5003198171637292,0
10932,1724.7110351642102,45.006284714492615,1,0.4825888534309067,0
10933,1723.106245728285,45.45607464675498,1,0.5069708928202324,0
10934,1725.1626139804441,44.45609957687012,1,0.5204982292064089,0
10935,1722.2524636650676,45.35711606478071,1,0.5018115670271237,0
10936,1723.8429575626162,44.60898906419431,1,0.5028785429357217,0
10937,1723.775424800366,45.46921672859703,1,0.5035739095004305,0
10938,1723.6649739383995,44.82973836972581,1,0.4938992052914369,0
10939,1725.1318715940577,45.157891276178496,1,0.4838993769227066,0
10940,1723.438854378818,45.01150451947075,1,0.4869089840518144,0
10941,1723.8563176642904,45.23875483708447,1,0.4839338268397684,0
10942,1721.9724566403033,44.041050640337666,1,0.5890515870178478,1
10943,1723.5519871669794,46.17139002916459,1,0.5874174941903937,1
10944,1724.7939692903358,43.880618864681736,1,0.5973354625275625,1
10945,1723.2345189052992,44.47891098435019,1,0.5224067685549648,0
10946,1720.297949800739,45.25475246816094,1,0.5036855068443961,0
10947,1723.26114394065,45.69896629025118,1,0.5446178683876752,0
10948,1724.261308968052,44.941280135223025,1,0.48822128701558887,0
10949,1724.3684418317382,45.20012381793352,1,0.48474097471357036,0
10950,1723.8357330986123,44.2464163743296,1,0.5584996772071861,1
10951,1724.099463630037,45.54061350781423,1,0.5170913633592469,0
10952,1723.4628339315225,44.89166768281793,1,0.48907623299720815,0
10953,1724.5206870607142,44.9737211452273,1,0.48650261619844215,0
10954,1722.9725461360244,45.69189941567632,1,0.5442533518556578,0
10955,1724.557822606051,45.64656681836165,1,0.5296119468386409,0
10956,1721.7479568051294,45.05226110780522,1,0.4961332336377932,0
10957,1724.5004324426482,45.441809026433454,1,0.49862845784601373,0
10958,1722.6680857477038,46.02546331157211,1,0.5799352475819103,1
10959,1723.5444948670333,44.400882137033065,1,0.5362131254510225,0
10960,1724.4662744684126,44.69787745686884,1,0.5008031404712113,0
10961,1723.1843885460733,44.60348418645887,1,0.5078362771905368,0
10962,1723.9180412023281,44.20143111529777,1,0.5624802659492145,1
10963,1721.4772657652397,44.2740735954097,1,0.558671857270405,1
10964,1723.1294216618196,45.17154608336035,1,0.48878964031387745,0
10965,1723.5280139289712,45.62967567183862,1,0.5275799713638312,0
10966,1725.0517732633612,44.852541931725234,1,0.4880024184097071,0
10967,1723.2455350705186,45.03990215016233,1,0.4888971150418318,0
10968,1722.7169607794162,44.785157595098205,1,0.5024987956701772,0
10969,1723.0174085558913,45.478635496516425,1,0.5097855842111115,0
10970,1723.1415597426774,44.73375523283093,1,0.5041478669424243,0
10971,1723.977070657455,44.76891124565996,1,0.4935686305062027,0
10972,1723.3700408632133,45.506453504558145,1,0.5136863335842549,0
10973,1723.4390489235598,45.00322743976039,1,0.48671581219626703,0
10974,1723.2085929879102,44.762173743932216,1,0.4980821418710545,0
10975,1723.0934531394096,45.6539523056537,1,0.5354564424561007,0
10976,1723.6606147316404,45.308983188916315,1,0.4884266117074897,0
10977,1722.5408428388687,44.56189385567856,1,0.5169242296629503,0
10978,1724.1258710052407,45.0182773270145,1,0.48693971126440144,0
10979,1722.681902232263,45.75454227864804,1,0.5529416868734034,1
10980,1723.5412740515344,44.797750023960006,1,0.49391996903897784,0
10981,1722.450629550845,45.706495976564725,1,0.5487972612827176,0
10982,1722.1114591202909,45.41643159583954,1,0.50655340460853,0
10983,1721.8610283642126,44.603789185751836,1,0.5133044912827452,0
10984,1722.2275990878763,44.53277984576205,1,0.5197609928740372,0
10985,1722.5468305922095,44.771143906517274,1,0.5031773795672714,0
10986,1724.6872933153725,45.194892167290355,1,0.4810620288348246,0
10987,1725.1486758241188,46.14828697290662,1,0.5810077216864961,1
10988,1723.1951443770383,44.43422496436594,1,0.5344655995681578,0
10989,1721.7538833841988,44.64295242738554,1,0.5126766687069679,0
10990,1722.9946815411263,44.75453252396279,1,0.5028411270087013,0
10991,1722.7228552340723,45.10548377724124,1,0.4921943818097024,0
10992,1723.0781883692669,44.91467010416979,1,0.4952664291138655,0
10993,1723.4030332927157,45.81396030251781,1,0.5589148384136547,1
10994,1724.3696168942943,45.466459601930126,1,0.5018182647667399,0
10995,1725.59165313104,44.48950816803103,1,0.5189826887652219,0
10996,1723.4412104440105,44.756326619825785,1,0.495450868614631,0
10997,1721.516674769274,44.68996108760637,1,0.5090136293298081,0
10998,1722.600878650342,45.48991344900721,1,0.5144554647980195,0
10999,1723.3677104428866,45.435288894431885,1,0.5008429243047369,0
11000,1724.2950636283815,45.66850439171726,1,0.5356816589549109,0
11001,1721.7310772042613,45.27008478201849,1,0.4980469148852917,0
11002,1722.609278029607,44.31138768690206,1,0.5525644777606038,1
11003,1721.6596200067743,45.48923265719395,1,0.5185670702119368,0
11004,1723.25442512109,45.46416102362447,1,0.5062361753301757,0
11005,1724.5782195885117,45.39504859622303,1,0.49308633883500613,0
11006,1722.966766467403,45.086891887737735,1,0.48998339259961105,0
11007,1723.7039496374582,44.83922580533137,1,0.49259769537423576,0
11008,1722.86566254318,44.957250258993156,1,0.4951169362922881,0
11009,1722.6671231600653,45.75190404072859,1,0.5519015331441751,1
11010,1722.2185914314684,43.99974741071316,1,0.5920878087902786,1
11011,1722.491279426407,45.31263903790596,1,0.49765884345326483,0
11012,1723.9190107313016,44.929212508752855,1,0.487738768392334,0
11013,1723.3018318712896,44.79908594635989,1,0.4939410588702468,0
11014,1723.1185163364273,45.076882634187605,1,0.48998449657271514,0
11015,1722.9636157607965,45.94454853393168,1,0.5742227649840794,1
11016,1723.1895880896666,46.279139705214284,1,0.5958368478281717,1
11017,1723.4431085423407,44.81599854550891,1,0.49356466997297244,0
11018,1723.6207491932996,45.42423623493579,1,0.49899479374782285,0
11019,1722.517231769299,44.71973283835396,1,0.5062627566195763,0
11020,1724.173897041774,44.70398855997992,1,0.49819198201370646,0
11021,1725.1407983700674,44.28455864963454,1,0.5489957843092584,0
11022,1726.0912813952127,45.91373519697038,1,0.5709185874785464,1
11023,1721.9806269042788,45.21393776302405,1,0.4943672522746174,0
11024,1720.6632511687003,44.36903638069943,1,0.5520827171510744,1
11025,1723.9354582134804,45.451617007586194,1,0.5025315367481765,0
11026,1722.4759389359172,44.3238271253298,1,0.5519603040465874,1
11027,1722.6780918671043,44.2699753160639,1,0.5614066989623194,1
11028,1723.9507656023522,45.69827000066782,1,0.541320340997674,0
11029,1724.7847526258665,45.81021654546585,1,0.5558478092837318,1
11030,1722.6833383392484,44.794359432568505,1,0.5028947172418317,0
11031,1721.889247078387,44.87301131915967,1,0.4972939820017579,0
11032,1721.0618810115411,45.43283428020062,1,0.5106241348722369,0
11033,1722.5107461418572,45.18161840168127,1,0.4927958259500046,0
11034,1725.1311539742478,45.016759350046286,1,0.4857135331151734,0
11035,1723.8529263196983,45.13928541045389,1,0.48508834229352793,0
11036,1722.2499262188626,45.07316256382507,1,0.494449722427098,0
11037,1723.3710516071255,45.26537678094648,1,0.4885642097224497,0
11038,1723.5837596412268,44.98346482718994,1,0.4870160517387719,0
11039,1725.129963255382,44.89932181307578,1,0.4869957551378066,0
